id;produto;data;valor;moeda
9b53dce184fc4cadbdcff82e35910c8d;Produto_A;2010-01-01;-916.05;BRL
966ce586ae78446b968e82f6a00a90ef;Produto_B;2010-01-01;-252.18;BRL
3fe5c3fd0f704ff6bf20319db121e146;Produto_C;2010-01-01;-855.33;BRL
70615c2827904452801640e0943f0587;Produto_D;2010-01-01;95.94;USD
2d87d07e41624154a8b3407e99f12cf7;Produto_E;2010-01-01;-550.9;BRL
f1516e675ffc4c2684cb4cd436ad2f28;Produto_F;2010-01-01;-821.56;USD
09c742c957e741209270da6ae152a9c1;Produto_G;2010-01-01;-529.47;USD
824fc442054042be862711cb1cae2685;Produto_H;2010-01-01;-662.71;BRL
18cd2e753cbe4afa9fcbfd4151526d6a;Produto_I;2010-01-01;-712.95;BRL
f50efd9cc33b4760b651ed139ab8fcbd;Produto_J;2010-01-01;-821.35;BRL
843dc5edd93b4171a3f4253bb1434373;Produto_A;2010-01-02;-127.76;USD
8ae0e3bf70c94d238ada9913a4eafcec;Produto_B;2010-01-02;-709.84;BRL
db2445551ff54d20b464c8cc803791ee;Produto_C;2010-01-02;-388.75;USD
39bff88b05924cc3a197c15533661191;Produto_D;2010-01-02;-56.73;USD
27bbde6c6d204ed98cd6ccd3b695d1aa;Produto_E;2010-01-02;-672.69;USD
2d6993c4aed842ab96f6f8efe8ae4bda;Produto_F;2010-01-02;-815.92;USD
71ba64283c25461ca27a0b39b51a3f63;Produto_G;2010-01-02;48.45;BRL
e2c897e7f67448d1b4816b963b2330cb;Produto_H;2010-01-02;-681.51;BRL
d18d07aca9964ce8ab4beb76a26e3bd2;Produto_I;2010-01-02;-937.69;BRL
6cb88cc3991e4cef9ff4130637aa3cef;Produto_J;2010-01-02;-811.33;BRL
d1a0c49d0de64310af30f742aa3d6321;Produto_A;2010-01-03;-811.45;USD
1d5f84f293164ea08d8fa9a178387399;Produto_B;2010-01-03;-102.3;USD
20c7548a4107447b9dacf132d74fe833;Produto_C;2010-01-03;0.28;BRL
38bd8e3d0d164b2b9c8714ace1b148c5;Produto_D;2010-01-03;-838.98;BRL
6b8415b38dae4a14bff941b2a43c92e6;Produto_E;2010-01-03;-544.1;BRL
c08f310a8dfc430ca1353ff5cd1f5a59;Produto_F;2010-01-03;-638.6;BRL
604ca18c906a4986ba650f8079ac6132;Produto_G;2010-01-03;-620.63;USD
79cb84cd3b064e1a88d6b8576cd91c95;Produto_H;2010-01-03;-86.94;BRL
737c312d43ff4c2cbd2410b9c6edaf33;Produto_I;2010-01-03;35.14;BRL
639a7006405d4c788f577a757d67133d;Produto_J;2010-01-03;21.34;USD
4e92454265a94aacb134a47f13c64c4e;Produto_A;2010-01-04;13.18;BRL
6a5c5e69082148b6baaac3bfa1ac0cc7;Produto_B;2010-01-04;-456.46;BRL
dbf8f664d3054d43983c2f065dd1661c;Produto_C;2010-01-04;-1000.0;BRL
91058b772dc849478ee22c123694222f;Produto_D;2010-01-04;-74.52;USD
0f0681c667f6463e94b6607ea7754b85;Produto_E;2010-01-04;-580.86;USD
433be677128644bf810e64a4f862b25b;Produto_F;2010-01-04;-293.59;USD
8907127053e44a0a8ccfe41787a2aed3;Produto_G;2010-01-04;-538.3;BRL
9e1d2e17fc6d410f8e84ab7919e3eb8b;Produto_H;2010-01-04;-823.9;USD
65ec42b9be5a4f57a9f095838c57321f;Produto_I;2010-01-04;-123.53;USD
a158ea33b6124a3d8b20e3356791a7d9;Produto_J;2010-01-04;-1000.0;USD
1be7284930b74ee488da4e62d0d4ba16;Produto_A;2010-01-05;-141.09;BRL
4254a00970e84069990dbdc546d15c87;Produto_B;2010-01-05;-829.77;USD
14781f64121647d382c5945d4e10b812;Produto_C;2010-01-05;-114.94;USD
a6899a3d38ae474aae27ef43328964e3;Produto_D;2010-01-05;-228.25;USD
b1b7392dab4b497b9c86d95bffe1d40b;Produto_E;2010-01-05;-125.53;USD
6005f7b3b50d432ebe939e1c72f87d8d;Produto_F;2010-01-05;15.67;BRL
1700aa964a2941e0a7ab3be26a7eb47e;Produto_G;2010-01-05;-679.75;USD
ce8b8ac376294e5686016d0ed2cbe8be;Produto_H;2010-01-05;-76.85;BRL
b76e78fd138048d1aba077fc5e17b100;Produto_I;2010-01-05;-668.17;BRL
c04e8213bc314d7b93c8a6444bef5f27;Produto_J;2010-01-05;-653.7;BRL
357dad75d0e8438dab16bf659ba8b7d5;Produto_A;2010-01-06;-602.01;USD
383aee02d07e4feeb17e3c629a2b4dc0;Produto_B;2010-01-06;-428.35;BRL
56ace934f2f34ec5b4ff62658cf3c076;Produto_C;2010-01-06;-26.86;USD
6934968cb705494690c7f8b746dbc30f;Produto_D;2010-01-06;-607.33;USD
ec849eb7c9854ed7bf9e18e337a7334c;Produto_E;2010-01-06;-178.38;USD
c839bda8cde14ea599668bf779127662;Produto_F;2010-01-06;-170.65;USD
774ff5be777c4527826ce1ef58ec798d;Produto_G;2010-01-06;-118.36;USD
73b70354474b40bda2f95d411d57ceac;Produto_H;2010-01-06;-1000.0;USD
7d4c62a6349e4ce39880b51e9c46417f;Produto_I;2010-01-06;-556.49;BRL
ae29318fc919433e90b7172a8661e719;Produto_J;2010-01-06;-570.49;USD
f6093ad002b949a58d389d51b28399a3;Produto_A;2010-01-07;-904.87;USD
f6f71dc690d7411da19ae59ea676478f;Produto_B;2010-01-07;-584.61;USD
a1029c0c93884148b320f9f46d45d20f;Produto_C;2010-01-07;-491.68;BRL
9fc7a7da39e849218446f5bf41d8e267;Produto_D;2010-01-07;-888.5;USD
7a34df9c1d544c189d99e11f6947b67a;Produto_E;2010-01-07;-454.23;USD
cf112b62ca954ff1910a8899a3047645;Produto_F;2010-01-07;-643.05;USD
ecb84e224c5b46798deea16eebed8594;Produto_G;2010-01-07;-713.07;USD
c86d765a151e4833b444b5ac4e3232f9;Produto_H;2010-01-07;-278.9;BRL
935e7618122a4cf8954b262775baf37d;Produto_I;2010-01-07;23.81;USD
02d57a2dba2346eebef269609ab64d16;Produto_J;2010-01-07;-745.01;USD
7cfafc2058a240aab33b1f2f84b900c3;Produto_A;2010-01-08;-38.8;BRL
efdfd18f6cd546a9ad03cd6575b5ccb0;Produto_B;2010-01-08;-930.92;BRL
a1cd6b5e06df42c684f1dfde10a525e0;Produto_C;2010-01-08;-20.29;USD
68ddeb684d7d4705ba596e67f1c46cbe;Produto_D;2010-01-08;-674.95;USD
dcff0920311b40cb9f29bb97b5d49631;Produto_E;2010-01-08;-11.84;USD
81f9b8538f094d2ebcbfd694c805e229;Produto_F;2010-01-08;-2.06;USD
58df5760f2764010ae1e0a4a76f445f3;Produto_G;2010-01-08;-583.71;BRL
a5e0661a66a14ed7b0b7219b184ebc26;Produto_H;2010-01-08;-1000.0;USD
5ea01f427a29442ea4e9cbf1d23b84d0;Produto_I;2010-01-08;-55.89;USD
7150c37c5f6f4d14874fafc5df81b1db;Produto_J;2010-01-08;-904.07;USD
4b25f61749694def9b16d0a28d87bf86;Produto_A;2010-01-09;-506.92;USD
90f6c907286d4b089bf2df584c660e8c;Produto_B;2010-01-09;-292.03;BRL
251ba1e045464904a88ceb6b77c80c2a;Produto_C;2010-01-09;-701.54;USD
2e32243a670045d9b98df72cbf275ed5;Produto_D;2010-01-09;-855.08;BRL
0149cead85df482390dfc301622fc180;Produto_E;2010-01-09;-355.49;USD
846525c298b54a5f9daa1d08cd44be9e;Produto_F;2010-01-09;-460.18;BRL
977559d4f6db406bb434ca28d195f6f8;Produto_G;2010-01-09;53.72;BRL
56d5b3ed2f1b49eba4769039ab06a8ff;Produto_H;2010-01-09;-861.8;USD
13d666c2cb3f47f8822128f003cfc79e;Produto_I;2010-01-09;-475.93;USD
cf9526ccf05540fba7b9aea1610f2621;Produto_J;2010-01-09;-924.19;BRL
27f0866f20fa486f830ae6a5632ebaa4;Produto_A;2010-01-10;-899.24;USD
55586288e839493cbac14181360a383f;Produto_B;2010-01-10;91.02;BRL
6b0730bf84e34fc2a2d26d83e35c385d;Produto_C;2010-01-10;-1000.0;USD
856c6011bbeb48e7a7f6b29f9659ec7b;Produto_D;2010-01-10;-651.03;USD
78ab03e5227447e6bfefb62d4a920be5;Produto_E;2010-01-10;-609.81;BRL
d897408f164a462b881c3bc51f867afa;Produto_F;2010-01-10;-344.42;BRL
452126796b154d17a49c18cf3bf52870;Produto_G;2010-01-10;65.61;BRL
0ab25452e38840be9b55afd7b2482d13;Produto_H;2010-01-10;-411.75;USD
7ad575da47c9455fae7dec163a751a31;Produto_I;2010-01-10;-170.42;USD
3e5cf1f73e1f4504a378c63b4ea270e6;Produto_J;2010-01-10;-809.95;BRL
3606434d0ced4bb89081374394286af8;Produto_A;2010-01-11;-558.09;BRL
eca55ae6fcc645a7a1d9dd4645aeca26;Produto_B;2010-01-11;100.0;BRL
ae21e78d35c44c7c93c260f1a5fedaa5;Produto_C;2010-01-11;-458.28;BRL
c75952fc9b0c46ca8d896d00d19f81a9;Produto_D;2010-01-11;-127.83;USD
7bcc40f24e1e42acb7866f3a31b3cfe2;Produto_E;2010-01-11;-535.84;BRL
ca82328608c542af9683e4cf82424f5a;Produto_F;2010-01-11;-194.25;USD
927819fafd13408a8e68d6e00bd59117;Produto_G;2010-01-11;-272.68;USD
55f0dc5f2f0a4a289d2b90937ddd9407;Produto_H;2010-01-11;-896.47;BRL
03769cda7e984de28ab7a039e80098ad;Produto_I;2010-01-11;-458.78;USD
73e8589d812f456f8155ebb477b985ba;Produto_J;2010-01-11;-680.6;USD
ec90989e591d4588ad4206940fd2cc23;Produto_A;2010-01-12;-757.5;USD
e3d2435ca8204fd2a15648d8891ba940;Produto_B;2010-01-12;-689.47;USD
33402ceafc4746e9b760413e79312bce;Produto_C;2010-01-12;33.93;USD
c1928bccf1f84c3f87e3168b9fdaaa86;Produto_D;2010-01-12;-269.41;USD
858bbe083952477e8050a4c30963f1d0;Produto_E;2010-01-12;-724.66;USD
bab98e5942ae4cf4aa4dbf9f846094bb;Produto_F;2010-01-12;-334.85;BRL
a906906b9a3b4feaaf959075fc0f7dae;Produto_G;2010-01-12;-558.0;BRL
cc722cbfae664e1dbcfaf4bd54fa3a6f;Produto_H;2010-01-12;-955.4;BRL
81958c3d36574e288bb31d5828a66ff6;Produto_I;2010-01-12;-408.96;BRL
a2948e45812a4e7ab642725f1831d19c;Produto_J;2010-01-12;-787.27;USD
e1a05aec4ec341deac71746170b0ecb8;Produto_A;2010-01-13;-841.28;BRL
1554f29bf09e465ea02347358f339573;Produto_B;2010-01-13;-472.84;BRL
45991673671e4cb7a33a65eca53615e4;Produto_C;2010-01-13;-338.8;USD
764112d6500b4bfa984c83dc2368983a;Produto_D;2010-01-13;-727.44;USD
522d17fe6bcb4389938f9fe93042b65c;Produto_E;2010-01-13;-166.8;USD
8f1b341e2fa94816b502a3ee1be0cb18;Produto_F;2010-01-13;-48.06;BRL
10439a2d5ea242398a5d8da00079b16b;Produto_G;2010-01-13;-110.73;BRL
7f0eed9777924a90b9955c22b0fe7de2;Produto_H;2010-01-13;-75.69;USD
696630e3beea4f75809c797bcb33ca10;Produto_I;2010-01-13;-863.78;BRL
1ebc1f29cbb24a76bc573177bf1d3877;Produto_J;2010-01-13;-291.59;BRL
12674c82ab754a3d91110cda0079316f;Produto_A;2010-01-14;-927.79;BRL
d8f98af7893b4714ac38f698e1429489;Produto_B;2010-01-14;41.84;USD
911fddc2f7594ea98742d3f0998f4ff0;Produto_C;2010-01-14;-1000.0;BRL
e4ef270a8366401da96a44c26e004e7e;Produto_D;2010-01-14;-696.86;BRL
c5e0db8cb57345fc962bc0bf8f03389e;Produto_E;2010-01-14;-197.82;BRL
38ceea3171914ec289afdb4bc7029910;Produto_F;2010-01-14;77.75;BRL
260a994d0a6e4086b7e09e527a69e91a;Produto_G;2010-01-14;-168.74;USD
3524228118d946558fcc8b48c6850130;Produto_H;2010-01-14;-540.34;BRL
504ef03b947d4df4a5b5db2f83b5d197;Produto_I;2010-01-14;-187.9;BRL
c02e94a7e0404fd393bb713ad36733b2;Produto_J;2010-01-14;-200.29;USD
f78f457a615b41309240c0f8c9b4749a;Produto_A;2010-01-15;-259.27;USD
384a1815b6d54417b798f7aa4f1ffd04;Produto_B;2010-01-15;-494.07;USD
cd65813a0ed7464692912ac171bb2cbe;Produto_C;2010-01-15;-664.59;USD
70e89ba7d8d849018a0df9a85e95dbee;Produto_D;2010-01-15;-760.23;BRL
68e00c7713ce4c2caf337fe8c8f050b4;Produto_E;2010-01-15;58.22;USD
ecef7b75436c4a56bc167824ffc5f5dd;Produto_F;2010-01-15;-384.67;BRL
003f763ade734e7da12abd5db722f225;Produto_G;2010-01-15;-238.19;BRL
7405052c6f1443c994afd931c84520a3;Produto_H;2010-01-15;-727.5;USD
f6fab696ba1b42998d5b413e5a533f85;Produto_I;2010-01-15;-383.88;BRL
628275b5cbdd4bf7a0a03fb72d4cf430;Produto_J;2010-01-15;-54.56;BRL
091ebbd2b1d64d4abb06c671f890a0c9;Produto_A;2010-01-16;-192.42;USD
1747a1a4e76a42eeac582e3552760d7c;Produto_B;2010-01-16;-454.36;BRL
cffe92ef1be94dc2a602ab6c6a909fdc;Produto_C;2010-01-16;-323.62;USD
148ee64315d340ff9582b63b6b2a1784;Produto_D;2010-01-16;98.64;BRL
d40571118ccd43b987e3bfb6d13fd66a;Produto_E;2010-01-16;40.84;USD
18919e5b9e6340c8a4bf88439046f43c;Produto_F;2010-01-16;-23.31;BRL
fb0cef068a4047d7b2e6266a36bea7e0;Produto_G;2010-01-16;-765.8;BRL
6451270fd9f54a5d91beca8359de8308;Produto_H;2010-01-16;-752.65;BRL
2d3dd860c7cf4928a7f770ed00537380;Produto_I;2010-01-16;66.52;USD
4d4a0c5886fd4286b102cb65c0437359;Produto_J;2010-01-16;86.52;BRL
6a78435f5e004689bc01348dde284904;Produto_A;2010-01-17;-633.69;USD
d1920ab450d04252b899a5d15b96f02c;Produto_B;2010-01-17;-968.03;USD
c03a3e7b1bc0454eadb15e8260f2486d;Produto_C;2010-01-17;-726.94;BRL
0bd10e704e8d4743884213ddd2bed472;Produto_D;2010-01-17;-619.15;BRL
6f7db357900d4a6dbd9b3692de989e9b;Produto_E;2010-01-17;24.65;BRL
bd134e6099844f3a9479eb7eed5521d7;Produto_F;2010-01-17;19.06;BRL
f3d618a0c2f843fbb85f8c0fafdb0244;Produto_G;2010-01-17;-695.77;BRL
3d6a76a45cc94a0ebd81b2c3735410de;Produto_H;2010-01-17;-309.66;USD
119c8e930404420d81229f5f52422d27;Produto_I;2010-01-17;-888.67;USD
6b88da305b144dedac205ca132bf15e2;Produto_J;2010-01-17;-745.42;BRL
e6f4c46e0d9e434aaf424bf6fa9fefbd;Produto_A;2010-01-18;-173.54;USD
8b465e8b7d48410ba0b0d774f46eb9da;Produto_B;2010-01-18;-1000.0;BRL
65c5ca511d1a4b389e891170ab631ca5;Produto_C;2010-01-18;-674.69;USD
089a06537826418fbef88dedb68c68f0;Produto_D;2010-01-18;-707.08;BRL
e99d229756f34db2ad29368a3c0219e0;Produto_E;2010-01-18;-90.15;USD
a4339998f34a44678f16953c95a6df5c;Produto_F;2010-01-18;-271.03;BRL
7d2c3f95a87d48809196313a6e3c15e3;Produto_G;2010-01-18;-340.85;USD
97dde0e099c948ec893eed9702145df7;Produto_H;2010-01-18;-365.95;BRL
cbff8756b7ce4b15ba9e9717aa28575e;Produto_I;2010-01-18;-299.45;BRL
a5b2fd7c527740e0929a11618a32a638;Produto_J;2010-01-18;-622.17;BRL
66da7200b52a4674b1809776db06131a;Produto_A;2010-01-19;-19.68;USD
47c6bb1094724425a03d52be33b5668f;Produto_B;2010-01-19;-1000.0;BRL
40dc2de16b16459db799de75956efbf5;Produto_C;2010-01-19;-1000.0;USD
406ba7520ff840399b0049f6465162b7;Produto_D;2010-01-19;-273.63;USD
cb717f01b22d4bedb15e7abdaad62da9;Produto_E;2010-01-19;-403.94;USD
ee8fb9c02d1b4d778a0b02061d7d863b;Produto_F;2010-01-19;66.26;BRL
5b62caff398a4c6883364d350fda76fa;Produto_G;2010-01-19;-272.73;BRL
1be30486a9f44e8ebb5f372f6308c1e7;Produto_H;2010-01-19;-857.41;BRL
5587986d1a9b4ead9a51e7989e5e1094;Produto_I;2010-01-19;-99.95;BRL
ff80b78427b241e285bdda665067d9d2;Produto_J;2010-01-19;-451.78;USD
5edffb55e3184afcb2ea452b69c78d38;Produto_A;2010-01-20;-398.84;USD
2cc178cd9c094a9aa82e011cdc5706ab;Produto_B;2010-01-20;-859.35;BRL
c267fe3f3e1b486391df3f5a291a3112;Produto_C;2010-01-20;-351.34;BRL
d6f2ea42d9fc428bbacb62ce99bc679b;Produto_D;2010-01-20;-77.41;BRL
726a504375844be79b65db5b6c2a3d2f;Produto_E;2010-01-20;-344.05;USD
d78473c083b54061ad64d53c79d5167c;Produto_F;2010-01-20;-190.88;BRL
0ea21ace66ef407480229cef7b52e19e;Produto_G;2010-01-20;-156.82;USD
645a24168e174e07aa3c08fad1485d63;Produto_H;2010-01-20;78.66;BRL
f193b62214f440c0b855eb30e597b655;Produto_I;2010-01-20;-677.34;USD
472b4afd68a548b08f3626edf270760e;Produto_J;2010-01-20;-619.69;USD
2b2948219f6948a4a1e9112eb9c04684;Produto_A;2010-01-21;-484.69;USD
6fe7b780ca644e70ae89de1806f49fee;Produto_B;2010-01-21;-887.22;BRL
8c576bd4af754053ab34ec825b550edc;Produto_C;2010-01-21;65.75;USD
c4cb0ebdb3e54658bf8c27c94fcac114;Produto_D;2010-01-21;-554.94;BRL
d32c19ccd3df47029e88cf558b7fa263;Produto_E;2010-01-21;-455.53;BRL
e93f43d19ce74d93b921fa81346556b9;Produto_F;2010-01-21;5.58;USD
d8986d987f8a466ca49cc4e56b931035;Produto_G;2010-01-21;-564.6;BRL
8150d693647c4228a6e2d7756b469fb8;Produto_H;2010-01-21;-1000.0;USD
cfeba66a853c4630bc8e79f282ea596d;Produto_I;2010-01-21;-287.62;USD
79a007bcd7d543ce8368017c0e00be93;Produto_J;2010-01-21;-328.9;USD
734ed9ad47ae4428b67ccbe9b343c997;Produto_A;2010-01-22;-176.5;USD
acfa780cbdd24d7f80ea7405b590044e;Produto_B;2010-01-22;-638.12;USD
35a62bc622f4480c8b4c250442233d0d;Produto_C;2010-01-22;-600.9;BRL
11f194c907844c3bb33cf9e366a8f8dd;Produto_D;2010-01-22;-395.97;USD
f4431330ddcb4ad1a27968702d0415b3;Produto_E;2010-01-22;-137.76;USD
d500171d1fdd4ba6bb3d89d57960f2eb;Produto_F;2010-01-22;-516.61;BRL
aca14259c3c043da8ce9c15a7be987ca;Produto_G;2010-01-22;-739.62;USD
134d428d543e4070a3224b188c041703;Produto_H;2010-01-22;-777.82;BRL
e5999aed16354bf1bbd660b8574c2534;Produto_I;2010-01-22;-237.4;BRL
b743e7398cc84a1babb3716d64f134e5;Produto_J;2010-01-22;-1000.0;BRL
b2771d5a237d43debe741f19ae427183;Produto_A;2010-01-23;-430.42;USD
56fb647ae2fb42719de2dd88386dded1;Produto_B;2010-01-23;-758.58;BRL
c6f6c408ffc4438885c1aadbe41ec5c2;Produto_C;2010-01-23;-583.4;USD
08d74bc61b904d999e590a1d66c8d531;Produto_D;2010-01-23;-993.86;BRL
ed96e63f8b204b049aa2710dd8b4ffd5;Produto_E;2010-01-23;-249.56;BRL
2f7f9fcbd0f44aa890b54e1ef5c8749a;Produto_F;2010-01-23;-590.38;BRL
7ddd97a564d04e2da659bad451772963;Produto_G;2010-01-23;-242.71;BRL
5c27a956fb1d4b718af3f2d33675b097;Produto_H;2010-01-23;-531.04;BRL
cd3a01305cd749d1867f38dc474173a2;Produto_I;2010-01-23;-289.36;BRL
1272354752ba4de7958aad7893248d03;Produto_J;2010-01-23;-356.12;BRL
ffb95fdaa53c4bc798ed5fcb7321d33d;Produto_A;2010-01-24;-274.94;USD
57e248055c934b3eb2d5da4b4e98568b;Produto_B;2010-01-24;-56.47;BRL
166da9b362a94e50b747bb34b9c748c3;Produto_C;2010-01-24;38.23;BRL
c40daf74e1b84955b2fd3a3ecaf5135e;Produto_D;2010-01-24;-267.7;USD
b9a9342904fb4969bc135fbb6390b908;Produto_E;2010-01-24;-242.1;USD
ab5332bf1ca14a479e79e2986428e3b5;Produto_F;2010-01-24;-89.15;USD
43caad35edab46f9a9f121e7c5570a47;Produto_G;2010-01-24;27.74;USD
b1c88ac19c7a4b3e81b74fc9f1b87386;Produto_H;2010-01-24;-115.39;BRL
3e86f54f3ffa4176aa61cae8b6dcf448;Produto_I;2010-01-24;-4.32;BRL
5dc0189550bd41c294ebd6556cd30909;Produto_J;2010-01-24;-771.33;BRL
da5f300e48e243c9a0e90ad8b4820518;Produto_A;2010-01-25;-833.37;BRL
99079724131c4417a50f1150b155e4b2;Produto_B;2010-01-25;-1000.0;BRL
97d31774b3b740ab9783ad260b2f02cb;Produto_C;2010-01-25;-277.54;USD
04b47800eb164f85a00607aef6a5370c;Produto_D;2010-01-25;-292.45;USD
fddfedb5ea1f4515a1188c21719ffbcf;Produto_E;2010-01-25;-58.49;BRL
ed2fb87ba477466a8df6719383975f7d;Produto_F;2010-01-25;-517.76;USD
3c53d93189fe42f39bbce8480208fb3a;Produto_G;2010-01-25;-537.51;BRL
344b03310c7145119fa471fce8117c4c;Produto_H;2010-01-25;-281.36;BRL
f1ed01af55c642e1a87d7b1f27e7948d;Produto_I;2010-01-25;-323.74;USD
35de7c87222947f78816bf25bcb932b1;Produto_J;2010-01-25;-1000.0;USD
b93d825886a3487d8e24f3763185108b;Produto_A;2010-01-26;-108.88;USD
8fcb1cc23e724aedbc718e636740303c;Produto_B;2010-01-26;-486.75;USD
9cc74e36ddb14ee19bac8ed25205fcc3;Produto_C;2010-01-26;-194.54;BRL
b31e1fd7a45f45da84cdf9005ff282b4;Produto_D;2010-01-26;-384.56;USD
99cff012fd324d81b138e6648724940e;Produto_E;2010-01-26;-452.19;BRL
bfcbf0d2738f48c5a4048c29a7d7722c;Produto_F;2010-01-26;-600.28;BRL
85cdc17257f841fd8aba8c93d6f670c6;Produto_G;2010-01-26;-486.99;BRL
f8e1607bdbf748b884adbaea3384ecae;Produto_H;2010-01-26;-451.88;BRL
78f5a89b9b2344a39c4e205126cb2379;Produto_I;2010-01-26;-554.81;USD
52566a0a225a4c8980f17978e3685c24;Produto_J;2010-01-26;-205.46;USD
4b69a0cfdc3a425dbab4ef125d8a33b8;Produto_A;2010-01-27;-830.95;USD
7c6e1909c94c47699f0afc26986cbabf;Produto_B;2010-01-27;-505.14;BRL
a0207267c7be4e1688d9b35f594993b7;Produto_C;2010-01-27;-101.44;BRL
ca772be2559d43f19ae20eb1eb4cd26a;Produto_D;2010-01-27;-705.78;USD
83f22481c73f4dc294040469ba17ae37;Produto_E;2010-01-27;-473.52;BRL
0c9c05609f7641299197b24937d27555;Produto_F;2010-01-27;45.04;USD
c90951bc743941d895622b8edee4754b;Produto_G;2010-01-27;-700.81;USD
99ff37c3fafb4e2686591a6a86cb2570;Produto_H;2010-01-27;62.09;USD
20f948779baf41569b7b904a1343bc5d;Produto_I;2010-01-27;47.98;USD
3011494b398640caa85c6ae4cb998fe1;Produto_J;2010-01-27;-505.29;BRL
dfbd4f648d88479d9a620f93dfe72552;Produto_A;2010-01-28;-474.92;USD
046c099b624a4d62a544287c4d693dc2;Produto_B;2010-01-28;-413.33;BRL
14b25616072d43deb9b4c8db5b78d833;Produto_C;2010-01-28;-290.42;BRL
a69bb7c10dbf45928072197622a4f738;Produto_D;2010-01-28;42.83;BRL
4e084c6f35b3486c9d8dc5733a488c20;Produto_E;2010-01-28;-108.82;USD
ed4d70324ce84e29b8f23faee27b0fc9;Produto_F;2010-01-28;19.89;BRL
102b6254dd954ea0ac4f569e2e616731;Produto_G;2010-01-28;-729.72;USD
bc741c6f801a4cba9b15a86742eff682;Produto_H;2010-01-28;-1000.0;USD
4dd4ae88b07d45ddbceb41da12c4ad07;Produto_I;2010-01-28;-24.71;USD
313b67bdf87243ca81ba509be15f9ca7;Produto_J;2010-01-28;-246.85;USD
baa683efd649452097b993f66055e216;Produto_A;2010-01-29;-789.85;BRL
f803b1ee375144759e9b83d344549eaf;Produto_B;2010-01-29;-97.22;USD
6909cddc080046f099f2fc2adda05d53;Produto_C;2010-01-29;-991.86;USD
8f1596a4b8d0409ca8502117875d7d3d;Produto_D;2010-01-29;-557.51;BRL
27694d5442aa4e268eda41652933a815;Produto_E;2010-01-29;-761.74;BRL
e55614eb6b5c48b2ba8a2a71b503f3b6;Produto_F;2010-01-29;-15.66;BRL
660a2ba56f144718a2fd5418eb28af0a;Produto_G;2010-01-29;-709.33;USD
18f9398d4ad143588bf05c16bf327344;Produto_H;2010-01-29;-879.57;BRL
6511d58c914648619002b5f809699116;Produto_I;2010-01-29;-618.05;USD
9db0376c85c0472d9d54ed88b7271394;Produto_J;2010-01-29;-34.89;USD
29cdb8862f0b4756a181c40b50d7c0f0;Produto_A;2010-01-30;39.34;USD
993072b46a114446a1544673a82c0221;Produto_B;2010-01-30;-427.55;BRL
c6d6d2e9b7d34631aade0252621d4afe;Produto_C;2010-01-30;-654.1;USD
bf8f139eaf6a49e9a83d152e1c1a5cd5;Produto_D;2010-01-30;-493.36;BRL
34d1aedeeb3a4db881f87f52912066c0;Produto_E;2010-01-30;-319.41;USD
285abe8119594cd69f6855f099db5afb;Produto_F;2010-01-30;-601.46;USD
a0d2152c6d1b4adc8d855efca9c80be2;Produto_G;2010-01-30;-683.75;USD
ef52a05529d74c79ae2706b3e68f48b0;Produto_H;2010-01-30;-852.95;BRL
cf16abf5c4414baf8137856dfea4622f;Produto_I;2010-01-30;-508.97;BRL
ed4b19d3e48a45d18e58285e6b94c63b;Produto_J;2010-01-30;-204.17;BRL
b18f4d143aee49a7ad678d0bf85ac91b;Produto_A;2010-01-31;-816.1;USD
7c6d027419a644f9a75728630211902c;Produto_B;2010-01-31;-222.24;USD
dbb787089ae54a3796652ed8af99038e;Produto_C;2010-01-31;-399.86;BRL
5ecac33bb2d346a9af836fb9cc4c307b;Produto_D;2010-01-31;-587.37;BRL
c0d86fe46bc74686974ced40380a404b;Produto_E;2010-01-31;-567.78;BRL
1b9a5256ebde46d48969ffddc1ae6273;Produto_F;2010-01-31;-346.76;USD
69898d03e26944ebb64fc6232e62990e;Produto_G;2010-01-31;46.39;BRL
7a362c5b72224be9a56f341200117fa9;Produto_H;2010-01-31;89.55;USD
fbd06303d53149f1889f68057df2f271;Produto_I;2010-01-31;-1000.0;USD
590846df516d43e7ac010eaa19964211;Produto_J;2010-01-31;-1000.0;USD
f9ec6fd339ae42f489a7f4131e47a98d;Produto_A;2010-02-01;86.47;USD
c3e69367e87e4625b3f7a6ce2c3ddc39;Produto_B;2010-02-01;-884.35;USD
ccb8c2b12fc6405696b864b535150e1e;Produto_C;2010-02-01;73.92;BRL
87f53283c8cf47fe99eb0d1a657ac073;Produto_D;2010-02-01;-857.47;USD
7937d2a0d405463e92a0914654a9c7bb;Produto_E;2010-02-01;-194.31;USD
09b4187650c64b8286b92ba0457c3400;Produto_F;2010-02-01;79.0;BRL
39f512be6c2448fe8c39b9a4a3b4d775;Produto_G;2010-02-01;-278.32;BRL
9bf55f8037744f4eafdbd272f0f5ad07;Produto_H;2010-02-01;-223.83;USD
71e618081f7447819c38724057d85925;Produto_I;2010-02-01;-725.87;BRL
32205c12d0314a45ba6fbd482e5da87e;Produto_J;2010-02-01;-1000.0;BRL
8903f44a867e497fa62832b805af41c7;Produto_A;2010-02-02;-467.49;BRL
673b77b46e994cfc995e7c37aa5b3706;Produto_B;2010-02-02;-772.92;BRL
c4a7046639824c8386a8256851a35a5f;Produto_C;2010-02-02;-885.06;BRL
07c87fd6f42c44f0af3f733f8e19e922;Produto_D;2010-02-02;-601.17;BRL
7bfb0de351a04b3f9979db0e8e1f68c4;Produto_E;2010-02-02;-296.41;BRL
ec3ddae8ec3e443ba0306971fddbe969;Produto_F;2010-02-02;-499.8;BRL
a3154d5281b546aab13f4a6ab03774e8;Produto_G;2010-02-02;66.09;BRL
16c35c21349b485b9959930d80d844f4;Produto_H;2010-02-02;-1000.0;USD
e8f7a013a5d04c0590cc6b4c3721c52a;Produto_I;2010-02-02;-692.86;BRL
6135faede3f045b5947b61807ff6b456;Produto_J;2010-02-02;-371.99;BRL
8d85ab79c668422797da0fb222a36cd4;Produto_A;2010-02-03;-769.61;BRL
045a5f4acd2b4e44a9c4b679e326fb2a;Produto_B;2010-02-03;-1000.0;BRL
dc9e72b9f6a14ea2b9d9f7544dbbd1d0;Produto_C;2010-02-03;49.97;BRL
471052987cef41c8b001cfbf5d5674d3;Produto_D;2010-02-03;-378.52;USD
94ad5699286845b2ad9ae1292bd4c201;Produto_E;2010-02-03;-447.07;BRL
dab8133f0aa0400186fabe52fe0eb355;Produto_F;2010-02-03;-29.54;USD
3585ee45665e43e394d958e3fe5cebe2;Produto_G;2010-02-03;-740.29;USD
56e0162d0fb8491a89a2cdc05c07a774;Produto_H;2010-02-03;-647.88;BRL
9b72ec4380554c01a0675f764c9b02f0;Produto_I;2010-02-03;-113.87;BRL
8582898f7d9843328715e3ca3ae8a2d5;Produto_J;2010-02-03;92.53;USD
ea1b86886f4e4b1c86ed3b85c2343f8c;Produto_A;2010-02-04;-324.72;USD
7ad925867aa84e068dc0f663fe541b60;Produto_B;2010-02-04;-695.65;USD
a181e49875f74a4fb1c5ed7c55688a47;Produto_C;2010-02-04;-82.21;USD
cbc26af49ae74216840b680b8ffe69eb;Produto_D;2010-02-04;-976.02;USD
3800f4fb57464d68b5c596b0078492aa;Produto_E;2010-02-04;-450.19;USD
9c51368cf363436a95c82e6881fb805c;Produto_F;2010-02-04;-815.54;USD
7f2f485feb804f7cad119fd2310a12da;Produto_G;2010-02-04;-38.02;USD
6bef4c2efae54a9cb7acc622ef1d73d5;Produto_H;2010-02-04;-487.69;USD
09ee3a894ccd403ab1941cada8e2f35d;Produto_I;2010-02-04;100.0;USD
bf7b9f2940d745e2a8f5da20fce2570d;Produto_J;2010-02-04;-393.41;USD
8b874d295cd64d678a4694c9adc88148;Produto_A;2010-02-05;36.78;BRL
f16ccd2b843a44a2a8dc0377b94b3508;Produto_B;2010-02-05;-716.06;USD
3f8524912816402785df3006e07e14d1;Produto_C;2010-02-05;-562.91;BRL
3f51b5a6914e4f869fe0ccb004cd8805;Produto_D;2010-02-05;-759.1;USD
80e050be37244a4eb1258ff221504d26;Produto_E;2010-02-05;-275.9;BRL
2506bf5627c6417a98d75b3c0aa90eca;Produto_F;2010-02-05;-28.12;BRL
1eca70b6a76d4348ab05e5d69efa8a9f;Produto_G;2010-02-05;-249.34;BRL
1d50f979d2d844448bdb27487223c1a7;Produto_H;2010-02-05;-833.44;USD
fb1c4e0498434a33a6053985ceb25e40;Produto_I;2010-02-05;-274.48;BRL
af47167b659346dba7fe36defa049196;Produto_J;2010-02-05;-525.71;USD
7149514ac1f74e569af0557fda4e2901;Produto_A;2010-02-06;-400.98;BRL
7782db2ae6b849c397bac348df521f35;Produto_B;2010-02-06;-124.96;BRL
13f7452a7cab4aacbc44f97eca2beb6f;Produto_C;2010-02-06;-427.39;BRL
4a9d81238b054c3191e965fadd25c1be;Produto_D;2010-02-06;-135.36;USD
fb2938dc29a04ad7ae52bcc434428736;Produto_E;2010-02-06;-705.95;USD
6539b3186fd1401db116ebdc31d31298;Produto_F;2010-02-06;-444.97;USD
3d8323d5875445448b9e0e349f81199e;Produto_G;2010-02-06;-247.47;BRL
dc6d691b4eab47c7a7562a21680e0ca7;Produto_H;2010-02-06;-135.41;USD
bb80bc82644845109f7aabf481b53875;Produto_I;2010-02-06;-892.96;BRL
852f1744c38b4b019451486e43c3ecc2;Produto_J;2010-02-06;86.68;BRL
d1bddf9c9e2b4a2aa7014b27f0167e67;Produto_A;2010-02-07;-329.07;BRL
cfd1cf438167406281780bcaa76ca038;Produto_B;2010-02-07;-477.53;USD
54004a170a1b43c885beb9201dd18010;Produto_C;2010-02-07;-6.05;BRL
fbf2488606704f5388d74704543a2f46;Produto_D;2010-02-07;-417.43;USD
2bcc6620fd894043bf159d6a2c78189d;Produto_E;2010-02-07;-114.25;BRL
652f76ba71c842d59a874f94734141f7;Produto_F;2010-02-07;-556.62;BRL
2fa5b881508c4525976091c9348dfea0;Produto_G;2010-02-07;-40.04;USD
e7efaebf1a5749a3b3e83589d163ae1c;Produto_H;2010-02-07;-146.56;BRL
4714f1991b6240e098ddeea04c6ecbb5;Produto_I;2010-02-07;20.22;BRL
b11caeeb6a4d4f92b913d902479346ea;Produto_J;2010-02-07;-170.23;BRL
49df306f0d654bae8f877f6cd1c99878;Produto_A;2010-02-08;-463.9;BRL
326293f39e1746ad9e2338f61e734c62;Produto_B;2010-02-08;-388.58;BRL
87e9042b651f451bb53370744fd09707;Produto_C;2010-02-08;-712.42;USD
2ae794cdc12d4a3a8bf955962fbdba25;Produto_D;2010-02-08;-380.26;USD
e8b6f5a6bbd34d10afb644260136b941;Produto_E;2010-02-08;-758.91;USD
6836fd13c69c471491528daf8f3ea2a8;Produto_F;2010-02-08;-408.92;BRL
3b238306000b4545be1e9302d1407e02;Produto_G;2010-02-08;-648.87;BRL
0f0fb1a7eb9c4e3bb5e63d354aa67e02;Produto_H;2010-02-08;-275.15;BRL
33d65399d135444fa297cbaa83ab1646;Produto_I;2010-02-08;-840.37;BRL
81b50c8aa09547958734b76dfca2aa3b;Produto_J;2010-02-08;-604.1;BRL
fbba07cbfc6242079471a4106c633211;Produto_A;2010-02-09;-448.62;USD
c760d3427dfa43f3a50f466160168dd6;Produto_B;2010-02-09;86.29;USD
83b890085f42413bbf77c650f4a6942b;Produto_C;2010-02-09;-879.94;USD
0979c76e3bce4e13b802851c454eb953;Produto_D;2010-02-09;-100.77;BRL
d46ebd22830749ce8f252f0d7efa80bb;Produto_E;2010-02-09;-574.27;USD
6848c83f39534c97820bc3f4c0d6b531;Produto_F;2010-02-09;-799.03;BRL
fce65910473543bea332105b2ce4826b;Produto_G;2010-02-09;-675.66;USD
a37092d15a9c488096fdeb2cbffcf307;Produto_H;2010-02-09;-719.8;BRL
4eaec8255ede4b17a8bc35371aa60de5;Produto_I;2010-02-09;-629.6;BRL
c7ce02b6132a443ea37046798ecece56;Produto_J;2010-02-09;-703.15;USD
a9fd504b315d453894ac2d8b496af8c2;Produto_A;2010-02-10;-896.74;USD
c6dc11df7a3a440e842dd1a1c4a060df;Produto_B;2010-02-10;-576.82;BRL
470d6af66d5c4231b8d27a4f907e0e99;Produto_C;2010-02-10;-1000.0;BRL
ec3d8bf2c2594801a91b4c32a692dc96;Produto_D;2010-02-10;-868.14;BRL
1109024efaa6479b807aab7fcffce4b0;Produto_E;2010-02-10;-772.38;BRL
2c12c14d63c0453da1d09e2108c3bdf6;Produto_F;2010-02-10;-37.15;BRL
0f4e1f537b0541c985e6c07c82e952c1;Produto_G;2010-02-10;-137.82;USD
a3ab933b4c674febaea2ee197425285f;Produto_H;2010-02-10;100.0;USD
9b63211522a94775afdd0de9312aaa98;Produto_I;2010-02-10;-622.44;BRL
f17142ca5f1a41548c7d3e851125963c;Produto_J;2010-02-10;-817.29;BRL
3862889de74b40d08afb6638d7ca05a6;Produto_A;2010-02-11;-556.92;BRL
1a8dd2a0f719493dbbdc5307bbd52910;Produto_B;2010-02-11;-254.18;BRL
026f858bb9a14285b7a31361f1f34734;Produto_C;2010-02-11;-1000.0;BRL
02823b6dc23540ecbe54d155963f2189;Produto_D;2010-02-11;-895.68;USD
7550fff91cdd4d1f8b088bf307885110;Produto_E;2010-02-11;-12.65;BRL
8001d9d42367460fabc7dd9f217790b1;Produto_F;2010-02-11;-145.25;BRL
5731084fb41a489a95a4ad405ef5bda4;Produto_G;2010-02-11;-687.2;BRL
89bc67fd7fbe411087bc20fd545c9358;Produto_H;2010-02-11;-722.2;USD
aed88ebd078a4f2d94caeec3c46e27dc;Produto_I;2010-02-11;-770.36;USD
0cbf16aff0c949b0a433ee45b41b40d9;Produto_J;2010-02-11;-208.5;BRL
b7d5cac0c79f4767a9fd9029a14ddd4a;Produto_A;2010-02-12;-916.58;USD
1675115e7a9e4b87bf58885526100f32;Produto_B;2010-02-12;-92.17;BRL
805b1757f0ac488599fdb45be96d1790;Produto_C;2010-02-12;-713.96;BRL
4695b3406a6e4f8283343b538fe63eca;Produto_D;2010-02-12;-780.14;USD
fe56350e233446ceaddd7713209d0b33;Produto_E;2010-02-12;-287.36;BRL
4f1f14c92e2f4457ba9931036a913914;Produto_F;2010-02-12;-504.57;USD
88a4cdae09ee4f95a74863864be84b0f;Produto_G;2010-02-12;-351.9;USD
972071545bda4587ad4177e97475cfe4;Produto_H;2010-02-12;-422.81;BRL
07a47f05026f4bad896d685f56bf675e;Produto_I;2010-02-12;-372.4;BRL
1a590cf608d64638b033b79c06d4c2b5;Produto_J;2010-02-12;-391.72;BRL
0b7cc6bee71145189ebcf1ef7e1ea558;Produto_A;2010-02-13;-805.74;USD
303f7d576f8e4a06a75beff5c0fe0cb4;Produto_B;2010-02-13;-770.51;BRL
0ca05d73af504aa99f0b3461f7e60084;Produto_C;2010-02-13;-323.07;BRL
f55e21e9a89d4115b802ae39135c7c22;Produto_D;2010-02-13;-767.28;USD
c1494b59b4044c358cee001088336413;Produto_E;2010-02-13;70.52;USD
b945ab33ef244dac918d419ad2dbba06;Produto_F;2010-02-13;22.41;USD
7076a5c253344014a45c923add87bff0;Produto_G;2010-02-13;-691.82;BRL
02467515703a461a89d158733bca3bbc;Produto_H;2010-02-13;-707.61;BRL
ae68dc9ccaf248a9b18594806d46b1d3;Produto_I;2010-02-13;-864.87;USD
cfdeeaca02c047e7961f2fe11bd3d2cd;Produto_J;2010-02-13;-997.3;BRL
c06fdc2eef0f4447a5cfefe0b05044da;Produto_A;2010-02-14;-758.52;USD
1d9f5be3e4d644d0acc1c94d899cb3a3;Produto_B;2010-02-14;-90.01;USD
0bb8eb10cb2345cf8ba9c580a938481c;Produto_C;2010-02-14;-472.11;BRL
54ca817d63b548ba879bb7765004f4ed;Produto_D;2010-02-14;-244.85;BRL
5c8bab7503424194be82b925e01bc77f;Produto_E;2010-02-14;-725.96;BRL
34a0fd94f07f459c8f862883874b9681;Produto_F;2010-02-14;-303.38;USD
6ba098231cd343239e60710157ba85c7;Produto_G;2010-02-14;-37.35;BRL
bc15428cb3c04c1195caabf22aa4ea8c;Produto_H;2010-02-14;85.86;BRL
87ee1a40f71b4daa8c212c1a07c9637f;Produto_I;2010-02-14;-853.08;USD
56652d8138c04152b83a7bdaa71de754;Produto_J;2010-02-14;-107.15;BRL
72659b1d2d3f4de7b5bf619707757e76;Produto_A;2010-02-15;-363.25;BRL
a35f31798493471198f275c05d0b9a70;Produto_B;2010-02-15;-582.93;USD
43a865e958064bfeb7633960600501b2;Produto_C;2010-02-15;-171.37;BRL
6ea15e5ffc0b4d5fb72418542408a598;Produto_D;2010-02-15;67.99;BRL
e2cc55d284a04221ba4e241e2b02f709;Produto_E;2010-02-15;-440.52;USD
b9ab21135a544754b91d197d05801bad;Produto_F;2010-02-15;-157.43;BRL
4298fb63670e49109b92a739ff4e2a98;Produto_G;2010-02-15;-680.63;BRL
4ed032dc3a9c47b6a60ff5a296e73568;Produto_H;2010-02-15;-183.9;BRL
1a274b09e5b7435aa8842d70cbdcbe71;Produto_I;2010-02-15;-378.87;USD
48ddf2e44e174634860a6d099e460734;Produto_J;2010-02-15;27.84;USD
3371dadeb9c54b879c8b7a63231c72c0;Produto_A;2010-02-16;-388.17;USD
b27760417a2e49208194ee0f1d5381a1;Produto_B;2010-02-16;-727.67;BRL
2abf4589eedf4a5391cc5d6e60768d66;Produto_C;2010-02-16;-950.99;USD
77cc46b5050f4d5dbd11d490f53ee9b2;Produto_D;2010-02-16;-415.73;BRL
2c0190202a6b49559c6145dd0bf7e645;Produto_E;2010-02-16;-534.41;BRL
428c5ff8a9f94192b82bf1ae2f6bc809;Produto_F;2010-02-16;-747.97;USD
a20ef27c644340e5b566585170a16961;Produto_G;2010-02-16;-195.03;USD
0e3ae550ea9348bfa585ad47ac0b05a8;Produto_H;2010-02-16;-1000.0;USD
6974115a1e4841bd95259ea53a2066d6;Produto_I;2010-02-16;-505.6;USD
bd6996cbaa194a97b60a0c873a428e6f;Produto_J;2010-02-16;-139.42;USD
0d5abff0f82a4799b4c7adaab43010ff;Produto_A;2010-02-17;21.07;BRL
ac9fa2f04c784d2f9c825a5165476d6a;Produto_B;2010-02-17;-219.86;BRL
6eb0b34bc8aa470986080adaf0cd8210;Produto_C;2010-02-17;-963.41;BRL
5f597ac892ce4c7e89d8021401abdf30;Produto_D;2010-02-17;94.46;BRL
019eac82d22c40479dd1de91d3ed0521;Produto_E;2010-02-17;-662.94;USD
ff1680b703134658bffcb44b4e4f509d;Produto_F;2010-02-17;15.81;BRL
7d323e4ea242421bbe7460aa4b2fc876;Produto_G;2010-02-17;-286.75;BRL
ac3892f67e5346259650bf17c37e6bda;Produto_H;2010-02-17;-166.03;USD
0dc8e5f2bd3a40719bee7def4fbd1354;Produto_I;2010-02-17;-131.54;BRL
ecd131231573490981e0a7e7e0f5b554;Produto_J;2010-02-17;-133.05;USD
6738e0e96c40424ab145187762690c5c;Produto_A;2010-02-18;-767.91;USD
0f8eab96cede4472ad19361e5381d48a;Produto_B;2010-02-18;-907.67;BRL
8b3c644ecda643ea9bf88617084717cf;Produto_C;2010-02-18;-473.88;BRL
8e2d3d4b2f914116afaee9bd49ac3f7a;Produto_D;2010-02-18;-684.36;BRL
4b5d1f87db9e439bbe385b09a099dde5;Produto_E;2010-02-18;-470.57;BRL
5bbf5e0bf5f34561812ce410cd1b9630;Produto_F;2010-02-18;-416.36;BRL
29040a504bb647bda74ffd5bccd4e5d2;Produto_G;2010-02-18;-456.02;USD
b1ebbb6a6ce943da9fb8e7609d106323;Produto_H;2010-02-18;-370.88;USD
7571dfd7c33e4c89abd6a3eb56f4ad1b;Produto_I;2010-02-18;-186.61;USD
f1208f899d354517a39416456768c398;Produto_J;2010-02-18;-402.71;USD
65e6cf78bcbb42799a5e251feeee25dc;Produto_A;2010-02-19;-9.81;USD
ccd05f0d08744704a0dba16fb354dba9;Produto_B;2010-02-19;-508.47;USD
352aa028179a40d6bd7e7eeeb1bb3c5c;Produto_C;2010-02-19;-3.21;USD
26f72d8ab4a34fbcabe64a576c01594c;Produto_D;2010-02-19;-422.74;BRL
5cb3a76bd7b841c7aa48497baef90699;Produto_E;2010-02-19;28.0;USD
e8e6dd60f29a4657b81d15e3acb6a37f;Produto_F;2010-02-19;-162.62;BRL
95176492099d442596ad814a31e76afb;Produto_G;2010-02-19;-659.69;USD
1efb209db487402aabe73a1ad9378af3;Produto_H;2010-02-19;-39.64;USD
aca0fc545fc0479e912b73b89f300103;Produto_I;2010-02-19;-434.08;USD
2184c22acef841c79deb582953ca1ebd;Produto_J;2010-02-19;-407.98;USD
19f07aa8e25b4427891578d48fbc6300;Produto_A;2010-02-20;-780.89;USD
8676b53d90d1418091fc453c21ab9fa9;Produto_B;2010-02-20;-272.42;USD
13f50b041c174486b46025becfe6f68d;Produto_C;2010-02-20;-202.73;BRL
56c4d0d0dbd34b92974c443fe4228b99;Produto_D;2010-02-20;-813.23;BRL
646cf5414efb4484b1dc8dcb3d7766d9;Produto_E;2010-02-20;-133.55;USD
7d09aa65e1384248947c713f74e2b003;Produto_F;2010-02-20;-140.68;BRL
59fb72d95aac4c6d9689ba377580e0b6;Produto_G;2010-02-20;-75.27;USD
3d111ae690fa43d7a4a3dbe67ca6a2f8;Produto_H;2010-02-20;-690.09;USD
29dd8ab2bd3a4247b7945df96fe3fd91;Produto_I;2010-02-20;-903.23;BRL
04adf7cc9e384b92aebcfca2f350de94;Produto_J;2010-02-20;-494.04;BRL
2324ebc662004c028d6485b7db0a8b97;Produto_A;2010-02-21;-782.71;USD
e0bff333ff3040a4ad0bfa5a829b38ee;Produto_B;2010-02-21;-674.13;USD
64f69d9142124e419ece667777bb78e8;Produto_C;2010-02-21;-232.08;USD
27f3ec5ea22e40bb8ab4c905b47bde6a;Produto_D;2010-02-21;-358.57;BRL
9c57738fcd024999b1cbbee9d01aebd8;Produto_E;2010-02-21;-333.69;USD
06fc2354c6a34ccbb98fbf82c2670d6e;Produto_F;2010-02-21;-282.4;BRL
2c32dc8310444a86aed70c3af89ba2dc;Produto_G;2010-02-21;-623.42;BRL
f1dd56fdf2354d14b4ccaa02e7181ae2;Produto_H;2010-02-21;-737.33;BRL
74d484301c714e738777de0e128513ed;Produto_I;2010-02-21;-587.33;USD
7f3e431633724e55a212c4746298b057;Produto_J;2010-02-21;-754.36;USD
da0398dbaaf941df88f4b201616a9197;Produto_A;2010-02-22;-779.17;USD
cc208307da44454892a394caa989d4e1;Produto_B;2010-02-22;-1000.0;BRL
5e5da4a637cb441ca05aa8a34520c596;Produto_C;2010-02-22;-365.38;USD
1da6a852f2a4497ba559b81689f0f739;Produto_D;2010-02-22;-211.22;USD
9255d80d85f6482a9274cbbf37f019dc;Produto_E;2010-02-22;20.97;BRL
e907ebb181c8476ebabf60aa1487920c;Produto_F;2010-02-22;8.8;USD
026ae154feea4bdfbd8e10cd27ba75b7;Produto_G;2010-02-22;11.49;BRL
d1a7eda93eea48608e2b4e1a079d085a;Produto_H;2010-02-22;-335.4;USD
e5c961828ed24d7a906b004fcbafbeea;Produto_I;2010-02-22;-384.59;BRL
0b2b80d65f37468488e63414b041f50d;Produto_J;2010-02-22;-1000.0;USD
3f58b37e8f8245e28ef6adbca5b0d9f9;Produto_A;2010-02-23;-178.0;BRL
29ab8ec73ea24b9a929d5a05da2b3381;Produto_B;2010-02-23;-92.53;USD
4336a12f98b141769afa450d9a9d122e;Produto_C;2010-02-23;-562.55;BRL
f1fa58d2482e4ddb8fdd68293b74b08e;Produto_D;2010-02-23;-777.03;BRL
5adeeadee16a42dfacde4c1e88db6c65;Produto_E;2010-02-23;-63.93;BRL
9bb88734de0b4d7a88d1331b001b9e99;Produto_F;2010-02-23;-65.21;USD
98c1e319f7cb4cdf84c7f126b8639eed;Produto_G;2010-02-23;-33.59;USD
234cccfe9846418a9af64c6decd1ffbb;Produto_H;2010-02-23;-887.16;USD
366b9bbc5d00451e8151f7d9771f3ae4;Produto_I;2010-02-23;-589.46;USD
e619e4864e6f4f13abbcb89b5d18afac;Produto_J;2010-02-23;-200.19;BRL
538f50c169bd4ac18f15fa13cd18bd4e;Produto_A;2010-02-24;-109.53;USD
fcf7551882b64585b31f8c7e05b63dcc;Produto_B;2010-02-24;-411.61;USD
c590857e1734420d86a4a25767dae61d;Produto_C;2010-02-24;-627.21;USD
f6616531d7ac444b9c53cc5a8d5dca4c;Produto_D;2010-02-24;-52.6;BRL
4f57f33a57824c34bb83645633ca0d86;Produto_E;2010-02-24;-512.55;BRL
ee125321118f4d76884daca3cd573342;Produto_F;2010-02-24;-390.05;USD
fb8c380b1f364999bf0f8a1ae1b3e376;Produto_G;2010-02-24;-391.52;USD
8c861a00f49943eaaaf7edcc039207bb;Produto_H;2010-02-24;-1000.0;USD
c8169d7f351744b99099fbcbac870968;Produto_I;2010-02-24;-887.78;BRL
8befe6298cb943afa96fc0707c31512a;Produto_J;2010-02-24;-402.54;BRL
bc19ae56528046518fc2b3936962ef7a;Produto_A;2010-02-25;-505.36;BRL
ea643590d6304836af9ff656b3c8895a;Produto_B;2010-02-25;-805.52;USD
ab6f5126c6ee4cffb8f5e360f933bc4f;Produto_C;2010-02-25;-403.27;BRL
c8aadb80b56144ca935d97e31aeaaebf;Produto_D;2010-02-25;-795.28;BRL
ad5489d514d24f5cafe3e6ce1a0565df;Produto_E;2010-02-25;-223.65;USD
abf2e9ecab0e4990bee4dabfd53fc0e9;Produto_F;2010-02-25;60.52;USD
bc15f8199a0e4e5dbe629ffa415e25e5;Produto_G;2010-02-25;-651.65;BRL
df203d6bebbd4bf88c0ca04c22211ca8;Produto_H;2010-02-25;-63.06;USD
7e447c9b53d6458fb9f5fed81af8ec45;Produto_I;2010-02-25;100.0;USD
837fcebe7b33481a8760f5ae5829f9b4;Produto_J;2010-02-25;-740.2;BRL
d3449a66806d48bebb1056e50b2c3068;Produto_A;2010-02-26;-868.11;USD
6e98cbdcd6e6465db9460aee6570c193;Produto_B;2010-02-26;-650.09;BRL
282116f5a92c4e8b8344e8c26aa4a3bb;Produto_C;2010-02-26;-13.55;BRL
44136a751a8e498695a19352212eccd3;Produto_D;2010-02-26;-508.87;USD
f458aa9469174d1080ca37a17eb60b19;Produto_E;2010-02-26;-794.72;BRL
4a182820067d4174afb642259f8138c1;Produto_F;2010-02-26;-66.06;USD
901e8b4c8ff84ed18103e07677e26b16;Produto_G;2010-02-26;-722.73;BRL
0a8e1e09be454928ae1fbeab01d40906;Produto_H;2010-02-26;-253.81;BRL
a8acc75f1f414137824291d0a6d6f788;Produto_I;2010-02-26;-444.57;BRL
f0509395367b45c0bdf75e56b2c891e6;Produto_J;2010-02-26;-519.78;BRL
c124a1a866a34e258cc1583a2028503f;Produto_A;2010-02-27;-360.28;USD
8194d57c045c4acd92f9ce05479275ed;Produto_B;2010-02-27;-1000.0;BRL
de0d5f9ea1194fabbafa05adbc54ba8d;Produto_C;2010-02-27;-58.07;USD
3753603e125342178a25271648aed0bf;Produto_D;2010-02-27;-179.89;BRL
663b1a2247714cf68fb87203b815b685;Produto_E;2010-02-27;-581.41;BRL
c3257a8eebb149bbb8f5efb4368c8a23;Produto_F;2010-02-27;-348.39;USD
37627138f64d4bb99afe0e094a45cba6;Produto_G;2010-02-27;-757.29;BRL
1c728846c07d469cad9acd69a3c95415;Produto_H;2010-02-27;-90.19;USD
b156954615b74e0382ee11f9efd686f4;Produto_I;2010-02-27;-289.1;USD
9e5cbdc82d0c4243b31c38b5f35b9900;Produto_J;2010-02-27;-434.0;USD
d19c3db413c141f89252bd635e6f3813;Produto_A;2010-02-28;-699.03;USD
89f7e300a8574615855480577080c1a7;Produto_B;2010-02-28;-543.99;BRL
66b4c95fa54448d0a4c5e2ba92245894;Produto_C;2010-02-28;-988.19;USD
10f8a8c33434400a9e1b641e959b55cd;Produto_D;2010-02-28;-392.04;USD
ad23c8e55eee4ff2b293e59586ef5564;Produto_E;2010-02-28;-233.48;USD
7a7f01f5f2d041f08e26d6cc70e26bea;Produto_F;2010-02-28;-171.48;USD
c3ef6d90cd95402fb59ac13c94b92637;Produto_G;2010-02-28;-570.66;BRL
6c3cbdb85a9d4aa2afdbb32ada0c8711;Produto_H;2010-02-28;-398.09;BRL
b0552fdb1aea43ea920433ec2b83dc8f;Produto_I;2010-02-28;-91.14;BRL
defff8989a1040879c6a84592c56ede9;Produto_J;2010-02-28;42.89;BRL
70a18fd74ed84cd7838be8d4c635225c;Produto_A;2010-03-01;-725.93;USD
658c7e3b458048a6aa81a0d800736fb6;Produto_B;2010-03-01;-788.65;BRL
830ca3cca66d4c4bb95aa7bb55acf381;Produto_C;2010-03-01;-1000.0;USD
e457bc7913a14462a31458fc8e3ccb60;Produto_D;2010-03-01;-199.9;USD
bff22e9056b146b4afbb2f4eb133177c;Produto_E;2010-03-01;-803.84;USD
ed6bdf09ef174664b6f19381e81ca00c;Produto_F;2010-03-01;-29.73;USD
a420eb753322428381220a69badb7b18;Produto_G;2010-03-01;-417.9;BRL
b77bbffc026e4ce6b7bdfc77fc73e989;Produto_H;2010-03-01;2.0;USD
f00f8ec515b54745b03557fd4f71baec;Produto_I;2010-03-01;-655.55;BRL
33bf17dec9014974b1463d850531b358;Produto_J;2010-03-01;-101.99;USD
d01c2ab229524956b6082e6cbd16e4b7;Produto_A;2010-03-02;-328.68;BRL
8eb3f72714ab4cf38e6bb74b701bee93;Produto_B;2010-03-02;-105.72;USD
4b83ef0929f6420bbdaffd735d699560;Produto_C;2010-03-02;-613.4;BRL
c7ffe5b0a6234451a45ef0b721a01cf9;Produto_D;2010-03-02;-630.61;USD
172bc240143c4027b61066ab876f2f76;Produto_E;2010-03-02;-559.81;BRL
64341a75c12c4255b0be063e79cbf72d;Produto_F;2010-03-02;59.62;BRL
e798dfa47c1144c6a4778bc952d9fba6;Produto_G;2010-03-02;-658.97;BRL
e3ba69497c984b109d60fb5a8820bd22;Produto_H;2010-03-02;-446.79;USD
d957f861b8c24bb7a79acd5df0369a5a;Produto_I;2010-03-02;-16.8;BRL
6a933446a0bb4f7d99afecf439ee2ce0;Produto_J;2010-03-02;-882.88;BRL
7b9295e95bb24b6bac7708b91a8bdcf9;Produto_A;2010-03-03;-914.1;BRL
f65d00ff1c284df8a0e5e652f39e096a;Produto_B;2010-03-03;-225.64;BRL
bf27ed3de1644176becb30294254917e;Produto_C;2010-03-03;-338.34;USD
4f5248f952bc45f995ee5e7141b1b566;Produto_D;2010-03-03;-797.67;BRL
d4901af9aba5441d822b6938279f61a0;Produto_E;2010-03-03;-67.55;BRL
77e74e406fb84b9db649049593941677;Produto_F;2010-03-03;-707.52;USD
90f8eef008e24fd6b43fa09cc5d007a1;Produto_G;2010-03-03;-631.92;USD
837d3181f2394d62863d96f828fb27f0;Produto_H;2010-03-03;-293.99;BRL
6329f9cdf9bc48f9bd341e2c043e7381;Produto_I;2010-03-03;6.02;USD
088bdbf0f9c445d68de9cdad08687e8c;Produto_J;2010-03-03;-114.2;USD
b447a12831544b0bbcb28233f940c8ea;Produto_A;2010-03-04;-654.72;USD
30942eff5e5f4ff7aace2ddacc41e3bc;Produto_B;2010-03-04;-679.13;BRL
52585d2f9b2744899767f8570eb08b01;Produto_C;2010-03-04;-97.41;USD
1ef8bcf8d18241df83145171463770e8;Produto_D;2010-03-04;-926.31;BRL
83ff5e428cf740d2925a6b8120ced311;Produto_E;2010-03-04;-703.33;USD
0b82ebe5acdc435a92407af03bf30c2b;Produto_F;2010-03-04;-585.27;USD
a4cc6e9a9baf4e4ba3d04f54cb925c2a;Produto_G;2010-03-04;-267.09;BRL
8e6db72b02ae435e815bb8ea5a64d1fc;Produto_H;2010-03-04;-359.18;USD
746cdc9b78e741179f0a33c14120e148;Produto_I;2010-03-04;-847.9;USD
14395f3707e1444fa7e40b9ba547b14c;Produto_J;2010-03-04;-86.21;USD
e2f083d5927b4e2f8105002b4f7350de;Produto_A;2010-03-05;-542.26;BRL
7d81622f141b478ca33229fb351e7510;Produto_B;2010-03-05;-656.5;BRL
f4bc165cb12f43b389ac651d419dc9b6;Produto_C;2010-03-05;-911.87;USD
352b5299d13b4f18b0cb42f448265661;Produto_D;2010-03-05;-836.52;USD
170d554f930f4ca9b106ec577a18192c;Produto_E;2010-03-05;-278.65;BRL
6487a01a5c304c6db83a2abe3ae46fec;Produto_F;2010-03-05;-765.84;USD
c348d8e65ccd4976afcf2809dbe48b9a;Produto_G;2010-03-05;-531.65;BRL
f60dbb3959d64eb8b3f33e653e200ad9;Produto_H;2010-03-05;8.36;USD
672366756bfe47d391fa8d793f9c22b7;Produto_I;2010-03-05;-707.2;USD
1d688e499250435e91d14cbbbb70c1e8;Produto_J;2010-03-05;48.84;USD
4a29bad02d034ee2b23d68f882be1485;Produto_A;2010-03-06;-253.03;BRL
1533d2096d1241eeab267f99e7ac80b4;Produto_B;2010-03-06;-1000.0;BRL
b9b7d9a681524580a08921231a4fbb1c;Produto_C;2010-03-06;-852.14;BRL
9238f903576e48b3b277e43ae383e91f;Produto_D;2010-03-06;-426.21;USD
44c0b833e1de4b03a9447a42a418962a;Produto_E;2010-03-06;-286.01;USD
a4701c8c62e04d399dc65d92f52d205e;Produto_F;2010-03-06;-57.09;USD
840acfadc4ab40bc8b734e3d94dd84c5;Produto_G;2010-03-06;-267.58;BRL
c0799d97609c4c9e8dae4d0443fc1f46;Produto_H;2010-03-06;-371.89;BRL
e46c792332d8489095e7de64cf47e639;Produto_I;2010-03-06;-927.37;USD
2c22016730844b4081e6b4e381d0980c;Produto_J;2010-03-06;-677.11;USD
38a7c977a2d043b4838dc13a383d59b4;Produto_A;2010-03-07;-426.42;USD
cd634f477e254185bc280ab3c2546170;Produto_B;2010-03-07;-418.93;USD
557ff09838f04f49990a4bc146f17071;Produto_C;2010-03-07;-813.51;USD
6d7e817868e44dd99c57ad37566eaaeb;Produto_D;2010-03-07;-959.57;BRL
3fcfb1ec189b4b90a3fe4da55f77b5f4;Produto_E;2010-03-07;-195.27;BRL
908e869d506c44578aff3db0f36f437a;Produto_F;2010-03-07;-823.21;BRL
228bf07fac4f45e1b0b78d38eef2343e;Produto_G;2010-03-07;-469.71;BRL
7efe047ee3304a968758baaa956a15e4;Produto_H;2010-03-07;-132.3;USD
d9df3afee76b4e28852a0029a0b79dc1;Produto_I;2010-03-07;-892.45;BRL
03c2b55f6bdc4998abfa00e87c189330;Produto_J;2010-03-07;-265.39;USD
17cb9ed9209e4c3b84463304ad7f9422;Produto_A;2010-03-08;-746.4;BRL
ce8c5f5f06cb4ef284f9b6a868b63459;Produto_B;2010-03-08;66.15;USD
f569996174424fee8c146954ccde22f5;Produto_C;2010-03-08;-217.12;USD
d09767af6bae4feab99d3d1fe2b89f28;Produto_D;2010-03-08;-173.2;USD
0e3ff23fe4c04f59ac348a4b22d91a4d;Produto_E;2010-03-08;-197.48;BRL
048594fa80504baba7523460b8940b86;Produto_F;2010-03-08;65.11;BRL
9dba37b2eb124b8794a950cda877da29;Produto_G;2010-03-08;-359.63;USD
19b6984925554225afdc1d05f7918361;Produto_H;2010-03-08;-280.99;USD
7e14d7ba91554b1ea4eced6665163575;Produto_I;2010-03-08;40.41;USD
c4243b7ccb014e35927cbf301c1d837e;Produto_J;2010-03-08;-1000.0;BRL
0718f145fbe244bdb1f1755b816fc015;Produto_A;2010-03-09;16.66;USD
123774f9c24341b586dfc7304ac21eea;Produto_B;2010-03-09;-476.19;BRL
fb5de35df83d4fb7b36e6768fc762809;Produto_C;2010-03-09;7.85;BRL
e7063179feb24a2183fe116ea25a506f;Produto_D;2010-03-09;-910.21;USD
d1c262e849814c8c8ed99f5e3ea457a9;Produto_E;2010-03-09;-557.18;BRL
9f18f3e6c88c4d0bb381a7c2ee9dab0f;Produto_F;2010-03-09;-723.0;USD
de506d2af00940dbb2c8f471b059195a;Produto_G;2010-03-09;30.14;BRL
b6fe910350624f23b24f4050f6dc7454;Produto_H;2010-03-09;-213.46;BRL
376a99d4169b431c838b3be425f5247a;Produto_I;2010-03-09;-74.59;BRL
d3aec830f03e41c4b630a93569c4f52a;Produto_J;2010-03-09;-469.57;USD
ca2179a7569643e2866805c7e1cf0277;Produto_A;2010-03-10;-899.12;USD
40e84d10269b4120abe541c2105cffcb;Produto_B;2010-03-10;-733.78;BRL
11bd0db29f6f44ce883e37f4ae54e276;Produto_C;2010-03-10;-967.99;BRL
9dcb3b742bf04724a3c8b274a8bdb470;Produto_D;2010-03-10;-27.81;USD
858f66045aca48d39e66ff8a21e6321a;Produto_E;2010-03-10;-518.45;USD
c834065801fc4e8c999ebad85a855203;Produto_F;2010-03-10;-459.59;USD
d22f20abc586403eb64a31bf7eda0a6d;Produto_G;2010-03-10;-508.86;USD
8e57571427fd49fdbcff2dc0200e2ba0;Produto_H;2010-03-10;-482.41;BRL
d3a91372eccf42d8a7d6fe5c18eb72b9;Produto_I;2010-03-10;-682.2;BRL
d8a83477bad64ca29bcae0b381fb5da8;Produto_J;2010-03-10;-472.32;USD
258157a6ed7148dd8ad35931638e3d09;Produto_A;2010-03-11;-302.32;BRL
2322c2ffc9f646b3882bfa17599f1313;Produto_B;2010-03-11;-662.6;USD
43b8984e167042efa7ba023dfe256323;Produto_C;2010-03-11;-47.87;BRL
a799edb56bb241379f16ee20d0972abe;Produto_D;2010-03-11;-1000.0;USD
d01e30f9bc3b47e8a2c0d821bbee6222;Produto_E;2010-03-11;-346.25;BRL
f53466b2b5624e4e9bf0be5f9134b007;Produto_F;2010-03-11;21.4;USD
83ccdc7d8b3743a2bb74c08378e868b4;Produto_G;2010-03-11;76.13;BRL
3434b031afd74ac9877131f819430dc1;Produto_H;2010-03-11;-1000.0;USD
4144ac9daa6748429c29ef648039545a;Produto_I;2010-03-11;-586.08;USD
2e15b3eb09a243248da75d800225e7e5;Produto_J;2010-03-11;-521.37;BRL
7b45d5930799406e8543efd7f6026cac;Produto_A;2010-03-12;-36.51;USD
76a433ac2d904ff4a8b5e9bb84477bc2;Produto_B;2010-03-12;-688.51;BRL
212855d75e06481583bd171494d13a9f;Produto_C;2010-03-12;-603.15;USD
3e2e953b73bf4d0383884d487f5aea23;Produto_D;2010-03-12;-446.21;USD
06ceef9b2efa404287395a53341b1498;Produto_E;2010-03-12;-610.53;USD
65c8a892b83b47869861813856ad95ca;Produto_F;2010-03-12;-402.37;BRL
89b63c2dd0c54b1ca3cd1d6f58b5bad7;Produto_G;2010-03-12;-532.89;BRL
f9eea070517e483db1e589bcb9a3c5f6;Produto_H;2010-03-12;-251.87;USD
989b97985dde47259bef8521a4dd2b69;Produto_I;2010-03-12;-1000.0;USD
9ebf12c9caec43999f2a8bfa4bde4c4e;Produto_J;2010-03-12;1.52;USD
d14ab8be238d477e85389d0c127f3f09;Produto_A;2010-03-13;-496.24;USD
bd43208e31394a618c18a80bcfc65bd1;Produto_B;2010-03-13;-697.48;BRL
e301e68aa6fd48f3ae9285461e5db49c;Produto_C;2010-03-13;-848.07;BRL
c989f2a2627d4d9fb3190ef9fa3a7d6b;Produto_D;2010-03-13;-128.24;USD
01cf0635d41a4a34b7a64337f94ee780;Produto_E;2010-03-13;-746.57;BRL
c4c0ba395a0b4379bd9009b89b99d331;Produto_F;2010-03-13;66.71;USD
e470252995e945b0be9143433d632297;Produto_G;2010-03-13;30.54;USD
1af8666380644c0baaea4b209e824a9e;Produto_H;2010-03-13;-6.98;BRL
ffa2983f3e6844069834253e36286e85;Produto_I;2010-03-13;-857.53;BRL
048597d373af4cc0870dc135ba941d81;Produto_J;2010-03-13;-1000.0;BRL
8a841755200a4a76a2ea98a7f098d79c;Produto_A;2010-03-14;34.68;USD
529f146e22274ce0bf41829e852ab276;Produto_B;2010-03-14;-914.57;USD
d967d5b6b56149f89315b4ee79d11396;Produto_C;2010-03-14;-486.62;BRL
80edc73fd5bc4e9eba6efb088163d7b3;Produto_D;2010-03-14;-995.14;USD
20db5ddcf13f4615801aa616b056ff7e;Produto_E;2010-03-14;-627.19;USD
81bcac8facfd45289c8fe9fe82f532b3;Produto_F;2010-03-14;43.88;BRL
82205b94f9554d37b4a7c54e2666501a;Produto_G;2010-03-14;-479.0;USD
26a535fd77614f0f80020c87edd35c1c;Produto_H;2010-03-14;-363.5;USD
339b3309bfa74565bab6576c763fe643;Produto_I;2010-03-14;-29.24;USD
6085c128c7d7478fb9914176ef160f82;Produto_J;2010-03-14;-378.68;USD
8e1acc4fcc1544ab83061dbd60aa8ba7;Produto_A;2010-03-15;-757.98;BRL
109c1beb32d9431989fd278f564b9607;Produto_B;2010-03-15;-530.86;BRL
6a72180c99364515b7a9166c36e43048;Produto_C;2010-03-15;-261.56;BRL
bac34eb6fbfe4927918440dfa3e77712;Produto_D;2010-03-15;-13.45;USD
a780fddd722844b1880dd34cfe8e53c3;Produto_E;2010-03-15;-623.59;BRL
d2f61bc7ebf44a70b3caf72feb7455cf;Produto_F;2010-03-15;-146.84;USD
eaefbc5f6ae94b7392f719a04052d434;Produto_G;2010-03-15;-270.92;BRL
57a763db69db4520a9b9ccb2aae81acd;Produto_H;2010-03-15;-63.72;USD
0b39a191446c4a34b981f60aa9d609d8;Produto_I;2010-03-15;-36.55;USD
4b7134211bce4e91a1f176f617577605;Produto_J;2010-03-15;-772.54;USD
1ff69d699dd84eb5a2f49df3e2157680;Produto_A;2010-03-16;-20.97;USD
3a528e34f4d7453c8bed746d9ac0ef15;Produto_B;2010-03-16;-76.69;BRL
c73f7d33c2f74600a8559c65cde77781;Produto_C;2010-03-16;-122.24;BRL
cb7fd426afaa465884b87933046f2544;Produto_D;2010-03-16;25.97;USD
cc8c53188d9c42ffa6a287ba97c6a3af;Produto_E;2010-03-16;-748.78;BRL
e63a5663cb5c4b7f97bf330f12a7d557;Produto_F;2010-03-16;-597.89;BRL
d359166f485c4e07add2b015a810f20c;Produto_G;2010-03-16;-556.45;USD
c4f4d39d382446d19f0ff5bdba95772d;Produto_H;2010-03-16;-1000.0;BRL
564dc3eca6014b4cb7ada106397558d4;Produto_I;2010-03-16;-956.9;BRL
c7b9d6eb012c427cb973d10c15d600e6;Produto_J;2010-03-16;-971.09;BRL
c0b0f4699a334e4cb15186b36415f729;Produto_A;2010-03-17;-858.78;USD
ea7aa9e96d3c48ea941e8085c9ed8856;Produto_B;2010-03-17;-1000.0;USD
0d765049be884a0d9c9cb0dea8cd71ff;Produto_C;2010-03-17;-526.03;USD
be2fddcfe1764bcbbb487ea27f8c3534;Produto_D;2010-03-17;-2.97;USD
33543ec5848b4d2dbbb20004ef426371;Produto_E;2010-03-17;-511.22;BRL
4088e980726645919306ff71fdd18d21;Produto_F;2010-03-17;-332.73;USD
4f14dba0a8ee4931b598a1476f8b0616;Produto_G;2010-03-17;-550.21;BRL
a35a18fb6a754e52ae0638976276a769;Produto_H;2010-03-17;-504.72;BRL
b21966db5e024093809785bdabfe7b1e;Produto_I;2010-03-17;-289.64;USD
f7f67fb349a644508683d412588fb299;Produto_J;2010-03-17;-912.96;BRL
37a47d0fbc98451ababbc3c88a06b974;Produto_A;2010-03-18;-206.95;USD
051d7b78ac1a4361bc6876267c0c9ee9;Produto_B;2010-03-18;-903.63;USD
5c4bca1bcfd3405b9d9286a9378e5d19;Produto_C;2010-03-18;-281.06;USD
fbb1b598b07845318e37030837cab796;Produto_D;2010-03-18;-242.51;BRL
22c7c34453b347dba44fb96e51ab5f27;Produto_E;2010-03-18;-683.55;USD
1a56819389974f3ba3b77053e0dd30a8;Produto_F;2010-03-18;47.57;USD
bbcc23ec840249a0b1f0c9f1e2f7cc93;Produto_G;2010-03-18;-753.98;USD
48522c64144a4ca8a9f885c480a6c2ab;Produto_H;2010-03-18;-1000.0;BRL
e86018867560406bb877b3d4892ff52a;Produto_I;2010-03-18;-663.29;BRL
62f35d441acf4b21afb2e2208feef9a4;Produto_J;2010-03-18;-0.47;BRL
a7e4cc40ea70411bbcf88fbf592bfbc7;Produto_A;2010-03-19;-93.95;BRL
fa464ea4a3aa43af820ad4ed49b1a55a;Produto_B;2010-03-19;-205.49;BRL
0fc8e934a572430fbdb16a0a8982c02f;Produto_C;2010-03-19;-1000.0;BRL
b18a25281e2c43de9e758f395256b8c2;Produto_D;2010-03-19;-952.26;USD
334a102adb704247ad3124aeaca543a6;Produto_E;2010-03-19;65.67;USD
13b376934e87406991c3bdf7505798e7;Produto_F;2010-03-19;-722.49;BRL
7b1183f09e37414f908f7ecdc16efd2b;Produto_G;2010-03-19;-235.73;BRL
d622cb0a459a42e7a8c5856b2ab94665;Produto_H;2010-03-19;-117.66;BRL
0017b0d846544b88b72ea07e5c5f9e9e;Produto_I;2010-03-19;-926.93;BRL
d27d6d6c221c4eff8abe57bd0f630102;Produto_J;2010-03-19;-1000.0;USD
9e75a62af27843579f29a8758b8a7363;Produto_A;2010-03-20;55.57;USD
b146411e4e044b38802b3d73e75a7790;Produto_B;2010-03-20;-696.78;USD
3a9f4f563b5149c192f46596fc58e6ab;Produto_C;2010-03-20;28.16;USD
1ea022f188ae45dd9520e510402e70a2;Produto_D;2010-03-20;-138.84;BRL
3087558511ec41ecbab8d0fd06821eb6;Produto_E;2010-03-20;-201.48;BRL
093c0dedc27c4626b03822b02b695d60;Produto_F;2010-03-20;34.8;BRL
2513520c04894a5a8ff4858bafb19436;Produto_G;2010-03-20;-172.18;BRL
b453a42bbd104250a73db7a2400282f4;Produto_H;2010-03-20;-260.95;BRL
0160989df1494859a2a241530afc5fca;Produto_I;2010-03-20;-650.85;BRL
2111d2794d834689abb36223388b015c;Produto_J;2010-03-20;-1000.0;BRL
bdbcb390efc84a41ad24539355c105bd;Produto_A;2010-03-21;-38.72;BRL
e950fb28b08f41cfbb75cfdc10dc324d;Produto_B;2010-03-21;-314.11;BRL
e08c38ca036349b9a670928cb2f854b8;Produto_C;2010-03-21;-195.73;USD
51a624aff6d7454b842bf4867059a4e4;Produto_D;2010-03-21;-363.24;BRL
a2bd5e311a7c44c08b6a697c46b3e341;Produto_E;2010-03-21;-805.62;USD
06f5961d03524f3eb606743b6ec2682a;Produto_F;2010-03-21;-79.77;USD
edca9763bacb4ae99636f4719835dacf;Produto_G;2010-03-21;-360.3;USD
5acf40f2d61248ed90c0d8dadd498061;Produto_H;2010-03-21;-854.47;USD
9867b24037bb4c9b9a3a632de90c2404;Produto_I;2010-03-21;-535.27;BRL
7a4a3ec88b6b4d279e1a735261f7ffd2;Produto_J;2010-03-21;-535.02;BRL
633b307a8e6e446c8792bfc14411949a;Produto_A;2010-03-22;-497.88;USD
29d4a994443f4126b9ba059450d5649b;Produto_B;2010-03-22;-73.97;USD
4a0c8d780a144db4b7a78f916cf79f9c;Produto_C;2010-03-22;-140.29;USD
0d08ad323efc48eaa19c446ab8cb2761;Produto_D;2010-03-22;-704.93;BRL
2038e2502baf4716acaf8088dafc9d5b;Produto_E;2010-03-22;-752.98;BRL
c148c61e37d242c7ac4d1d59209018ec;Produto_F;2010-03-22;-618.47;USD
2160fdd64f43461a90b266e592744cbb;Produto_G;2010-03-22;-544.87;USD
0ae5a2ff3cb642f985c1b8ae8a9f15ab;Produto_H;2010-03-22;70.47;BRL
a797609f7bc64160b94f23854e859716;Produto_I;2010-03-22;-550.95;USD
0209025e39314b6aa3d24e6852dc8c62;Produto_J;2010-03-22;0.53;USD
a607f90be6e74df29fb57f6f249bba27;Produto_A;2010-03-23;-278.95;BRL
02bd94a5599c4f52be5c6dfc449b05aa;Produto_B;2010-03-23;-200.83;USD
d8908f24b8b845d5a2510c388f428671;Produto_C;2010-03-23;91.93;USD
42525812ca5847ab964896821e31596e;Produto_D;2010-03-23;-679.11;BRL
479c0c9e8a5d433bbd13c2d2d7ed8ed0;Produto_E;2010-03-23;-618.56;USD
0a1f1771250b4cbbb3d9963a4361cd0a;Produto_F;2010-03-23;-645.51;USD
6ffce23ca817475e956fff863e0ce782;Produto_G;2010-03-23;-220.6;BRL
857b174ae5f446a0a7500049ada8131f;Produto_H;2010-03-23;-450.73;BRL
4fd4e0dd0d6a43e087460bbe5aa425de;Produto_I;2010-03-23;-503.71;BRL
39bd4905e37b43fbad399baa25b78bf3;Produto_J;2010-03-23;-910.64;USD
ee96b95324b843038f18168e339b2146;Produto_A;2010-03-24;-41.72;USD
12738a2484cf4b6fb3ad09ccdda9570c;Produto_B;2010-03-24;-1000.0;USD
09c36911c07641bcae415982f05b89ce;Produto_C;2010-03-24;-78.94;BRL
0184959148204e30aa8442119d2317ed;Produto_D;2010-03-24;-1000.0;USD
b4072e8a03644e9f8b8ac72f8f60fa47;Produto_E;2010-03-24;-708.47;USD
d6c67524c047488ab75c52d1f45f1bc3;Produto_F;2010-03-24;2.5;BRL
36e0e48a9e9b46c28fa49cdd08efd8bc;Produto_G;2010-03-24;-250.61;BRL
8c0b4c533a94496c9a95e9824c8f7e9a;Produto_H;2010-03-24;-581.72;BRL
e63a27b33444414989bed8e25748ef6d;Produto_I;2010-03-24;-914.99;USD
e8a15826224045eba0dfb71e5833f146;Produto_J;2010-03-24;-366.5;BRL
aa0705b74040487e8896ae8b2210146d;Produto_A;2010-03-25;-493.63;BRL
4a99210c708140c999d548116f84b33f;Produto_B;2010-03-25;-921.35;BRL
f6c55ebdd8ca428c97c2b1c8db85bb4d;Produto_C;2010-03-25;-1000.0;BRL
3ba66175bfcf407d9392f639822bddca;Produto_D;2010-03-25;-673.13;BRL
bb8491ef994842a9acad90ec16f0b9da;Produto_E;2010-03-25;-101.58;USD
3dc7a5ce8f5f47a0b4da3a70ecc73c8e;Produto_F;2010-03-25;68.55;USD
405af42fc3424b548fb326ad6a64d30a;Produto_G;2010-03-25;-769.08;BRL
4c8a3dd22247488e90c5366a2b29970a;Produto_H;2010-03-25;-297.54;BRL
9e11bb1e5fd447cc9fae2dc9cd34d98c;Produto_I;2010-03-25;-495.93;USD
ee199b37118c4f21a5017f3dc1559014;Produto_J;2010-03-25;-227.35;USD
76732a5c817a456c9665f3c763dc561d;Produto_A;2010-03-26;-220.75;USD
4c1d80f71fd048e8a1d3ffe1d376a9dd;Produto_B;2010-03-26;58.71;USD
ddba381763dd4cbeb7de8f425a515cc7;Produto_C;2010-03-26;-1000.0;BRL
efb63f19c9e74309910c2020438c304e;Produto_D;2010-03-26;-184.6;USD
a3466358da6b41b895fc6abe88f25418;Produto_E;2010-03-26;-607.55;USD
4899243e13b740b8b3b5bc029a7ff1ca;Produto_F;2010-03-26;-308.02;USD
29efe1d23d0a4376afa1d7e6cee9b652;Produto_G;2010-03-26;-351.52;BRL
df392179c08547a5b7855eb6bf9c42ee;Produto_H;2010-03-26;-909.34;USD
505fb28b44474295a309ea6f707f8384;Produto_I;2010-03-26;-403.82;BRL
ad214b61b42b4ff89722aba148e7d602;Produto_J;2010-03-26;39.04;USD
ae974788f02347bdb5583a3b85bf7c81;Produto_A;2010-03-27;-403.51;USD
76c808dbc14a47e6830eb7eb1b0e2935;Produto_B;2010-03-27;-35.8;BRL
5bc832cd5e6d40a7885ad28d065fc96c;Produto_C;2010-03-27;-1000.0;BRL
2af2043907374ab4a4d03299b396cd25;Produto_D;2010-03-27;-636.33;USD
c49eb2f666dd4e1e873a28c3913a487a;Produto_E;2010-03-27;-707.13;USD
cae5fb8f4c0f4c099a14826e9767f4b6;Produto_F;2010-03-27;-645.06;BRL
66618cc6370e427dbaabf91dfe70e9b3;Produto_G;2010-03-27;-92.98;BRL
d9524cfe60fe431284018f332d247dac;Produto_H;2010-03-27;-1000.0;BRL
fba273a1cecd4ebe9e5f41b1631a6fc2;Produto_I;2010-03-27;-929.72;USD
318c608140e34db59f2c5115af54e0bb;Produto_J;2010-03-27;-953.18;USD
a1d394b57a3346249523d09bb3bc736a;Produto_A;2010-03-28;-904.7;BRL
1a5b0d1983d3427f887db8cb48bbbea0;Produto_B;2010-03-28;-394.24;USD
ec8a1010d6ee44569af2542e8541b3e0;Produto_C;2010-03-28;-451.5;BRL
3b4d2541fb3b4fe696932a71723acc50;Produto_D;2010-03-28;30.14;BRL
2a25b8ad9bc541ac985594b4c04a904e;Produto_E;2010-03-28;-177.61;BRL
267ac1c0994b472a955525b51d81dfa6;Produto_F;2010-03-28;-114.46;USD
f81fe6dc39064f58bb5c44055cbde033;Produto_G;2010-03-28;-80.78;USD
15f51289dc504632bdcd5b5d3461bb6d;Produto_H;2010-03-28;-323.1;BRL
a4c172c53f604c02803a6e69ecd23484;Produto_I;2010-03-28;-417.75;BRL
b5267b638dfa419d954ca90383bf9ba0;Produto_J;2010-03-28;-152.12;USD
77b29cdb9f66400796e3c8f6039b5b62;Produto_A;2010-03-29;-273.74;USD
d9ea5ec35e194414901cc22e8cbc6ea0;Produto_B;2010-03-29;-1000.0;BRL
d12be4c93e3246bdb1fba099bb3e40ff;Produto_C;2010-03-29;-1000.0;BRL
65882411055b482f828e4a3e29fda699;Produto_D;2010-03-29;-364.53;BRL
294dadeb4732407aa3eb74704cafb644;Produto_E;2010-03-29;-682.69;USD
2a7c013116684ae1a66f694da9ad909a;Produto_F;2010-03-29;-267.18;USD
29b4cae90ce240f080e62100672ca409;Produto_G;2010-03-29;57.22;BRL
b96eba45a70b40dcbe1dc161844d8e4c;Produto_H;2010-03-29;-214.49;USD
76e6962ae3d1448d9a63eb6215b52616;Produto_I;2010-03-29;-137.97;USD
afbbb4c65d3b4184a6b11cbd8fa98bf3;Produto_J;2010-03-29;-1000.0;BRL
f780152e46034214b943650c84decc9b;Produto_A;2010-03-30;-364.69;BRL
b11f93f61e6f460382e48229d853d414;Produto_B;2010-03-30;-344.83;USD
4b35b3164ef14d91b606ef705a135370;Produto_C;2010-03-30;100.0;USD
ee51dc241d264e29b7bc065218041b57;Produto_D;2010-03-30;-479.96;BRL
4cbf8ac26e844daba1f56313657feab7;Produto_E;2010-03-30;-646.26;USD
90a5e041be3a4cc19f9c92bde51de2df;Produto_F;2010-03-30;-627.11;BRL
d2ab1933e999479bbdb4001d15182318;Produto_G;2010-03-30;-752.77;USD
17b7295280ee425e86335562f40ce6d4;Produto_H;2010-03-30;-89.33;USD
28893d9e5a93477f8c2da48cc364b85d;Produto_I;2010-03-30;-47.17;USD
2c81f626cbfb4a67842d49ae788baf6d;Produto_J;2010-03-30;-598.94;BRL
3f6886431281471f820e9e7cc44315e1;Produto_A;2010-03-31;-498.59;BRL
e27ec827e7154d0e9f3ca1cc669de0e7;Produto_B;2010-03-31;-234.18;BRL
6779f3c7307b42e1aee24cbe7e429db2;Produto_C;2010-03-31;96.44;BRL
a60ed44d5b354bf6826815fa91be7404;Produto_D;2010-03-31;-422.22;USD
13d11e30150d42bd81d571edc578ff56;Produto_E;2010-03-31;-300.95;BRL
e58ca40818644780a82546e446f1cb88;Produto_F;2010-03-31;-801.22;BRL
ec92dc2a66724713ac0da134c4a7af7c;Produto_G;2010-03-31;-361.99;BRL
f0ebdb4f7d164eb7b534ff9ba2bd4df9;Produto_H;2010-03-31;-405.21;BRL
a86066daa4c1459b8b204b8e106df4b5;Produto_I;2010-03-31;-563.21;BRL
1281979b661048a89ac1511b0f94cdc4;Produto_J;2010-03-31;100.0;BRL
cb3d0b0333584738b87559240239bf86;Produto_A;2010-04-01;3.37;BRL
fd2ac27b135e4877a149d2f4859025bc;Produto_B;2010-04-01;-707.97;BRL
30c61a2a7f7e498da6d282cc505606f2;Produto_C;2010-04-01;-340.7;USD
91aba9e2382a4a77b58e776c18208e02;Produto_D;2010-04-01;-777.16;BRL
910063d7359444009b2f9720563acb33;Produto_E;2010-04-01;-176.03;BRL
1eb659717ce14cadac6c5d46860988e5;Produto_F;2010-04-01;-279.83;BRL
904bc0b5adea4524b23a4e1d9ba37fcd;Produto_G;2010-04-01;-575.48;BRL
16ff368fffa946ed835f15943ca4a47e;Produto_H;2010-04-01;-515.97;USD
90e25a959bcf4916bdee9616881ff04f;Produto_I;2010-04-01;-63.22;USD
de2161e4d1394bab900bb32dfa9c37df;Produto_J;2010-04-01;-573.13;BRL
f2969d1e4f1f428fb64fdf132703c309;Produto_A;2010-04-02;-39.53;USD
0b1a7db2778e43f78066338afa7c6804;Produto_B;2010-04-02;-426.17;USD
179255bb8b124ec0b57cada2262f159c;Produto_C;2010-04-02;-675.0;BRL
7e3c001066d84eee82a11a6830121d72;Produto_D;2010-04-02;-939.37;USD
21e97f7b2f8f4e25a950af14b9aa7c29;Produto_E;2010-04-02;-471.81;USD
99a16128513c4fcfbe76b882a2277256;Produto_F;2010-04-02;-464.55;USD
18feb4d153034b208249eb7f286fda28;Produto_G;2010-04-02;-216.25;USD
999f954c5035421a9fa0bad353d957e8;Produto_H;2010-04-02;-417.33;BRL
6f4bda26577a45e5b271ed65d712924e;Produto_I;2010-04-02;-899.32;USD
f126dd95ea71416a86e81f2bd36191ee;Produto_J;2010-04-02;-816.18;USD
ee8fa57b2db84a068174e3c1c5ab8c41;Produto_A;2010-04-03;-693.9;USD
31f36409f0c54313bb508b388ad84492;Produto_B;2010-04-03;-629.56;BRL
5cd4cea6b15b44c7a924343d626bac3b;Produto_C;2010-04-03;-477.92;BRL
2a40d6d6a77d49679ba3e734c7e862bf;Produto_D;2010-04-03;-276.68;USD
70e9992743b84b838a1532b7dae899a2;Produto_E;2010-04-03;-435.55;BRL
8c44773633664f89b988411c3ab63b8c;Produto_F;2010-04-03;-292.55;BRL
a60cc2c1ed38478589ca665748f19379;Produto_G;2010-04-03;-173.37;BRL
e583e0e96c4649b99fd6a4da2be46bdb;Produto_H;2010-04-03;-715.56;BRL
3067b17e5ddd4821a6c2fa5688ae50fc;Produto_I;2010-04-03;-1000.0;USD
3e5cc394fb2843049963d62bd5998c01;Produto_J;2010-04-03;-670.81;BRL
5840324a1cc340969870c44d35b5bc5c;Produto_A;2010-04-04;-447.93;USD
d4beae5c1350424da0024838e0e31a7e;Produto_B;2010-04-04;-274.57;BRL
55fe5590f8ca4221929ad8697272fedb;Produto_C;2010-04-04;-397.42;USD
fa58a9d0bf934ea981e10bf6c4d37076;Produto_D;2010-04-04;-405.09;USD
bdaf83f44cf14feabd686b947e2c31fe;Produto_E;2010-04-04;-726.07;BRL
97457a9cb37f45ec8da4b0a3ee59d2da;Produto_F;2010-04-04;70.68;USD
5ec27f109a744ba087dc8be0de1d91b6;Produto_G;2010-04-04;-323.86;BRL
b52ff305df12431eb237230e2cbea5b1;Produto_H;2010-04-04;-1000.0;USD
dc312a215b674dd0995dcff2b59f15a0;Produto_I;2010-04-04;-909.45;BRL
52c1067468ac4dc585401e6db17fbb5a;Produto_J;2010-04-04;-885.42;USD
c3fd706f468542b19d612743ceb24ab0;Produto_A;2010-04-05;-611.31;USD
901ca3641db14725859f65045fb72119;Produto_B;2010-04-05;-437.28;BRL
c60fce6abbd54ab48a1e642ea1ec5a37;Produto_C;2010-04-05;-933.89;USD
38d3c5fb528642bba141e84257cc6c66;Produto_D;2010-04-05;-495.4;USD
69adee28422b46c2a3f49c8adf259840;Produto_E;2010-04-05;-823.51;BRL
06beedc398d04492850ad3c15d45ae7b;Produto_F;2010-04-05;-533.69;USD
320e2ea706764e56a3092ade83a8640a;Produto_G;2010-04-05;-35.28;USD
d95174b00b0145b7ae9be3c0c793be25;Produto_H;2010-04-05;-852.24;USD
a8e1fc7319164068af9e031c168bc87d;Produto_I;2010-04-05;-485.64;BRL
f05b429838264102bd48d81dfa058f25;Produto_J;2010-04-05;-457.66;USD
e146a423b84d41f6848a388714269187;Produto_A;2010-04-06;-906.37;USD
694ae94b96e548f9a94dbde1d38a8721;Produto_B;2010-04-06;-1000.0;BRL
daf1a7c352514dacb4a623313400de2f;Produto_C;2010-04-06;-868.2;USD
7af4471e4dd04d28ab2b455358cf6138;Produto_D;2010-04-06;-861.9;USD
db6f3c38fbea4750b6b06f5ecfebd6ba;Produto_E;2010-04-06;-742.48;BRL
4b7b9a20b1ea4a5fa55fc28e7ca5b551;Produto_F;2010-04-06;-685.76;BRL
8924ca0cc3064d52b75dcd2150b52f95;Produto_G;2010-04-06;-35.09;BRL
649814ca604045d493bf80619597dd55;Produto_H;2010-04-06;-850.83;USD
1c564a6c1c054bfd92b18197e4ac65d0;Produto_I;2010-04-06;-82.02;BRL
9a873c539c4e470592bfe57a36e3f4c1;Produto_J;2010-04-06;-649.48;BRL
2777d8903a544d0c838d07e0acb677ab;Produto_A;2010-04-07;-424.68;USD
a677c3b958294a87beeaab4730886ba9;Produto_B;2010-04-07;-105.42;USD
d96031452bd148039e6afe03453fd0ec;Produto_C;2010-04-07;-415.52;BRL
1ee63db68aa143e1a5867ba93b1c58f0;Produto_D;2010-04-07;-918.77;USD
6538817a6a534fe5b24bd8be4ba7bb26;Produto_E;2010-04-07;-199.98;USD
2ab778ada9224478aa5fabb111659f74;Produto_F;2010-04-07;-280.96;USD
8ab0392130e64f3f90f2eec02c010909;Produto_G;2010-04-07;-214.41;USD
fa7bc88a04b04ad78de23c81a997a806;Produto_H;2010-04-07;-315.09;USD
cad7aa5e140541fa8e490b340f3b4c15;Produto_I;2010-04-07;-927.38;BRL
5a8f6771541f4b19819182cd772f81da;Produto_J;2010-04-07;-910.59;BRL
73f4b25fd1cd49e69bbd7cbf3c728361;Produto_A;2010-04-08;-887.56;USD
f765f387364549a58bb7e8a3702e48af;Produto_B;2010-04-08;-57.49;USD
3e829d0a06fe4e2da33d662d96cbc06b;Produto_C;2010-04-08;-47.06;USD
cf7544dcb9d4466a8f3b3c2f4c89a56f;Produto_D;2010-04-08;-944.89;USD
1beb5af2b68647d4b62e33e46fe6272e;Produto_E;2010-04-08;-155.42;BRL
9eb8c7567e654cf295498b45de9dbb2b;Produto_F;2010-04-08;-235.51;BRL
ed9fec5a29e546e498127e0b109b0123;Produto_G;2010-04-08;-498.79;BRL
1142b3fb41b949f7a2274404c51dfa1e;Produto_H;2010-04-08;-612.85;BRL
d737a669e8034de499b1bf99d693a0ee;Produto_I;2010-04-08;-169.65;USD
1c68d2897ba14297aae25dd3a27c920c;Produto_J;2010-04-08;-718.82;USD
b6f5dade785342379cfdcda7c6437c34;Produto_A;2010-04-09;-94.09;BRL
81968b62f38f41e98dc1acca44caf558;Produto_B;2010-04-09;-825.21;USD
7a210ae5bb1a45e69018d4005b4b4c06;Produto_C;2010-04-09;-1000.0;USD
83caa1f9f3214b67acbe21df65b8c96d;Produto_D;2010-04-09;-321.9;BRL
3c48d17b6ef34eae877abb17928b8779;Produto_E;2010-04-09;-467.17;USD
979ac29a03bb47f0bb1d0df9596d1131;Produto_F;2010-04-09;-481.51;USD
45d75dd9ef64489eaf6c9ccb5d355266;Produto_G;2010-04-09;-394.54;USD
50025b66e6fc43b58f63278d398ee0fb;Produto_H;2010-04-09;-472.93;USD
25f42e5b019c4252ad013d7a704b8dd2;Produto_I;2010-04-09;-787.92;BRL
02ca6921bc004b3c87777b127d36976b;Produto_J;2010-04-09;-391.09;BRL
05ffb32b482c42a3a692ab0122f2c22b;Produto_A;2010-04-10;-248.34;BRL
26430974eb5b494ca301da10f8fbb17c;Produto_B;2010-04-10;-201.84;USD
e174fdc2237a4a3588f2f63db01928a4;Produto_C;2010-04-10;-649.77;BRL
39fbe1dc062c448da91df7e3fc21dd5a;Produto_D;2010-04-10;48.93;BRL
886394a160814a0d8cc7f5538a0a3d4d;Produto_E;2010-04-10;-391.57;USD
0ebdb8261a5346938924e7a2824f8663;Produto_F;2010-04-10;-86.82;USD
5147327532f54c15bdb510020a3da2a6;Produto_G;2010-04-10;-453.23;BRL
0bf87ddbec9442d2935235aba0c94d86;Produto_H;2010-04-10;-497.74;USD
044c82c8587a4c04aa71c8540263a1b1;Produto_I;2010-04-10;-433.92;USD
c4fd26643a3542cca61c6edb2f54df4d;Produto_J;2010-04-10;-625.1;USD
38fd4b78d7ad496aae02d85608ed9fed;Produto_A;2010-04-11;-99.08;BRL
0d2ea54fd13147bab3769648cb3a0884;Produto_B;2010-04-11;-260.95;USD
937429efc7a843d79886dc03e1917c6e;Produto_C;2010-04-11;-1000.0;USD
893ec593cba944b59ba5e63f9e6ab43d;Produto_D;2010-04-11;-552.0;BRL
2ef94d9319de4c93b134ecf0c3f6d5d8;Produto_E;2010-04-11;-238.28;BRL
eb1b45f603c9445a81122063e406027f;Produto_F;2010-04-11;41.5;BRL
8a1b439fdbd94376bd8fadb39cd4127e;Produto_G;2010-04-11;15.38;USD
e4d0e94fd7c949c099bbea44da4bb77b;Produto_H;2010-04-11;-926.51;USD
702f5b648c104e92b80bbd3fdcc92513;Produto_I;2010-04-11;-644.22;BRL
c3d20fe6274d4521b26ad34833a227df;Produto_J;2010-04-11;-902.04;BRL
5249232828134a338df4be1dc0cc0d37;Produto_A;2010-04-12;-672.53;BRL
b284037b8b3042b8ab037be4e84c9f33;Produto_B;2010-04-12;-322.14;USD
8515078e50c44170929c875b8ae232ca;Produto_C;2010-04-12;-130.21;USD
9f4665b5d838400eb1265921a1f58ee9;Produto_D;2010-04-12;-378.78;BRL
e93223de963e43be8f8355a787cf4983;Produto_E;2010-04-12;-272.11;BRL
2fd0e094d5d6491ab5cb4bbda7f96f5e;Produto_F;2010-04-12;-463.76;USD
48a87c6d4da94efe97e09ec153443c6f;Produto_G;2010-04-12;-424.65;USD
9d16aac5ba8c44f4b15ab4c2e51b8a8c;Produto_H;2010-04-12;-503.13;USD
22517c98bd304122a5413513c45d72ff;Produto_I;2010-04-12;-263.45;BRL
cda2f48084af4171aa9b6e28c021d0e2;Produto_J;2010-04-12;-132.75;USD
6801bd9228f0425cac4783a92284072e;Produto_A;2010-04-13;-206.25;BRL
4848f6b0ac584768b200b44a7e9371c8;Produto_B;2010-04-13;-155.93;USD
95b1774988574bd780e6bdb91962dff1;Produto_C;2010-04-13;-801.04;BRL
afb18b325717462f84f7c051f103dd36;Produto_D;2010-04-13;-559.31;BRL
e38b00aa020e4340930e92562a5a9159;Produto_E;2010-04-13;-93.9;USD
04c312e3f8e94779805dc39a51427390;Produto_F;2010-04-13;-487.81;USD
93914aff495345d39173c7de5e01da0c;Produto_G;2010-04-13;-236.47;USD
c2b7ffbe9b4c41a3842edac9a1a3bf95;Produto_H;2010-04-13;-1000.0;BRL
3534ed8b64124641a8d79338cf14215e;Produto_I;2010-04-13;-103.89;BRL
ed1a9ce41bee459d8f5b799f270c72c5;Produto_J;2010-04-13;-383.22;BRL
6d01056ea1384446ad3e341e02b72d00;Produto_A;2010-04-14;-718.65;BRL
160d2afdabc64affac344841aa37ff7d;Produto_B;2010-04-14;-989.78;USD
bf46bffd86b54a108fd4c4ad4036bf99;Produto_C;2010-04-14;-84.99;BRL
fe50cbf157664f0188c0e01859506f65;Produto_D;2010-04-14;-160.61;USD
31c642391ea34067ab78d35a2482dba0;Produto_E;2010-04-14;-612.27;USD
24cecdfb050c44b2b61c63d8c1d05d17;Produto_F;2010-04-14;-552.88;BRL
9a516ebd8edb473ab5b9c25da5629298;Produto_G;2010-04-14;-74.11;BRL
5b9121f6f173487e871701834d6c1218;Produto_H;2010-04-14;-309.3;USD
2c3a4af7d8df4648b2f13f653ef35302;Produto_I;2010-04-14;-940.16;BRL
7478cde3c96d41aeb5967f56575d91b3;Produto_J;2010-04-14;-922.23;USD
f78e4c4e7c2745c2b556d1470a5f403d;Produto_A;2010-04-15;-332.48;USD
af54f6e8bacb4e85884d7979ee28098d;Produto_B;2010-04-15;-908.28;BRL
5e62f936bd214ca08e3acd234db1c4ef;Produto_C;2010-04-15;-56.83;USD
03fd24caa2704fd1960afdde0e16a6a1;Produto_D;2010-04-15;-431.39;BRL
408f94564c3246b18959b2f1e1e7fc15;Produto_E;2010-04-15;-806.48;USD
a69a97e489f444038e2e0d68436f4bd5;Produto_F;2010-04-15;-618.29;USD
d6d63d5050624f73a820ff930e89eda7;Produto_G;2010-04-15;-310.55;BRL
a76acffc378e42a8a42e89a8a350de8b;Produto_H;2010-04-15;-848.78;USD
df8c637a0c7b4992ab4e410fda642ddf;Produto_I;2010-04-15;-363.57;BRL
4639b6795de14a189554f25066b4cd72;Produto_J;2010-04-15;-931.86;BRL
8826cb94f7fa469daecf2fc4f6818f49;Produto_A;2010-04-16;-796.6;USD
d4a1202038554826b17ab16ec2709785;Produto_B;2010-04-16;-314.4;BRL
66a7a52f5ac84214ac40d3629863d51a;Produto_C;2010-04-16;-590.34;USD
bf7aa832fb0e4d6f95e349eab135994c;Produto_D;2010-04-16;-213.05;USD
e663e66ccc5a4bcab7ab38af0f433954;Produto_E;2010-04-16;74.84;BRL
ec60ab6bfb154277b5b1461563d26035;Produto_F;2010-04-16;-82.32;BRL
1c27f5c9aa7e47dfb88b70e7cc355087;Produto_G;2010-04-16;-158.32;BRL
834a9287cdc54c9699a8048862bf69e4;Produto_H;2010-04-16;-4.64;USD
669942aca7af4dd8b4438a86a279a8d5;Produto_I;2010-04-16;-958.78;BRL
c2eaf04f48c447e4becc5275504cd50c;Produto_J;2010-04-16;-320.37;BRL
0fc24d276d43482eb25b670cfffb700c;Produto_A;2010-04-17;-739.46;BRL
cb26dcc2200b43b8a96a01e296095aec;Produto_B;2010-04-17;-730.74;BRL
d78cf441356d4b2ca8684aa2cf95b685;Produto_C;2010-04-17;-680.2;BRL
a667afd770dc4c54be364089adf4dda2;Produto_D;2010-04-17;-538.67;BRL
dde60e3d69744d968dffe14c820c1c95;Produto_E;2010-04-17;-766.43;USD
c6315e15ffbb423b99107324db5c3657;Produto_F;2010-04-17;-764.3;BRL
fcb63780505040a08a3abb3b2894f74c;Produto_G;2010-04-17;-316.28;BRL
32ad63848c0941ccbb1fb5e202cf6683;Produto_H;2010-04-17;-411.6;USD
c5c316afd3df45c29e0a328758ed3a0c;Produto_I;2010-04-17;-434.66;USD
6967cc5c4f62421f8447cc47ba6101c3;Produto_J;2010-04-17;-549.21;BRL
ccaa2ca1ce574d8b995829b309b03ae0;Produto_A;2010-04-18;-247.03;USD
31af1a7e697d45c4a6ae1aae94c4d5c1;Produto_B;2010-04-18;-715.21;BRL
11f704cdcaaa42fa9f889d5b5d4ef837;Produto_C;2010-04-18;-431.26;BRL
73a7eb6204dd45ff841017754874cae7;Produto_D;2010-04-18;-534.12;BRL
0ba9745225194f56820f4267791ab392;Produto_E;2010-04-18;-773.23;BRL
56f48450319c42cbab37efcf1ad9343e;Produto_F;2010-04-18;-747.15;USD
df9124c888604e9b8d78bb88632cff16;Produto_G;2010-04-18;-628.82;USD
8d264a590b7642729331c21690385a06;Produto_H;2010-04-18;-200.74;USD
d70a663379064480bf28fd0ec9528cdd;Produto_I;2010-04-18;-431.35;BRL
a5e27fc2e93649769488063bd5b133b6;Produto_J;2010-04-18;-590.71;USD
a7136f91707d4d5a82646ee0e3dd839e;Produto_A;2010-04-19;-157.67;USD
dd7c28ce3deb40679ad4d6c6f9b4e794;Produto_B;2010-04-19;-819.84;BRL
e22c690d441c4522824cc05e8d1b6cf5;Produto_C;2010-04-19;-139.51;BRL
50bb9b8670374f5598c121664789c252;Produto_D;2010-04-19;-607.79;USD
a3e24e9542164e6cb9fca09c93f4bea0;Produto_E;2010-04-19;-464.31;BRL
71b73d65b9fa41a2b6d7f193d35450d6;Produto_F;2010-04-19;-809.76;BRL
2008174e9bc94965987552b2f07ccd53;Produto_G;2010-04-19;15.35;BRL
e363cdd89a2046dd89a52426c2e826f4;Produto_H;2010-04-19;-865.99;BRL
b4d1a21eaee840abaf1c1f4874f25843;Produto_I;2010-04-19;-448.53;BRL
57dd16009e414ee1978281d6f1dbce54;Produto_J;2010-04-19;-791.87;BRL
92b4e933c6024e138d8f5da15a721a4e;Produto_A;2010-04-20;-158.59;USD
2f3d0095a33044e6aed1a5422007afc5;Produto_B;2010-04-20;-405.18;BRL
531addb5cdde4950954cf2a671f2fbcf;Produto_C;2010-04-20;-155.98;BRL
e4f9ccbed50b4a279017407a39ff7bff;Produto_D;2010-04-20;-976.48;BRL
4ed009b1f66b4a79ae92a1c233406a36;Produto_E;2010-04-20;-551.92;BRL
b22834d622094c13a9f035702ceec125;Produto_F;2010-04-20;-516.8;USD
120e2c53b7ea4d4e9e3b5fdae44e89f8;Produto_G;2010-04-20;-703.94;USD
901360854ef04ab4973930ae2dded050;Produto_H;2010-04-20;-871.98;USD
273cdeffe96d4566b9c219427721d960;Produto_I;2010-04-20;-697.49;BRL
b1276de964ed4b4193f4249698ff3bf5;Produto_J;2010-04-20;-764.35;BRL
844155fd8dcc4bb7b06c2ea26564b575;Produto_A;2010-04-21;-318.06;USD
d9363146c16f45c6952cb54e3c2635b8;Produto_B;2010-04-21;-1000.0;BRL
26f0f09f8c0b44ac8943a00eb5775517;Produto_C;2010-04-21;-505.93;BRL
03e844e5b45041d0aa722445229aab7b;Produto_D;2010-04-21;-395.35;BRL
02cadf2d2fdc4038a80e9e8e6b144f80;Produto_E;2010-04-21;-638.1;USD
460f7ab1f3164d8aa48ae5dbb0eca6be;Produto_F;2010-04-21;-466.25;BRL
e62c17d6e1fb46fe8df73ebcb48a5bbe;Produto_G;2010-04-21;-78.53;USD
f1bfb0a20abd45a8bdf8628c21aaaf5a;Produto_H;2010-04-21;-305.55;BRL
7c9edcf1180747ab92b09aa26e38438f;Produto_I;2010-04-21;-47.42;BRL
369cc3f146d9464f80090a38b9ac4740;Produto_J;2010-04-21;-932.46;USD
1baa0a255eb54fb791abd89eb8217407;Produto_A;2010-04-22;-623.15;USD
68572d8ca8bf41cdacb6145b43f56880;Produto_B;2010-04-22;-790.62;USD
770067f49fb24f739c173ec8c79c1598;Produto_C;2010-04-22;-902.98;BRL
e71d3b18362f4f18b979619b84263166;Produto_D;2010-04-22;-791.22;BRL
e44d7b18f9ff4a089a98f4e9db447294;Produto_E;2010-04-22;60.59;BRL
5fafeeb2a5cf4baa8df5bcd0680b29a6;Produto_F;2010-04-22;21.53;BRL
948628521b59461daf06188558cfccc1;Produto_G;2010-04-22;-665.48;BRL
3691eff707714b08aab8c9fc1364026f;Produto_H;2010-04-22;-774.8;USD
edd56f75ed7042119f7258d21ad29ead;Produto_I;2010-04-22;-487.7;BRL
8dd1c14c539e4ed7b36408bdef5b5e12;Produto_J;2010-04-22;-13.15;BRL
4e48190e38314236a1e38117eb270965;Produto_A;2010-04-23;-757.01;USD
d397f96305e94259b309c978a6b2bbe0;Produto_B;2010-04-23;58.91;BRL
7e44e041267d492f9998a548a8b016bf;Produto_C;2010-04-23;-936.31;USD
8de93e7eeb314f06a5d6f0e0fb2f934a;Produto_D;2010-04-23;-908.78;USD
aca92daa1c1c47c1a40456588e376bc2;Produto_E;2010-04-23;-804.5;USD
da82ef87c8944ad1bc6695d7a19898b5;Produto_F;2010-04-23;-616.19;USD
3535a0ce711b4cb587c810ae18076a3c;Produto_G;2010-04-23;-308.12;BRL
0bfe0f0fefb94b0a8596d5f02780ebe1;Produto_H;2010-04-23;-1000.0;BRL
6be5f0455be74a44991106d09aa7ad7b;Produto_I;2010-04-23;-690.22;BRL
5411efa02ddd4e8b87678db39eb429d1;Produto_J;2010-04-23;-40.06;USD
f6c0553f0c1448b2b3bd860f40cd7940;Produto_A;2010-04-24;-828.33;BRL
bfa1494223744e3a9f1648d9941c4f81;Produto_B;2010-04-24;-1000.0;USD
8d1819fbc9744c29bd33197b9c608563;Produto_C;2010-04-24;-355.39;BRL
af5b238a983846d6ad443ebba112af2b;Produto_D;2010-04-24;-628.26;USD
d234741531fb402cb118aa69c6e287ad;Produto_E;2010-04-24;-772.13;USD
50706e523cb84ee6b9a0b20807909e6d;Produto_F;2010-04-24;-653.32;USD
8973f55f063e49af8775209a726239a7;Produto_G;2010-04-24;-729.2;USD
bf3adf69596243c1b186652437704c45;Produto_H;2010-04-24;-201.5;USD
00f5220548cc462da6bd6386b4f55998;Produto_I;2010-04-24;-247.37;USD
2e06b61e17b04f4b89baa53f11bef810;Produto_J;2010-04-24;-581.42;USD
2567bddce1a048dd9fbea3ec36df9048;Produto_A;2010-04-25;-790.61;USD
20af21e10d7f4bdab098546ed58aa367;Produto_B;2010-04-25;-170.37;BRL
03ce8497bf194da7803d09fbfc906548;Produto_C;2010-04-25;-991.95;BRL
ba42b208fedb4e579a4095ff8eb04f47;Produto_D;2010-04-25;-251.02;USD
07b7e76af8a542a8adba867ca1445a88;Produto_E;2010-04-25;-364.02;USD
fce7cb307247469a93b43e872be1ad0d;Produto_F;2010-04-25;-619.52;USD
a6ddf4bc6e1749bf88eb06c57d4ee0f9;Produto_G;2010-04-25;-251.83;BRL
6ecdfaac8c5449afaf9f0cf9ba09eebb;Produto_H;2010-04-25;-956.97;BRL
b421944efc0f42c2a04a6ae7f07a0a6a;Produto_I;2010-04-25;-441.5;USD
29cbc103d8914f3ca2775abedbc284d8;Produto_J;2010-04-25;-224.4;USD
f5239f5e3a9f4e948c6a8e1c85dbcb9b;Produto_A;2010-04-26;-23.18;BRL
865ac232514a454a993f75d2bc8f764b;Produto_B;2010-04-26;-343.73;USD
78760aaa5efe40cc87a2c5e48af80794;Produto_C;2010-04-26;-664.54;BRL
f2de71abf369415daa2e7fab426153d9;Produto_D;2010-04-26;-493.4;USD
b56c263ad9fe46d5a1f59dcb346b2e6a;Produto_E;2010-04-26;-159.83;BRL
356d14f97fe849368ac55fc0ad073d5d;Produto_F;2010-04-26;49.85;USD
9dfb4ac6d04e437da8acef72d70541f2;Produto_G;2010-04-26;-422.42;USD
e6e7f15a2cda4cc3880a15089e71d214;Produto_H;2010-04-26;-638.35;BRL
15896e56eb0441dd91d0ff73370c500a;Produto_I;2010-04-26;-750.31;BRL
f1a8fd797044482d84faf3d457228518;Produto_J;2010-04-26;-277.03;BRL
13504db5576a4f79afb59bd427c263a9;Produto_A;2010-04-27;-385.37;USD
4a7da31b4163433381997c2b0f6aeaec;Produto_B;2010-04-27;-789.31;BRL
07b088cea1344095a08e61a7c3904d79;Produto_C;2010-04-27;-819.9;USD
3da748af7bfc44bbb39c9aca049ac872;Produto_D;2010-04-27;-819.8;USD
12bfced032a648a09da9ab5bc6e563f3;Produto_E;2010-04-27;45.98;BRL
0ca9bb00f7da4ee19cea26cd210940cf;Produto_F;2010-04-27;-489.72;USD
74fc16be6c8645e2b2ba17bfe3d37595;Produto_G;2010-04-27;-309.47;USD
ab94a3c3559e4b688880f3219828be5f;Produto_H;2010-04-27;-533.26;BRL
cc4ae125ae264b80b4f20267e0f1329b;Produto_I;2010-04-27;-937.21;BRL
b96d4fa0d34244b4b9c1a6511a66df6f;Produto_J;2010-04-27;-949.56;BRL
cde8b610ff4f4024b8bd7badd45b1980;Produto_A;2010-04-28;-602.53;BRL
cc2be2d1c9894f9dae9c94f67685b9d3;Produto_B;2010-04-28;-346.92;USD
766194c111174390bec9634b6d6c34ef;Produto_C;2010-04-28;-654.56;BRL
7946f6fd38504b56b2fb1fb37f32b089;Produto_D;2010-04-28;-57.17;BRL
8e72fec53eed4955ad6d0c9701e81399;Produto_E;2010-04-28;-113.01;USD
bea6f32b4a624b7b895fdfae095b3e43;Produto_F;2010-04-28;-706.73;BRL
40764065256b466388317bf886661fdf;Produto_G;2010-04-28;-104.71;USD
fc3ed6064731456ca460bee22dc989ce;Produto_H;2010-04-28;43.91;BRL
42429415377f40968b1d5b26e75521e8;Produto_I;2010-04-28;-544.86;USD
8c7b0ed38b374ea59d80ac52a3f51773;Produto_J;2010-04-28;-764.76;BRL
b4d8863163df4c04b7474d54c3f389cf;Produto_A;2010-04-29;-897.65;BRL
2b1326ff1c774a4a8e9bab2d3befcdcb;Produto_B;2010-04-29;-172.42;BRL
da977627806c4459a5f313e38527ce56;Produto_C;2010-04-29;-333.77;BRL
bc99d568ed7c4885b0733eb5686f3644;Produto_D;2010-04-29;-603.38;BRL
a464855d58b949d7b02ee4e9961179d0;Produto_E;2010-04-29;-248.12;USD
6df767bc561c48abb3402e1d0d41ff17;Produto_F;2010-04-29;-17.94;USD
daed5c80682f485ba6bb7f2e7a7fa32f;Produto_G;2010-04-29;-334.79;USD
b199d599b71e4024b4277dd328d347b2;Produto_H;2010-04-29;-1000.0;BRL
6b948fc312934fc59fa67ce98e18e770;Produto_I;2010-04-29;-458.63;USD
8467b0353d5d44d3a4f6ddc8857c811a;Produto_J;2010-04-29;-1000.0;BRL
036855a59636407baf86d347536c0426;Produto_A;2010-04-30;-849.85;USD
5365e4ed881d46e4a98973b6078002c0;Produto_B;2010-04-30;-337.05;USD
10f7b979a0604320baf30d1bd5b65546;Produto_C;2010-04-30;-1000.0;BRL
a883c4682e92444096e43e86d5676455;Produto_D;2010-04-30;-1000.0;BRL
c3864744401c4de5b155d2f3e38cbb85;Produto_E;2010-04-30;-156.28;BRL
4709df7555934d288837cc68d160d5b8;Produto_F;2010-04-30;-407.26;BRL
f6feea4b97e9403c93f4a478c67f417f;Produto_G;2010-04-30;-479.37;USD
7b69916c5a184c3ca2a7ecaa8f4a4045;Produto_H;2010-04-30;43.24;USD
8387c0ce610542ad91dc1ac54bd63038;Produto_I;2010-04-30;-836.54;USD
6a1c17add0f545e2a5f941003a826c4c;Produto_J;2010-04-30;-603.53;USD
574cdb8974e2498dafa2ce57076b0e1b;Produto_A;2010-05-01;-256.5;BRL
f10e53666f7e4e3bb73de81cbc805459;Produto_B;2010-05-01;-1000.0;BRL
2b97c5c19efb4b22a7fbc739679efe72;Produto_C;2010-05-01;-1000.0;BRL
7da3a39099674261bf04674fcedf95b4;Produto_D;2010-05-01;-455.28;USD
af742a9d86ec4d7e814ffc1cdf303237;Produto_E;2010-05-01;-558.92;BRL
762c06f5dfe348dcaea182a6c9645ee6;Produto_F;2010-05-01;-620.48;USD
baeb6b142621426bbd303d2647445cd9;Produto_G;2010-05-01;-451.74;BRL
dcd68ea86f8e4aaca64d5028c00ee770;Produto_H;2010-05-01;-1000.0;BRL
d8cf2adfc6db4b4db6b832c6f4b447af;Produto_I;2010-05-01;-339.84;BRL
adcecf9308fa4867a81d0ad8f2371f03;Produto_J;2010-05-01;-1000.0;USD
079d33eb6e8648dca6267a2523fb3260;Produto_A;2010-05-02;-390.53;BRL
8eb3ac4159734e8d94fc7ebcfca2958e;Produto_B;2010-05-02;-17.9;BRL
66c9c174e71f4742a6ee7884101660f7;Produto_C;2010-05-02;-135.5;BRL
bb689843310a4914bd1992dd00f3fc5f;Produto_D;2010-05-02;-501.82;BRL
bf0c09f9e3c144508e5406c51fb4e8fb;Produto_E;2010-05-02;-279.81;USD
353358e309b243e9ad5acbfc68bef99c;Produto_F;2010-05-02;10.21;BRL
59ab7aa9c6ad426d94ce3f340b594aba;Produto_G;2010-05-02;-83.4;BRL
d93c60d7e62c4da58f0c35093495ab1e;Produto_H;2010-05-02;-979.24;BRL
0bd387d3f6334ba4a9752d1b9330dfd5;Produto_I;2010-05-02;-659.65;BRL
1e45c3adaba34861843522f2fa1ac951;Produto_J;2010-05-02;-377.16;USD
ee46c7afedd544568062b42be3e9bf89;Produto_A;2010-05-03;-553.57;USD
cb666f038b5441a18f3f24062601370b;Produto_B;2010-05-03;-483.89;BRL
a3d8cac87bbc4dad86cef55d6db89f70;Produto_C;2010-05-03;-363.55;BRL
9a85fa9a721e4600937f5dd51059269e;Produto_D;2010-05-03;-733.3;BRL
3753712480024251b44e9496cbe6caed;Produto_E;2010-05-03;-717.34;BRL
b8c64d94100046d58828840289ba29f2;Produto_F;2010-05-03;-376.2;USD
ccfa7e30d7ef483fa79774e4f11a96be;Produto_G;2010-05-03;-225.62;USD
c831e02a623348c49e61964cb6346b3d;Produto_H;2010-05-03;-309.26;BRL
d30eda3f7ba64378934ad25383659d0e;Produto_I;2010-05-03;-55.15;USD
9047f04ddd87488d81ac0dfe6b9ce631;Produto_J;2010-05-03;-790.19;USD
e173a607b5494775b20407dbb4e1f13d;Produto_A;2010-05-04;-677.21;USD
29bd9f49f2534297804b1a4360c38a3f;Produto_B;2010-05-04;-927.39;BRL
3a62613bb86545288ce249395105b85b;Produto_C;2010-05-04;-82.36;BRL
2988bd3a4a18482eaf49665ea939b94c;Produto_D;2010-05-04;-405.47;USD
ceb5e277178f43a0a47cab2e47261f54;Produto_E;2010-05-04;-230.37;USD
8f876af20fc741ac84b83ecd0d2ce8ec;Produto_F;2010-05-04;-536.49;BRL
8fdac3a005104204aa98a44dabcc7016;Produto_G;2010-05-04;64.77;BRL
e22c5a1e21d64461913d68b1d0466b14;Produto_H;2010-05-04;-480.91;USD
ae7157a8f5cf41b88f7a5a4c34eb431a;Produto_I;2010-05-04;-860.1;USD
51fb8cad79b64e0bba3781fdb741126a;Produto_J;2010-05-04;-271.78;BRL
3a518e49ac9d4a9c85ac05fbc55ecd1d;Produto_A;2010-05-05;-94.14;USD
5bed7603e8ea49309e4ba8acf6fb284f;Produto_B;2010-05-05;-567.05;USD
e3dbcd4c5f33469c8b1da6597f8cb557;Produto_C;2010-05-05;-83.95;USD
9280567df0764c1a83406cac52d1a30c;Produto_D;2010-05-05;-572.14;USD
55d3edea904c418380cfff226461f586;Produto_E;2010-05-05;-290.31;BRL
cac5245549714e31a7a1739cf23df5a2;Produto_F;2010-05-05;-270.64;BRL
1af727b2dd934098aaead27fca174838;Produto_G;2010-05-05;-294.85;USD
8aa4f0145559478dbd7b4239652eaee1;Produto_H;2010-05-05;-1000.0;BRL
b538f894be80450ab8dab7a9cd7ec2f7;Produto_I;2010-05-05;-315.25;BRL
fe4f63393491463b89d418e6956ad666;Produto_J;2010-05-05;-577.21;BRL
da26b2b5e0cc4a3f950cab358d37697b;Produto_A;2010-05-06;-461.41;BRL
8cc57f34e1b34832b2c63b1b39a933cd;Produto_B;2010-05-06;-131.2;BRL
63c108e0872243b6a50a605c84cea664;Produto_C;2010-05-06;-224.19;USD
ca830679d3f7425ab26b733a7e519105;Produto_D;2010-05-06;-728.56;USD
6ce60310eb83438a848547194ceafd10;Produto_E;2010-05-06;-462.32;BRL
939a7a59f73f4e49afc316a479b4b90e;Produto_F;2010-05-06;-229.09;USD
7ffb1ca86426489ea7384e03de631d23;Produto_G;2010-05-06;-303.36;BRL
c2d7b95acaaa4198b3e720df6dead2f3;Produto_H;2010-05-06;-122.3;USD
37271a14a53e4222a48bc86ff09cd974;Produto_I;2010-05-06;-833.27;USD
95ba44b03fc2466bb399f70eb30f3d54;Produto_J;2010-05-06;-648.31;USD
5c5d0b528dd94eaaa5805e86c3e95167;Produto_A;2010-05-07;-365.86;BRL
638781d0dd184e20b4b031d07e1588af;Produto_B;2010-05-07;-82.28;BRL
d8aa0f84944a49b8a542ed6e5108e4bc;Produto_C;2010-05-07;-1000.0;USD
11186c5e0e654c4e985494c407e63d0c;Produto_D;2010-05-07;-1000.0;USD
4531afecd04a45eba210064c9c2e1682;Produto_E;2010-05-07;44.61;USD
a049aa7fc73b4c369e7ae8ce6f4dc8fb;Produto_F;2010-05-07;-210.13;BRL
c1d07d1b03c04f21bc0119c5eba877c0;Produto_G;2010-05-07;-651.45;USD
2e8bb2a401c24429bba3773ffe4a91bf;Produto_H;2010-05-07;-571.02;USD
d55fd6303c7f4ddd95c74d56e7db8be0;Produto_I;2010-05-07;100.0;BRL
e84709a772b640b4af1d2689a6a0642f;Produto_J;2010-05-07;-636.02;BRL
7bb136416f8d46ef9e5e2360c774cb9b;Produto_A;2010-05-08;-192.82;BRL
2c1c07d141084fe5ab2bca7ba65c5ff8;Produto_B;2010-05-08;-932.58;BRL
a0e53906420546b88f23c10777b44a7d;Produto_C;2010-05-08;-635.36;USD
d974b2bcfb0f4f1eba0647d50ce04739;Produto_D;2010-05-08;-1000.0;USD
6b5351aa9789446b997ae46fcd24bc96;Produto_E;2010-05-08;-825.08;BRL
257fd653404b43209bfc5894c5afbef6;Produto_F;2010-05-08;-676.0;BRL
29349e6df5e74d3cb929548cc3f27c64;Produto_G;2010-05-08;-98.46;BRL
461655a8e12c4f57acd35ddc1540c911;Produto_H;2010-05-08;-659.5;USD
aa9f0f9078b4415abe93d1cab84b8b51;Produto_I;2010-05-08;-494.74;BRL
9c4e618f93934d3b8238f24eecb1f919;Produto_J;2010-05-08;-225.5;USD
2943d6f1248841e4a15b8a3122fb8b03;Produto_A;2010-05-09;-339.31;USD
ac6e1f7629da4483b13fd8b05af50e08;Produto_B;2010-05-09;-277.86;BRL
3cb354f1063643219ed54f94f3fab01c;Produto_C;2010-05-09;-375.16;BRL
3f6e974a5e0f48ad83efa2213a508b56;Produto_D;2010-05-09;-357.5;USD
c8f36ef063f947bea595cff8aee9035b;Produto_E;2010-05-09;-582.25;BRL
e3953ea6e82644f7830ea4bf337ae145;Produto_F;2010-05-09;-534.62;USD
7afd7ddef8954230b7f8ade6188a9d32;Produto_G;2010-05-09;-713.01;BRL
0f4839818ca0408e887d202a0c897666;Produto_H;2010-05-09;-278.08;BRL
86469cfd1b3b4e849e253e3d1de839ee;Produto_I;2010-05-09;-143.52;BRL
242101e6df0d482aa5abbd12edabe19d;Produto_J;2010-05-09;-849.2;BRL
6a30584a1b1f4ed18f2f46ababfb6a29;Produto_A;2010-05-10;-403.97;BRL
1606bbc4dcbb4aa983922f36862d7e23;Produto_B;2010-05-10;-721.97;BRL
e215679190724370a3a5553ab9aa5c8b;Produto_C;2010-05-10;-713.11;USD
c3267f4d77314bdbba0f13ff6867ff73;Produto_D;2010-05-10;-777.09;USD
a8776443f9c84080a3ac4e7c8d90d53f;Produto_E;2010-05-10;-627.07;USD
f48e1d3090024e12a4e7aa409e985a46;Produto_F;2010-05-10;-98.11;USD
712b586478f64bb5b8123a28f8294e8e;Produto_G;2010-05-10;76.49;BRL
5706f9998c3d4b8986359af546ff23ca;Produto_H;2010-05-10;-793.39;USD
3bd39f81328a496293cdfcb80ba9b19c;Produto_I;2010-05-10;-563.76;BRL
24c3abccd656485dae60e2cae19d14f5;Produto_J;2010-05-10;-501.47;USD
12f8b455d8f94dd6bc9865c04cd45183;Produto_A;2010-05-11;-815.27;BRL
0e45cf1fafc94095b57ec2b77ec9c361;Produto_B;2010-05-11;100.0;BRL
314c68f0b44342a999b5b7c42cf03876;Produto_C;2010-05-11;-644.8;USD
113250b8cf5d46bea792236a9648febc;Produto_D;2010-05-11;47.58;USD
31e4036cd174470ea2f4e52a995a88c2;Produto_E;2010-05-11;-659.99;USD
00be2d1cb91f4bf9aceae708ad780c18;Produto_F;2010-05-11;64.26;USD
fca930efc73148bba5aa7751eb73f6c3;Produto_G;2010-05-11;-756.59;USD
b5d2a0eb95644412bf7968af7c0d70f0;Produto_H;2010-05-11;-420.72;BRL
04caeba5b5dc4613b4ec9d391aed06cf;Produto_I;2010-05-11;-734.99;USD
5d1faac704df453ba7d045e9e8852a15;Produto_J;2010-05-11;24.93;USD
9f55e4ea7e214dd4809017da88ebcb0c;Produto_A;2010-05-12;32.57;BRL
b7b77ae6b0f741e5ba01ad5e4adff301;Produto_B;2010-05-12;-75.97;BRL
f10a00fa564b469ab2d9c570ab790d00;Produto_C;2010-05-12;-44.64;USD
62a752ef46ca427a8acd8c240c4d1847;Produto_D;2010-05-12;-516.37;BRL
5e683a33530e40a29a9a906515847447;Produto_E;2010-05-12;-96.95;BRL
5def62242c9547aa89c77377eb6a32c8;Produto_F;2010-05-12;25.74;BRL
3bbaef9d21894a149949e2bfef390429;Produto_G;2010-05-12;-664.66;BRL
3e6fb1c10cc84e4283fb5fbf4a927e3a;Produto_H;2010-05-12;-1000.0;USD
a77ff24e77dd499ebd1fb62c41561f75;Produto_I;2010-05-12;-476.84;USD
3e6d5897a964409caf0e9358a0fd5914;Produto_J;2010-05-12;-156.51;BRL
210a13db1a4844b08286317fd7f1ca92;Produto_A;2010-05-13;-148.03;BRL
5e1d04d529b0413db0e83663bc3105d4;Produto_B;2010-05-13;-921.78;BRL
33280d97e3e54e5db044b33247bdbd86;Produto_C;2010-05-13;-949.84;USD
2506c41ba78b4a75bfaaeff3bcc8794c;Produto_D;2010-05-13;15.62;USD
228b33e19919485dad31cb41f208f46f;Produto_E;2010-05-13;43.29;BRL
6d47735fe3b2402d8c605f8d9e48b968;Produto_F;2010-05-13;-570.47;BRL
2f77d543fe0d4bd9896eb2f4605ba44f;Produto_G;2010-05-13;-537.22;BRL
180d60f2aaf54853a0da4723ed66cf54;Produto_H;2010-05-13;-824.27;USD
769e095a94af4cd58819367790793f2c;Produto_I;2010-05-13;-3.28;BRL
e068bc52c9d448ef8bcdce374f86b6ab;Produto_J;2010-05-13;79.84;BRL
a917577ff1c64deaa496f66a066538de;Produto_A;2010-05-14;-154.33;BRL
766adc92d90d4ed2bde4416d85b64002;Produto_B;2010-05-14;-86.67;BRL
ad5f16b805a948cf86e1715c6a457d60;Produto_C;2010-05-14;-1000.0;USD
603d1f20cd9f4163927f6274c632e359;Produto_D;2010-05-14;-64.64;USD
b2ad39b281a4473a9573281588546ce5;Produto_E;2010-05-14;-770.94;BRL
40037b5a953b4e95b1f0b5cd1d14d387;Produto_F;2010-05-14;-316.14;USD
ef9b4505b10f46f9b0101599d0a68650;Produto_G;2010-05-14;-322.79;USD
f9f331f0566b4da1b806d5dfa63ba0ba;Produto_H;2010-05-14;-178.59;BRL
6f699f35a234416c8f9e9f4c57c5c945;Produto_I;2010-05-14;-10.7;BRL
ec42799b4eb14dd593a25531b17fc0a4;Produto_J;2010-05-14;-214.52;USD
099dec9a32b84cfd8c1de985d5598cbf;Produto_A;2010-05-15;55.99;USD
ed6e185f2b3143ff8c282fc9cd999393;Produto_B;2010-05-15;-36.33;USD
d9580dd2758c4eec8461c4c8117f8d66;Produto_C;2010-05-15;-1000.0;BRL
74f0e5a55aa548e487298d17560c87c9;Produto_D;2010-05-15;-140.1;BRL
ea617a5cf3b249ec9aa0d055d3b1a66b;Produto_E;2010-05-15;-162.37;BRL
3f1ac6ea60c2428aababafa7e16645d2;Produto_F;2010-05-15;64.17;USD
0c02506fdb984710bad1f6b7ec7ac6d7;Produto_G;2010-05-15;-218.45;BRL
9ac3c8a128fd4a37b9716e05e6f31eb2;Produto_H;2010-05-15;-934.27;USD
3d9f407c365743acaa0feb90dc12fc24;Produto_I;2010-05-15;-514.43;USD
8a1e48aad37149c487453e3317cdf199;Produto_J;2010-05-15;46.08;BRL
a413c6b9a48c41fb867798aade5ac3cc;Produto_A;2010-05-16;-576.93;USD
e74bfc60cf4c48ef9c82c742c82d64fb;Produto_B;2010-05-16;-1000.0;USD
124581ae0b4c4350b821a8c85a013381;Produto_C;2010-05-16;-839.4;BRL
b28b6d360d504827b534b582e7239329;Produto_D;2010-05-16;-946.78;BRL
e3039c683e89485fb6f92e2f091407c2;Produto_E;2010-05-16;-316.84;USD
68d8001737c44cc4a2571c17597aaf84;Produto_F;2010-05-16;65.05;USD
421cab3ab0574eca8d97b9b84ba4e284;Produto_G;2010-05-16;-41.95;BRL
e1143bae7acb48cc92f0e469851ff6c4;Produto_H;2010-05-16;-477.02;USD
5a2ae4bc850345fb8a5af0d81b7e8888;Produto_I;2010-05-16;-232.57;USD
7cec25ebc8664dbb871dba077d775beb;Produto_J;2010-05-16;-359.71;BRL
e2c46a6ce32a4b2a90cae0551ea5c90d;Produto_A;2010-05-17;-464.76;USD
9c57de72d1964c639709e6f44d12bd95;Produto_B;2010-05-17;-647.61;USD
dcc16288ad3c431c9d20e6286c75e509;Produto_C;2010-05-17;44.94;BRL
c1ea6d2dafc14bc0ac7c205b2d719e18;Produto_D;2010-05-17;-799.9;BRL
21f0120dd789491eaf87a1896ee822df;Produto_E;2010-05-17;-406.95;BRL
c12ce1485009484a8754f6ec6fb0edeb;Produto_F;2010-05-17;-408.88;USD
2acb75cb12d0440f963c7418efc2d1f0;Produto_G;2010-05-17;-311.64;BRL
742c0a03c50541a8a7b4735ae715f70b;Produto_H;2010-05-17;-158.93;BRL
ded0c55add0145d49da93362a3e631f3;Produto_I;2010-05-17;-118.67;BRL
04b6c08fbf3341f0ba9bbee4948ee1fc;Produto_J;2010-05-17;83.76;USD
483bbc79af4d4bcd82602f6955e458fc;Produto_A;2010-05-18;-126.62;BRL
70ee61a6c8c743dea6c7bd5980252fc7;Produto_B;2010-05-18;-767.37;USD
1d28b49b116a4549b22c3c19e1cbb0ab;Produto_C;2010-05-18;-913.8;USD
228fa924ddf14b208458dc179eeb17ff;Produto_D;2010-05-18;-173.91;BRL
080d3b847bca45e59b9a952be0a88689;Produto_E;2010-05-18;-354.95;BRL
bf216534b6634565965b226404ce7e90;Produto_F;2010-05-18;-713.01;USD
180e63ab610b4116addf98992740b32a;Produto_G;2010-05-18;-25.29;BRL
32e21009ebd94278a7194151328fffbd;Produto_H;2010-05-18;-850.59;USD
9ef41f6608c8493f99e4824c7fc7f609;Produto_I;2010-05-18;-529.1;BRL
040b93a10e4a4029b157962ed8792499;Produto_J;2010-05-18;-192.32;USD
e2024df740814be8aef44e71a9dc6124;Produto_A;2010-05-19;-909.26;USD
5f4b226eb560452bb2333c9519f1cab8;Produto_B;2010-05-19;-1000.0;USD
0d1a73f5deac4c549b91c68a26bf3a71;Produto_C;2010-05-19;0.16;USD
39badf40b1e940dda3e8a280825865fc;Produto_D;2010-05-19;-598.33;USD
fcea534a2ab24bf3a662d90511d8dd46;Produto_E;2010-05-19;-731.94;BRL
1da57e71c91f430cb70acd7f2093db77;Produto_F;2010-05-19;-416.59;USD
2a478ec50a3d4cb3914880c3c0a4f9bd;Produto_G;2010-05-19;-453.04;USD
8a69b7440e74406fa9a7911f29c5ed95;Produto_H;2010-05-19;-609.08;USD
06729a1b123d46cfaba8aa4a37f59be8;Produto_I;2010-05-19;-815.08;BRL
a41839a4b1514e89a4d118cdea87948f;Produto_J;2010-05-19;-989.84;BRL
46d69264c1694152a253dfbb7e00158f;Produto_A;2010-05-20;-119.84;BRL
232378cbd914493c85b6fa0659de5c9d;Produto_B;2010-05-20;-852.74;BRL
7bf34dd058ec482795c03ce41e09f1af;Produto_C;2010-05-20;-136.48;USD
942f51f458eb429094da3fada3bfcd62;Produto_D;2010-05-20;-823.28;BRL
e2e761132e4147b490a00b3e2584bb19;Produto_E;2010-05-20;-342.52;BRL
f1e92182310d45bb842be2d741d8e652;Produto_F;2010-05-20;-420.32;BRL
9a99e32daf70481a93d63c8eac9c02b6;Produto_G;2010-05-20;-99.26;USD
ecf3b602dc824b5db50908fec0e8b509;Produto_H;2010-05-20;-384.72;USD
3214e0fa135042b1b00f206683cbf0a7;Produto_I;2010-05-20;-3.41;BRL
02e2c1147875445895a5f9821cf3fbf3;Produto_J;2010-05-20;-898.97;BRL
50b6926e9b2d46eaab2847fbd8fde128;Produto_A;2010-05-21;-792.2;USD
632a3072a76f42258dc05c414e633dee;Produto_B;2010-05-21;-1000.0;BRL
29cdcf6b5c42490cbaccacf6d509e9b0;Produto_C;2010-05-21;-18.54;BRL
c4870b74050a48258f3da4f3a5b22a61;Produto_D;2010-05-21;-102.4;USD
00f7b35f12c2439a954e455b1f0dd6fe;Produto_E;2010-05-21;-426.96;BRL
0a0f7354e1af4fe5b3ce9a971762282c;Produto_F;2010-05-21;53.43;USD
9647bc311a6c4809b7e73baf40805693;Produto_G;2010-05-21;-22.86;BRL
a219c80a998d411bb61f0cd5dafcebf4;Produto_H;2010-05-21;-220.41;USD
9ec130b5136248568708dde2fb14999a;Produto_I;2010-05-21;67.07;USD
c541ea41c84f478e82fc3fd367b71165;Produto_J;2010-05-21;-514.6;USD
0c021918aaef47c59da82720accf3dd6;Produto_A;2010-05-22;-248.65;USD
614d0680734446218a4de5b9c02328e0;Produto_B;2010-05-22;-789.97;BRL
83c7bf583aa54b49a824199334f416f3;Produto_C;2010-05-22;-33.35;USD
baddc036e3354e32a19e924c21b3dfdd;Produto_D;2010-05-22;-291.98;BRL
b357a0a9e9dd4bfd809fd158b510c024;Produto_E;2010-05-22;-816.53;USD
1f6a2c2db52c4bdaba5f099b9095b09d;Produto_F;2010-05-22;-743.27;BRL
f39f7fe00215442fb160771b66735d65;Produto_G;2010-05-22;-162.59;BRL
357af379b14c447e893c3b8a93564171;Produto_H;2010-05-22;-910.12;BRL
09a822acf838443ba467f7432cba0007;Produto_I;2010-05-22;-205.23;USD
b1697b61a0fa4d0293e040399d6c6c4c;Produto_J;2010-05-22;-694.96;USD
3ccec0a18c8c4766b288519209568240;Produto_A;2010-05-23;-92.82;BRL
ed793c234fc6422dbc74bc6db481c722;Produto_B;2010-05-23;-1000.0;BRL
c2fd2f5b7bc244afb1c4f57e4c92de03;Produto_C;2010-05-23;-730.1;USD
e4c14544c57d4b2f92b4c3a8f34fed8f;Produto_D;2010-05-23;-9.0;BRL
df39007f9f1b456d875f27da09bfee28;Produto_E;2010-05-23;-409.71;USD
21febefa2e4d48e68408438ae03bb7b9;Produto_F;2010-05-23;-596.36;BRL
f4a127e7abab4bfbb0ebaf8bac993de9;Produto_G;2010-05-23;-69.28;BRL
39d4399f82d84f16ae5127c2c8bb0e15;Produto_H;2010-05-23;-499.29;BRL
1a650a83dfac45c88b7316bc473d9ae5;Produto_I;2010-05-23;-227.74;BRL
3bbf8a83de9e45c5bf9b1ee374906680;Produto_J;2010-05-23;-998.16;USD
55e1ed241346402082e93b991c66823d;Produto_A;2010-05-24;-689.96;BRL
d4cc701e7df1485ea17ddba7538b7795;Produto_B;2010-05-24;-5.03;USD
56283515199a461799bdc852bb513eb5;Produto_C;2010-05-24;-563.15;BRL
11d53bc48b4f4c06b63fba751027b50b;Produto_D;2010-05-24;-340.87;USD
fa493d8c4f6442eba1d23e6096cd7402;Produto_E;2010-05-24;-262.46;BRL
5fd47bb3d6f946b79ef9e6da8997b66d;Produto_F;2010-05-24;-155.77;BRL
edcf240fbe9a432b81d432f2b891f4ab;Produto_G;2010-05-24;-375.17;USD
657a62d65a114641aaa85913d3068627;Produto_H;2010-05-24;-852.57;USD
f44ff24078cc4b589e29f46d23f1be42;Produto_I;2010-05-24;-904.64;BRL
c8fb3c326856414f929198e2cbebd7ee;Produto_J;2010-05-24;-974.89;USD
3c322298786d4ad9895e710ed55a9cfa;Produto_A;2010-05-25;-229.67;BRL
edf760fb57ea4316a60a20546df18cac;Produto_B;2010-05-25;-306.54;BRL
1c8324483f664ef8b42112cc2432fe2b;Produto_C;2010-05-25;-65.5;BRL
c17a013e22d643c0b87be27744da0af7;Produto_D;2010-05-25;95.4;USD
e2ec1e2d8d214caa9677b4eb5f869080;Produto_E;2010-05-25;-573.64;USD
e626d0ad0a6b412c80d33ea24a3c5a9c;Produto_F;2010-05-25;-517.98;BRL
ba52c77944b04f0aa7a17d623bddd9f8;Produto_G;2010-05-25;-339.72;BRL
6d6ad6a0d19642ae9f41ef6e677c7c8e;Produto_H;2010-05-25;-714.09;USD
03bc8e2efc624e71bb6c600b39b3a4d4;Produto_I;2010-05-25;-1000.0;USD
ad176fc1e21e44789e624759909bac6e;Produto_J;2010-05-25;-608.17;BRL
6ed5ce318b7b4e19a8375b138df0d5e0;Produto_A;2010-05-26;30.12;BRL
d34f18f4e10348ae910124b42a622934;Produto_B;2010-05-26;-911.62;USD
37a2c40f93fe47ee91102854cf8a188b;Produto_C;2010-05-26;-148.1;USD
dd386ef0cd80472399e1efb8009c0281;Produto_D;2010-05-26;-11.82;USD
e421cce799674c208622602f88874e79;Produto_E;2010-05-26;-1.73;USD
c3198e7622454e0c9415607ae04f75ed;Produto_F;2010-05-26;-827.83;USD
154063dc437a48408a42e7ebaf7bd8a3;Produto_G;2010-05-26;-683.93;BRL
1ba0becf9c4c437d8bf56eea7a197caa;Produto_H;2010-05-26;-689.2;BRL
82726adbb8264431a6f1015fad589250;Produto_I;2010-05-26;-51.46;BRL
5324470cb44d4612986001763c575db2;Produto_J;2010-05-26;-947.56;USD
a5e9e928cd4d44059a89894909ec3f19;Produto_A;2010-05-27;69.81;BRL
9e3d7bd2dfc042f9951f4bb04bc3ec80;Produto_B;2010-05-27;-579.62;USD
e8889ab005294924ae895d0574c0b4b0;Produto_C;2010-05-27;-1000.0;BRL
c875e4682a7d4fc8b3a196c21264cc8c;Produto_D;2010-05-27;-1000.0;BRL
2e87862c42314cdc8f4da897e75f5c46;Produto_E;2010-05-27;-572.95;BRL
98d98a55dec24c7c9b413e601a32c23b;Produto_F;2010-05-27;-183.44;BRL
31fd3ea27160470da59d6f19b8273d1a;Produto_G;2010-05-27;1.44;BRL
0d5e0e58fbc845d68a48374cc95f5d30;Produto_H;2010-05-27;-273.0;BRL
329302a75a2b40e7acdfbf40c548a2f6;Produto_I;2010-05-27;-1000.0;USD
a95da96391454f448b26532b6eaea543;Produto_J;2010-05-27;-349.45;USD
50970357271e4ef4a3aeaba3b6f6a367;Produto_A;2010-05-28;-623.07;USD
41f23113a462411a997be806b5ff32c7;Produto_B;2010-05-28;-507.37;USD
729f22c3d5dc40ac998b5238c8b4be7f;Produto_C;2010-05-28;-44.61;BRL
6a9f58ee428e41f5b2b625789a852a3c;Produto_D;2010-05-28;-797.19;USD
42eba8d99b5449b38e1125d7e2ef8c49;Produto_E;2010-05-28;-335.54;BRL
dbc1a3ef1c724959b582d8f21a611ab3;Produto_F;2010-05-28;-588.17;USD
0d24b041dd8d41ac824ca4ee134dc502;Produto_G;2010-05-28;-768.41;BRL
1c3a418ad0224a11b343ccecc862dd2b;Produto_H;2010-05-28;-813.71;BRL
84c24d4b8c6d4fc6a020f46313f98c24;Produto_I;2010-05-28;-359.09;USD
d45871510c7d48e2b69087f49c961ca9;Produto_J;2010-05-28;-829.15;BRL
aa56fc5338ec460d9ab713e26c34e470;Produto_A;2010-05-29;-171.04;BRL
da441ec6ec8a41c4945c741c8fbdca8a;Produto_B;2010-05-29;-1000.0;BRL
ccc2671a3012492795f0cdbc1879bb32;Produto_C;2010-05-29;-69.76;USD
ae216e356b7a4ef5b6f90f810fabe226;Produto_D;2010-05-29;-667.95;BRL
d56ff419e7e6499d8e98087b97fdf5a5;Produto_E;2010-05-29;-15.29;USD
de0b629c90e84a5a9623f358a8cebb7d;Produto_F;2010-05-29;-257.68;BRL
11aa7e3ef2f745778eb3f9ae563e1b0d;Produto_G;2010-05-29;-573.79;USD
ec8ad79646964f769db93f3ddfc049f4;Produto_H;2010-05-29;-811.81;BRL
5a6d7b560b9f412dbda7a1c1b48c7ba1;Produto_I;2010-05-29;-377.06;BRL
87cc623c3b78480194eb3fea1f0be6ac;Produto_J;2010-05-29;-145.65;USD
8c733122d0bf4905a5fa7def7dd0e101;Produto_A;2010-05-30;-399.66;USD
4ae1508f9c4b4ed1bd9372309d58e4f9;Produto_B;2010-05-30;-885.27;USD
950b5f7086f54392b3c95525ab7c88c4;Produto_C;2010-05-30;-380.69;USD
8b83baa37df541f8acc0097ab5996bef;Produto_D;2010-05-30;-197.99;USD
451683bdb4d14ecf8dd32e6ca647469c;Produto_E;2010-05-30;0.49;BRL
50b333b35f8f43118e85283d7756e649;Produto_F;2010-05-30;-36.92;BRL
f5123303c06a4efe8d6f506389ddec50;Produto_G;2010-05-30;-25.8;USD
7fb50fdbafcd4ccd84618ff043e81190;Produto_H;2010-05-30;-1000.0;USD
c679d14c129e48339ecb3dd9cec3a6f4;Produto_I;2010-05-30;-553.15;BRL
e4abada951224d11a385867b2745956a;Produto_J;2010-05-30;1.93;BRL
f46597da1614457d8fd3d1a6350a7406;Produto_A;2010-05-31;-139.4;USD
2fe9b0e0dd194f7382533666dcdfa238;Produto_B;2010-05-31;-765.97;BRL
6391a5800d8f4131b88325643cd37d3e;Produto_C;2010-05-31;-571.71;BRL
c760b2ead24a4d13aa5cdde2a00a156c;Produto_D;2010-05-31;45.04;BRL
431651301c3441cb9199d0e449d8fe52;Produto_E;2010-05-31;-289.09;USD
d5f82eabedba4e079e4dc92d0f1c0c15;Produto_F;2010-05-31;-245.45;USD
8cd89c5704cb4798b48af255ac7908c1;Produto_G;2010-05-31;-339.97;BRL
abfb2cba9c954faf9092bd1a8538e0b7;Produto_H;2010-05-31;-878.32;BRL
826ab1f4ce1e4378bc76330e26638a9d;Produto_I;2010-05-31;-487.0;BRL
f7a6f170a5864cfa90a96b5159f909b9;Produto_J;2010-05-31;-785.03;BRL
af80214335c5485da5c355401c27f495;Produto_A;2010-06-01;-318.0;USD
9bf22b8aa7e941e9b48a63ad8fa154a1;Produto_B;2010-06-01;100.0;BRL
14a5089f6428495c913afce95972172f;Produto_C;2010-06-01;-337.57;BRL
07d95a19760447dd92db7a7214b539a5;Produto_D;2010-06-01;-20.33;BRL
f7cb0c29097747b3af8cb57407ba1363;Produto_E;2010-06-01;-498.43;BRL
42561bfa2020447797559d3b5358d0a3;Produto_F;2010-06-01;-277.81;USD
d0dac983aa6f4b62b9c5f5f23a4aef1a;Produto_G;2010-06-01;-659.05;BRL
6492359df47442e9b7e391b3f511fd3c;Produto_H;2010-06-01;-571.9;USD
c8d8961f4fa8462da6da2af4165451aa;Produto_I;2010-06-01;-667.65;USD
ca4caeadeec744e480a77441a9172937;Produto_J;2010-06-01;-348.02;BRL
389f97f00ed74308b5bc2aad996e27f6;Produto_A;2010-06-02;-307.56;USD
c638be654d154eb7b02657b4c83168f4;Produto_B;2010-06-02;-586.07;USD
473f1cc4e1d248f2afbca876496aea0b;Produto_C;2010-06-02;-481.85;BRL
590bf3c1b6c74865a4b3710a47e68e97;Produto_D;2010-06-02;-63.43;USD
b713deb5406d4806a1a2ca279c8b447b;Produto_E;2010-06-02;-628.48;USD
2db6ec6f643645e497e8e0dbc2519f79;Produto_F;2010-06-02;-59.35;USD
ab0a4a22cc594fc797463e72db153c9a;Produto_G;2010-06-02;-488.66;USD
9e2a22ea9b6d4b77b4887fd8cbc18882;Produto_H;2010-06-02;-612.38;BRL
2be41af6e9f8472e90d51d36bc4a2708;Produto_I;2010-06-02;-458.11;USD
aecb71fc68da4125ad2404cfcf717c09;Produto_J;2010-06-02;-1000.0;USD
acb24221d47d4fa3beef1614ad2434cd;Produto_A;2010-06-03;-527.95;USD
5e57454823f342d9a6f62b59ec639275;Produto_B;2010-06-03;-841.8;USD
6a2817ead7f24a2e96bf3c5d689938ca;Produto_C;2010-06-03;-976.25;USD
87a2b889207d4f689c1de5ca77c0635a;Produto_D;2010-06-03;-33.74;USD
a0413286f64742538f65ccd5f254a7c8;Produto_E;2010-06-03;-31.76;USD
2b7440c3328a44aab1f4c3ecf8f3a365;Produto_F;2010-06-03;-212.83;BRL
7c365c241a7d458eb7201e7829692e17;Produto_G;2010-06-03;71.75;USD
7e952aa890f14eb0a3e93b87db10ddfd;Produto_H;2010-06-03;26.46;USD
9eb2f05a2aa442dd911482ca222757a5;Produto_I;2010-06-03;-594.58;BRL
cc0b84004b7b4482aea822f9e829eb90;Produto_J;2010-06-03;-217.66;BRL
ccdb8090a483490ab3e5a289d62d2b04;Produto_A;2010-06-04;-1.53;USD
c7df8a88dde2415fae00f10ed6e7305b;Produto_B;2010-06-04;-877.37;USD
0bffac6dd2314779986774d5c4077df5;Produto_C;2010-06-04;-736.21;USD
58b1c9a299854ec6a10dcd4e486d2150;Produto_D;2010-06-04;-220.07;BRL
a363ef0d9e884c20965f4f3546605f66;Produto_E;2010-06-04;-80.05;BRL
fa975cc0a75a4ce0a26b4e0dfdd5e46f;Produto_F;2010-06-04;-42.09;BRL
737f1bd80e4d4211a3c4696787a09904;Produto_G;2010-06-04;-735.22;USD
889f61d1e4ca481586492a4b8640aed3;Produto_H;2010-06-04;-103.47;USD
8f07f78001774dc9820755ff1b8a3af7;Produto_I;2010-06-04;-352.8;BRL
609e9e16967a4422a3bdcfe731b1c395;Produto_J;2010-06-04;-792.3;BRL
2aaadab312e74bf7b527507964f4471e;Produto_A;2010-06-05;-541.53;USD
72799620744643bb81942108e4743c78;Produto_B;2010-06-05;-332.16;USD
7042a4d0ee21463f8bd1fd84e6c22285;Produto_C;2010-06-05;-967.43;BRL
b53a4d61e6de43e585c2c3dc4fa5488d;Produto_D;2010-06-05;-414.97;USD
b110f33c16b64604a565ab7e6113f999;Produto_E;2010-06-05;-763.33;BRL
78a6a673ff234e6abc2ce861c013e563;Produto_F;2010-06-05;-535.56;USD
04d5b85e83024442aa879d8d71b47748;Produto_G;2010-06-05;27.97;USD
d759424baf824080bd5b698d4e6f9d4d;Produto_H;2010-06-05;-342.26;BRL
c997ca4269074e5290c9e1a17a228742;Produto_I;2010-06-05;-632.32;USD
315f3eb7e9bb4350ae48f0f1254af6e1;Produto_J;2010-06-05;-376.96;BRL
afa80121f23049b1a9dcb5f007310fa7;Produto_A;2010-06-06;-281.46;BRL
b97b11c1844442b9acf0f364ed241651;Produto_B;2010-06-06;-1000.0;USD
1e9e2d2ad89748bcbec9b5f45a7c4c7f;Produto_C;2010-06-06;-43.45;BRL
ce06672e0442485895bbccdebdd59b1d;Produto_D;2010-06-06;-313.05;USD
c815080d3ca3424c8ec4ac769909ee9f;Produto_E;2010-06-06;-6.05;BRL
45678fb6ccd943319a09c5e05da35ae4;Produto_F;2010-06-06;-72.93;BRL
54b9aaab80844d95b40241f4c1843aeb;Produto_G;2010-06-06;-657.24;USD
da0e075e38d840579653a52ab2e2b87f;Produto_H;2010-06-06;-278.77;BRL
1f8a15d2b87a4c4ea4066f3654f90378;Produto_I;2010-06-06;-709.6;USD
bd1ba1a8c9ef4d19b2e4f8527c00286a;Produto_J;2010-06-06;-1000.0;USD
e52def9abdf14950935ac76f6c4b2870;Produto_A;2010-06-07;-892.18;USD
21fe511f23474733b14a9e935791a14a;Produto_B;2010-06-07;-136.23;USD
b745b2dd97634724a9e5d982f452579d;Produto_C;2010-06-07;-694.73;USD
03aea4003b02418e8b09791bae48b5c8;Produto_D;2010-06-07;-106.62;BRL
4f6302fc44cf4090bae17eda11538872;Produto_E;2010-06-07;-57.82;BRL
58b092e185a6400798e32bff80fd23ce;Produto_F;2010-06-07;-52.14;BRL
90931f4d8d4f44ec8ca2a9dd1e88e102;Produto_G;2010-06-07;-202.35;USD
c810cfe4c6f9438eac31b62db3ee1895;Produto_H;2010-06-07;-477.04;BRL
56badb43f55b439ebe6a52b3c32757a6;Produto_I;2010-06-07;-138.8;BRL
c3fdc975fa7a48f9812034dba496f711;Produto_J;2010-06-07;-829.23;BRL
a407ea4a9cb04e389395df2d22e8b74a;Produto_A;2010-06-08;-89.36;BRL
71029426d3c147eca80a08f7d4a74449;Produto_B;2010-06-08;-444.57;USD
68c1c950a9f84c7ba190564601cc95a3;Produto_C;2010-06-08;-586.92;BRL
c1cf284a0dbf4e4c83c923215b149d8a;Produto_D;2010-06-08;-22.44;BRL
2497ba25d29d49ffbcdf72bf8accc459;Produto_E;2010-06-08;-489.94;USD
a751f76a28d3470fad18e9de2f3e89d3;Produto_F;2010-06-08;-803.02;BRL
1fc7744288ac4428b4f317077edf3d94;Produto_G;2010-06-08;-189.12;USD
175d6924440e4963ba3ab195f89bc8f2;Produto_H;2010-06-08;-517.19;BRL
717ebcad3d804e02b6b79c82cca32d41;Produto_I;2010-06-08;-553.03;BRL
0501bdef05cf458e903a6bbd0bce2b64;Produto_J;2010-06-08;-1000.0;USD
afa143932618422082ddb6a68ddfc3cb;Produto_A;2010-06-09;-580.67;BRL
2cfe2946147444b69d998bd0d5b850f5;Produto_B;2010-06-09;-767.39;BRL
c569a44a434d4a23b82eb562fc5f51dd;Produto_C;2010-06-09;-323.19;BRL
d997807b82c842db8a4b4ddf72ccd8f3;Produto_D;2010-06-09;-1000.0;USD
335c13d27edd4093a20f989f95c3e3a9;Produto_E;2010-06-09;-762.69;BRL
dd81e540f50a4792b8512c9f20912d15;Produto_F;2010-06-09;-285.17;USD
3994a3b577cb49778ad1823a327fe6cf;Produto_G;2010-06-09;-198.79;USD
1631afc3125f4d7a9a4f834a9d094737;Produto_H;2010-06-09;-491.94;BRL
3815d20f5d7d4be99249c199ee8d2628;Produto_I;2010-06-09;-798.76;BRL
91ad2cfa5436449ab605c5dc55fad1c1;Produto_J;2010-06-09;-424.33;USD
12b9208e1e6f4a8ab2293932c3a352d0;Produto_A;2010-06-10;-227.66;USD
c55c552fce8643629abac17f1b598aae;Produto_B;2010-06-10;84.83;BRL
3677211857d74102af7999f14b924b9f;Produto_C;2010-06-10;-1000.0;USD
c21fa4336d5d4f88b3c70ddb900ba6ce;Produto_D;2010-06-10;-435.36;USD
c19cc60f61324236903bcd9796646190;Produto_E;2010-06-10;-478.07;USD
b878c8b31d0c4216872aed254f47a949;Produto_F;2010-06-10;-637.76;USD
91088309fa9c48d99b1b3c5db9244fdf;Produto_G;2010-06-10;-446.56;BRL
91c76b5ddf194c10ae8b891a70c9d58d;Produto_H;2010-06-10;-668.47;BRL
aadd859764dc4a01ae3e21e279384ec0;Produto_I;2010-06-10;-176.67;USD
927be6837ad4485d8589577a9be8a5c0;Produto_J;2010-06-10;-511.57;BRL
1c98eccdb30048f3a128d4f7ff1a54fb;Produto_A;2010-06-11;-9.29;USD
434a9425f7804411870324d6047d2878;Produto_B;2010-06-11;-726.1;BRL
f5f3f314129445bb8bbe459a3adf8009;Produto_C;2010-06-11;-730.57;USD
e08a140eeaf8452dbd8e7a852aaed5df;Produto_D;2010-06-11;-536.69;BRL
ab486bbb234e493eb1e06fe191cd1a25;Produto_E;2010-06-11;-75.04;USD
7207c0c352d44697b019de926748588b;Produto_F;2010-06-11;-747.66;USD
5ee2e434c7aa47368cad78e0fd64a19b;Produto_G;2010-06-11;44.6;BRL
445019e9ff694460beec716778dc8f18;Produto_H;2010-06-11;-1000.0;BRL
c65b2ff52e1747a2ae6532d9a6c68bba;Produto_I;2010-06-11;-657.2;BRL
b836517e71cc40c384962766117a50d9;Produto_J;2010-06-11;86.25;USD
d5f2e01dccba4b93b954886a3b14e12d;Produto_A;2010-06-12;-366.4;BRL
4ab4764255414a789bad652ba5c03e58;Produto_B;2010-06-12;-998.46;USD
441a504b0f904de6b264c20f268ec540;Produto_C;2010-06-12;-92.61;USD
03d5fa4966564fd78b3f58211af13232;Produto_D;2010-06-12;-638.2;BRL
7ea7c45e32944b31b51eed656280a352;Produto_E;2010-06-12;-591.8;USD
2bf0dfe10c144348af471f4e5c678ebd;Produto_F;2010-06-12;-666.63;USD
35b05d85390e48ae8f7c252c150bb288;Produto_G;2010-06-12;-485.58;BRL
63b4212224f24080baced09c8b19024e;Produto_H;2010-06-12;-877.21;USD
3f0eee92a2ef41d2a12afa9d7a83d4e2;Produto_I;2010-06-12;-406.06;USD
7114bc284717407695a75a5b229d1a91;Produto_J;2010-06-12;-903.36;USD
5d1a3553aaba4f8fb2cb9bd48c154813;Produto_A;2010-06-13;-793.76;USD
51821936075e4279b0f44c84d1070144;Produto_B;2010-06-13;-1000.0;BRL
4764c473d572425886dd31b13c14b2b4;Produto_C;2010-06-13;-515.83;USD
021c673ca8cd48d2be2d3be06a7e51d2;Produto_D;2010-06-13;-146.25;USD
1aea53a0f92e40779053ca63bdf4ac0a;Produto_E;2010-06-13;-26.21;BRL
dab0fd5658de4a2aa94423e5ef20f8cc;Produto_F;2010-06-13;-531.24;BRL
c834057667a640a28a4b80a3f3acdcbf;Produto_G;2010-06-13;-247.17;USD
4c40c7b56703468f80bcb24db0737911;Produto_H;2010-06-13;-232.0;BRL
0072e1053bfb46e9960821e6ad88338a;Produto_I;2010-06-13;-1000.0;USD
e1c67808f63b438581ffef311d9dcf92;Produto_J;2010-06-13;-240.71;BRL
ba7c24a4662545379577ccbf3fa823af;Produto_A;2010-06-14;-702.46;BRL
f992c52074a6474cbef446393dea96eb;Produto_B;2010-06-14;-426.04;BRL
574bb98128df468ca6349999b488b982;Produto_C;2010-06-14;-229.5;USD
e96736f623f94fbaab48b076e071ca4b;Produto_D;2010-06-14;-520.14;BRL
8884b7b9ac234e62836b7bd17a4d8b8e;Produto_E;2010-06-14;-709.01;USD
a05608637e954d2dbfab54e7ae58f8c3;Produto_F;2010-06-14;-327.68;USD
0bf58ac2165d495488e08d7975ac9230;Produto_G;2010-06-14;-98.45;BRL
a7905e0de80c45eaa83dd856f36941dd;Produto_H;2010-06-14;-575.62;BRL
9ca2bca161974ffe9b35b2b4e20c9a0c;Produto_I;2010-06-14;40.39;USD
918188ed51f243139471f848ee465ded;Produto_J;2010-06-14;48.6;BRL
0404cf76f90e46a7bec9ff3f3e0784b5;Produto_A;2010-06-15;74.13;BRL
8c529c24ab5c4930b535578822201504;Produto_B;2010-06-15;-208.21;BRL
1013716ebf894dc9a75481d54b40cc4e;Produto_C;2010-06-15;-393.27;BRL
4fe0633569ba44829f83e737020a6a33;Produto_D;2010-06-15;-482.1;USD
9f92216eaf424a1aaa6806b1dc124934;Produto_E;2010-06-15;-642.91;BRL
67efe49dfd074b789d65eaa7617d5315;Produto_F;2010-06-15;-426.13;USD
a848af77aa624701bf93a85dedebfed8;Produto_G;2010-06-15;-340.91;USD
89ffa34aeb5246c883e1628dd5c8c0ac;Produto_H;2010-06-15;-711.63;USD
738ad0f9cfd3492dbdce37fb737b5a9c;Produto_I;2010-06-15;-50.29;BRL
3ea982d0acc24b28ac9e09d1e5e35dc6;Produto_J;2010-06-15;-550.28;BRL
8c21deeb95ec490b84806a112d5ff828;Produto_A;2010-06-16;-84.1;USD
9b0e24caae41476c899a88fb142a1fb3;Produto_B;2010-06-16;-428.2;USD
1d89e1ec5ce24b5a9748a1587a392010;Produto_C;2010-06-16;57.64;BRL
87cfc4d6354b4a2283166abf2e2de0d3;Produto_D;2010-06-16;100.0;BRL
6f0dea6188044bf4860109e3d83d8647;Produto_E;2010-06-16;-50.21;USD
f7dc910fdff54c94a3b1fc8f02d9010d;Produto_F;2010-06-16;-244.91;USD
03a1b90559674a30959bf1b487659a49;Produto_G;2010-06-16;-13.71;USD
9f4c5983deb046a4b9c7f9fb1d89bd8c;Produto_H;2010-06-16;-777.18;USD
075fba4fd7544812b48dedaf7d60be02;Produto_I;2010-06-16;-532.47;USD
49a370cb85d546a6b099eeb6f76daa9c;Produto_J;2010-06-16;75.83;USD
2ce04ee705724aea868e3917dac839bf;Produto_A;2010-06-17;17.83;BRL
7773d0d47f4343bc8803a8a3615938cd;Produto_B;2010-06-17;-197.46;BRL
fa7c206f968c4d868eb9067b39642780;Produto_C;2010-06-17;-271.75;USD
662bc4125cff4bbbb0ce472b97375f14;Produto_D;2010-06-17;-42.76;BRL
2400c37a531545aab744bc1db4400b27;Produto_E;2010-06-17;-705.56;BRL
571d9157b4ad49c1afd3280768ed9c72;Produto_F;2010-06-17;-241.02;BRL
12a1d1f999904290aa9da6fbbb74f0fb;Produto_G;2010-06-17;-89.68;BRL
d352690606904f77ab7f11a27f2237e1;Produto_H;2010-06-17;-229.1;BRL
f808b8b6e87743709008f44c5368ab90;Produto_I;2010-06-17;55.88;USD
38788b680d0542b7bbb0b5216c3d9688;Produto_J;2010-06-17;98.92;BRL
0658677cc2824c948b971c39bb32f816;Produto_A;2010-06-18;-239.47;USD
73bbabd70eab4ad6bbac44249f395314;Produto_B;2010-06-18;-1000.0;BRL
447d67a86be9475d8492f233fd087969;Produto_C;2010-06-18;-1000.0;USD
b8279c3a9fb74870901c9c5916ff7d7d;Produto_D;2010-06-18;-654.82;USD
470f8fc0daed449b9f004ab7e4e3775c;Produto_E;2010-06-18;-153.58;USD
3d0d77ce2cbb44b296a72987462f9654;Produto_F;2010-06-18;-822.84;BRL
103d154e525146d28fddc13a9befd064;Produto_G;2010-06-18;-120.12;BRL
4a6a82466f6248069a7dccebfa05771a;Produto_H;2010-06-18;-130.02;USD
2f4bc7ad9f0a42ef904b5a74f0915834;Produto_I;2010-06-18;-73.0;BRL
dcb6d124bd534ce79a01aa442b16dfd3;Produto_J;2010-06-18;-977.24;USD
61146f2c2a5f4651ba6ed03251313e0b;Produto_A;2010-06-19;-434.53;BRL
8cc7a44d84544e43a3ae06929210d869;Produto_B;2010-06-19;-847.5;BRL
c8692c27f83448c187cae490cf37ec84;Produto_C;2010-06-19;-616.23;BRL
b52ff74d38c546a0917302885e1e72eb;Produto_D;2010-06-19;-695.97;BRL
8c81ecfe60044139b950bfce1d9ff238;Produto_E;2010-06-19;-726.91;BRL
4f106de99b1f4b26be71738f23ff0431;Produto_F;2010-06-19;-302.43;BRL
30347caed30443979e33be85faa13761;Produto_G;2010-06-19;-717.07;USD
f6920bab18464d0089acf28db3f3eb95;Produto_H;2010-06-19;-1000.0;BRL
4b2557758abd44d1b54f58001ec324d0;Produto_I;2010-06-19;-704.38;BRL
832a6deee64f42eeb4dcde491ce86011;Produto_J;2010-06-19;-966.89;BRL
7ec4f9b67ad940038f592a59381f02c9;Produto_A;2010-06-20;-118.13;BRL
f0bf84238d9746f587bffc89bbaf16f2;Produto_B;2010-06-20;-580.71;BRL
672c84efe3bd42128c4fbec1e5463157;Produto_C;2010-06-20;-1000.0;USD
dcddc5815cbd4bb8822ef4d40ee7360b;Produto_D;2010-06-20;-279.6;USD
f3f8a8bd67064e109889e11d3092ae1f;Produto_E;2010-06-20;-616.35;USD
8253aa28ffcc4c37b8b2f6d6b80b0f71;Produto_F;2010-06-20;-462.49;USD
41f6ca88d96249e7a3dd2127a06b5a75;Produto_G;2010-06-20;17.26;BRL
bc6de49774594285b0cd42789400c922;Produto_H;2010-06-20;-836.7;BRL
2eec1543bcad49ab8874625164f60b9d;Produto_I;2010-06-20;-679.03;USD
0b18a0f00b0f475e887886dc9a0a2942;Produto_J;2010-06-20;-81.2;USD
f7a0748f91424063941820181f2899c7;Produto_A;2010-06-21;-276.94;USD
003af0745ee6433eb843e68850d05820;Produto_B;2010-06-21;-1000.0;USD
1be594737b3e4476a41a9135836d9767;Produto_C;2010-06-21;-676.75;USD
393c73feb5d543978f9d460bb8bb1ab6;Produto_D;2010-06-21;-172.54;USD
82a12a82efd34905b888f6653bb97f04;Produto_E;2010-06-21;-18.61;USD
a2970281ec434364b71be3076b24eb70;Produto_F;2010-06-21;-38.4;BRL
5b656c2f4d9b43568b9b4ed8b82aea02;Produto_G;2010-06-21;-276.99;BRL
8aae26db98ae4f9eab97d13556d19853;Produto_H;2010-06-21;-461.26;BRL
de87ecb93cb14e8fa1d7f7f8133d6419;Produto_I;2010-06-21;-261.72;BRL
099d3097168140739612e377a1df78d8;Produto_J;2010-06-21;-541.54;BRL
42ad1184ebfa4027b90f3482c3903792;Produto_A;2010-06-22;-89.24;BRL
ce408e56564747e4a1fca6088687ed33;Produto_B;2010-06-22;-834.51;BRL
f05f69cc4291462585a6b9cbcd867ec0;Produto_C;2010-06-22;-477.44;USD
450aeca0db654f1ea308f7fa9540be3d;Produto_D;2010-06-22;8.89;BRL
2b5f022b86fe437597b50cfaa6483732;Produto_E;2010-06-22;-580.81;USD
f53ced8230e24a2882a3b137d86d1da5;Produto_F;2010-06-22;-683.52;BRL
d8d7817c5d014213aa2a01e13e59f849;Produto_G;2010-06-22;-664.36;BRL
4262c7b88f454e27ba444d44406ae236;Produto_H;2010-06-22;-243.84;USD
7becd8eae9f44813b261e17961e224b6;Produto_I;2010-06-22;-185.41;USD
c55ae178fb4846fab4e11363a058b9aa;Produto_J;2010-06-22;-979.25;USD
3938d729cf2c4b97babf95d81977fb91;Produto_A;2010-06-23;-410.3;BRL
e99e30765ff8499ab87832e736c2bbd4;Produto_B;2010-06-23;-261.56;BRL
576e169ab24a443cad94d808831d5c50;Produto_C;2010-06-23;-248.11;USD
4fa9e73b429b462db914474643729da4;Produto_D;2010-06-23;-376.09;BRL
9bf501943f254060a01d6ce03cb35b86;Produto_E;2010-06-23;-824.53;USD
496f15dfc9f14079b4672dcb61b42ed0;Produto_F;2010-06-23;28.56;BRL
6c188431e7d74fb59ded5a553afff983;Produto_G;2010-06-23;-508.02;USD
836d8a583e14486c83566000f9357cde;Produto_H;2010-06-23;-107.2;USD
8ec2901c04cf4ec6bf662b553e07ca51;Produto_I;2010-06-23;-738.09;USD
f05d92682c294bd4a3da9521ad1fa26b;Produto_J;2010-06-23;-51.67;BRL
a977fd297dfd487da53b8387fde2e64f;Produto_A;2010-06-24;-123.88;USD
c27046b68e3d472c859f18cf9e4890cc;Produto_B;2010-06-24;45.68;USD
c94fb7ba641c4be189f9748de6294686;Produto_C;2010-06-24;1.05;BRL
41217c8762a54899859bcd8a91b987d4;Produto_D;2010-06-24;31.43;USD
7a8a46d961f34544bf11452401f038af;Produto_E;2010-06-24;-746.68;BRL
922fba240c6046eeb31d6824054b236e;Produto_F;2010-06-24;-789.48;USD
a73e611755c34443823f7747f9ec8099;Produto_G;2010-06-24;-446.85;USD
5830ab2d299a4788901decde8d5ef716;Produto_H;2010-06-24;-84.39;USD
4c669da82e77477a8d10cabe4f3cb183;Produto_I;2010-06-24;-1000.0;USD
4027924eeb5448d7b68caffd1a2e794a;Produto_J;2010-06-24;-795.29;USD
e9f0a14833564bb48761014cbd1a8d76;Produto_A;2010-06-25;-250.23;USD
d19e0553482146148bf09d2f27da71a8;Produto_B;2010-06-25;-850.05;USD
17e8d6ce2dda41f7865ffcd0af9e1ee5;Produto_C;2010-06-25;51.17;USD
210743c8743843e38e273314546396e6;Produto_D;2010-06-25;40.27;USD
f70e9a82437c44548a16a669f204fecd;Produto_E;2010-06-25;-732.04;USD
a7061a16a5204abfaa69bfdecad0cd51;Produto_F;2010-06-25;-250.24;USD
2d0f6b6ea7a64d80a190a176c6879578;Produto_G;2010-06-25;-737.75;USD
0821a3a412934235971ed658a562acbd;Produto_H;2010-06-25;-534.25;USD
112cad5b719042bba6c943b8dfaff8c4;Produto_I;2010-06-25;-472.29;USD
c899712d7ce24f4f91e042cda0070885;Produto_J;2010-06-25;-526.0;BRL
f9599fe8d581410d80991a4ce635ee9b;Produto_A;2010-06-26;-721.91;BRL
eabbee60cf6249f5b57a87346341bfa4;Produto_B;2010-06-26;-186.43;USD
74892c4ec05a400fa69301f8295ed499;Produto_C;2010-06-26;-1000.0;USD
490f6ee69f0c4705a96a237414e62601;Produto_D;2010-06-26;-834.61;USD
f0d412d7f0ce4fd684dc3c30a45506a7;Produto_E;2010-06-26;-79.16;USD
5b30118359c64d64a9bcbaecb4cc97eb;Produto_F;2010-06-26;-172.54;USD
d4b4b744e7ba433dbd1568c95129a225;Produto_G;2010-06-26;-215.73;USD
2f9226a5bc6d4b2e9480582df1ea3c6c;Produto_H;2010-06-26;-232.42;BRL
1dc79cc646914e919c756e71af3475f9;Produto_I;2010-06-26;-801.24;USD
7c0a034ab6df42a58a44bcd3f87b9e1f;Produto_J;2010-06-26;-188.32;USD
666aedd0bbf14d6b9c7c7a23b0dd7e3b;Produto_A;2010-06-27;-632.82;BRL
841cbee1b64144dcb568a00eaaf4e93f;Produto_B;2010-06-27;29.27;BRL
db935417508f46d9b53bcbfcd4e66ac7;Produto_C;2010-06-27;-209.3;BRL
88a66eafcfbd42959ae4aa2f504361bf;Produto_D;2010-06-27;75.61;BRL
48feb6d9fd4e49faa531dbd5a2312ac7;Produto_E;2010-06-27;-468.12;BRL
25f9da5f8c934af2b80778e8eca58a4a;Produto_F;2010-06-27;-401.6;USD
f0b2ba1531aa4ee1ae3c51b8deab0f63;Produto_G;2010-06-27;-16.18;BRL
63ad1b15501b46a38303f1fd66945327;Produto_H;2010-06-27;-1000.0;USD
fb3135269b554c16bfb3706280efd5bf;Produto_I;2010-06-27;-983.43;BRL
304a9e9fd5be4511b4ee96cfdb590e0a;Produto_J;2010-06-27;-154.33;USD
861032fee3e44b65a4597eb192d7c868;Produto_A;2010-06-28;-661.38;USD
6633a6796e974073aff55a05c3c6f92d;Produto_B;2010-06-28;-297.95;USD
28e0b092af4c49568b89dbacd6ad08ce;Produto_C;2010-06-28;-650.62;BRL
1069330e5b4d40a491740ee58281937f;Produto_D;2010-06-28;-81.75;USD
993d8130a7df4690a80ae47a02c7f450;Produto_E;2010-06-28;-714.73;BRL
117fe9c27526474c9818c0da8ca06dcf;Produto_F;2010-06-28;-799.38;USD
a015348824484020a58484882ea259b5;Produto_G;2010-06-28;-432.59;USD
daa345798c414af2a4550a0385551c8b;Produto_H;2010-06-28;-3.94;BRL
c69c9f53caa547e494b3c3feefed264d;Produto_I;2010-06-28;-1000.0;USD
cab999af5aaf4737ae391e0f15727fff;Produto_J;2010-06-28;-38.19;BRL
c69d551d70524c888e997533889f2188;Produto_A;2010-06-29;-402.15;BRL
648276c7e35d48368aa6a0c3ae190055;Produto_B;2010-06-29;-197.85;USD
174f72e48ca14d42b6e248a941617eba;Produto_C;2010-06-29;-165.85;USD
324aaba68b6e4ee5904aac490c0c8435;Produto_D;2010-06-29;-795.62;BRL
87ff70203da04f879de66df3705befb3;Produto_E;2010-06-29;60.95;USD
2450cb5c971f45ea938ae632bbaeb336;Produto_F;2010-06-29;-303.97;BRL
18c6c1ace14042aabad8e72b4f8ec9b4;Produto_G;2010-06-29;-119.06;BRL
f3c5c23cc07c4fad9d77f38018b57ba8;Produto_H;2010-06-29;-704.52;USD
63b2c9e49224466dbdadf42a4027d102;Produto_I;2010-06-29;-743.65;BRL
0ec021bf835a47cdbfed9572fc1c9638;Produto_J;2010-06-29;-700.72;USD
1bc04e30ab1044a48e6a58a054d4a119;Produto_A;2010-06-30;-140.16;BRL
d4ce1e2ba70b4feba64fc5d5f13a70c9;Produto_B;2010-06-30;-924.42;USD
1deeb5fb836f4b7e9ba6b04bb9b512a5;Produto_C;2010-06-30;-659.65;BRL
65d59d5d049942e9a83592a1d24a4857;Produto_D;2010-06-30;-393.6;USD
4b4271727217481d9cf6de5008e59ea4;Produto_E;2010-06-30;-239.21;USD
86e82df724e3447385fdf29a82e25a58;Produto_F;2010-06-30;-27.17;USD
7cd9850a79fd41b2960ea5e65da49756;Produto_G;2010-06-30;-758.82;USD
34da178f948846a3b0972dc6012c4ef8;Produto_H;2010-06-30;-103.24;USD
5e7ac5700d344313b5f516fd04332685;Produto_I;2010-06-30;-148.74;BRL
88efa04bf8c84f90a3973338f74a5df0;Produto_J;2010-06-30;-852.53;USD
c88ea4b018ea440fb4772f81cb94e4fa;Produto_A;2010-07-01;-624.96;USD
4064952ae4bc44d0aaf7124c84045efe;Produto_B;2010-07-01;-268.17;USD
b2fad94611114fc8b5c77db79a8bf76f;Produto_C;2010-07-01;-813.27;BRL
5c71475c987647d3881002c275ee1bd7;Produto_D;2010-07-01;-502.9;BRL
f223d35a5b42444d9f270adc65b45727;Produto_E;2010-07-01;-396.46;BRL
06bb5f7dda5d47c19449f2c1d21c08fe;Produto_F;2010-07-01;-297.72;BRL
f8cabcd73eae4dfea367587ed233f447;Produto_G;2010-07-01;28.82;USD
ec82b9fb38fb451d95f0354d764bf037;Produto_H;2010-07-01;-492.39;BRL
d839823c28604640b9cc46bd3a08b3ac;Produto_I;2010-07-01;-421.35;USD
7a076fc462ae4a97b0b3445ae6e6314b;Produto_J;2010-07-01;-422.38;BRL
d2efbb000a144c64ab4cdcfc0be0e27f;Produto_A;2010-07-02;-560.25;USD
9b7a0138227f414d9433927172e42ded;Produto_B;2010-07-02;-247.29;USD
9ca5a09a5c4c43ca9ab666ff6be598ee;Produto_C;2010-07-02;-943.15;BRL
158e6a4785df47b081b3934968890e24;Produto_D;2010-07-02;-71.44;USD
deb62b6836f94993b6db0cab5d9f0843;Produto_E;2010-07-02;-301.29;USD
44af4afa87fb49d980284cdeee987476;Produto_F;2010-07-02;66.09;BRL
67b5238f83714d198899bb71c475410f;Produto_G;2010-07-02;-234.06;USD
b43b2198a14e4a9abd17ccc6b023e1a3;Produto_H;2010-07-02;-969.81;USD
9fe2087543f84127aed37b3696fc434b;Produto_I;2010-07-02;-750.21;USD
843da7b965ff4c7596339086ec105284;Produto_J;2010-07-02;46.52;BRL
90abc8e478d04ac684d94873718bc11f;Produto_A;2010-07-03;-637.76;BRL
005f97101ee94a9180e9354237a32acd;Produto_B;2010-07-03;-499.09;USD
0824b4722be247caaddbe8483bc52a98;Produto_C;2010-07-03;-247.2;BRL
3c1d58c6879a4c5b83bf28390b00961d;Produto_D;2010-07-03;-252.78;BRL
76c01f0b522d4f3ba08c6f487812c2a2;Produto_E;2010-07-03;-820.87;BRL
c3117563c98849dfad5dac8bd46f278f;Produto_F;2010-07-03;-618.29;BRL
d8e0c1c65224484d9baf059506447400;Produto_G;2010-07-03;-663.98;BRL
84fcaf25dc004f37be7b35afd0780611;Produto_H;2010-07-03;-790.17;BRL
8272efd02505414ea0cc0bc0aabf71f7;Produto_I;2010-07-03;-771.02;USD
fbadae5c13e64838a65bb7971d1026da;Produto_J;2010-07-03;48.55;BRL
27ed7979899843f5bbd8b567f7291cfb;Produto_A;2010-07-04;-858.67;BRL
cd3dc5497481439c9f8b1cc4891f3b0f;Produto_B;2010-07-04;26.38;BRL
9410584ff98b4cc39deaf7127f356f82;Produto_C;2010-07-04;-551.71;BRL
e01f2ce7457e475f8f782097a831ef12;Produto_D;2010-07-04;-841.21;USD
f4a3401b2ef842a1ba68e01a734cdf43;Produto_E;2010-07-04;-788.02;BRL
21427123919c4baeb24c53816d4f522c;Produto_F;2010-07-04;-41.1;BRL
d8e150be966c4d14b94794a9ea76d0f8;Produto_G;2010-07-04;-599.78;USD
dce2d5795c334b9e9e73aac9f6ab173b;Produto_H;2010-07-04;-305.49;USD
248c2c6dc3674705984ab7ebe6c7ba44;Produto_I;2010-07-04;83.32;USD
4c03f9b42d374225b8f4b51c11965137;Produto_J;2010-07-04;-463.74;USD
1131690b6632420c8a1b0ec2a90448c1;Produto_A;2010-07-05;-687.79;BRL
50f061bddcd84d1aa1e95a4a10c40874;Produto_B;2010-07-05;-1000.0;BRL
3b3944c77d764ee08d512dec255f8839;Produto_C;2010-07-05;51.98;BRL
679c0ff317c04696aad69c9c4f4ca23a;Produto_D;2010-07-05;-579.92;USD
74c6291b13d94798a3b98e04a42d75d1;Produto_E;2010-07-05;65.63;USD
cdba119518c340c0b21e21370d098777;Produto_F;2010-07-05;-628.43;USD
01236353083d43f28c2432b0aa1040ff;Produto_G;2010-07-05;-404.56;USD
b6c3c62a8b05420c99527d12bcacbcbc;Produto_H;2010-07-05;-953.92;BRL
5d2dec87eeb54b6ca556ce2427ce60f0;Produto_I;2010-07-05;-331.37;BRL
de804da34d2d42cd83935a8240b2b372;Produto_J;2010-07-05;-1000.0;BRL
829b3243b0324ee3a0b7bb3d7d0c6240;Produto_A;2010-07-06;-120.11;USD
f900ac730c9b44bc9f9463b9642699a7;Produto_B;2010-07-06;-746.8;USD
88efe22c099d43bf82a05ae575b3f13f;Produto_C;2010-07-06;62.66;USD
134d301648c24f9d80ec84db4cca96d9;Produto_D;2010-07-06;50.56;BRL
2f2a7774fff8457cae0b8f111e1fed52;Produto_E;2010-07-06;-138.24;USD
af94fba1420a4a208ff8e395bb8efd96;Produto_F;2010-07-06;-49.97;BRL
31ef0eef224e4395aa77b8d800efc3b4;Produto_G;2010-07-06;-163.47;USD
58236f3c4d8743cf90dadb327660be69;Produto_H;2010-07-06;-881.11;USD
1fdb7d0bd45d4442a2186cd446e2ccad;Produto_I;2010-07-06;-280.23;USD
1c3d2026a3fb4b7cbd2e710cc3f0fe5c;Produto_J;2010-07-06;62.03;BRL
cd3c72ebbf8140f98f4dc7e3dd8aa92a;Produto_A;2010-07-07;-141.72;BRL
a910bcd6876f4a47937ac7ef4d7b4c7d;Produto_B;2010-07-07;-412.49;USD
35da371886af44f1aab598f1587e59ed;Produto_C;2010-07-07;-1000.0;USD
3d5401e97e4442e3aed1fa4c356e06ab;Produto_D;2010-07-07;-614.19;BRL
994b919a37cb41b9b0a6f92ccaa3ba68;Produto_E;2010-07-07;-619.73;USD
a8f8f8f12b8d4f94a9701e640cd195e9;Produto_F;2010-07-07;-786.05;BRL
e84c368979354b8ebb755a541168b93a;Produto_G;2010-07-07;-503.39;BRL
db6f47d9743743bfafd8f9b02011b93e;Produto_H;2010-07-07;-513.28;BRL
80b79c37641544e0a873b47babc88ee2;Produto_I;2010-07-07;-940.31;USD
27b07da5f8b6487aa4f0a90024840ea9;Produto_J;2010-07-07;-805.52;USD
46a33d99515442ce96c778b592d029e7;Produto_A;2010-07-08;-441.47;USD
5a201d7f67d14d43a295f8f45f9ee7a7;Produto_B;2010-07-08;-1000.0;BRL
9f693d4237114ac28d2af503b0d79f2f;Produto_C;2010-07-08;-761.36;BRL
b3e5980f7c47432d83f0d1176b9503fd;Produto_D;2010-07-08;93.49;BRL
27fcc25076564979b54118fb4d11ae61;Produto_E;2010-07-08;76.66;BRL
0c97b8285802455081c664ecceae7081;Produto_F;2010-07-08;-361.01;USD
873f17e8f3bb45e7a08cfa20fb4145e4;Produto_G;2010-07-08;-460.49;BRL
2a442e6609604a839192055d60ad8e0a;Produto_H;2010-07-08;-1000.0;BRL
e543cdd780d84399b1bab4435baccffb;Produto_I;2010-07-08;10.79;USD
579e99f2708640b9bc210e4112b1191f;Produto_J;2010-07-08;-564.38;BRL
9a950c7256e64c3a9909768a2cb3807d;Produto_A;2010-07-09;-569.08;BRL
1508d9e62d104e1e89e51befa428eb5e;Produto_B;2010-07-09;100.0;USD
60400a898c234a24a0fdd724c8b84d1c;Produto_C;2010-07-09;-423.54;USD
2ee4e51b72cb4fa8ba2d8e670e5670f6;Produto_D;2010-07-09;-569.61;USD
033b9730c94842f99dd1747db8fd74ff;Produto_E;2010-07-09;-609.05;BRL
6c7119da79dd4cf7849f97f2ed16c125;Produto_F;2010-07-09;-28.9;BRL
902fd3d1d17c428eacde7a1e861f9004;Produto_G;2010-07-09;-691.8;BRL
870cc960434345ff9648d91a109acab7;Produto_H;2010-07-09;-90.15;USD
3712a26a3c114701b5ab440ebf17ff26;Produto_I;2010-07-09;-1000.0;BRL
8a350fc6400941d78537827cdd4e9ad9;Produto_J;2010-07-09;57.36;BRL
4378131548f14e95bbe698e4dcf3334d;Produto_A;2010-07-10;-43.63;USD
5efad0b6d2fc4199b9c50b861e9d25cd;Produto_B;2010-07-10;-922.23;BRL
285048b6746d4bcf8ff4d5aad7166ee5;Produto_C;2010-07-10;-402.0;USD
d0b3162720a04bb6a08966a44ee0db1a;Produto_D;2010-07-10;-399.1;USD
de1a41559ae1449b9203abb563d5d59a;Produto_E;2010-07-10;-357.4;BRL
834a8e4b44b140c5b971b85118d11f52;Produto_F;2010-07-10;-63.24;USD
7164fe313f8544fdacb6a00f4590ee46;Produto_G;2010-07-10;-476.5;USD
0f0e2063e4f442698e50ef457845cc57;Produto_H;2010-07-10;-6.94;BRL
6151936ba4864c83b8230976e82de3f9;Produto_I;2010-07-10;-19.11;USD
a4ef4ec621c54c00bd25e6dd4e025837;Produto_J;2010-07-10;-177.29;USD
a44f18ee4ef44a6dbcbd3247a92679eb;Produto_A;2010-07-11;-446.17;USD
ac66e132d7e54af3bddea01b64befe75;Produto_B;2010-07-11;-491.42;USD
d4f7925eae78445dacdc44a49b28c78c;Produto_C;2010-07-11;-390.33;USD
ab98b8db60f8406f8434b81908025c83;Produto_D;2010-07-11;-708.02;BRL
b0f220b9ca784d9b80b27facea35352d;Produto_E;2010-07-11;-49.24;BRL
913c9e2cfb324746a6f5a01b78de8092;Produto_F;2010-07-11;-248.69;USD
c6fb5136550d4e90af188c1ef17ddf28;Produto_G;2010-07-11;-719.91;USD
595f62d5924f4db7bf95c921d6c04724;Produto_H;2010-07-11;-38.51;USD
00911d5c9eef4d4b870ba07a4c60f57a;Produto_I;2010-07-11;-577.44;BRL
2622e819c26b4e8bbbcd241d8c4c1eba;Produto_J;2010-07-11;-100.0;USD
fcada9e042e54e42bb9939988d2ab10f;Produto_A;2010-07-12;-594.78;BRL
f3ebc1df0a5a45d780e67ce4440be3ae;Produto_B;2010-07-12;-182.21;BRL
a2112e02e6934537a2214c385e8be183;Produto_C;2010-07-12;-312.35;USD
16e6aac12b85483f96398ae3cbce6e2e;Produto_D;2010-07-12;-454.12;USD
0c68f9818572400fbf83e58f47059aed;Produto_E;2010-07-12;-337.0;BRL
a4fb021bde304db1802b9ca05797d51b;Produto_F;2010-07-12;-563.84;USD
a397f4eef6e448378c86f7dd139251c8;Produto_G;2010-07-12;-746.85;BRL
9bb5c4cccb8648c09cc9688b06379cc7;Produto_H;2010-07-12;-471.61;USD
323f99df00184ed5a930fd3e19255eee;Produto_I;2010-07-12;-1000.0;USD
532d9253881a4d5b9273a66392c915ab;Produto_J;2010-07-12;-1000.0;BRL
6770ee712b3b44e7a2b884d4403e2532;Produto_A;2010-07-13;-880.94;BRL
9e17731e4cd548539501f48081633ba0;Produto_B;2010-07-13;-955.02;USD
b3fa2d83b1bf41568f99bc35504319d5;Produto_C;2010-07-13;-742.56;USD
9c4e3d152c2641cfada8e3dc127891f9;Produto_D;2010-07-13;-544.36;BRL
62130ad9708442d984d631cc707b5f60;Produto_E;2010-07-13;-826.67;USD
506924f18ada4f63857bd22d6e27f0a4;Produto_F;2010-07-13;-653.93;BRL
460174b9306a4d85af07df70f5d1465b;Produto_G;2010-07-13;-586.83;USD
c26eb89d940d49c284d720507fe8ec08;Produto_H;2010-07-13;-349.37;USD
c45af06e2c924cc88edd97193f3b81e0;Produto_I;2010-07-13;-70.11;USD
3fa015f4be50438bbc2744a701d3a0a0;Produto_J;2010-07-13;-363.68;BRL
77d9a2a290a841ada591371f238f7c5d;Produto_A;2010-07-14;-601.89;USD
ed7afddf8abf4a3dbaa18565e76c466d;Produto_B;2010-07-14;-884.59;USD
65bb943c9d2749c582dfa9c2fcecfd76;Produto_C;2010-07-14;-893.05;BRL
55e428373bbb4d42b8167d00d57d7c2e;Produto_D;2010-07-14;-660.38;USD
fa9fac8e6ff94cc288500771f692ab01;Produto_E;2010-07-14;-93.26;USD
529b0e73247f4071a3a5b6adf43ecd78;Produto_F;2010-07-14;-627.18;BRL
f5f3c53b1b434820a5a06408cab5dc7f;Produto_G;2010-07-14;-442.09;USD
fa0b802a813d48a9947e3a07dda6b458;Produto_H;2010-07-14;-988.4;BRL
c8c765d3ce8942ee914845da433556ba;Produto_I;2010-07-14;-959.89;USD
31519284569b456ab7663c351a3bb25d;Produto_J;2010-07-14;-188.56;BRL
8f24da1cd8a2452ab2cbdc5b156370c5;Produto_A;2010-07-15;-764.76;USD
9e11a1643e2c429e92641b2df33501a6;Produto_B;2010-07-15;-527.69;USD
1c3c66a1d7704460a2f9e0c00b7d1f0c;Produto_C;2010-07-15;52.95;BRL
f80777352f274b3c8d6c4db719b0fe68;Produto_D;2010-07-15;-493.13;USD
5955997ba1af43b8ae4b11fb97003d34;Produto_E;2010-07-15;-280.11;BRL
bd708783b826426eafe93fcc62feeb12;Produto_F;2010-07-15;-252.23;USD
65e9df065e8e4c6aa47778c906924b1f;Produto_G;2010-07-15;-128.62;BRL
5c158629d3fa4952957ac1d56f072e8c;Produto_H;2010-07-15;-167.05;USD
8fe2e1ba4ee441d691629cecca761732;Produto_I;2010-07-15;-462.48;BRL
b8bdc807133d4ebeaa8840a36d43a609;Produto_J;2010-07-15;76.91;USD
8a740eafa07d4efca4ed4f742a817dcc;Produto_A;2010-07-16;-84.11;BRL
df0b51b37fb94d108ffbb59c19319949;Produto_B;2010-07-16;-982.47;USD
90c534aea2a2498a932446a41bba0db6;Produto_C;2010-07-16;-549.2;USD
a76cef7843a2435d8e66a05e6218ac6c;Produto_D;2010-07-16;-908.47;BRL
12eb087185fc425fac98d53228d64a9d;Produto_E;2010-07-16;-164.05;BRL
b823d5ea86494d7a9f4f18001ed38e7c;Produto_F;2010-07-16;-514.13;BRL
e27093b06fd54969a795b72fd5144639;Produto_G;2010-07-16;-87.43;USD
6dd66344a4374fa08f5aeb8aec06f0a0;Produto_H;2010-07-16;-998.07;BRL
4e01a77ed5c44891bc4ca33f0f6aecad;Produto_I;2010-07-16;-662.72;BRL
f964aec96f1343178eb80d31a184fc20;Produto_J;2010-07-16;-912.97;USD
fb393ddc760b4eceb84b30cc720aa128;Produto_A;2010-07-17;-214.37;BRL
7ca782a6a0d8472e9ff00ba7e29e5811;Produto_B;2010-07-17;-320.85;USD
598d1db3e2c34bdc8f012acc09e70511;Produto_C;2010-07-17;46.65;USD
f2e2bdce876044e9b6cf4f0912134722;Produto_D;2010-07-17;-689.22;BRL
1a8b6a32c7774aa6962f63004168091b;Produto_E;2010-07-17;-679.52;BRL
78e436090f9f4529994553cba814677b;Produto_F;2010-07-17;-475.3;BRL
c8b153366f27424bb6537465e4e0dd88;Produto_G;2010-07-17;-449.67;USD
a5621d86eff848e7b089fa3077b18927;Produto_H;2010-07-17;-165.17;USD
2f803eb1e7c14660874b7037fd3ee9ec;Produto_I;2010-07-17;-1000.0;BRL
889ae87ed1854c1e8cb6c3358c5f8414;Produto_J;2010-07-17;-356.05;BRL
4cf827205da14178ba6109e64f59863f;Produto_A;2010-07-18;-486.04;BRL
3c93388fd39042e7838692910192c418;Produto_B;2010-07-18;-471.91;USD
1fbde35ec7fe4f0dbe6b36defa5f0133;Produto_C;2010-07-18;-112.89;USD
7963f68422f747cd818c848f2fc308f8;Produto_D;2010-07-18;-432.62;BRL
e462e208259341bbb1fc4c4592812ca7;Produto_E;2010-07-18;-780.95;USD
7bb36814b23242ce9b2686f9f88fbeee;Produto_F;2010-07-18;-546.71;BRL
4d60e95f14684ccbb31f74434a1f5021;Produto_G;2010-07-18;-39.81;USD
08d94b2d047240f7a61f83a83f7e921f;Produto_H;2010-07-18;68.22;BRL
4b500950a9ac4b77a55a5b883a098b92;Produto_I;2010-07-18;-411.84;BRL
6ed69c0a9176410d9db456e3b0263247;Produto_J;2010-07-18;-828.69;USD
e2ab689d9fdc4cfc9a43b141a668a8ba;Produto_A;2010-07-19;-45.15;BRL
ec732baf34264dddb289628ddef79a54;Produto_B;2010-07-19;-312.63;BRL
ecdfa531ff27433c98dab5e7883e9400;Produto_C;2010-07-19;-759.94;BRL
3980297d7db9406089096e880b62e795;Produto_D;2010-07-19;-106.98;USD
347da78fd9594f8fabe546ad4143291f;Produto_E;2010-07-19;-102.38;USD
8df1bcd627a24b208ddfa6ad6c2a7796;Produto_F;2010-07-19;-543.04;USD
98fa08c4f9684cb0a65bc0add668c73d;Produto_G;2010-07-19;-289.09;BRL
79d3da118221415bb2b51739f7df415c;Produto_H;2010-07-19;94.76;USD
662eca8b4fc7483f84f455464c3f79ad;Produto_I;2010-07-19;-1000.0;BRL
aa2773dfd90c40cbba16dc545c3e966d;Produto_J;2010-07-19;-906.31;USD
83f1bdd7174848d69465eb509aa450dd;Produto_A;2010-07-20;-371.4;BRL
5fd9a12ff60d4c268842679f1f0a2401;Produto_B;2010-07-20;-698.76;USD
1cf0ea6db4f54ea98b8bb051be188595;Produto_C;2010-07-20;-682.71;USD
32ea09948b0a4f85be067d23ab896f7b;Produto_D;2010-07-20;29.9;USD
1e0958cdfe254167b6949ee7ed925203;Produto_E;2010-07-20;-160.66;BRL
c3a3c5bbe55445a8bf2f803ef68b3951;Produto_F;2010-07-20;-276.51;BRL
23942c08c83c493388e8c3c077a1f633;Produto_G;2010-07-20;-107.4;BRL
e005b6b52ea94db980f4ae480f194456;Produto_H;2010-07-20;-1000.0;USD
b9b9053a68e2401a97946649f7869726;Produto_I;2010-07-20;-258.45;USD
bb47f7f99001437399257b582f28e8a9;Produto_J;2010-07-20;-1000.0;BRL
855eb86a68f041c8a979835aee34c41e;Produto_A;2010-07-21;-551.76;BRL
c6c9b45c6f5a4fdebd1c461c10c1210c;Produto_B;2010-07-21;98.34;BRL
f00d31615d9b4cbba6536c1bc5267b4c;Produto_C;2010-07-21;-291.69;USD
9dc974a3333d4d54925d38e34dafa16d;Produto_D;2010-07-21;-915.21;USD
edb4983d64574b238f813823c6131ccc;Produto_E;2010-07-21;-446.99;BRL
005b38f2e9c040499ddc9b3ebcbe4675;Produto_F;2010-07-21;-280.51;BRL
ca840d5c2a1a4d5e9052fb036f29de55;Produto_G;2010-07-21;-540.94;BRL
aa440852437c496c9650a934d68566ec;Produto_H;2010-07-21;41.88;USD
53a416ce3f794f878ed3986dc4687985;Produto_I;2010-07-21;82.37;BRL
594a14bbae66440098640e58edd4fef5;Produto_J;2010-07-21;-557.4;BRL
707d95630d6146a4a59c7abf2944d8c1;Produto_A;2010-07-22;-752.35;BRL
5a38b4a228424beba60da4cbd05d3037;Produto_B;2010-07-22;-487.0;BRL
7f868657198e4612bf189c8c83f4df3c;Produto_C;2010-07-22;-620.54;USD
8038b781243e4ba689aeb619a3ba7d2b;Produto_D;2010-07-22;-830.23;BRL
09fc1afdc9b24af8814ea52779328014;Produto_E;2010-07-22;-442.98;USD
1260fd98d6804a0c9580c646e76a4b2e;Produto_F;2010-07-22;-354.65;USD
69eb354e09e845639132d09dde0b709f;Produto_G;2010-07-22;-552.57;BRL
5fb8c8b0906340ac8bf21c075debda7e;Produto_H;2010-07-22;-510.54;USD
30239e8032ca4ee7b7f3c405819b0dd9;Produto_I;2010-07-22;-740.24;BRL
65d84c07800e4bd1bda66e9e6d5674fc;Produto_J;2010-07-22;-436.57;BRL
f293532e16c24f48a78e2909e8e29e20;Produto_A;2010-07-23;61.29;USD
9fd828bd91c94352af8fbb3238124299;Produto_B;2010-07-23;-422.88;USD
1ae0658f8948427080d660b2953426d2;Produto_C;2010-07-23;-1000.0;BRL
63ddeeca9353476dbf9db72435c1ab2e;Produto_D;2010-07-23;-970.45;USD
d79c7701086548aa90ec37940cdd5f75;Produto_E;2010-07-23;-744.15;BRL
462be744b07b40ecb11efdcec06f3c07;Produto_F;2010-07-23;-410.83;USD
96d2042e6f694b8e91542ab3976b6ee6;Produto_G;2010-07-23;-223.31;BRL
2f4ae642bcb64fe09bc2b476b75ca6ca;Produto_H;2010-07-23;-348.07;BRL
1f8e7b4e68fe415da3a850f46a55267b;Produto_I;2010-07-23;64.63;USD
92c9e7a1ebe042d0ba37de8173a58fad;Produto_J;2010-07-23;-419.51;USD
173e90a11f1b46b7ab15ace9a70a5eb6;Produto_A;2010-07-24;-208.74;BRL
2eb1be6e409c47e788fd72f8fa57b8fc;Produto_B;2010-07-24;-438.78;USD
57b78bf1fb544e2698c28e6e401664a4;Produto_C;2010-07-24;-783.2;BRL
bd47deec3f9b45bd956763e5586dbaf0;Produto_D;2010-07-24;-1000.0;BRL
db5946aedcf248f486b3b6d1b88f5977;Produto_E;2010-07-24;34.29;BRL
402994d40ab9404396c596a70544e762;Produto_F;2010-07-24;-418.97;USD
1bdfc4d493f94b4793ba20a119bda18c;Produto_G;2010-07-24;30.55;BRL
13cf7f4e5623400aa944a289b032191f;Produto_H;2010-07-24;39.0;USD
a06458032c40448789b3e60a6fb0279d;Produto_I;2010-07-24;-816.39;BRL
3a8e2d3dfdc248b1bafee2f7457a64fe;Produto_J;2010-07-24;-344.76;BRL
4c35e47ea80e448ca581f6555e19bc60;Produto_A;2010-07-25;-236.08;BRL
3707790cd8b14c79baa504281a87b175;Produto_B;2010-07-25;-379.57;USD
b72f8dbc770748168d20a04844d5a828;Produto_C;2010-07-25;-400.4;USD
eb23b798936149e985c8cd1537fc831b;Produto_D;2010-07-25;-423.73;USD
cf085b36e3d04db4a91466e841094645;Produto_E;2010-07-25;44.17;BRL
fa9d680904d54a789355df8fb3717492;Produto_F;2010-07-25;-167.01;BRL
7f9d4f8fe321445e9d7e55c8636a0fa2;Produto_G;2010-07-25;-617.47;BRL
19c2378f25294c92afda7ee92d6fb9d2;Produto_H;2010-07-25;-903.72;BRL
e07f1515d55e4466aeeced4d98d8742e;Produto_I;2010-07-25;-932.81;BRL
a8c73e9f44474891bba7cd195bd4058c;Produto_J;2010-07-25;-201.92;BRL
63c7ba4bd3b14507901eb2fc103d8582;Produto_A;2010-07-26;-841.77;USD
440fb231dc4642bfa2ea060083160f51;Produto_B;2010-07-26;-1000.0;USD
86b239388050414fa739b17f9d1460c8;Produto_C;2010-07-26;-583.19;USD
212a05e1d8134543b2e8919652fc3eda;Produto_D;2010-07-26;-106.01;USD
064adc231f9b4b2cbe94a9a64e0bcfd6;Produto_E;2010-07-26;-169.09;BRL
5cd931c4fd1e41f2ab61efb6ddcbe066;Produto_F;2010-07-26;79.4;BRL
f30288425b4b4b73a03461bac175892b;Produto_G;2010-07-26;-253.48;USD
c2a2c9dd0b444297ada88c5598c9ce6e;Produto_H;2010-07-26;-310.27;BRL
6bd20ccd2fd147f8bec7027b72061edc;Produto_I;2010-07-26;-225.39;BRL
2ec27854ec2a4ad88b49e343caac24e7;Produto_J;2010-07-26;-309.8;USD
a50f4d5af51f4115ba3f6fa5c63b5925;Produto_A;2010-07-27;-32.6;BRL
680b7954d857439f9e97a4283a0bf422;Produto_B;2010-07-27;3.28;BRL
8d114d92658a4596b2001b0c555863be;Produto_C;2010-07-27;-811.09;USD
41e48e274b8f42318119e068de963e42;Produto_D;2010-07-27;-1000.0;USD
c6c996af77ca472899552352e5e00ddb;Produto_E;2010-07-27;-602.53;BRL
f1953709983e460d86b8e18db2e5024e;Produto_F;2010-07-27;-504.79;BRL
c1dd0d612fd948b1a0c1c3ae1e0ea6a1;Produto_G;2010-07-27;-151.13;BRL
67092776164e4614a5ed5c0c88b12bc2;Produto_H;2010-07-27;-406.03;BRL
eb5ed11ac4f44bc6a1613af0eeef34ca;Produto_I;2010-07-27;-956.78;BRL
d315b7869dda44d0af71354cae448159;Produto_J;2010-07-27;-699.59;BRL
3400f9cd38fa4894ab6ef6d005bec3e8;Produto_A;2010-07-28;-107.22;USD
ef00ee931d50459dbf40bd6e880f1510;Produto_B;2010-07-28;-560.17;USD
a57fcca125554a3ca7721b4bd800f029;Produto_C;2010-07-28;-447.87;BRL
9c125d9b437c41f48183597c0fd678de;Produto_D;2010-07-28;-590.57;BRL
8303024cb6104647b2450b24104e43f4;Produto_E;2010-07-28;-151.39;BRL
bca868f45a054bb3a06ad009f277c5e8;Produto_F;2010-07-28;71.56;BRL
bb193c5d2b87494f97e89d74e157aa89;Produto_G;2010-07-28;-720.38;BRL
b6d0525ddef5499bbc253848a810e47b;Produto_H;2010-07-28;-626.75;USD
502130a693df443ebb1cbd4c04711798;Produto_I;2010-07-28;-375.16;USD
c052295e540047fca74e10e27f0808a1;Produto_J;2010-07-28;-698.89;BRL
416fece887c84742a6f1f3112a7e1557;Produto_A;2010-07-29;-557.4;BRL
deb5c17f544a46bab12b0591a9589daa;Produto_B;2010-07-29;-66.41;BRL
390dacb50ad34839a38c97080b3dd435;Produto_C;2010-07-29;-149.4;USD
805c390a5d45475ea7b26875be42efb9;Produto_D;2010-07-29;-574.54;BRL
bf68b8f461c24ecca0377d8e0908faec;Produto_E;2010-07-29;-601.78;BRL
1aea870ccaef4d9dad18605b5c5086d0;Produto_F;2010-07-29;-68.72;BRL
2f24d89cc19e43ea9bd7f9d297c62d0d;Produto_G;2010-07-29;-399.8;BRL
27386e2f750244249dc2cbe2b82ab5ef;Produto_H;2010-07-29;-995.18;USD
300d5574d2b14121abe31566e0f0b1fe;Produto_I;2010-07-29;-976.59;BRL
73b44fcaa3b740dea58bcea05218a1f3;Produto_J;2010-07-29;-496.72;BRL
7d46dda76c744920895f74634fea07bf;Produto_A;2010-07-30;-479.59;USD
cd56989afb6648798feea8d5cd6340f4;Produto_B;2010-07-30;-954.3;BRL
c69b9b6c57eb4957847ec575c4f7c8fe;Produto_C;2010-07-30;-498.97;USD
cbadb7ecbc324b89b96b31a34efd2e5f;Produto_D;2010-07-30;-507.37;BRL
938eff82f66d48db8aadf1edef966994;Produto_E;2010-07-30;16.41;USD
b2a67a0cd3df4c129efa1d640852fb76;Produto_F;2010-07-30;-572.03;USD
86517f1ba4164d56812b7a64ba950a48;Produto_G;2010-07-30;-427.98;BRL
dc47bdde758543dbbc39c6455904d341;Produto_H;2010-07-30;-651.11;BRL
693e250f954741428973c175cc0df3c7;Produto_I;2010-07-30;-866.25;BRL
8fefa19035514a16af683a65311e77f1;Produto_J;2010-07-30;-476.87;USD
6f9231cffba641fdb31c02b6b8d0e3c2;Produto_A;2010-07-31;-745.87;USD
87d4cdf401454c66b0e2140967a7d8ca;Produto_B;2010-07-31;-218.78;USD
8acec7bf7d9c4458b00ac8fa238d6062;Produto_C;2010-07-31;-116.58;BRL
b90b5d4e049842d698d9780085e518da;Produto_D;2010-07-31;-534.3;BRL
e57e1fc201df4a01804079fb74091add;Produto_E;2010-07-31;-564.61;BRL
75d16acc5d8f45429efbc5a88eef184f;Produto_F;2010-07-31;14.09;USD
3585b74749d64416bf5faea3d20359bf;Produto_G;2010-07-31;-337.71;USD
a8b62d5553964754afae3f1c5fe1ac02;Produto_H;2010-07-31;-851.39;USD
22ec2e8653f144e2a30f1a63621f32b7;Produto_I;2010-07-31;-641.71;BRL
2c937cffe3e74d3c868eb1343fb74b2b;Produto_J;2010-07-31;-44.27;USD
764752c3344f4b519e4855a631a8d3e5;Produto_A;2010-08-01;-619.93;BRL
a252be180b2549bdbd6b1ea44872988a;Produto_B;2010-08-01;-134.47;USD
526f2cf2599940fd8cdb441c29331434;Produto_C;2010-08-01;-714.89;BRL
68690d4ac81b43769237d7443e5b0e9b;Produto_D;2010-08-01;-618.19;BRL
da5a8d98c9134394b38c536cfb57d488;Produto_E;2010-08-01;29.17;USD
214851542b0f47c8a36ed92b577074dc;Produto_F;2010-08-01;-537.81;USD
fe24e21893754f04b25f500d44bb3772;Produto_G;2010-08-01;-442.49;USD
05e2235c7005497a816bfe94c78bfb87;Produto_H;2010-08-01;-104.4;USD
c99aa8b48cf64c3b8ef3e97ce8b01ce8;Produto_I;2010-08-01;-826.53;BRL
5a9705c5c102404aab7b69ef5b792f4e;Produto_J;2010-08-01;-139.18;USD
10879c74e00e4ac5929ff863f39faab0;Produto_A;2010-08-02;-73.39;USD
5977e6c1207041788ffe4f12924b15d5;Produto_B;2010-08-02;-602.84;BRL
8856e07e5aa2456f8294716a5fe11d1c;Produto_C;2010-08-02;-576.82;BRL
3007c21026504f82ad1d0f0c99d0fd6d;Produto_D;2010-08-02;-707.73;USD
69567f61bb704568a7cacecf1d10b555;Produto_E;2010-08-02;-214.45;USD
29b66c017d2349df84b51131dd856094;Produto_F;2010-08-02;-170.47;BRL
bc74dec5cebc43fe953aae9fced5537d;Produto_G;2010-08-02;-582.29;USD
703a8e13a766468f83112304fd92a305;Produto_H;2010-08-02;-624.0;USD
ef29c1524a7b4e70a15b68ae08366ddd;Produto_I;2010-08-02;-1000.0;BRL
71b3c8a93eb644af8f59b17e0bd1beee;Produto_J;2010-08-02;-458.09;BRL
74cc9176031547049cb8448450dd5853;Produto_A;2010-08-03;-406.38;BRL
789dace92c9f41279102df98b3ecaadb;Produto_B;2010-08-03;-495.65;BRL
d0b05058b6bb43bc9a136c671543992c;Produto_C;2010-08-03;-1000.0;USD
e9a49b6e852144d39d069a692c928cad;Produto_D;2010-08-03;-203.93;USD
7253fae9c88e4cc7b31deab0146b2339;Produto_E;2010-08-03;-608.02;BRL
ef5c3ba9b87c4b6e9b14b5c956c29f5a;Produto_F;2010-08-03;-249.97;USD
2a74ad3da1dc413eabafd3f05ecb3127;Produto_G;2010-08-03;-588.49;USD
61033d2fa7714fc6bc67a8c3ac853fef;Produto_H;2010-08-03;-907.33;USD
c133c985201d4aa290eda48986636fb7;Produto_I;2010-08-03;-767.03;USD
8c008fc15ee6412c9b1867758684173f;Produto_J;2010-08-03;-808.04;USD
e681b745cfb34dc18110e7d9b7dc25e2;Produto_A;2010-08-04;-695.81;USD
5ce10270fb354f30b7c3c420dc1b53b3;Produto_B;2010-08-04;-215.26;BRL
a9117d6e941145c0b7497ae3b3f4e8dd;Produto_C;2010-08-04;-359.43;USD
676f432156ab4028a024c55e85b610a1;Produto_D;2010-08-04;-570.62;USD
fecfdd08a1fc44a0b67729955b8f5eeb;Produto_E;2010-08-04;-437.32;USD
cd6e9d041c1c4bb59c26ced84ebba9e8;Produto_F;2010-08-04;-209.59;BRL
e514400f1bd04e8cbae89022f0adf62a;Produto_G;2010-08-04;-177.34;USD
28c8e51924114692a3aaa8a7956dbd80;Produto_H;2010-08-04;-918.04;BRL
9a8ae3f32fff40e3b1a4a8501c7d3417;Produto_I;2010-08-04;-574.49;BRL
aa8e46e3c41e4154906fa609d9014dfc;Produto_J;2010-08-04;-405.24;USD
db1b80df42e04fb1ad8d986042191587;Produto_A;2010-08-05;-388.26;USD
f52b1f0690c74dca8fec9429e375d9e6;Produto_B;2010-08-05;-286.38;USD
2413f61f07d4461796facd65bfbdd08c;Produto_C;2010-08-05;-972.12;USD
bd81a57cf9bf48bca32ff26469477229;Produto_D;2010-08-05;-542.5;BRL
064efe59f31a4fa2a934af65168cd36d;Produto_E;2010-08-05;-197.66;USD
a241a0e421ad430c83888d87ba2a7684;Produto_F;2010-08-05;-723.91;BRL
349e95ebf6344d7d8f97434e3f5ac85b;Produto_G;2010-08-05;-11.5;USD
eafa2ef1ce6b4e6c842509fdd438bac6;Produto_H;2010-08-05;-177.13;USD
bdf6751c538748b88d45ece01ba7d8c9;Produto_I;2010-08-05;-566.04;USD
94e42e3bcd3541bb95e3bae792ef0d0b;Produto_J;2010-08-05;-361.6;USD
de2813c184254e17bb34b90f2879f9ea;Produto_A;2010-08-06;-866.08;USD
fef5555415a24714b4ec7f94c517d352;Produto_B;2010-08-06;-675.26;USD
de30af8bb0b243ce8b2570efc983d363;Produto_C;2010-08-06;-344.54;BRL
ef881bb9853a4f2885dcec57b5caf5a6;Produto_D;2010-08-06;-224.45;BRL
0b0a8cdf3d22425bb8b4100aa2190094;Produto_E;2010-08-06;-818.92;BRL
5ceee310e33446cb8a4f951b8eac05ac;Produto_F;2010-08-06;-192.92;BRL
5581622510084f12a2fb89d8fb2a557f;Produto_G;2010-08-06;-62.53;USD
9c15db251eb54b33a1456f2953b49953;Produto_H;2010-08-06;-45.45;USD
990defbf2f65436caefc4e18a1f52510;Produto_I;2010-08-06;-489.98;USD
8cbae4fd79434e0b849c2c1d02093bfd;Produto_J;2010-08-06;-757.3;USD
742e07dd0dea4927b9ad414d1978dea8;Produto_A;2010-08-07;-471.99;USD
300bcda2f2a54cddba7a4b43fcf572db;Produto_B;2010-08-07;-119.28;USD
abea1e04adbe44cebb44c8f576de02ee;Produto_C;2010-08-07;-32.57;USD
11246457df5a4b4daedadaa1fb82d013;Produto_D;2010-08-07;-1000.0;BRL
1e05cb176bf145c2bb934d37ee2d85c5;Produto_E;2010-08-07;-474.77;BRL
9f7ed5c88b764f3d838e05c12ce938a3;Produto_F;2010-08-07;-813.87;BRL
307bdf0205bb46abb522db0b23f03085;Produto_G;2010-08-07;-604.68;BRL
c27871dcfe264435999c6f22fcb42fd0;Produto_H;2010-08-07;-1000.0;BRL
8acbb46332c74d29a0aa0a3c8b53d06e;Produto_I;2010-08-07;-600.56;USD
da247b678b0149979f1300a6cf5e18f5;Produto_J;2010-08-07;-201.61;USD
b8475371c3a9432397383f6e9a1189cc;Produto_A;2010-08-08;-868.64;USD
38d35cf68e494d9a8ce39166d8e23e88;Produto_B;2010-08-08;97.88;BRL
7192a84044094e189a089e6db1c800a6;Produto_C;2010-08-08;-655.07;USD
24005abc7e5c4e31acfe0ca9847a40b3;Produto_D;2010-08-08;92.49;BRL
97f746198f274454b358f401d6e9e03c;Produto_E;2010-08-08;80.23;USD
f0c68e1ea3764c25b8e5e99a08b023cc;Produto_F;2010-08-08;-788.98;USD
bc31ca8e2902484d82872ffaaba1860a;Produto_G;2010-08-08;-590.42;BRL
225cd0b2940747feb50b976de310d7fb;Produto_H;2010-08-08;-234.06;BRL
c61a4e6a6aa541f9b98dc87b82073c85;Produto_I;2010-08-08;-971.15;BRL
88df01c9f0fa4d3a9f8b22787cb33bdc;Produto_J;2010-08-08;-649.25;BRL
a54170d4d98f494e85469ea4e951f857;Produto_A;2010-08-09;-192.13;BRL
3254546918bd493eb0a9cb7ca3bcd8b3;Produto_B;2010-08-09;-753.67;BRL
a567db9408664ede8ce2babc8ba0483d;Produto_C;2010-08-09;-1000.0;USD
0994c41a44384c74b8639a5e9e491238;Produto_D;2010-08-09;-89.71;BRL
2e9f8eb256fa4746b06cf4f2da81ad43;Produto_E;2010-08-09;-387.19;BRL
17133d8ddef949b097e35e0e224b94ef;Produto_F;2010-08-09;-252.38;BRL
489b1af8ab2c496a9d60be6a5268c5d1;Produto_G;2010-08-09;-116.79;USD
4ca7182541004921b436a281295d743d;Produto_H;2010-08-09;-1000.0;BRL
e4d06b43d76f4622b1d371d660fe820a;Produto_I;2010-08-09;-164.76;BRL
1a65b6a86ed6467da1883278dfb4cd2c;Produto_J;2010-08-09;-438.48;BRL
be3a3bd5b7dd41c89b28d0653c9d5808;Produto_A;2010-08-10;-162.22;USD
b393b5cd1fd6450bb442440325e0bcf1;Produto_B;2010-08-10;-312.2;BRL
45234269f00b4a11975cc6cf4915e4c5;Produto_C;2010-08-10;-943.74;USD
b8b71fa9bfd74c8ea619211b17d49151;Produto_D;2010-08-10;-810.12;BRL
90d22526af89410ba8f3926087157b1c;Produto_E;2010-08-10;-151.96;USD
7f4184c33a1c40ccb629494f5d9e1b35;Produto_F;2010-08-10;-224.61;USD
2dad6f63a8e94fe7bb6b43e0a6bfd579;Produto_G;2010-08-10;-16.01;USD
ff5330d5b2e349aabe76328454eefa8e;Produto_H;2010-08-10;-976.58;BRL
c031088f4d2647ba988abc50a63cdc30;Produto_I;2010-08-10;-173.78;USD
2d97a7229eaf4bb7b7570a5753aaffbd;Produto_J;2010-08-10;-577.99;BRL
e1b07b3e40e947cdb40b1a44744c1f93;Produto_A;2010-08-11;-20.58;USD
fffba88fef1947d0b8633c236c799d28;Produto_B;2010-08-11;-495.28;BRL
56c6a304d55847c2b5117dfe7631eff9;Produto_C;2010-08-11;-923.91;BRL
e0abd682226c46f9af6b6ab508b88d9d;Produto_D;2010-08-11;-570.34;USD
79362ad9f1814941aabd0fde3afa59df;Produto_E;2010-08-11;-581.23;BRL
14100159ca154f8bbf2e51a740d98966;Produto_F;2010-08-11;-291.99;USD
51a0987190e34b13b887d819fe6d86ed;Produto_G;2010-08-11;-572.09;USD
b43234e4b1894878943f2acb3fd65264;Produto_H;2010-08-11;-61.92;BRL
b5f1325c87814941b9fd52e2ffef42d9;Produto_I;2010-08-11;-1.45;BRL
4ce7d2dc32da4259aaac5627eecb360a;Produto_J;2010-08-11;-198.36;BRL
1c407a02066e47dca54e3ffa22d3dae1;Produto_A;2010-08-12;-857.91;BRL
c616e54da2ae426bb20d71cc5da34aac;Produto_B;2010-08-12;-1000.0;USD
0ccfb307ada54fadb3fa85cd51705ffe;Produto_C;2010-08-12;-107.12;BRL
0a2a3b12585b4c2b867912417bcb340e;Produto_D;2010-08-12;57.03;USD
ba73098cc88a423195b04bd136b01191;Produto_E;2010-08-12;-580.32;BRL
b6bdcda4d07e4139aab7d65ecf9dc492;Produto_F;2010-08-12;-342.31;USD
6c6d9b1d388a4bf39a6ef948b1b5f5df;Produto_G;2010-08-12;25.69;BRL
322719b921c64a43a9d859a38ac1a139;Produto_H;2010-08-12;-890.22;BRL
49f5f88f18ba47f090070b48b2b47a25;Produto_I;2010-08-12;-739.11;BRL
1cb53971e91042c7a33d23590bba90c6;Produto_J;2010-08-12;-541.61;BRL
5028ef79c9054c5ea8c9f9f913da9036;Produto_A;2010-08-13;-711.77;BRL
499011788d79451e94bacb58904aa671;Produto_B;2010-08-13;-115.01;BRL
c280d37b410a4190af62b3a3a7b5cf4b;Produto_C;2010-08-13;-303.37;USD
58ed124a2908487f87f56f8b3954be46;Produto_D;2010-08-13;-100.93;BRL
9aa37ae7e9724c69a998b873c645c1f8;Produto_E;2010-08-13;-135.02;BRL
7dbf7f03a1454369ae6fac4b893aaaf8;Produto_F;2010-08-13;-111.47;BRL
286f348b94254ab9af322e87005781d2;Produto_G;2010-08-13;-180.08;BRL
8a844f2103aa48488610d38da586cdca;Produto_H;2010-08-13;-987.09;BRL
14fb17385976400d94a24692296c321e;Produto_I;2010-08-13;-1000.0;USD
d9c85ef05b454947b222d0d9469e137e;Produto_J;2010-08-13;-783.42;USD
b125a49b82db42e78f178ed739a68c2b;Produto_A;2010-08-14;-30.83;USD
04032ed6ebac4c409566986e6bd6b783;Produto_B;2010-08-14;-114.25;BRL
7ea5515a71a34c69807ba955b9dcb428;Produto_C;2010-08-14;-1000.0;BRL
c83160220ac04f53b5c1aaccff10c380;Produto_D;2010-08-14;-144.65;USD
37b1e039b7e6419fad33611db7275725;Produto_E;2010-08-14;-10.18;USD
95e2eb5d4b2f49e8bf41d5be84978702;Produto_F;2010-08-14;-359.66;USD
09a44eb60ead4486b6db44b6bbd8af46;Produto_G;2010-08-14;-6.97;BRL
26a8d0fa040d488688b02fce3981eeec;Produto_H;2010-08-14;-315.35;BRL
e9eac45182bf46f0978b44f8f344983b;Produto_I;2010-08-14;-74.21;USD
56d7e079a26540c5b73bda943572714a;Produto_J;2010-08-14;-117.04;USD
ac7d07f80a674aa29334b674d50d7d8a;Produto_A;2010-08-15;-867.93;BRL
c1e4a4ff0f6946b3aba9119867ba0761;Produto_B;2010-08-15;-111.12;BRL
cca4daa27e934464a510dd7997e24bc6;Produto_C;2010-08-15;-715.02;USD
866eb3124c9f49b78b933961e03309e5;Produto_D;2010-08-15;-124.36;USD
1b8ebcaf3c1c4ed9ae3a85e4db19035c;Produto_E;2010-08-15;-46.51;USD
2ad0e2dfb54e4e03b711eb1a58b18d93;Produto_F;2010-08-15;-403.72;USD
bb14793505e04df6a9322f2118678550;Produto_G;2010-08-15;-744.46;USD
7188f08a068c41f19fe0ef171ac520af;Produto_H;2010-08-15;-769.11;USD
95299ec6140f43fbb3c2a08287717fde;Produto_I;2010-08-15;-1000.0;USD
7c4720656167438492fa054943e176b8;Produto_J;2010-08-15;-72.76;BRL
6f5947f25600494992cbbaee5041f6de;Produto_A;2010-08-16;-353.54;USD
7b960d0e4d5d464987ccd6ab22aec86a;Produto_B;2010-08-16;-1000.0;USD
552b84b783b443348bdbd6d221393426;Produto_C;2010-08-16;-831.17;BRL
aec11bb86ecb4f49b34e3b2ea7c15667;Produto_D;2010-08-16;-1000.0;BRL
7e4f914077264ea6a254640b46a42fdf;Produto_E;2010-08-16;-259.9;BRL
d365ea9202f24633882bbeb465918353;Produto_F;2010-08-16;-546.6;USD
c7eeabcf21204498a6df7a45774b3e50;Produto_G;2010-08-16;-61.68;USD
fa31bb2727ab42189ecbd0be38629751;Produto_H;2010-08-16;-1000.0;USD
9444e9625d1b4b5ca4227c64b5198e54;Produto_I;2010-08-16;-328.75;USD
55dfd06e67b1442d85a7a19461ff4591;Produto_J;2010-08-16;-615.42;USD
f68497128d4b44a19f6accee9e2d43fb;Produto_A;2010-08-17;-338.31;USD
611c3fa0f7d649648ed5147356910bc7;Produto_B;2010-08-17;-364.97;USD
c8722a1b40544cdbb435d721e22df4e2;Produto_C;2010-08-17;-573.04;BRL
f31d615bebb64bf28551d6ade6fdad03;Produto_D;2010-08-17;-889.54;USD
05071cdc9be14f3db4149c122ed7e552;Produto_E;2010-08-17;-619.55;USD
9330d4f913a6471fa3eacfd250a12602;Produto_F;2010-08-17;-37.05;USD
4dbf9962996a4303b3c3ecfa69e164ae;Produto_G;2010-08-17;17.18;USD
56586b08c03a4d2fa18a47a66de58a5a;Produto_H;2010-08-17;-378.14;USD
aae74de7cc28449ca5bbe351db3a7c20;Produto_I;2010-08-17;-805.99;USD
7283b803a1dc416989ccfa8dec8bdfeb;Produto_J;2010-08-17;-565.97;BRL
426bcac2ebdf45c08c80233b732b4bd0;Produto_A;2010-08-18;-267.63;USD
8020158319464592975060275346f986;Produto_B;2010-08-18;-603.75;BRL
8385717e81bd45fea88c4f9e44d20d21;Produto_C;2010-08-18;-387.84;USD
d01d017b1d9044f8b5dea8a38490e78f;Produto_D;2010-08-18;46.3;USD
8373587aa35349de8127b82eaa620004;Produto_E;2010-08-18;-213.41;USD
40974b4563bb4d39a1dd4215e0db8919;Produto_F;2010-08-18;-41.4;BRL
a8ab93f302f7478dbaeeee7d86540694;Produto_G;2010-08-18;27.94;USD
587fc05001264f3e85f2f6fd4f1f4fbc;Produto_H;2010-08-18;-361.07;USD
e916244656f44626a545fd74a18be60c;Produto_I;2010-08-18;-252.16;USD
1e092413ff60427aaace9117a2ea40fb;Produto_J;2010-08-18;79.13;BRL
4251af6d3cf74da19fcf07b24f79e4ec;Produto_A;2010-08-19;-653.45;USD
d1d1dc3e295f404ea9dfd8b81ac16017;Produto_B;2010-08-19;-217.41;USD
4226d6a7867f40e0b9107aa818bab5b0;Produto_C;2010-08-19;-380.3;USD
ad925f7163b1454e8ee0575be59f6791;Produto_D;2010-08-19;-813.67;BRL
a0b3f92b12ba4b6da0bef1c5d9fa6df0;Produto_E;2010-08-19;-413.43;USD
5d34e741b05b49b581865484b93fab0e;Produto_F;2010-08-19;-415.49;BRL
4ce81fc88d73410b81907b5da23a8bec;Produto_G;2010-08-19;-633.59;BRL
4c181a0c2bda4186b5a98435a2840fe1;Produto_H;2010-08-19;-291.12;USD
14af9a6e1a474924a5f059f084b48640;Produto_I;2010-08-19;-345.98;USD
d6bb31db5df34d22bbab2ae77fbdcf54;Produto_J;2010-08-19;-553.19;BRL
a26bd918932846e4addde30eec051525;Produto_A;2010-08-20;-109.57;BRL
bd2261da7c3743eabd6cdc28c5aeb06a;Produto_B;2010-08-20;1.51;BRL
ab154091a0cb4fa1ba865f9493481671;Produto_C;2010-08-20;-516.32;BRL
989113c4940f4e7ead6849d073c309fb;Produto_D;2010-08-20;-31.71;BRL
d3b32f11580144918e527509ade736cf;Produto_E;2010-08-20;-306.47;BRL
a47a5840a6f349d58a867c2ff39df57d;Produto_F;2010-08-20;-242.74;BRL
0784b941d842491faaff0fd10c86ba77;Produto_G;2010-08-20;-279.28;BRL
8bfa892aa91f457286227c3f1a7e6480;Produto_H;2010-08-20;-1000.0;USD
addca1bafae5453996a17cf048b82a26;Produto_I;2010-08-20;-990.48;BRL
9dfd94d3e60b41189dd4bf22a01dc8f8;Produto_J;2010-08-20;-1000.0;BRL
7a22eb2c54364204b29bbedf24b042e5;Produto_A;2010-08-21;-850.08;BRL
5f43c860781a40f59317cfb5cccd3659;Produto_B;2010-08-21;-394.63;USD
b933910bad1848c787177ed30d262948;Produto_C;2010-08-21;-32.13;BRL
8d8dde14b5d644eb868f25085454a34a;Produto_D;2010-08-21;-360.49;BRL
29a7a580df974c5081914824ac5eeb96;Produto_E;2010-08-21;-41.98;USD
fd75426d8dd148ae91be011102a65dc1;Produto_F;2010-08-21;-205.51;USD
e6d8051b8f454ac8b7a4e310f4efa949;Produto_G;2010-08-21;-147.11;BRL
5ef61b3afc3d4cf3be357b4f4b0ac845;Produto_H;2010-08-21;-31.89;USD
2c276748b0c24de8b0cd591da0804e95;Produto_I;2010-08-21;100.0;BRL
96e02c7a9ace4af68b3c9cf8e2e0a8e0;Produto_J;2010-08-21;-841.44;USD
6e0a11621e2347d8bee988eab7f2cce7;Produto_A;2010-08-22;-295.34;USD
38ce452e191e464aa3e87610d268cd83;Produto_B;2010-08-22;-391.02;USD
9a40639647df4a47b3fcfc411db9b205;Produto_C;2010-08-22;-75.75;BRL
a0153fa3deb6450791f410706a7b50c2;Produto_D;2010-08-22;-901.66;BRL
c07d9b81c1d74584b0dddcfb1482b72b;Produto_E;2010-08-22;-766.97;USD
8468a063285b40fcad66bbb3d7cbdd51;Produto_F;2010-08-22;-467.36;USD
fd32d03fa6d345fd87cbf42d6a3972d3;Produto_G;2010-08-22;-48.45;BRL
519bf332541c48548091ae8d20bb9e19;Produto_H;2010-08-22;-784.79;BRL
52e9d83f162a494d8ce3f3bcd84aff99;Produto_I;2010-08-22;-604.96;BRL
ae0f7443daf0412ba15e7e9d137b8c7d;Produto_J;2010-08-22;-598.56;BRL
2e46b25840ee46a0914e85e7207aed70;Produto_A;2010-08-23;-700.79;BRL
7d1d62febee544c4b18ab34eefcd3b46;Produto_B;2010-08-23;-1000.0;BRL
e8cacfe7e5eb4be5995f805dff9b4691;Produto_C;2010-08-23;-992.04;BRL
0520e98e7cad4d0ba48daa72e4915c63;Produto_D;2010-08-23;-543.24;BRL
bdf40a722a2740c394f1c49109332336;Produto_E;2010-08-23;58.28;BRL
fbd27de903904700a7afd720d1c3b461;Produto_F;2010-08-23;-676.79;BRL
dcfdc59494cb4dbe9c74ff062d33f6c4;Produto_G;2010-08-23;-402.21;BRL
152b050d7cca407097a2cf98aac51921;Produto_H;2010-08-23;-980.63;USD
7e14c6d040a04f54854d6eb412e1fd63;Produto_I;2010-08-23;-673.53;BRL
ffd04f708fc1431baf7feceb8bb04e88;Produto_J;2010-08-23;-837.22;BRL
59b8951eaad4483cbb750c7e850bdd39;Produto_A;2010-08-24;-803.57;USD
bb7f2f4e70974c1e88faa209cddaef85;Produto_B;2010-08-24;-732.57;BRL
6b38c6a9e075461bbabeaacd95b89cd8;Produto_C;2010-08-24;-288.6;BRL
2ae161a3c1c7476e98cec20fa6511558;Produto_D;2010-08-24;76.51;BRL
49056d951b4d44508cf7bf5c3d949682;Produto_E;2010-08-24;-91.14;USD
26a63bcb9a5d43ed9ff61ed6b8a5d7c7;Produto_F;2010-08-24;-120.49;BRL
587f195c870548cdb442ccbd9bb0b5ca;Produto_G;2010-08-24;-38.08;USD
4fffc418dee842acb5f651486e01bacf;Produto_H;2010-08-24;-829.93;BRL
9d9de071037241949a6abfdc02ea1904;Produto_I;2010-08-24;-490.62;USD
ffd5ca51c0df470684c158481156d76b;Produto_J;2010-08-24;-245.82;BRL
3bc1e79546a542f19a54f3a4aee6d159;Produto_A;2010-08-25;-108.55;USD
11ad96ffb4a24c9997c00f726ab6768b;Produto_B;2010-08-25;-580.4;BRL
6aee0bf7d5fc468e9f083dd8fd962ae2;Produto_C;2010-08-25;-495.44;BRL
dd64e64ec2f34b7a91316b1fdeb0c43d;Produto_D;2010-08-25;-689.56;BRL
806c697b743b4cb8907de9c4ec653049;Produto_E;2010-08-25;-578.77;BRL
01adb25091984676af268e6a6f4db931;Produto_F;2010-08-25;-30.68;USD
1786cbe68a3d4776a1f94e1a2491a2e3;Produto_G;2010-08-25;-385.2;USD
969c1565171b420ca2e60e6a18a7d719;Produto_H;2010-08-25;-668.11;USD
5e814c6ec0d94a9cb5048a37574f3493;Produto_I;2010-08-25;-984.71;BRL
b4e9a92e15254f38b7cbba5804710168;Produto_J;2010-08-25;-662.21;BRL
1409366c91ca4fc6bf2d3519a5ac786b;Produto_A;2010-08-26;-189.79;BRL
c1e4d5b00f3949faa3e50a79e7973da9;Produto_B;2010-08-26;-487.74;BRL
1bc65c04de78408da157947d010839d6;Produto_C;2010-08-26;-162.09;USD
579428a266fe43e1ae9ad8b6b6109b96;Produto_D;2010-08-26;-819.35;USD
6c0a6079159442d383ae9c4ee1b9a4d8;Produto_E;2010-08-26;-337.97;USD
55d132f0b30f4db28417473900fa2303;Produto_F;2010-08-26;-315.62;BRL
3a189d474e5d451c8dd169493b7acab7;Produto_G;2010-08-26;-16.77;BRL
9b1d0e4893de465484f5e6f7b2d64ec5;Produto_H;2010-08-26;-1000.0;USD
f84a0491059849978d8a0c4d1c3e67d1;Produto_I;2010-08-26;-485.01;BRL
5693019128f64f76a826a0c7073b85b2;Produto_J;2010-08-26;-307.3;BRL
a2f3c4cc16ea4accaf3a25058065d59c;Produto_A;2010-08-27;-439.11;USD
ccf691d9c260411ebff098fbb56e9b7b;Produto_B;2010-08-27;-338.33;USD
3f9b38b3de8949d38c50cce0cfc5012e;Produto_C;2010-08-27;-60.52;BRL
71b80a8c9acf4154a911e590c510c656;Produto_D;2010-08-27;-907.09;USD
d5632b25ea254d41a8d5da61d424d5de;Produto_E;2010-08-27;-414.51;USD
5350081929974f5690abc7ac31ec7266;Produto_F;2010-08-27;-359.98;BRL
64e1d1516fd7493ebbc3f1ff5d13b36d;Produto_G;2010-08-27;-610.72;USD
136a5405d6ec42ecb927c440fbdb81fa;Produto_H;2010-08-27;-118.73;BRL
6b0459b611424604800bf387730f4ad6;Produto_I;2010-08-27;-394.48;USD
1223fe5f040f4f3f986d5b1ef6215717;Produto_J;2010-08-27;-481.15;BRL
5a9bd54a2bf4429f8a6ba3ebc0b74372;Produto_A;2010-08-28;-272.54;BRL
10023530243d4627a677ba60e3d7aec2;Produto_B;2010-08-28;82.42;BRL
342e0eeedac9476d90f4470e2218cd24;Produto_C;2010-08-28;-659.12;BRL
1b54d0063c934133a3218929ebdf8690;Produto_D;2010-08-28;-726.81;USD
d29c5e9a5c58487c93a31abbe0d3d2f2;Produto_E;2010-08-28;-308.05;BRL
6c9ac20607ec46a2b4969b2bc8429fe7;Produto_F;2010-08-28;-677.44;USD
ca1b4831bd2e4e57a6e3506547765848;Produto_G;2010-08-28;-591.62;USD
a68be6bb71064384b460a0c05b451e4f;Produto_H;2010-08-28;-654.0;BRL
8ffe9c0f08a94405a3a7ac21c8e80a8a;Produto_I;2010-08-28;-720.39;USD
bc780b2107dc45bf9227fe6021cac8d4;Produto_J;2010-08-28;-403.77;USD
9f464ff68fcf4c5383c359186f6a115b;Produto_A;2010-08-29;-348.3;USD
dc90cd9a272146ccab4bae9ce0f35294;Produto_B;2010-08-29;-166.39;BRL
e881c383edcb4c588bf8c1781b52cfeb;Produto_C;2010-08-29;-136.7;USD
440c8001763a41f58d24c3f8cad67537;Produto_D;2010-08-29;-17.44;BRL
5111b0a05c00415189f4172397930ab5;Produto_E;2010-08-29;-320.88;USD
00858e761a174375a3c30a59e7dba1b5;Produto_F;2010-08-29;-305.91;USD
e22f3ef170144d04a4ec182f5a91abb7;Produto_G;2010-08-29;-628.97;USD
00e5aa5fdc1847fe94ad36c1c2d31f75;Produto_H;2010-08-29;-1000.0;USD
4af9c8d7b79349c786d90f1845b90b73;Produto_I;2010-08-29;-798.39;BRL
ada32e9798c34b25b4fca73ccf68ac1b;Produto_J;2010-08-29;-470.16;USD
aa16d140ea9040a9a66d34e15bd62a04;Produto_A;2010-08-30;-665.86;USD
99b400bfb3464e3bb05cc93ef7a00dda;Produto_B;2010-08-30;-384.98;BRL
d3007b24ddd2465eba91e671e0f04e91;Produto_C;2010-08-30;-143.01;BRL
3681ed6014b2490ab5cfd55cafac7704;Produto_D;2010-08-30;-614.71;USD
30d8768ec14e4bf99b0044a297b110b8;Produto_E;2010-08-30;-689.52;USD
f791b52f96b84a22bf94cf05d82be207;Produto_F;2010-08-30;-323.11;USD
0ebeede706674e7294454973fae43bfc;Produto_G;2010-08-30;-698.68;BRL
c4d0e6d51472490eb4d8814c87f6ff24;Produto_H;2010-08-30;-874.55;USD
332597f185c449c084e497e40dffc474;Produto_I;2010-08-30;-1000.0;BRL
86338d0a796345f785856d6f179e69f1;Produto_J;2010-08-30;-363.3;USD
a2feaf4036e346d88525d0543afc6f96;Produto_A;2010-08-31;-691.74;USD
98b0c7f4bbfa48f39675fab68eb1f2e8;Produto_B;2010-08-31;-430.17;USD
c4bbefc85c494f448f1907fc1a66c21e;Produto_C;2010-08-31;-543.57;USD
93f6e50eb636415eac87c1e1f98a0a00;Produto_D;2010-08-31;-238.47;USD
5c599729baeb4a3dba17804b6e92b0b7;Produto_E;2010-08-31;-384.2;BRL
8e73035c99a045dc8214da41e94f0588;Produto_F;2010-08-31;-360.83;BRL
852b4825ae5b4bd1bcd22e0b550d1180;Produto_G;2010-08-31;77.53;BRL
22aead92e2c5478cbf8abdc8adfbf55c;Produto_H;2010-08-31;-694.02;BRL
c09ca74f614a43e2b6c8f15b40a5705f;Produto_I;2010-08-31;-94.23;USD
477f43e2468145f487a3aff6c329c27e;Produto_J;2010-08-31;-285.02;BRL
a04f0dd14200499187026be7c657e339;Produto_A;2010-09-01;-726.48;USD
31fcd747978d4379b6de9afe5ebda600;Produto_B;2010-09-01;-353.81;USD
96194030e53d4d30b2f96b3ca6c1d2a3;Produto_C;2010-09-01;-360.87;USD
9d2cfa7d28d640a9b6f22405835c933d;Produto_D;2010-09-01;-508.75;BRL
8865e5babe714947a912bbd695e1e115;Produto_E;2010-09-01;-371.44;USD
b88a10e53afe4db28fffb01ede91ee3a;Produto_F;2010-09-01;-257.54;BRL
e6a9164e3fe940d5a172b82e511ade28;Produto_G;2010-09-01;-306.73;BRL
1b728c067b4d41a7b143c4f26ea1270d;Produto_H;2010-09-01;25.11;USD
d49c281202e042fc98545bf3a5427675;Produto_I;2010-09-01;-864.87;USD
766891c18b8c4fbb82543f460e4e0497;Produto_J;2010-09-01;-188.67;BRL
80eabb9bee1142db9b91a9cb25f0203d;Produto_A;2010-09-02;-692.43;USD
f94d79dfd4004313898117f4411915b6;Produto_B;2010-09-02;-597.67;USD
9cc15e9e51974f3daa33a99cee80ac38;Produto_C;2010-09-02;-979.01;USD
de04ea18212047a38cfbe68d7d5d2dbb;Produto_D;2010-09-02;-831.01;USD
e887ac2767974b5bb1c450cc2b512d66;Produto_E;2010-09-02;-669.99;USD
3b1620479e2e4dd6ad558b4eccadbb76;Produto_F;2010-09-02;-271.71;BRL
59389cc0be0f4c08a11f640f7d3517f3;Produto_G;2010-09-02;-443.04;USD
7e973c965e454c4e943fe728d1a22c8a;Produto_H;2010-09-02;-443.29;USD
4f2ffd99407c49ce808aedf44c79ebd4;Produto_I;2010-09-02;-157.53;BRL
1f45ea61de3946ef9031017155606f18;Produto_J;2010-09-02;-428.25;USD
bf10954fa0be4d258ef3ddeb92b301dd;Produto_A;2010-09-03;-353.95;USD
5b31b05a4a794738af10f4abadc41ca1;Produto_B;2010-09-03;24.62;BRL
5aa454728ade45db864e926bf4d8b460;Produto_C;2010-09-03;-1000.0;USD
7dbb941aba8941c791ca393c8c7bdbfa;Produto_D;2010-09-03;-184.3;USD
c1d113dbe5934d3bb858d8b9f4686faf;Produto_E;2010-09-03;-350.07;USD
01f5f846dfb94c168da2df3992ce59a9;Produto_F;2010-09-03;-570.42;USD
03f9e005fe644a4cbc90b0a11b50c1dd;Produto_G;2010-09-03;-483.32;USD
17d60e4ea2164a97af44e5b5b1f87463;Produto_H;2010-09-03;-750.76;BRL
7096c4fc2ddf4317a2205aadbd11fc59;Produto_I;2010-09-03;-278.76;USD
88812f3ba51f4058860237eb18830dba;Produto_J;2010-09-03;-330.32;USD
13d033dbcff0417895847654ab2e475d;Produto_A;2010-09-04;-306.85;USD
0bc5ab2e135a431ba89b717073992165;Produto_B;2010-09-04;-966.14;BRL
cc080f3505b14cbd9e9522bf5d717998;Produto_C;2010-09-04;-74.86;USD
84a76d30be044c91865899b5163d15a8;Produto_D;2010-09-04;-357.2;BRL
24853a2bcf0b4a9ebcbd1c9b5e41c844;Produto_E;2010-09-04;-154.86;BRL
61f5f39c5f6c418389ee6ff02b4d287d;Produto_F;2010-09-04;3.5;BRL
d1c20be98b1b482abcb28d37b5f42f22;Produto_G;2010-09-04;46.51;BRL
0c779d60eee14b0a9480472222bccf91;Produto_H;2010-09-04;-300.59;USD
1c8d16c70c6141978be7e34f1a0964ea;Produto_I;2010-09-04;-234.41;USD
9f757b718d8844139546a90ee38bbb35;Produto_J;2010-09-04;-574.97;USD
20693194b459426eb98801ad8e514845;Produto_A;2010-09-05;-615.72;USD
2e2b4cf6eb194f09b945428982b80fd2;Produto_B;2010-09-05;-1000.0;BRL
d3f1cf1065d045efabc31b90ef659cd3;Produto_C;2010-09-05;-572.42;USD
8dd7ad4638ba48d58ad1bef0454217d7;Produto_D;2010-09-05;-946.61;BRL
5a5c79775b2d4cb78d5399085161a5d3;Produto_E;2010-09-05;-67.87;USD
aa9aabfbfda34306a0ab188823232283;Produto_F;2010-09-05;69.0;BRL
2f73455563324516ae32805588c1cb2e;Produto_G;2010-09-05;-459.82;BRL
cf8e77297aa44efbadd81feb69794c93;Produto_H;2010-09-05;-924.77;USD
c518f0ccee424669aa34d714938360ae;Produto_I;2010-09-05;-943.82;BRL
e23a0ed379074f5eb86cfd455a83096d;Produto_J;2010-09-05;-241.62;USD
eff1c7ac6596464e852238ff84bc4700;Produto_A;2010-09-06;-782.13;BRL
604facfc0998429a8e09dd8e97bbfaaa;Produto_B;2010-09-06;-620.45;USD
2f7ca75358bd48158cc8b5cfd5ca9544;Produto_C;2010-09-06;-500.34;BRL
cfe71d3b1b27471f9c52cdbaab200c86;Produto_D;2010-09-06;-1000.0;BRL
d58db80829ea4b859214ee53633dfb74;Produto_E;2010-09-06;-225.13;BRL
2a48fe60d45d46939094cbc08963a658;Produto_F;2010-09-06;-238.24;BRL
1061f19f27d54d08a1778f673b2fb6b9;Produto_G;2010-09-06;-283.82;USD
02cbb998b48c4393ac1bca6c6e8bb0df;Produto_H;2010-09-06;-800.13;USD
5d43baef79e84592be0219a4b434e401;Produto_I;2010-09-06;-175.7;BRL
5c8ae08d889e4f3ba6bef96f32062212;Produto_J;2010-09-06;-151.67;USD
f55736644f1e488bb8a7bb0bc781862e;Produto_A;2010-09-07;-718.24;USD
d4c714eb710c4238998b89fc9b975fe7;Produto_B;2010-09-07;-889.11;USD
4226eaf2f4f0414297da3b4b15699cc8;Produto_C;2010-09-07;-622.0;USD
d621b42e91fb41fcbe1b686b3fbc324a;Produto_D;2010-09-07;-637.52;BRL
ae8d40079c4448a7a645b336bfe42b91;Produto_E;2010-09-07;0.08;USD
f1b9b9770c064c32b0a6ff265699f232;Produto_F;2010-09-07;-555.8;BRL
31fec08312074f468aa0942a30caa094;Produto_G;2010-09-07;-546.27;USD
0e61bc4fcd1345ad800fa7d2c16f5a0d;Produto_H;2010-09-07;-233.44;USD
f7ae8270ae264688a08fa23516a0a15a;Produto_I;2010-09-07;-655.21;USD
42e6dcc58e1c4b629737baa04a2bfd27;Produto_J;2010-09-07;-55.81;BRL
414c57252e034b7683f23038cb8860b6;Produto_A;2010-09-08;-813.66;BRL
bdb374d3a4ca4c0197139ba045f6627c;Produto_B;2010-09-08;-570.53;BRL
2aad20d08c194dba94d8941d0908ddec;Produto_C;2010-09-08;-762.52;USD
d9a61f29ec8748d487003cc8a6dd96d9;Produto_D;2010-09-08;47.1;BRL
cabafe8926a249d0a2d063e6940dee59;Produto_E;2010-09-08;-285.09;BRL
208bf9e933d04ca599c59d62f32e9c54;Produto_F;2010-09-08;-252.16;BRL
24415e5a217145ce9a51c528c9c5c64d;Produto_G;2010-09-08;-679.14;USD
50e0c7d3ce964a68bd3e54f223545a83;Produto_H;2010-09-08;-720.92;USD
290d9b5959a94d47be44b0dfb6a43f7b;Produto_I;2010-09-08;-653.08;USD
00a9927187534048843b4e84493ced2a;Produto_J;2010-09-08;-1000.0;USD
b78816fe9ae0469c9498b90b41148121;Produto_A;2010-09-09;23.16;BRL
34d32a7c36ff43a79e61de500a3a0c6b;Produto_B;2010-09-09;-48.62;BRL
6c76bfd96b8943c6bbe6b82a26fe7efe;Produto_C;2010-09-09;-309.43;USD
64a29447eb4c4e4bbfc789a75aa07fc9;Produto_D;2010-09-09;-575.09;BRL
6c1cd62782ad40cfbebe7839afaa782a;Produto_E;2010-09-09;-530.36;USD
ec52da6e83fc47a5b4388e36f1049899;Produto_F;2010-09-09;-752.64;USD
3abf5c4d650d4c0f958b1a29693093ec;Produto_G;2010-09-09;-92.64;USD
9ee2f85f45ea442091a7219c332021de;Produto_H;2010-09-09;-1000.0;USD
ffcec638da8646a0aa8ba60fce444acc;Produto_I;2010-09-09;-514.37;BRL
485c698645cb49f084f4f05cc79d9187;Produto_J;2010-09-09;-992.1;BRL
a80b229ee9744ee5b23d2d6d22026641;Produto_A;2010-09-10;-715.92;USD
a523cb7a01a14f4381232c47cd9a05bb;Produto_B;2010-09-10;-18.05;BRL
1fbbfe17323f49aeb3cff04e7b7af1f1;Produto_C;2010-09-10;-208.97;BRL
e596fbfc2e864bf59f2a6aa9b5854f81;Produto_D;2010-09-10;-337.21;USD
87c84214e6dd4498acde4a9cddfa0d94;Produto_E;2010-09-10;-343.19;BRL
851576e4d10f49e2b9474408b15b5dcf;Produto_F;2010-09-10;-32.77;USD
37bd0a9f7e5748f19d720ba72e4cb176;Produto_G;2010-09-10;-292.32;USD
5c3cc06cfb71422ba33a7a666bd69622;Produto_H;2010-09-10;-452.67;USD
9c613cfec8ff4af4a28b8be4c2cd9dd7;Produto_I;2010-09-10;-104.41;BRL
d6d175fb5b8646d997d2e8a282207e2b;Produto_J;2010-09-10;-140.29;USD
0e51f6a912ec42aa800d6fed617be793;Produto_A;2010-09-11;62.51;USD
58cac1559c0945168b0a1663e3c03181;Produto_B;2010-09-11;-901.77;BRL
2d3ff2d4bb634b6283a0c4bbbc8cbd5e;Produto_C;2010-09-11;-1000.0;BRL
538be53680a54095ade2ccb751c18e1c;Produto_D;2010-09-11;-1000.0;USD
adae597c6e4945678aca2252287f7b5c;Produto_E;2010-09-11;-410.92;BRL
196fac540d6a4d518c54ba452ced91c5;Produto_F;2010-09-11;73.17;USD
e914e6f0e4214b538a464f0ddc35a3b1;Produto_G;2010-09-11;-562.36;USD
821184525763437a9afb0a4573e6b15f;Produto_H;2010-09-11;-286.73;BRL
7cb000c15d1c4ab6af4a0ec326ac8b93;Produto_I;2010-09-11;-98.85;USD
dc5702a74f82496a846a27ab60de25a4;Produto_J;2010-09-11;-1000.0;USD
193b2b8c2e37458c8203ed02911587f3;Produto_A;2010-09-12;-575.58;BRL
2b4096f7bb7f43169d54d751aa29bf14;Produto_B;2010-09-12;-1000.0;USD
b1080a146b8b466baa0f9497ae9071c8;Produto_C;2010-09-12;-713.12;BRL
6ec68b7d61a54b7caeccad5b32aac82f;Produto_D;2010-09-12;-869.22;BRL
4aefb8a25636411787f20b0897dfd838;Produto_E;2010-09-12;-402.94;BRL
5cb0ef824e844e87a7abd6b106b88ccd;Produto_F;2010-09-12;3.46;USD
b2c380d49691454db4398198008e3cce;Produto_G;2010-09-12;-589.45;USD
e9db4f277dcc4a07bb708e5559579a88;Produto_H;2010-09-12;-1000.0;USD
2e4bf35de01c4763adb1903b160fcc0c;Produto_I;2010-09-12;-98.77;USD
1775ed578d3b4e63be060f9b5970ccef;Produto_J;2010-09-12;-154.94;USD
64674b55cd8e4f0ba76369dbef2b17f2;Produto_A;2010-09-13;-624.58;USD
715ff53c40f645c084b6725fc4d799f9;Produto_B;2010-09-13;-1000.0;USD
a5b2686ba0264f4f95c82d16129d1c46;Produto_C;2010-09-13;30.27;USD
61794bbe0dea40ac9c82e14049b2566b;Produto_D;2010-09-13;-563.66;BRL
4028b4e59fe24ea6807af1ac08c39313;Produto_E;2010-09-13;-798.26;USD
bfac49fdab8b450a9960f9fa5f598ca0;Produto_F;2010-09-13;-544.01;BRL
b838709b322b45e7a2cf5e10c804c474;Produto_G;2010-09-13;-640.89;BRL
0fe27096ee5349e685a4ee8fa14e297c;Produto_H;2010-09-13;-377.21;BRL
92229524bb2c4863b170ddd24a9c5bb5;Produto_I;2010-09-13;-400.88;BRL
9063549b169245c6af861d71c1fd72d2;Produto_J;2010-09-13;-78.0;USD
0102a83dac1c4b23a732186ebcf69e32;Produto_A;2010-09-14;-506.66;USD
2ac85da5d1b747a28bfb57179e12ff73;Produto_B;2010-09-14;-534.83;USD
a44d9db46ec74d088c5b89db8b990908;Produto_C;2010-09-14;36.08;BRL
222a62b803374910a63da6a2739ebe49;Produto_D;2010-09-14;-249.04;USD
73ee8eb4859a4ad8bd8687b0505d5714;Produto_E;2010-09-14;-504.98;BRL
63b707b252114112bf513f4b65952b80;Produto_F;2010-09-14;-207.42;BRL
4f8b69669e4143d4a16c5bccf8b1ea9f;Produto_G;2010-09-14;-64.65;BRL
9f3ffe685f084b47be303e8d6fbeb69d;Produto_H;2010-09-14;-767.09;USD
0851b2552f3443e9a08b001727d6e005;Produto_I;2010-09-14;-618.98;USD
ed5e21eb8a4b4319bc799dd3a4f65e11;Produto_J;2010-09-14;64.57;USD
ff067d1acd9544a2beea57544c9ca1cd;Produto_A;2010-09-15;-571.37;USD
e7c88fe875aa478f8f680193e261b871;Produto_B;2010-09-15;-508.74;BRL
437bc8bc545c4bf18161eb2199a07b1d;Produto_C;2010-09-15;-308.04;BRL
15cf489d406a407e9e656a03b569f584;Produto_D;2010-09-15;-798.9;BRL
536f796096d5451798aea746aeb76b9e;Produto_E;2010-09-15;-662.44;USD
e561c41fb7e94f29be9e59c940f95791;Produto_F;2010-09-15;-801.44;BRL
a32c7b60f8b047eb9d168431074b3f4d;Produto_G;2010-09-15;-743.12;USD
f461eb9cdda64127ada64987f28f1db1;Produto_H;2010-09-15;-896.67;BRL
bde47651b1a14415bf887623a1f39e97;Produto_I;2010-09-15;-34.39;USD
304f1c85e2a0454b9a26399d5cac18fd;Produto_J;2010-09-15;-987.78;BRL
d67e9af8805f4c5391aaed0ce8421d8e;Produto_A;2010-09-16;-419.27;USD
de1bb0673fc545edbe5638f47914f3ba;Produto_B;2010-09-16;-871.75;USD
11114aae20304f21bb0b357a9a6bdd0c;Produto_C;2010-09-16;-845.38;BRL
e2da254ea6054536bb4976b0ff7e61a5;Produto_D;2010-09-16;-991.37;BRL
0356634eb6af490988b1a6216559b1c3;Produto_E;2010-09-16;6.68;BRL
b361a25548024943b1f002bf0acb4179;Produto_F;2010-09-16;-539.65;BRL
841d58c63c1946549933ae9844b95b9e;Produto_G;2010-09-16;-433.51;BRL
ae7dff26fe9d409a970723d50badc808;Produto_H;2010-09-16;-773.37;BRL
85db8d24d80949c4bb2a6a6c04f1e9dd;Produto_I;2010-09-16;-267.7;USD
b1cb209520f044b9b016e6ab25d42201;Produto_J;2010-09-16;-620.41;BRL
f7c203e545ab4dd9afb0e162e27c278d;Produto_A;2010-09-17;-87.24;USD
e427fe2c02de4830b4d8cd82c24b181d;Produto_B;2010-09-17;-338.37;BRL
76504569259b45cda16d9f0350e8f673;Produto_C;2010-09-17;-452.73;BRL
ccce547a654949e9ab3b478fa3f16a7a;Produto_D;2010-09-17;-775.6;BRL
b40cb81aacdc4f5184c9fef854a99099;Produto_E;2010-09-17;-482.78;USD
aca402bf338344c28227a9bc3e59f9e4;Produto_F;2010-09-17;-372.16;BRL
fe71303881e8487ab8caa390a416fa0b;Produto_G;2010-09-17;-55.6;BRL
8963ab01b3844f1dbe1aa81853a04215;Produto_H;2010-09-17;-470.61;USD
249bb11b6eaf4d1bae3d004c8e630bfe;Produto_I;2010-09-17;-694.09;BRL
7cabb0284564454189981ac329c89703;Produto_J;2010-09-17;-842.68;BRL
5e23769e15f64377b2e0cdb1d2ce9219;Produto_A;2010-09-18;-896.78;USD
2b283b82080046729772ec77812523fc;Produto_B;2010-09-18;-108.64;USD
ad97527259a949b985c693e20d14f383;Produto_C;2010-09-18;85.03;BRL
9aa574facc894eafa74ef0af4d0e9518;Produto_D;2010-09-18;-674.95;USD
c28ce164f3bc4ce986304d1d7716df9d;Produto_E;2010-09-18;-164.6;USD
1a108bbcaed44e20971cb1ab7e0e19f7;Produto_F;2010-09-18;-47.27;BRL
79cd73a74cc8479fbda959939c46fd94;Produto_G;2010-09-18;-88.83;BRL
822dd357c04e43e9ba0c5d75cb532b80;Produto_H;2010-09-18;-1000.0;BRL
45756d72078f48659cc3c37548604076;Produto_I;2010-09-18;-145.37;USD
14864e6f9fc742bd9dc2fd0436305e6c;Produto_J;2010-09-18;-552.19;BRL
b51b8c02a572418cb824698f5fad2cbc;Produto_A;2010-09-19;-910.7;BRL
88b1e6eeec7d4b36bf1fee2ab395edca;Produto_B;2010-09-19;-967.73;BRL
c337fc5bf9934c2ea33d490b3eaa7f85;Produto_C;2010-09-19;-271.35;USD
fb56642e8ff041bfa3547d74f7f19690;Produto_D;2010-09-19;-697.87;USD
c011115e75514e2ebd771102654dd602;Produto_E;2010-09-19;-662.99;USD
6b9067f7a7464c9b9ec2052dc7b30ae1;Produto_F;2010-09-19;-20.01;USD
a7095a3313904c58a898cb9e8c731d63;Produto_G;2010-09-19;-515.77;BRL
902fb48be2ca4e1c9932c63a41ee0413;Produto_H;2010-09-19;10.22;USD
f1bf996808a94528a5c315ee98376e58;Produto_I;2010-09-19;-865.4;USD
9c4f55dca6f647ccaba7aef8f41c5350;Produto_J;2010-09-19;-417.37;USD
94ed959142234b3bb2ad50f06ca7dc7a;Produto_A;2010-09-20;-156.51;BRL
a5936ce9d73949bab6adb11c27098a84;Produto_B;2010-09-20;-249.17;BRL
c818d64d41194efe96922d4ee7d7bf1e;Produto_C;2010-09-20;-633.42;USD
a0452d2115a84d9a9fc21f2c09876fb1;Produto_D;2010-09-20;-120.19;USD
7b9085d43b8b4c19bbf2422291bceb56;Produto_E;2010-09-20;-225.31;BRL
5f8333280ad34754b76b095420268b4a;Produto_F;2010-09-20;-522.31;BRL
af5d5ef0350c4d1a910e56d7c1cd2352;Produto_G;2010-09-20;-578.68;USD
4f39c61cd8e54776b233de1ea2711730;Produto_H;2010-09-20;-102.73;BRL
c2448211b9f04c87a3b39430237b8228;Produto_I;2010-09-20;75.81;USD
9fdee602fac84ddf88daff58f07034cd;Produto_J;2010-09-20;-782.8;BRL
9d3775113bb24f159ade2429b0bdb79b;Produto_A;2010-09-21;-41.94;BRL
1cb2dc3e8bff4791b4dee87ada3b1843;Produto_B;2010-09-21;-1000.0;BRL
9d2e53ee78d9474ba2fc0f43c5658f20;Produto_C;2010-09-21;-1000.0;USD
5a41b6436a7846639b8b130d6f724229;Produto_D;2010-09-21;-564.53;USD
f22bfcc5896444ea8ce12ec3a4a2b240;Produto_E;2010-09-21;-470.16;USD
2bb7300e42104dfd9a1f60e830aeb426;Produto_F;2010-09-21;-162.06;BRL
b067b71cc496458d95ec6fa14b58f6d4;Produto_G;2010-09-21;-769.36;BRL
c109f75758794a5eb86b44784b9f32c2;Produto_H;2010-09-21;-774.83;USD
808f06b4aed14a9cae65a7cfcd06d866;Produto_I;2010-09-21;-1000.0;BRL
b1d3179890194bdfa87103d91bcf9249;Produto_J;2010-09-21;-661.84;BRL
22f3567e216a43fd8184d9960a52d128;Produto_A;2010-09-22;66.72;BRL
54440b02018e443f8ec8ff230ef7d5fe;Produto_B;2010-09-22;-1000.0;USD
d0f432d2a26643df93d76ba2e6d3d1b1;Produto_C;2010-09-22;-245.09;USD
a969ce9e2640499a9b32ad9848513e65;Produto_D;2010-09-22;-181.96;USD
6167ea4cf9bd47428e733a00077e985f;Produto_E;2010-09-22;-486.71;BRL
14cd83d1b5f044d38005e8aed8fdb944;Produto_F;2010-09-22;-650.89;BRL
769b64847ecf4aa19f79f72086dfed57;Produto_G;2010-09-22;-413.88;BRL
01021a7911304fa7b12e0db525449abe;Produto_H;2010-09-22;-970.52;USD
58993490636f4e94bde2db5f7cf05d03;Produto_I;2010-09-22;-791.33;BRL
74aaabe9c5db4e5dbd4799f13cc4927d;Produto_J;2010-09-22;-789.02;BRL
f55f8083961d4e79b8548be5fa84e090;Produto_A;2010-09-23;21.97;BRL
88a7f1b1eefb43e8bb8ec31efcf9bdc1;Produto_B;2010-09-23;-964.88;BRL
e52deb2557ad4072b642b44ccc61922b;Produto_C;2010-09-23;-701.74;BRL
f6c20c9330224ded9411b80f9d2fdf20;Produto_D;2010-09-23;-717.68;USD
2150159b21244288971a51d257f26236;Produto_E;2010-09-23;-635.71;BRL
b582c52721b94f5e8752eb9c6a39ee4c;Produto_F;2010-09-23;-224.32;BRL
73f1b8205c2a4899ac62f6a36f366f87;Produto_G;2010-09-23;-356.97;USD
129f7886c8b047d6bac1ff4f098e5ad0;Produto_H;2010-09-23;-236.28;USD
326352da73464830877567947ca72b0d;Produto_I;2010-09-23;-594.58;BRL
890481faf1af45feb86104c0a549cdf9;Produto_J;2010-09-23;-432.74;USD
5222fd2658eb4920ad6c57d657d468de;Produto_A;2010-09-24;-347.54;BRL
75d6b4c926ee42a3b21b484c9f7fcbd2;Produto_B;2010-09-24;-825.85;USD
f061130d96254db48b62a730bcebe6ac;Produto_C;2010-09-24;-927.07;BRL
08075ea103494919ba02d601f891b067;Produto_D;2010-09-24;-202.21;USD
d2554d8fcef549e5949f4ef6f10cb0fc;Produto_E;2010-09-24;-499.14;BRL
5d271404641340bfa6ae14b630d49b09;Produto_F;2010-09-24;-713.63;BRL
9897ba5e1c53458f9106ba77446b0f55;Produto_G;2010-09-24;-730.47;BRL
8fa8393a84c0412cb82c436006651390;Produto_H;2010-09-24;-421.98;USD
db050846788f42b8854dd2ea7bfb74d5;Produto_I;2010-09-24;-244.91;USD
b6a01511bec744bf92816ee2d58d2b04;Produto_J;2010-09-24;-804.65;BRL
a78b87033f1f47fdae5de6fc2ea728d2;Produto_A;2010-09-25;-669.39;BRL
bf7fae2283364a2aa9b3d25692c7a4ac;Produto_B;2010-09-25;-770.7;USD
c168f35586eb4408bb8c31d17a5ad67c;Produto_C;2010-09-25;-751.05;USD
4425bb204dad42ceba875ddb1e41e6d4;Produto_D;2010-09-25;-921.05;BRL
973419db140e4133bf61ae4417d431a1;Produto_E;2010-09-25;-608.93;USD
3693f469cae343cea1a3b77cb9294e66;Produto_F;2010-09-25;-107.99;BRL
87eb85bf8f914d1bb29b273d2412bf87;Produto_G;2010-09-25;-202.24;BRL
99ae4c94aaac41bca0283a56f4285fc4;Produto_H;2010-09-25;-1000.0;USD
9dfbfe32851248eab9c872aac3c833f9;Produto_I;2010-09-25;-869.92;BRL
dc6fc5e7d0df44348d8c7128dd0e9ec0;Produto_J;2010-09-25;-454.13;BRL
987bc38d9ecb46158a298d284978ade1;Produto_A;2010-09-26;-245.19;USD
e2ea6558e4184f5eaaf10b99019623ef;Produto_B;2010-09-26;100.0;USD
7c2ca9e87a9a4189b8d73f8c054cb7da;Produto_C;2010-09-26;100.0;BRL
35b7954eba6f4d969a3e45f9a9c00d05;Produto_D;2010-09-26;-466.87;BRL
25e5a0ccd4124540b889d29c411ef0df;Produto_E;2010-09-26;62.11;BRL
5b008b2b168f4ab4802b00bb25ac3bf6;Produto_F;2010-09-26;-507.57;USD
f9486fcfefd24516942a834a3c755e91;Produto_G;2010-09-26;-283.89;USD
99a9bc07faab4a2b9792feda5008ce25;Produto_H;2010-09-26;-352.92;USD
226f6b146cd74e0b898919b4d6a73f58;Produto_I;2010-09-26;-510.1;BRL
0c655fbda5b44a2eb6020ef284cc3b91;Produto_J;2010-09-26;-576.53;BRL
973c1b2b6fd44689899018ddb7348af3;Produto_A;2010-09-27;-496.53;BRL
d2e6369f60844213b232b3899aa09b38;Produto_B;2010-09-27;-328.52;BRL
22cb26f8cf6d4c4c87bbbc4683bd4257;Produto_C;2010-09-27;-71.83;BRL
33214b4a732648408e426c0e01220ad3;Produto_D;2010-09-27;-1000.0;USD
4c27dccd619949588154cecd256fa388;Produto_E;2010-09-27;-200.38;USD
0f0a17580e08439f855ebc149181a436;Produto_F;2010-09-27;-710.35;USD
b72e01e1cbb949f88d2d1b07d8623914;Produto_G;2010-09-27;-111.04;BRL
ff8eaaf780f44c70a8893c55640e2775;Produto_H;2010-09-27;-501.68;BRL
23b70c682a754fada8e92b07997ea2da;Produto_I;2010-09-27;-1000.0;USD
87474f65a212498788082d942d9649a8;Produto_J;2010-09-27;-506.25;BRL
242e6dce40a145c9b7768920c9dfa4b0;Produto_A;2010-09-28;-634.09;BRL
08cfd8da04c446858443c5df41dd23ed;Produto_B;2010-09-28;-172.76;USD
77fd32c7023d4345b495cf26af41b9a5;Produto_C;2010-09-28;-805.38;BRL
58fe85e9a4c04d09a3e8fd269b7df177;Produto_D;2010-09-28;-458.76;USD
13b1d46643594e258d4b076d4281ce60;Produto_E;2010-09-28;-713.29;BRL
f93b8a12890e4a2abf70b02220ac805e;Produto_F;2010-09-28;-743.05;USD
d606c2c528f943489ea49acb41cfe861;Produto_G;2010-09-28;-53.31;BRL
cf07997de7e6440f8e7800279e7a0f41;Produto_H;2010-09-28;-985.57;USD
129d2bb39c134e1f814b4e6e06a11ec5;Produto_I;2010-09-28;-363.84;BRL
bac4d982d0224929a3810507d317eb03;Produto_J;2010-09-28;-173.98;BRL
6072c8cda12b4298898874843e6ca895;Produto_A;2010-09-29;-344.08;BRL
014b3990d3a3473eb4205215db3a98af;Produto_B;2010-09-29;-715.72;BRL
73c34c0f9ef2443996df413e47f71bf2;Produto_C;2010-09-29;-172.49;USD
9f99acbe7e534c65a870c92bad13ba24;Produto_D;2010-09-29;-513.67;BRL
fb8cd7aac86844a78308106758ddab2e;Produto_E;2010-09-29;-615.49;USD
0a1a933fa3424614b2ed482a38c25cf6;Produto_F;2010-09-29;-225.83;BRL
ccaa00146b3043d9803f9d866055bf86;Produto_G;2010-09-29;-591.62;USD
00219f148ce84aec9e2a9b02fca543e6;Produto_H;2010-09-29;-336.63;USD
31623ca92a1e47c2bc5ef53e23f3619f;Produto_I;2010-09-29;-350.26;BRL
9bbff81264b942b1b4847d29cab96812;Produto_J;2010-09-29;-252.25;USD
951711065fcb428281ea3dde96808775;Produto_A;2010-09-30;-180.36;BRL
bb09921b2353469cb902297844599c6b;Produto_B;2010-09-30;-978.08;USD
ceb4aff7a0a6403bb0c37b0f6ae6d808;Produto_C;2010-09-30;24.27;BRL
405cbe88891e4a00bb370a667300715d;Produto_D;2010-09-30;-903.45;BRL
68ba3a8a7d2e485488d9f6f920edd8ca;Produto_E;2010-09-30;-815.55;BRL
c49ef14720ae471488d611bc640e7803;Produto_F;2010-09-30;-93.2;BRL
8bea70482b9f4acf98442d60782dd2b8;Produto_G;2010-09-30;-755.17;BRL
89ffdf66e91642e88320f93f00a47a47;Produto_H;2010-09-30;-171.31;USD
07ed9edd41ec41e18f126b952ec683e9;Produto_I;2010-09-30;-417.11;BRL
8fd357e2b0704c9c96fae77ee149560d;Produto_J;2010-09-30;-505.8;BRL
7921327a4cf9453f97e81abf9d031ab9;Produto_A;2010-10-01;-252.87;BRL
dd1865da7b8a480f972c3569f135193f;Produto_B;2010-10-01;-689.05;USD
0567bf591df94414856083b80b7fbdaf;Produto_C;2010-10-01;-22.96;BRL
ccefe4887e474ca5b97060c89912d643;Produto_D;2010-10-01;-857.84;USD
75078db768174cd79c7fe5dc6e5097ce;Produto_E;2010-10-01;-372.35;BRL
f84dc0059e184878af4c1406840abc98;Produto_F;2010-10-01;-330.07;USD
608cc86fdfbb40a598da4abaf6006231;Produto_G;2010-10-01;-264.09;BRL
25ab47de4a1d441f86ae151d8c9fe03e;Produto_H;2010-10-01;-141.7;BRL
072e29a66c624f10a6896711481523b1;Produto_I;2010-10-01;-580.7;BRL
20b51eef970f4f88ad6a7cfe12c76b09;Produto_J;2010-10-01;-69.83;USD
c626cc5e30ee4c628ebde3a9790c03aa;Produto_A;2010-10-02;-634.82;BRL
0f29eb4f6ccd4d1b82e1fc87a2da4d3e;Produto_B;2010-10-02;-167.57;USD
70c4ab0396ad49fa8071ac7ae58bc54b;Produto_C;2010-10-02;-10.84;USD
7d5406fd80c74ba6858ee440235c9753;Produto_D;2010-10-02;-693.95;USD
9ebe125c9dc94bf39155ef9afedb2a8c;Produto_E;2010-10-02;-208.99;BRL
459627b30f9e4ba4b87ab73c2384c53d;Produto_F;2010-10-02;-298.65;USD
b5ad13e47a7c4f1597218bf27bed93f5;Produto_G;2010-10-02;-778.09;USD
c44ce4bfb5f24c26bf37467be0dc10e3;Produto_H;2010-10-02;-1000.0;USD
78a1ffb341a04d5ea4d726f14350084b;Produto_I;2010-10-02;-285.73;BRL
2b83fb8eb1794e37b21cdbb88bdf9b0c;Produto_J;2010-10-02;-948.86;USD
16bffbf10fc4481b938c054043126fda;Produto_A;2010-10-03;-920.52;BRL
4a62d403a34f43be89f2e4423d420af6;Produto_B;2010-10-03;-302.55;USD
a1afe2c6405947678c070a8655afd91c;Produto_C;2010-10-03;-299.58;BRL
1688073e3ec5490fb6ad8173548c84fd;Produto_D;2010-10-03;-902.31;BRL
90bd2dfb951e497ead96edf7cbaff0e6;Produto_E;2010-10-03;-705.44;BRL
93a44d862da345b4ba049885a647c416;Produto_F;2010-10-03;13.81;BRL
79bf548d0a654bfabfb94f03e8a91676;Produto_G;2010-10-03;7.98;BRL
5493529874834c41843df1e1ba0c7e38;Produto_H;2010-10-03;-768.9;USD
9bba3d6a64484ad9aad4746e2ff8a487;Produto_I;2010-10-03;-585.97;BRL
ff54ac74b2994885a8ca7abdd9ce5c45;Produto_J;2010-10-03;-753.97;BRL
dbae0f2b7d47477e8a5c5d83f6adb1e7;Produto_A;2010-10-04;-815.39;USD
dde3807882d7446abb5e9fbba2a592cd;Produto_B;2010-10-04;-1000.0;USD
617080acf5f54152bd715f774db7689d;Produto_C;2010-10-04;-678.24;USD
6041599ee73b407d921d083a0705c85c;Produto_D;2010-10-04;-878.25;BRL
2a4d2d4b60af424a89b373289efa7bcd;Produto_E;2010-10-04;-335.9;BRL
515af77794b64421b4ab6b57da1dedef;Produto_F;2010-10-04;-13.38;BRL
f3fbc33a3d8b48b0ba756ab6a70782a2;Produto_G;2010-10-04;-294.23;USD
ad0fed7a24cc468898e5b339f87532f6;Produto_H;2010-10-04;-463.27;USD
07d0a1b0e386451bbb4cb7d9a447aeb1;Produto_I;2010-10-04;-416.27;BRL
0b67ef8a62944eb6b4492640114f60f8;Produto_J;2010-10-04;-294.89;USD
f1ebbb8c3a3d493abf34f549e018a898;Produto_A;2010-10-05;-536.49;USD
3bc635acb11246e5a1c96c793492858c;Produto_B;2010-10-05;-699.81;USD
daf5752f55b248128fa6e9736aaec757;Produto_C;2010-10-05;-729.4;USD
91e7189ac388472c90d87693b4180b9d;Produto_D;2010-10-05;-955.79;USD
91ddf3c1befa4ebf86884005f8be3c53;Produto_E;2010-10-05;71.27;BRL
d4844448a72d427e849f374fb9dc19fe;Produto_F;2010-10-05;-459.37;BRL
1421057db3a942779553bf03280721e4;Produto_G;2010-10-05;-30.4;USD
4cf452761b50486286a841b5a483bb2c;Produto_H;2010-10-05;-23.13;USD
b9cafbca6558400bad5b61ad14e3ee7c;Produto_I;2010-10-05;-111.65;BRL
d78ce8b206a34547ab5e78b8bd5e52e1;Produto_J;2010-10-05;-525.4;USD
8b917819d42c40a89095cd8cc9840f4e;Produto_A;2010-10-06;-522.08;USD
cbb70b063c3b4c97acb9703514ac2b97;Produto_B;2010-10-06;-66.77;BRL
373cb7cf5f4940ac8d4a942d342f4ebe;Produto_C;2010-10-06;-729.01;USD
b813357ef0e5415690f7986e362c634a;Produto_D;2010-10-06;-628.4;BRL
e3de573c2ca643cb9f082ece46edb9e5;Produto_E;2010-10-06;-711.13;USD
b27b92a5afad48fca562405f908910d1;Produto_F;2010-10-06;-719.1;BRL
0422b335e5614a2782add31a67e718a9;Produto_G;2010-10-06;-178.66;USD
8486003f45de44e380000d43094f0367;Produto_H;2010-10-06;-136.64;USD
7f53210000be4176a142183e0bc0f4cd;Produto_I;2010-10-06;-472.8;BRL
5f9fe04fc9ea49c6afd7da97b3f86b17;Produto_J;2010-10-06;-991.7;USD
03d1c578cf274842a70cbc2087325fbf;Produto_A;2010-10-07;-744.84;BRL
4c8cd4735ea84d6f9f4edc0158d21757;Produto_B;2010-10-07;-190.85;BRL
7dcc9e2847754e3f927762f2e052662f;Produto_C;2010-10-07;-572.13;USD
d79ae43e24aa488a863d163e02a3f4a6;Produto_D;2010-10-07;-129.95;USD
04ef4dfdf86e4614867e34943f04b802;Produto_E;2010-10-07;-649.27;BRL
7244eee3d2d343919c2fa619a84a4950;Produto_F;2010-10-07;-326.1;BRL
5a069e18248247baaad964a30f1683f7;Produto_G;2010-10-07;-686.45;BRL
6a8090d805c94f7494bf5d2e7a61386b;Produto_H;2010-10-07;-795.17;USD
41725bfecc53475cb747d4c01561c19e;Produto_I;2010-10-07;-424.94;BRL
1756731c7967481b9a98999da1e0f985;Produto_J;2010-10-07;-312.34;BRL
ce15fba765b74669bcfb4c99321e1575;Produto_A;2010-10-08;-828.52;BRL
4c172a1330114db1928bd411f0c0c493;Produto_B;2010-10-08;-586.23;USD
4e5603ec1d1648ca8017eb8be7d5ae36;Produto_C;2010-10-08;-829.06;BRL
ee7941baf5ca4d2b916ab64404bd448a;Produto_D;2010-10-08;-708.05;USD
d08eb24589a7427597675de38635f48e;Produto_E;2010-10-08;-790.14;USD
1b1a820f09c84de2ae57a73280345e3f;Produto_F;2010-10-08;-580.45;BRL
fa3bdea2c04147e8a97c390fa1ed65a0;Produto_G;2010-10-08;-562.82;BRL
4399994fed1f4f0ea4d9a4861888ca3d;Produto_H;2010-10-08;-333.34;BRL
ad4ac0509ab54971a6cf5ea228feaedb;Produto_I;2010-10-08;-12.89;BRL
949825417f664aeb9262ba8efd928731;Produto_J;2010-10-08;-442.44;BRL
532a7a3473714a6eae4dead05a7f442c;Produto_A;2010-10-09;-184.41;BRL
7fc1731d82ef425286d3bbe2fd43347a;Produto_B;2010-10-09;-1000.0;USD
d6c3089bf71b406489ae026c786daaee;Produto_C;2010-10-09;-543.71;USD
048eb5ef5c464627b9d897fe60230b97;Produto_D;2010-10-09;-240.85;BRL
f74ffdcdef3a42c9b2bffd662a807914;Produto_E;2010-10-09;-321.18;USD
b76dd64f546f48bd95a0bf68c4c5b2fc;Produto_F;2010-10-09;29.59;USD
777454a1864a4574bef2080a6e770d02;Produto_G;2010-10-09;-761.1;BRL
56ab23436c9a4609b3ab0adf75a44574;Produto_H;2010-10-09;19.54;USD
7f44d8888e4f4bb2a0064f4b53d05c0c;Produto_I;2010-10-09;-164.75;BRL
c65a405a3487444eb7f8d6a398e4dcbc;Produto_J;2010-10-09;-736.04;BRL
3ea1d21a36fc4995ba0a50fdc5b6580c;Produto_A;2010-10-10;-240.66;USD
b1a41236fbeb4c63b573eeccb3bcb184;Produto_B;2010-10-10;29.05;USD
af99c8f311e34e3e9620114281ae0676;Produto_C;2010-10-10;-558.44;USD
5ea9ad6c2e074d77a036d6be92b9623d;Produto_D;2010-10-10;-622.22;USD
fb75ce534b9f4ce3874b303db8810ed9;Produto_E;2010-10-10;-599.51;USD
c51efeddffc94a48bec7ef3080e11109;Produto_F;2010-10-10;-538.38;USD
9d4dba767b5c429799dcd8959ad918e1;Produto_G;2010-10-10;51.61;BRL
48fbdc8e6c604ac589bdb898c06ce352;Produto_H;2010-10-10;-121.45;USD
d147fddfb03d4f0091869064613d92ba;Produto_I;2010-10-10;-658.45;BRL
1d6bb8c0ca91400baf7a116330920503;Produto_J;2010-10-10;-902.38;USD
40c9c749581c48119466e65059997600;Produto_A;2010-10-11;-258.77;USD
24c74f0f8875496e801fee8a8bfb3d14;Produto_B;2010-10-11;-1000.0;BRL
de1439818c53486c8ebefe81337513a9;Produto_C;2010-10-11;-680.53;USD
a5f4de6a9a764de594783994a020f78f;Produto_D;2010-10-11;-42.06;BRL
c1554c171cbe43a3afe386fcd873c9bc;Produto_E;2010-10-11;-23.51;USD
3a1461ee5a9b48ffa710d768911a8352;Produto_F;2010-10-11;-827.83;USD
9c29a44253d54b65a31a32806e1684a4;Produto_G;2010-10-11;-213.72;BRL
c41b10ee1b8f4b9986bb178fef58a58c;Produto_H;2010-10-11;-587.77;BRL
70aa2eeaa0d346cdb703cdf76919b1e8;Produto_I;2010-10-11;-979.55;USD
8fc17f9cc58d4582964ee786f289f6b9;Produto_J;2010-10-11;-600.09;USD
f46bce7a55be4b10a757b93188ecbca1;Produto_A;2010-10-12;-268.39;BRL
693287b10cdc457b84fc6f5f8be4b3aa;Produto_B;2010-10-12;-958.96;BRL
ab9824956dfb4b7eba9bb98e0be95fdf;Produto_C;2010-10-12;-529.92;USD
49ae4f79fdcd478387fc8f2dc61f2dd4;Produto_D;2010-10-12;-443.04;BRL
34f2ba45f2b24f088bbbbcb7419b860c;Produto_E;2010-10-12;-462.35;BRL
c36d9cc2e3a94472899e9e8ec2f326b8;Produto_F;2010-10-12;-557.16;BRL
90328f3278ff4245a4c249fb793ca8f1;Produto_G;2010-10-12;-443.34;BRL
d116b266247c42eaaf4de771b52ccbc6;Produto_H;2010-10-12;-1000.0;BRL
78ed838971d94cca8e1a708db383fe8c;Produto_I;2010-10-12;-809.23;BRL
04610758cabf488599502e1138d46182;Produto_J;2010-10-12;-843.03;USD
7e2d9b47b9624e6f8f070c279cae7c87;Produto_A;2010-10-13;-323.59;USD
cd0f1a5ce9a243cd9cdf5cbd77b16c2c;Produto_B;2010-10-13;-1000.0;BRL
b1cc48723d4e4f489b45b4cceca2116c;Produto_C;2010-10-13;-691.89;USD
3c67f27fb065447abbd548944777e1c9;Produto_D;2010-10-13;-708.28;BRL
f55218675c024dda81350a9951193c0c;Produto_E;2010-10-13;-755.8;USD
ea9377c74a5246f090985a8fe27c7895;Produto_F;2010-10-13;-288.1;USD
b209e4309e314918b8f24fb1f7ce2185;Produto_G;2010-10-13;-439.42;BRL
4418e03ef7264d599eacc25b2df6b5cc;Produto_H;2010-10-13;-39.46;USD
8bf4bd26a66145d195328aedf113e23f;Produto_I;2010-10-13;-875.55;USD
142d1e0bbf0f412ba6a65e14d1f5b5e0;Produto_J;2010-10-13;-652.82;USD
866f960f7b2d4ec0b1502fc3ca915b54;Produto_A;2010-10-14;-854.16;BRL
abcc49d287ad4d69807d8bfba078664d;Produto_B;2010-10-14;-795.21;BRL
cae5e01c97f443aca776521b21dfaeaf;Produto_C;2010-10-14;-395.86;BRL
873e9ca9a9bc40df96eb807b429135b9;Produto_D;2010-10-14;-817.59;BRL
93bcb28925d941d18b14e6b08e8a0bd1;Produto_E;2010-10-14;-393.7;BRL
80886e1e9d4a489f94822df87ebf54a2;Produto_F;2010-10-14;6.1;BRL
627af955504f459db5c2363db05796d0;Produto_G;2010-10-14;-107.65;USD
0012e719931144368cb7e46d4d6726a7;Produto_H;2010-10-14;-929.06;USD
062af6a6d4374dd9a8df70f794c314f7;Produto_I;2010-10-14;-906.86;BRL
cba983ae57864eb38e8fa83e9e1dff0c;Produto_J;2010-10-14;95.53;BRL
cc3bdc95cd9c46c29098b36dff9e070e;Produto_A;2010-10-15;-754.63;BRL
0b1d69235c39414896ae66c02b7c2021;Produto_B;2010-10-15;-412.13;BRL
1fdea7d04ed04341b587fd7af3fb4a08;Produto_C;2010-10-15;-618.3;USD
69ffa2c2ce8e4e3389b18782fc1ccadf;Produto_D;2010-10-15;-561.47;BRL
16d0cc7dd2654f848fc454c41b013760;Produto_E;2010-10-15;24.45;USD
e7d6110a69b944e28a90e3a85e5a4ad5;Produto_F;2010-10-15;-12.77;BRL
c90905856b3b4e3993b8434bfe95002a;Produto_G;2010-10-15;-85.19;BRL
840abdc5d8f1491a9e5f4f1666ac622d;Produto_H;2010-10-15;-378.91;USD
88f283bc625d47cebb4042fa7030cc12;Produto_I;2010-10-15;84.86;USD
1c612eb4f5ab409f9b2c59a47e045180;Produto_J;2010-10-15;-1000.0;USD
c07440fc6d41495e89058b134d56a0e5;Produto_A;2010-10-16;-648.25;BRL
70909517da0340e79b919ee7ebd0c1ec;Produto_B;2010-10-16;-751.52;BRL
f63c85b5e704483aaccf66b0fb73f343;Produto_C;2010-10-16;-325.48;USD
75c0c812a3da44a8bd3781aabef6b47a;Produto_D;2010-10-16;-914.91;BRL
c565bf7f01ae46aaabf3a2266520fdcc;Produto_E;2010-10-16;-282.01;USD
a613d8ade54346e6aa7f5cf3ce8d0189;Produto_F;2010-10-16;-409.64;BRL
031c4b1b5956485eaff7b902dd0df55c;Produto_G;2010-10-16;-593.66;USD
7fd9e11077b94742b77f784c901e9a7e;Produto_H;2010-10-16;-95.94;USD
7f9e89bf1a914cb7b07144ad22901966;Produto_I;2010-10-16;-102.39;BRL
174341bff2824b7d98dd479a6085093d;Produto_J;2010-10-16;-861.86;BRL
9b34eb444a6a40fcb11327358d03de92;Produto_A;2010-10-17;-573.22;USD
b9cc2e5eae0a49e18550cdec23dc1e1a;Produto_B;2010-10-17;-1000.0;BRL
cebc8e027b9a47c39b57c4014c924e67;Produto_C;2010-10-17;-102.09;BRL
84d2035926794961911731ddda465a30;Produto_D;2010-10-17;-511.31;USD
fa72b3a1c05a4b41a925b17647609565;Produto_E;2010-10-17;-282.83;USD
918c680962e04ca49c89273d95e8d76d;Produto_F;2010-10-17;-602.67;USD
5d3e0880975d4a91b54eb783553eac0d;Produto_G;2010-10-17;-315.34;BRL
ae1d6de56e7c40f498b8e342efbb45b9;Produto_H;2010-10-17;-642.85;USD
dc1bbfe881674620867586130d785330;Produto_I;2010-10-17;-327.55;USD
c00464fc3c0441bb843dab8da160fd52;Produto_J;2010-10-17;-1000.0;BRL
e9a7f6e806d7488380ccb01e2917c819;Produto_A;2010-10-18;-875.84;USD
bb242bcab48d4709b359e6c9f9ab5fb3;Produto_B;2010-10-18;-163.57;USD
0c464b3723454ad5a110ea0791f54d22;Produto_C;2010-10-18;-473.47;BRL
ed6b04bc0b3a4aaca663931fb5695074;Produto_D;2010-10-18;-422.57;BRL
c70988bbb54747c1814abe7ffeb2b849;Produto_E;2010-10-18;-755.05;USD
7097e348397045e0b619400c9816bb3d;Produto_F;2010-10-18;-816.76;USD
a8427c95e67a4a47b5e650a56c7293ee;Produto_G;2010-10-18;-620.97;BRL
df1c39e8e2774eb5870b9e48e639b607;Produto_H;2010-10-18;-865.34;USD
1751f845521949a59e2a358dbb5e507e;Produto_I;2010-10-18;-991.45;USD
cd196093326a40dfb214c3dfdc317afc;Produto_J;2010-10-18;-65.93;USD
58e3401872e74110be68a1184a6cd288;Produto_A;2010-10-19;-439.0;BRL
459fb686a201491493abd9a96e8fc7f0;Produto_B;2010-10-19;-860.59;BRL
ae131b9e39134fb2b09068e86c2e6dbf;Produto_C;2010-10-19;-937.59;BRL
820304e291a74b26bc60a1f20f6d2580;Produto_D;2010-10-19;-1000.0;USD
8e518e88dff6478e9e10a52f332149d7;Produto_E;2010-10-19;-763.2;USD
cfb6bdb406664ca488a4b5259fd0c32b;Produto_F;2010-10-19;-353.97;USD
2af4426583d24e5196f859e32d192c6a;Produto_G;2010-10-19;-26.61;BRL
9294fd2af08f40c18eb51c8289af5466;Produto_H;2010-10-19;-847.19;USD
897a5d85116c4796a570493d621d18dd;Produto_I;2010-10-19;-994.29;USD
b1db8ac399524dc0a6798849c0d5e3b7;Produto_J;2010-10-19;-159.43;BRL
fed874ea88e74fe9bdd820484e4c1fa0;Produto_A;2010-10-20;-746.25;BRL
55507fa943ff4c5faea071c45ebe8fc1;Produto_B;2010-10-20;-517.85;BRL
491831ae5fc64b1f9b899a2296b99ed8;Produto_C;2010-10-20;-1000.0;USD
25105d376a7940589feacc0e7b5aee4e;Produto_D;2010-10-20;-369.22;BRL
8640cddc93ac402fa03b9cb41e2bc813;Produto_E;2010-10-20;-557.85;USD
5391c84b889d4ef78f882ed54c76bd18;Produto_F;2010-10-20;25.35;USD
6e601566f8a8475e96400197d04f9d70;Produto_G;2010-10-20;-670.26;BRL
f212cdb3444d4be3926f66554fa5b4dd;Produto_H;2010-10-20;-198.25;BRL
3de98c370ddd4e43adc3f4cad7d8d7e9;Produto_I;2010-10-20;-766.45;USD
397a95f9c36a43c2afdf28613d904037;Produto_J;2010-10-20;-1000.0;BRL
1b2a56798ce54ad5801c1d4eaace3852;Produto_A;2010-10-21;-231.74;USD
d44f6c4aeb8d413b9448e4fb4eeb1613;Produto_B;2010-10-21;-1000.0;BRL
d4ab2f3225664e3ea4f0de4cf2e1079b;Produto_C;2010-10-21;-646.88;BRL
0573c2ad039247ea8abc6c512ea5b180;Produto_D;2010-10-21;-719.33;USD
9db3f40522c742d8aab0726aec1a0ec7;Produto_E;2010-10-21;-824.2;USD
b79e7a5612a8496f8f2540dd330c3891;Produto_F;2010-10-21;-777.52;BRL
dad28a64abdc43499b04ea0129a0d3c2;Produto_G;2010-10-21;-427.02;USD
2ca8ef9688334f368e66d24454fea3a0;Produto_H;2010-10-21;-644.73;BRL
c0e913cbda57496aa284afd13a096398;Produto_I;2010-10-21;-1000.0;USD
9dfbba24ff404824a1512ea1b8dea237;Produto_J;2010-10-21;-1000.0;USD
025d8b7a5f2644a6b151a5a3fb3e7ed9;Produto_A;2010-10-22;-835.8;USD
158590ebb1854a36a35566e92b214396;Produto_B;2010-10-22;79.14;BRL
a93ccd78e11f4ada9bb8de01f2c27901;Produto_C;2010-10-22;-221.5;BRL
9fb3dc4d353843e8aa2dac03d15c6414;Produto_D;2010-10-22;-916.87;USD
fc73a0b7a0914894a11aba43111c1ef4;Produto_E;2010-10-22;-612.22;USD
04278f36c2dc45f4bba02e9096243281;Produto_F;2010-10-22;-781.57;BRL
4b6433c1328f40f2a7c73655773e0c1b;Produto_G;2010-10-22;-95.62;BRL
4220f36eda3046ebb411fc2690652ffe;Produto_H;2010-10-22;-418.26;USD
e123f0883896436197b1b5242c3b6089;Produto_I;2010-10-22;-501.54;USD
58da193f67ae402ab0d2cdb540e89d57;Produto_J;2010-10-22;-154.79;USD
9d4539816a84480e854baea147f8dd48;Produto_A;2010-10-23;-647.97;USD
87247e96b167459180361f8b347a09b1;Produto_B;2010-10-23;-352.65;USD
cb6be558d3ad41bfb1b23e204632e10b;Produto_C;2010-10-23;100.0;USD
85171a315f5b40e3a9c7ae12bed3916b;Produto_D;2010-10-23;-256.01;BRL
907bbb397d22480998a4b490459fc09c;Produto_E;2010-10-23;-71.47;BRL
6e4671b91338474a8073fcc7b520075b;Produto_F;2010-10-23;-381.82;USD
c7b9f6db720d41e8b70a20d586eed921;Produto_G;2010-10-23;-427.97;USD
79b11d101c9e473db76e8f65642d913e;Produto_H;2010-10-23;-386.27;BRL
4d5fa5cef8af4eca8ce8fc0c3ad9745c;Produto_I;2010-10-23;-127.04;BRL
52cf76e05acd4e94a9cb371c5630bbaf;Produto_J;2010-10-23;-119.77;BRL
5493c0fc5acd45f8aa9860922528e0f6;Produto_A;2010-10-24;-504.24;USD
4a7ebaa80b12494d83c2e2e7c9aaf548;Produto_B;2010-10-24;-723.78;BRL
d5ff3f3d12ed42388e0feba7059afa09;Produto_C;2010-10-24;-128.81;USD
14717f11c2a3492f9bfbe16c3d3b84c5;Produto_D;2010-10-24;-840.15;USD
80262a7fe66247e4bf5a711916ccc91c;Produto_E;2010-10-24;-197.68;BRL
23783f0ed95e41ff888b2bd133ce38de;Produto_F;2010-10-24;-233.91;BRL
1fe4c7677a634cc3b6483e268cfe1cc4;Produto_G;2010-10-24;-308.93;USD
1162c372f02c4c30b4be31675c89b2ba;Produto_H;2010-10-24;-378.03;BRL
d2c36acd80ca4987ae0218b66d25cfc4;Produto_I;2010-10-24;100.0;BRL
7d3e0fcf8449487d8c45517437fada85;Produto_J;2010-10-24;-335.54;USD
f1d9928daafb439d998bf83670d13bb7;Produto_A;2010-10-25;-528.99;BRL
219c957872f945159b0c68b710ddcaba;Produto_B;2010-10-25;-1000.0;USD
d5e96be1494e4f86b4c50cde674e4269;Produto_C;2010-10-25;49.33;USD
dbd8f71c7bf8446a8f00552d750dba94;Produto_D;2010-10-25;-548.32;USD
c64871fd06ba4e86ad414de1b68bad05;Produto_E;2010-10-25;75.09;USD
601feae8f1714436a0c1ccaa3b4ef4f1;Produto_F;2010-10-25;-505.23;USD
2f569dbca7fa49d9964a97976804442f;Produto_G;2010-10-25;-205.56;USD
2e9a833c3d5841e9ac8fb9260a483453;Produto_H;2010-10-25;-271.17;BRL
b8287a622c354c31939eb740c1f67b53;Produto_I;2010-10-25;-637.07;USD
29c354c74ef748db9ed7396d010be15a;Produto_J;2010-10-25;-679.16;USD
8cab410f37dd40ec95f505704bd8d9b3;Produto_A;2010-10-26;-770.81;USD
02f814064cbb444da99e1ba0dc72b4ef;Produto_B;2010-10-26;-957.38;USD
ab93d5bcf34146a18d3d5863600bae1a;Produto_C;2010-10-26;-415.91;BRL
e4ea007e9e8b4b10b06737967886fd48;Produto_D;2010-10-26;-969.51;USD
0d661dbbde8a45e899676557454aa203;Produto_E;2010-10-26;-805.06;BRL
9e452a5b8668493e9cdc9ab72b5ea05c;Produto_F;2010-10-26;-397.17;BRL
edc3a552329d47928a59d97270701e95;Produto_G;2010-10-26;-295.82;BRL
f388524aee5f4d8c8271e97498192b61;Produto_H;2010-10-26;-752.9;USD
5f36f580276c463f9b8cae96d688c985;Produto_I;2010-10-26;-394.87;USD
03fd0c320b444c23b9932dc46dcfb6fb;Produto_J;2010-10-26;-866.3;BRL
336cba06d6e049cab82fa6f0935005ba;Produto_A;2010-10-27;-308.25;USD
8848e433be1f47a1bb0fe4db849bb426;Produto_B;2010-10-27;-631.56;BRL
1e7b9fd5c0e84854a33179796619a83c;Produto_C;2010-10-27;-795.19;USD
d6c2762b0d6b41699c110f1d34b2fc8f;Produto_D;2010-10-27;-979.0;BRL
5511716fc38840e4ba8c01c8d21a5fd7;Produto_E;2010-10-27;-360.12;USD
65bd8d8f34984dbda3df67866af355ab;Produto_F;2010-10-27;-537.41;USD
750a598ff6a241ee9b406f32030ea064;Produto_G;2010-10-27;-353.79;USD
5fac1fc424cf4928b0a82487975c4442;Produto_H;2010-10-27;-867.4;BRL
a3b3a9bf46b2415badde4ec673c2a020;Produto_I;2010-10-27;-1000.0;BRL
b210c7c3a6bf4d89baef3c7ff6a4ff3c;Produto_J;2010-10-27;-976.91;USD
bd0d6db153734f5c8ee33d8b5342ac85;Produto_A;2010-10-28;-757.45;USD
cd4bdff0d5b74dc19e2bad909ffe10cc;Produto_B;2010-10-28;-1000.0;USD
0268d3153c8d4503869629121dd4f43d;Produto_C;2010-10-28;-347.91;USD
00a04d012cf44b3c95916e6a062b430b;Produto_D;2010-10-28;-631.89;BRL
a840cef295974e6daa16819ca3db87ea;Produto_E;2010-10-28;-353.13;BRL
c8923a3a63e54b55af5c1359cdb01b54;Produto_F;2010-10-28;-243.19;USD
a86c06aa92d64db0908c214ad88ece32;Produto_G;2010-10-28;-759.71;BRL
08c4a9053ba04a08a625ac365506a8d4;Produto_H;2010-10-28;-1000.0;BRL
5d2434c5cca54918ac3500711a3e61c4;Produto_I;2010-10-28;-21.3;BRL
c9397b3d06f3441da92c2109ec86d5fe;Produto_J;2010-10-28;-342.62;USD
ff816924e9f74872bc0a1fc6620729b7;Produto_A;2010-10-29;-494.28;BRL
9ef0616a631c4d7b9d6186b1e7605ccc;Produto_B;2010-10-29;-826.72;USD
42bb8d5ff72f4e61860053b60891d461;Produto_C;2010-10-29;-413.66;USD
2230ab5dcb944ff2b3df7d23cb9551cc;Produto_D;2010-10-29;-859.31;BRL
c73553afc6eb44329f6e26afbadba854;Produto_E;2010-10-29;-647.08;USD
cc4f52b3dcb94e94aeb0928f82c55aae;Produto_F;2010-10-29;-477.58;USD
725124dd0de74b80858f6cdc3c4c5175;Produto_G;2010-10-29;-303.32;BRL
ed4173b22ab9443cbb0fdeed53c430f2;Produto_H;2010-10-29;-415.71;BRL
e8bf5ae30f6a4606b5310a6ff5d50a70;Produto_I;2010-10-29;-339.37;BRL
9c5f09c660544e078cac9c413cd6612e;Produto_J;2010-10-29;-888.68;USD
83a85deff5e74bceba324613779fb2cd;Produto_A;2010-10-30;-760.11;BRL
39a13075ec2849faae5246a0755b3476;Produto_B;2010-10-30;-261.75;BRL
238f1a3715ae4f109dbef48637364f54;Produto_C;2010-10-30;-768.24;BRL
8642367f852942f8b24c243cfd52f972;Produto_D;2010-10-30;-633.36;USD
28f42bca1f514d3c95aa8c8c5c39b163;Produto_E;2010-10-30;-815.38;USD
8adec2e34e6f4a73b0ba45601bcd31b2;Produto_F;2010-10-30;-41.54;USD
78b140db96734cc392309d76627076cc;Produto_G;2010-10-30;-94.64;BRL
828b0f62911948259d4a53d211d120d4;Produto_H;2010-10-30;-836.92;USD
fae5f5e51f514acaa6fd43833c692e28;Produto_I;2010-10-30;-872.84;BRL
b5f6267cff044402bed8213bcaacec68;Produto_J;2010-10-30;-245.41;USD
3f979303b3c849cab7df4991c77ca087;Produto_A;2010-10-31;-355.18;BRL
ec88ebd471dd483888a0a33028b43353;Produto_B;2010-10-31;-31.24;USD
8cf04b3a6928481fb5f68b90d87a8f4a;Produto_C;2010-10-31;27.8;BRL
5f04ed6d7e674f9281f501f7e6f056e9;Produto_D;2010-10-31;-199.89;USD
52df17be04c14a6bb3fb57623c2bd217;Produto_E;2010-10-31;-566.41;BRL
bdfca06ac2e342d7bd3995fbcf13d70f;Produto_F;2010-10-31;-246.46;USD
939b53871f364e7c9adaddb57216cc3f;Produto_G;2010-10-31;-581.02;USD
7cd7e594d83a40389b06aeda2dea3b0c;Produto_H;2010-10-31;-1000.0;USD
054aca8d895c41129bca612775066713;Produto_I;2010-10-31;-795.57;USD
35fd2f1e59634b68bb053e21dc780317;Produto_J;2010-10-31;-1000.0;BRL
3224878e959c4c5899a58e9a45d16752;Produto_A;2010-11-01;-421.71;BRL
62e1042055fd48c2b341aab6e6be60d8;Produto_B;2010-11-01;-744.74;BRL
5c38364d3317444595be5fc551dfc228;Produto_C;2010-11-01;-185.43;BRL
2df9010de7824c59ae586f15881d5022;Produto_D;2010-11-01;-458.1;BRL
8be12bb1aff544b2ba8ad34e6aeab423;Produto_E;2010-11-01;-453.96;USD
71e9d3be7fbb483eaed114b3aa6bf194;Produto_F;2010-11-01;-262.96;BRL
77b04070e8aa4fef864c38dab984d304;Produto_G;2010-11-01;-225.8;USD
d5268f8a10d840ca8aa76143079c1a3e;Produto_H;2010-11-01;-680.83;BRL
7f3d754f940f410b82cbad412461bc6e;Produto_I;2010-11-01;-146.99;USD
9806752690164ef7b9417a3386503df4;Produto_J;2010-11-01;-920.21;USD
3ffae4532c96497aa747ebc43f7df8b9;Produto_A;2010-11-02;58.3;BRL
50c8a281977447f280a268149f71a96a;Produto_B;2010-11-02;-1000.0;USD
d483243d3473484688276e1431958a2d;Produto_C;2010-11-02;-291.41;USD
d01e6b018075400199e5dfca3a4d6215;Produto_D;2010-11-02;-555.09;BRL
3f28f425dec445bc99cd072d614ff727;Produto_E;2010-11-02;-639.64;BRL
dd92f22b84f6452d823fa63f7397254c;Produto_F;2010-11-02;-493.77;USD
3799681ce248429faec3ac71f5f39207;Produto_G;2010-11-02;-412.73;BRL
506775e0618d4e3791f8142359799fe8;Produto_H;2010-11-02;-775.4;USD
a8ce39386f2340b681b70ab1e0bbc243;Produto_I;2010-11-02;-782.2;USD
90b1dbfce7d54739a50de7c488e2303c;Produto_J;2010-11-02;-1000.0;BRL
a8527d4e8a184bb9a9e59685ab780922;Produto_A;2010-11-03;-732.48;BRL
cebfa2e9e8f14b708ffec49a9e54fc40;Produto_B;2010-11-03;-130.76;USD
097808a7c14e4d4f9770c8b786db0deb;Produto_C;2010-11-03;-661.5;USD
b15c66411d2c463bad71807900b5f3ea;Produto_D;2010-11-03;-675.66;USD
ac1f5c495bd242cda03a59a1c72f2ad8;Produto_E;2010-11-03;-57.35;USD
5c5c641ce1f44c9bafbddb8db36529c9;Produto_F;2010-11-03;-228.95;BRL
3aa32cd43cec4f3db98c2a2a7795b0dc;Produto_G;2010-11-03;-456.25;USD
922cb2029f23440282c47b292fa9f30e;Produto_H;2010-11-03;-157.63;BRL
7032e4c914a54e27a42e026373b6bd4f;Produto_I;2010-11-03;-488.73;BRL
7a04a7d06c9b475a8a3cf51e59f1f472;Produto_J;2010-11-03;-117.44;BRL
dc25005a4a064faaa3ca019dbafabae5;Produto_A;2010-11-04;-610.5;BRL
81c6f6693b3646cfa0e470c14c56694e;Produto_B;2010-11-04;-570.76;USD
63d6174050ea4e18a7a9316a2d0177ad;Produto_C;2010-11-04;-744.69;USD
0e0ce45682564e97867a2a5f087024ba;Produto_D;2010-11-04;-43.6;BRL
0d065ef365fe45c68073fde5e6eb2c81;Produto_E;2010-11-04;-131.56;USD
260a5fd5b0504ebdaa40287b64c790ec;Produto_F;2010-11-04;2.48;BRL
3b9039d12d5b48edbcfa02aafc31df06;Produto_G;2010-11-04;30.79;USD
09893753a1c04f25ba7ce6822423e615;Produto_H;2010-11-04;-756.02;USD
a9792baf5ce14b83a090bf44c8d4c7c5;Produto_I;2010-11-04;-472.08;BRL
a0dc4840dae044989bae6e6407de701d;Produto_J;2010-11-04;-823.16;USD
088e167787c5448793feb7776be34ad5;Produto_A;2010-11-05;-813.6;BRL
563af4d438bf4a6da7134b0829385717;Produto_B;2010-11-05;-1000.0;USD
4f4cb13655234616b812f4e65d39272c;Produto_C;2010-11-05;-58.52;BRL
ec1ed8f36bab4d46918bb6c6c6dffc4a;Produto_D;2010-11-05;-535.21;BRL
69ea2e49adb24349920f9b77e8a4a568;Produto_E;2010-11-05;-528.51;BRL
0155b3c03dd14d859d26fef49fb18d16;Produto_F;2010-11-05;-613.39;USD
0682566d5b7447cb8698d4bf6abd948d;Produto_G;2010-11-05;-83.25;BRL
0d75b092992d4cdfbbc3706ae8012785;Produto_H;2010-11-05;-806.41;BRL
ad8aa3d565574b6582d493f5123c7dad;Produto_I;2010-11-05;-58.46;USD
882b497f892b460a8e265f3c36c69ac2;Produto_J;2010-11-05;94.09;USD
641c370d9fa44506b9b2ce444e98acb6;Produto_A;2010-11-06;-172.29;BRL
edf876b3da7749adb013ce6a56fd2ad4;Produto_B;2010-11-06;-353.49;USD
3b77286d9eab40d7a66a6c70b70926ed;Produto_C;2010-11-06;-44.25;BRL
82ad2a8463fb42a085fdc40c6995d71e;Produto_D;2010-11-06;-694.8;USD
7f4147e899a34beeb37172217c5f141c;Produto_E;2010-11-06;-174.53;USD
9cfcf66c828347a0bec3e9f8d63b1024;Produto_F;2010-11-06;-629.71;USD
db5c3d70263d4262ba2856e06a54bf75;Produto_G;2010-11-06;-450.49;USD
f33be350274a425c8f61f0a99a728102;Produto_H;2010-11-06;-115.22;BRL
4def849235c04aaaaf4d93a6ab12d670;Produto_I;2010-11-06;-416.23;BRL
6f9e8c2bec9e49c6827670c51e9492f9;Produto_J;2010-11-06;-616.08;USD
ae790c0fc99c48cd8b2ba18373bb1c18;Produto_A;2010-11-07;-410.31;USD
bd3af6e01c6e498996837a4d37f5d824;Produto_B;2010-11-07;-582.14;BRL
45e869faba3a4fd2aeda36eb24a10498;Produto_C;2010-11-07;-98.68;BRL
efb9d93c27a54528907c57ee4fe15be1;Produto_D;2010-11-07;27.01;USD
69f8ee84c5d245158a696b68111010a7;Produto_E;2010-11-07;-732.01;BRL
d50287aeed1a4865a150469621e990aa;Produto_F;2010-11-07;-401.02;BRL
ae2c1e7014234f388ace752b413a3ee9;Produto_G;2010-11-07;-181.73;USD
23406c173f8e422f97f64a7e8f8cdc21;Produto_H;2010-11-07;-998.3;BRL
765e9b1bf8ca48ea8e5097e1604be60d;Produto_I;2010-11-07;-212.31;USD
07c183892b2a4de4b35967d5ad43a21f;Produto_J;2010-11-07;-360.79;BRL
cb7f332d420548038c128d9e3e7e7d56;Produto_A;2010-11-08;-23.41;USD
75b3eba17a434de9ae2f820a7c110964;Produto_B;2010-11-08;-1000.0;USD
f48c25ecf04f4081a1214d0d07baec44;Produto_C;2010-11-08;-282.26;BRL
beb9430471e74d428ccbfad4de40612e;Produto_D;2010-11-08;-780.3;USD
e93900b4a1e04b92b3337838659f4fc8;Produto_E;2010-11-08;-601.41;USD
638289571ed64e2eb7944ec137495a30;Produto_F;2010-11-08;-41.54;BRL
0d37c0703676484abac1beb6a2f53bac;Produto_G;2010-11-08;-114.48;BRL
e72511018f9640ff923df60eab154ca5;Produto_H;2010-11-08;-424.86;BRL
19ea2a671cfd4958af1a21bad95a0e57;Produto_I;2010-11-08;-1000.0;USD
aff544e8283045c197546ec4e4056c4e;Produto_J;2010-11-08;-835.02;BRL
a9175a55385047c790157d65e7e1354d;Produto_A;2010-11-09;-556.69;BRL
3b83d9d38eb644bc90718836804a431f;Produto_B;2010-11-09;-514.26;USD
e4dfc87f6a2e480e8f446b623fa630dc;Produto_C;2010-11-09;-476.98;BRL
f2f5cf5cc5d64d6daa379a3bd631add4;Produto_D;2010-11-09;-515.38;USD
b4747d7c9ace4ec4b5a1fffc41d76e8e;Produto_E;2010-11-09;-367.58;USD
ea09a2f5bc804fc299925915f7d089ed;Produto_F;2010-11-09;-449.23;BRL
ec3fa52dd19a476aa7ac20d9a0ba7f5a;Produto_G;2010-11-09;63.11;BRL
1c850dc18b0a40dd809c266060a2db07;Produto_H;2010-11-09;-566.22;USD
c02e65cba0214d5f903e9743eab87661;Produto_I;2010-11-09;-284.22;BRL
b6c1803a0c2d41fb9ebd70fa10661fb3;Produto_J;2010-11-09;-460.31;BRL
ff2dd2fb020c4f32982c8d5879abe08d;Produto_A;2010-11-10;-501.99;USD
601625e69f334e1aa57916352bbbf462;Produto_B;2010-11-10;-123.29;USD
eb19867d9dba47b1968fe53dbdc1d39a;Produto_C;2010-11-10;-109.06;BRL
2b87bc9f48394bbfbfbf7bcf1b0d64bc;Produto_D;2010-11-10;-271.88;USD
b01e2348535247569d62679cb38ba8ca;Produto_E;2010-11-10;-410.83;BRL
972a73126c124fe2a4053abf0cbcf853;Produto_F;2010-11-10;-786.04;BRL
ea18914dfbbb47328aa34aece5f53387;Produto_G;2010-11-10;-339.54;BRL
167c49d9c5e14aad9b04c64a963d530c;Produto_H;2010-11-10;-211.77;USD
cf961785db4d47b99f00ffb0812f4182;Produto_I;2010-11-10;100.0;USD
c0a0894991354f2c884d4c480ad7944b;Produto_J;2010-11-10;-788.76;BRL
e3179beae3f7486591c220009e89b8d3;Produto_A;2010-11-11;-581.56;USD
ff5ed58d50104bc4b0e2291aabdb54ed;Produto_B;2010-11-11;-456.03;USD
bac507557ea74990a35d76b6bac4f172;Produto_C;2010-11-11;-602.01;USD
dcd05d040803407f848996d32c9bbe2d;Produto_D;2010-11-11;-927.66;USD
5010fe859840454599361ef9926233ca;Produto_E;2010-11-11;5.38;BRL
71c30697155643dd86912da2abb6e613;Produto_F;2010-11-11;-571.71;BRL
443effc2c39246d3b5e31842da31ab0c;Produto_G;2010-11-11;-635.23;BRL
97f9c767faa4428299735920c7032b3d;Produto_H;2010-11-11;-229.35;USD
a320a496e65e4f0d985aa28ddaa21bc8;Produto_I;2010-11-11;-213.86;USD
f9de3f1cac104ba59a22e97407cdc861;Produto_J;2010-11-11;-822.48;USD
64da029f4f4c4c1aba21160885f927c9;Produto_A;2010-11-12;-814.44;BRL
9ef3da6f647d4bbca70bc745d07d170e;Produto_B;2010-11-12;-898.93;USD
425784e4d6a846308b79cfb661fb9deb;Produto_C;2010-11-12;-655.86;BRL
31a889455cc9461a9acaa9a55145d2a6;Produto_D;2010-11-12;-228.65;BRL
3909dd9ca921486aa8a1f07193b59bc8;Produto_E;2010-11-12;-727.27;BRL
8f96c27f1dac4f0991e9bfe5965606e1;Produto_F;2010-11-12;7.97;BRL
2707ac9e03c74b7fae2707cb98f34425;Produto_G;2010-11-12;-579.61;USD
d0abb294ee9a4e179620a9982efa867f;Produto_H;2010-11-12;-206.7;BRL
214f8101c3bd45d48c0fba3385853669;Produto_I;2010-11-12;-1000.0;USD
7ae91313b5394cd5aa1d028d4c048ea4;Produto_J;2010-11-12;-1000.0;BRL
2a6d56aa01414926a64b9183b2e3de8e;Produto_A;2010-11-13;-585.45;USD
0d16d4323f7f4777a7ff4749aa3d862c;Produto_B;2010-11-13;-300.01;USD
d1074ab9ece54ed0a6fa79ec6bae61a6;Produto_C;2010-11-13;-491.28;USD
e5c505e220554119bbd9720719e8bc9a;Produto_D;2010-11-13;-156.87;BRL
8665a109012d4bdaa13c00aa906d4558;Produto_E;2010-11-13;-818.98;BRL
3e130c4624f74d37b5c06fbb3b65a563;Produto_F;2010-11-13;-340.75;BRL
f827ae2ccf124b07929e90cbcd54f0f1;Produto_G;2010-11-13;68.34;BRL
7fe0735c6ab84e3d8cea873b1634e0d2;Produto_H;2010-11-13;-765.7;USD
5038cae3e3e5465c8deb1681bec0f26a;Produto_I;2010-11-13;-178.57;BRL
6fa40bdf1a634ab0ae9d275cb6b0fe00;Produto_J;2010-11-13;-153.74;BRL
0cb782e4dab140daa726554b2f7dc173;Produto_A;2010-11-14;85.62;BRL
14bbb59230084daa8f544013a9bac346;Produto_B;2010-11-14;-62.23;USD
516599228b47449c960e03e974f9dfa8;Produto_C;2010-11-14;-248.86;BRL
884c1594e1544821a63e451beaecdd6f;Produto_D;2010-11-14;-58.09;USD
1d7f5424a2504782b100ab92999d9e8e;Produto_E;2010-11-14;-460.51;USD
3387bd23f61448ff933e7e89e7f531a0;Produto_F;2010-11-14;-716.99;BRL
7e4b0fe98f144ef2b05dc85b846d017b;Produto_G;2010-11-14;-489.97;BRL
fa8019e308604135a926b7ca7543bd87;Produto_H;2010-11-14;-1000.0;BRL
3d1b97e092be4bf4810347fbf5c72495;Produto_I;2010-11-14;-694.84;USD
63a490ccd63046e493ed060c937401ac;Produto_J;2010-11-14;-937.63;BRL
d8cd5853de7746b99880ebdd91573824;Produto_A;2010-11-15;-866.97;USD
7f285608afa744898e37aba57349e8ae;Produto_B;2010-11-15;-648.25;USD
21b9fe1f9ab8422c84517ede12a96046;Produto_C;2010-11-15;-758.32;USD
97bc468829b74267ab731983062d4c8e;Produto_D;2010-11-15;-630.02;USD
e6a5ed770aa34b6683dbad9f306eaf9a;Produto_E;2010-11-15;-30.23;BRL
411687ac48154f389457692e743d583a;Produto_F;2010-11-15;-92.2;USD
7a14a3b37d77404ead0273f483cf901a;Produto_G;2010-11-15;-496.12;BRL
422aac85ffb44e53a216492e9ed52b04;Produto_H;2010-11-15;-89.92;BRL
b1b865cac32a4578aa98d14325914793;Produto_I;2010-11-15;-980.96;USD
8420a37ac2954ff1b51f6030b92927ed;Produto_J;2010-11-15;100.0;BRL
521f6d2c69034c3b93ac06ed5dc144e8;Produto_A;2010-11-16;-606.94;USD
a25f5ad9a3454e3ebacf9b041a597db9;Produto_B;2010-11-16;-87.31;BRL
59b26af834d443e5b768f015546e20b0;Produto_C;2010-11-16;-965.62;BRL
6f34980fdf5b4d2eb27c1225e463aa25;Produto_D;2010-11-16;-721.97;USD
304476b14f3b493e851656ac47ce9671;Produto_E;2010-11-16;-763.76;USD
05224dfbe0b44f249dd6b5cc4447e9b8;Produto_F;2010-11-16;-134.98;USD
fc175d5283874dd0acf0684c1121cd3f;Produto_G;2010-11-16;-75.27;USD
40a7326fd1af4b268130fd28858cf3dd;Produto_H;2010-11-16;-1000.0;USD
56afca4543294049a4cc9e4b337a6581;Produto_I;2010-11-16;53.57;USD
c471f59443fc4d4b941fa6180d448185;Produto_J;2010-11-16;-207.92;BRL
6281d8a87cbe44509fb883098d2fe3cd;Produto_A;2010-11-17;-763.23;USD
a6377c2621e74a9992c1ff169bab76e6;Produto_B;2010-11-17;-574.53;BRL
bc0114373c2043869c8003059b58b54b;Produto_C;2010-11-17;-487.74;USD
6290e9b4a25248a3b130f5fbb94e51c1;Produto_D;2010-11-17;-83.88;BRL
ab81ca5bf4af4d26b31cb47d76aa0fa3;Produto_E;2010-11-17;0.1;USD
ce339187040443c19622aad533f40c64;Produto_F;2010-11-17;-96.64;USD
bc8ea68c263d45729d48bfc372fe4213;Produto_G;2010-11-17;-608.32;USD
b2ec72da6e5e4840831f49681f6bdaed;Produto_H;2010-11-17;-527.56;BRL
4bb7507737644aa281c8f8dcce3e095b;Produto_I;2010-11-17;-614.83;BRL
e637f7e0a37d464a87d2256dbadd1ab0;Produto_J;2010-11-17;-187.7;BRL
526793338f6843d39563ac0434fd9a7e;Produto_A;2010-11-18;-772.43;USD
f054739ffec444b5a285ad87155a39b2;Produto_B;2010-11-18;-280.57;BRL
a4951501e73e4cf2bb170a8db74ccc18;Produto_C;2010-11-18;-735.06;USD
fc7e8c791a404271bfadb5127361b321;Produto_D;2010-11-18;-91.5;BRL
a76e0bc731bf494f97c7e20d9d47a297;Produto_E;2010-11-18;-154.49;BRL
29c4e52c27a44394b8789db004990c2a;Produto_F;2010-11-18;-223.81;USD
a34c2e38b47e45f690ad4e50c007f978;Produto_G;2010-11-18;-310.25;BRL
ee447114418546c6990f87389b416215;Produto_H;2010-11-18;-150.91;BRL
00d7bd38ce1a4011b14427a947e1f176;Produto_I;2010-11-18;-572.69;USD
ffc3bf72da7b4132a9f9f2781aae34b5;Produto_J;2010-11-18;50.68;USD
27c2c6400302425f9fbb8b100cf2cfc1;Produto_A;2010-11-19;48.0;BRL
f6f7edfa744a4c6aafbb946788fa5653;Produto_B;2010-11-19;81.58;USD
bf1c1fe7c3a64e3288ee7725cd869e26;Produto_C;2010-11-19;-1000.0;USD
dc409185c730465d900f4f7047f818b7;Produto_D;2010-11-19;-64.83;USD
e719cc86dc4c436eb32a582ebc609383;Produto_E;2010-11-19;35.24;USD
6c7568c8e803423dae1e16ca18ea356a;Produto_F;2010-11-19;-369.24;BRL
545fe67cdc1442adadd0c4ad82337089;Produto_G;2010-11-19;-685.91;USD
41cba77b78bf4c2589a3d6bec2a697f0;Produto_H;2010-11-19;-375.91;BRL
5a1d2c482ce840d484e462db2251870f;Produto_I;2010-11-19;-154.69;BRL
a8b39f3f869a4fbaab51d9fc18a300d6;Produto_J;2010-11-19;-171.38;USD
8a65cd2b6eb84fc2bfc1e9553dcb3e49;Produto_A;2010-11-20;-739.3;BRL
98a1ebc872884dcebc350fe5418c3f9d;Produto_B;2010-11-20;-618.42;USD
1d42a76c4c8c42bd969855a99c1569c4;Produto_C;2010-11-20;10.5;USD
5ac5460162164bab90f1e19cffb21358;Produto_D;2010-11-20;-95.98;USD
2390d3ff914144ca87f620cfb83635c2;Produto_E;2010-11-20;-91.83;USD
98a9ca097fa04450a5c8a409a2d79579;Produto_F;2010-11-20;-80.85;USD
e297919185264df78141d033ab8e83bf;Produto_G;2010-11-20;-510.22;BRL
4caebc00389e44f1b9fa17afb6600a7a;Produto_H;2010-11-20;22.41;BRL
475ec72a25244199b48dabfcb2589e1f;Produto_I;2010-11-20;-878.94;BRL
1fdb913d9a8843e3a267b268e60236c2;Produto_J;2010-11-20;-267.52;USD
4971f9c86c944107a71690d3ebccdc3d;Produto_A;2010-11-21;-543.3;USD
e392cd9c072b454599e54d6b8b95a037;Produto_B;2010-11-21;-651.16;USD
ee6e9851791c49b4bc74d63d4192024e;Produto_C;2010-11-21;-824.46;BRL
4096378b4f2a43bd8e2bf1328f89cabd;Produto_D;2010-11-21;-397.87;BRL
ed816dab89d74642879974159b5324e4;Produto_E;2010-11-21;-280.66;USD
a3baf26c79014e298ac0e516ba345c0b;Produto_F;2010-11-21;-348.84;BRL
21d8125694be45d4ac042da77362d6a7;Produto_G;2010-11-21;-72.92;USD
4d0f7f9cae3e4a6e82f21db0425754db;Produto_H;2010-11-21;-931.71;USD
dfaca7f541444484ace6dbaa6072afed;Produto_I;2010-11-21;-124.98;BRL
9f6ad1faa51c45b298042678b508d97e;Produto_J;2010-11-21;-644.71;BRL
1c42b240df3f44a7bfea87df4c0062bc;Produto_A;2010-11-22;-26.19;USD
2b3d9b1652554bb69177d3f0abb53c14;Produto_B;2010-11-22;-956.66;BRL
63330e950d25472fa7e1996cc0e33df0;Produto_C;2010-11-22;-1000.0;USD
3f7ef43e17114aeabec4ec58a6405398;Produto_D;2010-11-22;-384.72;USD
9f2694756f0e453fb2805b7ade54bb87;Produto_E;2010-11-22;-777.24;USD
359dadda4442498d8cbb9c2dab4322fc;Produto_F;2010-11-22;-499.75;USD
2fe3aae616964cfd92646c1937ca93a8;Produto_G;2010-11-22;-447.57;USD
cfe915df5fb6491fb68efa0573c5c1bd;Produto_H;2010-11-22;-473.19;BRL
6ac22ff8d2a64c428ae12950f522e88c;Produto_I;2010-11-22;-706.21;USD
191b3039bc294deeba3e321c47e5597e;Produto_J;2010-11-22;-822.77;USD
1f01030c92854676bedcaa1a7a57ab05;Produto_A;2010-11-23;-931.04;USD
60811a8e55a145a8b2d3ee053786b2df;Produto_B;2010-11-23;-894.38;BRL
0c5234c14b5b4cb98f4a3e32aca160f1;Produto_C;2010-11-23;-738.29;USD
837f0c6aad5d49cf884ad1633cb9beae;Produto_D;2010-11-23;-920.64;BRL
9f1685b27939465b8db1d35e0a325bfe;Produto_E;2010-11-23;51.68;BRL
43bf58f4edfe4f9dac592cf916938797;Produto_F;2010-11-23;-177.05;USD
f939366bd1274719b55043a660f7072c;Produto_G;2010-11-23;-310.57;USD
a23dbc9c94ad4c92b30fe88518935dc8;Produto_H;2010-11-23;-815.62;BRL
e9276186159549e38b79b06b21cf7c9e;Produto_I;2010-11-23;-432.81;BRL
71c05c067108429e9ae2e6d925812071;Produto_J;2010-11-23;-218.87;BRL
f1002aae687a4c62b3296b1477876ce6;Produto_A;2010-11-24;7.63;BRL
495def9fa0664f3e9ef0adb6cdd53fa1;Produto_B;2010-11-24;-954.08;BRL
57284c23d4934df4a73daea58b4f1be3;Produto_C;2010-11-24;-183.24;USD
f918df2ffc734cd593534a2fbca3fcbd;Produto_D;2010-11-24;-1000.0;USD
aa65fd23ba6844c6bb56924208bdb9ce;Produto_E;2010-11-24;-155.9;BRL
77f47d20d2954f08815440a60fda6375;Produto_F;2010-11-24;-300.68;BRL
1e771363a76e407a84a8eef82df9110d;Produto_G;2010-11-24;-736.53;USD
afb7340b292a4150b5500816fb098b09;Produto_H;2010-11-24;-533.43;BRL
20d0a05998084eea8882e389106c9fb1;Produto_I;2010-11-24;-788.26;USD
5b72e8c0bc644ff79745c366d0cab66e;Produto_J;2010-11-24;-998.25;BRL
17619cc09bde4092b7ae56525a23da28;Produto_A;2010-11-25;-500.36;BRL
bbaad40f3642438eb945f34e0958d8e6;Produto_B;2010-11-25;-872.54;USD
1a6030f9d5644a7b8c466605b1a44eb1;Produto_C;2010-11-25;-569.9;USD
ae68eb97850a4e7bbaf931262b08dae6;Produto_D;2010-11-25;-829.63;USD
bc89d645f3ad44acb638dabf5468970a;Produto_E;2010-11-25;0.42;USD
d34384fa7275420480d6c199e90d549f;Produto_F;2010-11-25;-555.46;BRL
bdd47d3def9c48eeab84e20db8f69cae;Produto_G;2010-11-25;-83.37;USD
c71421fb81854da384adb5aa6a43e8d2;Produto_H;2010-11-25;-239.43;USD
995f4908762b4b8a895ada4365f382d7;Produto_I;2010-11-25;-70.05;USD
120ec16a26fa47c89b55b28074b64909;Produto_J;2010-11-25;93.12;BRL
288e8efb68a748c7a16426a8008ff3db;Produto_A;2010-11-26;32.89;USD
133b987d90674246801e07d2ac453bb3;Produto_B;2010-11-26;-768.12;BRL
7e7f7967f23c48dbaa4112c612801f7d;Produto_C;2010-11-26;-127.66;USD
9722636fb0594a5b9f111ba125e6649b;Produto_D;2010-11-26;-189.61;USD
5dc8e9f356594a0886b2b34ab096553a;Produto_E;2010-11-26;-781.32;BRL
4bed02ff6ccb4eae8c5f096c0679fe60;Produto_F;2010-11-26;-771.07;BRL
25857570ec1d41f995ef037a3890fddc;Produto_G;2010-11-26;-393.12;USD
4f57e50af70a45779378f679e87fa9e2;Produto_H;2010-11-26;-578.97;BRL
fcfc3efb98b649969d73aee7c6208f11;Produto_I;2010-11-26;-317.04;BRL
536839ae8fe14864bec563323100a2a3;Produto_J;2010-11-26;-300.44;BRL
1e385a868be44760ab73e018a6bf3040;Produto_A;2010-11-27;-374.66;BRL
201ebd1375ed41f7901df5d1c1da1bfe;Produto_B;2010-11-27;-421.43;USD
667fa91f9fc94bc3817e0da2c345fc1c;Produto_C;2010-11-27;-197.01;USD
8f4815b6b546402880a3997b40628597;Produto_D;2010-11-27;-610.15;USD
4413279cd5a74ff5b5d26e02680c726e;Produto_E;2010-11-27;52.99;USD
9310f68e7bb9472a80d7038eb33f8a58;Produto_F;2010-11-27;-467.52;BRL
2df72b054d5b418698766a6f0437f037;Produto_G;2010-11-27;-413.04;BRL
064abb6204de46a1a640b0b0214ed694;Produto_H;2010-11-27;-793.1;BRL
f08eb99091c448aeb4c856d92fbd1960;Produto_I;2010-11-27;-443.8;USD
dff6cabc37294142978fc7576a03d0fd;Produto_J;2010-11-27;-353.16;BRL
77b615b51fab47d59b1f2e750e9497aa;Produto_A;2010-11-28;-476.7;BRL
ecc1a361d2574442b31f23baf833d552;Produto_B;2010-11-28;-536.62;BRL
53d1a733a37b4a7ba59f2e306516384e;Produto_C;2010-11-28;-1000.0;BRL
e35de4d7d91e400a85b02b4df8fdeca1;Produto_D;2010-11-28;-1000.0;USD
5a2c499a8cb3452daa01df3c72944539;Produto_E;2010-11-28;-607.27;USD
b71c127d554c45988ae0c03b6d81cdea;Produto_F;2010-11-28;-474.89;BRL
6e04e5bee9e64a159719585b6cd09a31;Produto_G;2010-11-28;-307.16;BRL
3ae2f94776c4413da666400d07c507f1;Produto_H;2010-11-28;-67.84;BRL
5e839ce2bdf448219bc27d8b17621833;Produto_I;2010-11-28;-356.9;BRL
9ce1d623c5764ff9b9245f7185f1991a;Produto_J;2010-11-28;-252.88;BRL
cb76905a369b46c1ba99703197291840;Produto_A;2010-11-29;68.38;BRL
a520676e74e44887870d630511723968;Produto_B;2010-11-29;-808.3;BRL
aeb62f1d2cab42df863a9076c9d17c61;Produto_C;2010-11-29;-319.94;BRL
b2ff47cfef214b36a4b476837e3bf9a3;Produto_D;2010-11-29;-475.37;BRL
273a6777fbdb4660a00159435674c9a2;Produto_E;2010-11-29;-719.28;BRL
9f3824caeefc42a0bb3e237a2b66e0de;Produto_F;2010-11-29;-61.01;BRL
1b595a8e866b456b84e8bdec1acb3608;Produto_G;2010-11-29;-267.18;USD
ab2b897a2ffe45a0930ced845a658a1e;Produto_H;2010-11-29;-933.56;BRL
a6f19ebe5c144c5ab856504a36dd8dd7;Produto_I;2010-11-29;-63.03;BRL
f344e1aa366448109f60a5bec4da28d2;Produto_J;2010-11-29;-852.65;USD
caffa8016b2a4c7480d562f6cc82974c;Produto_A;2010-11-30;-846.4;BRL
ed31b58859b249f68fd27d3c2c2ea8f0;Produto_B;2010-11-30;-745.38;USD
947482be3d4b44eca044e40078757332;Produto_C;2010-11-30;-892.8;BRL
745e9873e8794361b335acb960d0ab6d;Produto_D;2010-11-30;-93.98;USD
2b0c1135fd224a778b6e33b79325471f;Produto_E;2010-11-30;-184.43;USD
2b272cb666cf4f33b96a1a1e5767b1e5;Produto_F;2010-11-30;-719.52;USD
b4bdb7db63594104ae47ecfcede3effa;Produto_G;2010-11-30;-610.66;USD
4e3a775184ef451fa63f713ef8794941;Produto_H;2010-11-30;-508.86;BRL
c6f9c79cb9e44ed38df03ad532b2fa92;Produto_I;2010-11-30;-678.37;USD
fce6f95a72014373b03364f6e5493592;Produto_J;2010-11-30;-248.66;BRL
258ab7864b28463bab80273aa09016ea;Produto_A;2010-12-01;-249.67;USD
9924042c47964b698ca38a66b2ed7b39;Produto_B;2010-12-01;-812.54;USD
36f3d794d28e4f4782dbf7c204353d75;Produto_C;2010-12-01;-233.05;BRL
e307b12f1da24d479c7c5418fe20fd52;Produto_D;2010-12-01;-826.71;USD
1abbfa1f677b4082bed21736e1e39e47;Produto_E;2010-12-01;-592.2;USD
77f4a275cbd24af898c764b84b8186ad;Produto_F;2010-12-01;-79.65;USD
93c20a3d3f854dc3b9f544071dce7a37;Produto_G;2010-12-01;-675.09;BRL
c5ceb7d7170c49d09a4151be8f4672ba;Produto_H;2010-12-01;-126.91;USD
2fc31244121f484799e8c330d72a2265;Produto_I;2010-12-01;-398.31;BRL
7e2dea6c05d24990887f2e526eb5f890;Produto_J;2010-12-01;-892.01;BRL
b65b8f9e5f8b4759b8bcfdc38dc1d538;Produto_A;2010-12-02;-545.76;BRL
dee01140e8fc47ee97beb17d37594448;Produto_B;2010-12-02;-14.47;BRL
155e0b9f13484a2e9eec90fb6a18fb4e;Produto_C;2010-12-02;-222.76;BRL
0ace7c745ad541a69627373a10c24aee;Produto_D;2010-12-02;-909.18;BRL
130c10da03554902a33adab06016ecbf;Produto_E;2010-12-02;-289.07;BRL
9bb70935e36d42979bd3b078f980bcf0;Produto_F;2010-12-02;-528.9;USD
a4b18efff2a5457fb0e46196789a0fb4;Produto_G;2010-12-02;-244.84;USD
f51e4934b5554fe79462e02382042785;Produto_H;2010-12-02;-859.28;BRL
abdad59b37cf4256b7301900faabdb2d;Produto_I;2010-12-02;-439.63;USD
04de09f553a1419bba7a15431538c788;Produto_J;2010-12-02;-938.42;BRL
05ebee2294684955a26f071b36e8744d;Produto_A;2010-12-03;-733.59;BRL
7cf33950334e40f2b2d88415a03211f4;Produto_B;2010-12-03;-878.3;BRL
28d7362ab6a3458298f8a88cdc6f3da5;Produto_C;2010-12-03;-1000.0;BRL
ee82a30c38c64247b5b3b76c800c29b4;Produto_D;2010-12-03;-464.48;BRL
f704a79f865341a0bf37e92ed7f1940c;Produto_E;2010-12-03;-429.33;USD
98e03df809fa481cb872117e32746cf6;Produto_F;2010-12-03;-94.7;BRL
1bb6b4a269e740b18ff1a33980e3a489;Produto_G;2010-12-03;-481.68;USD
3592df42c0f3444ab6134d0f93549614;Produto_H;2010-12-03;-20.41;USD
5017b665138448a7b12fff82542e9d32;Produto_I;2010-12-03;-470.01;USD
1a157739aea54287b1ff77a8e03a197f;Produto_J;2010-12-03;-223.94;BRL
f25f27c1a7df48e6ac4879cae6434c76;Produto_A;2010-12-04;-899.42;BRL
b81b42c6ef1a4065a9a516aba2647f3d;Produto_B;2010-12-04;-799.43;BRL
9e1a4339f5f74ade9c6bb20d41fb51fe;Produto_C;2010-12-04;14.05;BRL
eb0dac725c874fdb9345badd39d586ad;Produto_D;2010-12-04;-992.01;USD
20bcdf9fcd5047a7a7cf81fe972e501f;Produto_E;2010-12-04;-153.41;BRL
790fc1095c654e878a7076eceefdc532;Produto_F;2010-12-04;-532.34;BRL
3f602b79eb294c3cafca8a21b283f14a;Produto_G;2010-12-04;54.31;BRL
4a4f76e532424f3cb5c02c9e3a0d33c1;Produto_H;2010-12-04;-949.36;USD
16f7b536c68e4423aa2b3432831c3840;Produto_I;2010-12-04;-777.13;BRL
33898401c3234374a6a448fe29c9e12e;Produto_J;2010-12-04;-526.71;BRL
597ce7ece7aa4a8da435172cf737c8b3;Produto_A;2010-12-05;-860.05;USD
1dad4b3cfb704db39975630361a780bd;Produto_B;2010-12-05;-609.62;BRL
5d8807c8381a49e5a8f507aa47a927f4;Produto_C;2010-12-05;-821.59;USD
5449bf5b21da47ff9ae66c61e306ac9c;Produto_D;2010-12-05;-754.58;USD
3d9247f8da874059866e5047d50c1f9e;Produto_E;2010-12-05;-127.83;BRL
9adeb1bad1b2413c953e20cd316f4bf7;Produto_F;2010-12-05;65.66;USD
b0ede3b245f9407d84f69951859b4bc0;Produto_G;2010-12-05;-676.88;BRL
5383c1a72f994d5f82c139fef69d8b96;Produto_H;2010-12-05;-659.53;BRL
c22564597ad849a69435f3ce95b136c0;Produto_I;2010-12-05;-86.59;USD
d56d4d6a34f64408b0090d63f4e29df5;Produto_J;2010-12-05;-230.76;USD
8174048ebf7f4dd1a6a472b451c09023;Produto_A;2010-12-06;-485.8;USD
23d3a73f2bec4ad5b398a2b61436fa36;Produto_B;2010-12-06;-887.18;USD
db5837ec9adc4851bfea4237a467ef3d;Produto_C;2010-12-06;-598.3;BRL
1b1518abc8e943f4bca41e714c88b260;Produto_D;2010-12-06;-337.48;USD
ac964e7277984d06a6e8f1ecd5aa378c;Produto_E;2010-12-06;-301.91;BRL
bffdd591286143e2a6a233eb114ad7b9;Produto_F;2010-12-06;-232.53;BRL
8f4ed015f9b94cb4b7f339bdece4cab0;Produto_G;2010-12-06;-508.65;USD
417167f352734bf984e02a608c71de8c;Produto_H;2010-12-06;-31.6;USD
b329bc3ab45b405d9992111681ea96be;Produto_I;2010-12-06;-935.58;BRL
d01dba21423f48cb8482e30332014070;Produto_J;2010-12-06;100.0;BRL
3079ad4643a34574833d2f1380f56c21;Produto_A;2010-12-07;62.87;BRL
fa92e9b637d04db4b4662adaa5e33444;Produto_B;2010-12-07;-529.0;USD
13bb3abcb7b248c7b82c3dcce7a947c0;Produto_C;2010-12-07;-255.62;BRL
d458bdd216cc4c388f798e0a9760e0ef;Produto_D;2010-12-07;-70.31;BRL
b023eb096372475da6ddbc9f22c06fa9;Produto_E;2010-12-07;-413.0;USD
ed1c108489194fa598eb17fc2f274c44;Produto_F;2010-12-07;-644.5;USD
b70cd741c0914fbca741dcb8b5fa5886;Produto_G;2010-12-07;-537.45;USD
25fa985ca0e94e97a3ae49f4b786eac4;Produto_H;2010-12-07;-1000.0;BRL
060ffedf49034e73b0b3d92b52c44ef5;Produto_I;2010-12-07;-985.58;BRL
44c653917c72495fa159c34678f8b0c3;Produto_J;2010-12-07;-895.26;BRL
4479d15b3de145a381229b72cf7f6de6;Produto_A;2010-12-08;-307.99;BRL
ee42acb0616f4bf09a15ea364fe2be96;Produto_B;2010-12-08;-1000.0;USD
15d4a079d37742d3a3dfe8490b303a52;Produto_C;2010-12-08;-694.59;BRL
00ce2ff6d4734533b9d0ab714eae28db;Produto_D;2010-12-08;-454.53;BRL
eade627d145a4d0a94debfef432d7795;Produto_E;2010-12-08;-359.18;BRL
cd66e26a46a94445a462658edbb01a1e;Produto_F;2010-12-08;-2.6;BRL
122ab83c15734a688325668c6a2e9859;Produto_G;2010-12-08;46.78;USD
928e641c276846579176639edbc12b49;Produto_H;2010-12-08;-63.02;BRL
d02dd944de21454abb6dd6ce00e45e30;Produto_I;2010-12-08;-958.44;USD
8142853a744e44c29fcbdbd8c5047425;Produto_J;2010-12-08;-625.44;BRL
ab656e252ec84f2fa3fc34f53a46bfd9;Produto_A;2010-12-09;-343.76;BRL
80dfff6c8225439da4293b9a7be22010;Produto_B;2010-12-09;-1000.0;BRL
0841ed3692fd4cbc830dfd0b1dab7f6a;Produto_C;2010-12-09;-175.23;BRL
f23ec20485364ed09c4f73e4aa5b5cb8;Produto_D;2010-12-09;-863.96;USD
a7a134b11df14da0a345f632a6838217;Produto_E;2010-12-09;-237.18;BRL
d69c8de607604304985b641d74f83ac8;Produto_F;2010-12-09;-172.92;USD
ea0479b1bdcf4c7ab36550ccdc3a43b9;Produto_G;2010-12-09;-666.54;BRL
b4c10ff86ad848038b78e318989a2a39;Produto_H;2010-12-09;-83.45;BRL
f5211c69962e40c08a628ce238b3749c;Produto_I;2010-12-09;-0.31;BRL
a50688f3a0454b70b5648695204e4625;Produto_J;2010-12-09;-615.38;USD
a76553095c8f4f4dbf468b8878beaaf9;Produto_A;2010-12-10;-626.97;BRL
4c9af6d4d2aa4697b22f5c824894fa89;Produto_B;2010-12-10;-1000.0;BRL
1b217914ee734297a57adc02b6cdfccb;Produto_C;2010-12-10;-533.92;USD
691cad617b024f9c8f112fe1c11098f3;Produto_D;2010-12-10;-246.2;USD
6301cde67dc34b18ad9b0a1b34219cc1;Produto_E;2010-12-10;-791.27;USD
ec8cf020932b40e9a8e9f168ec32aac7;Produto_F;2010-12-10;-417.89;USD
68bf9314ee724a9799e6515cf57c09cc;Produto_G;2010-12-10;-652.25;USD
fa76052bafb5460897fdc45a3a22e17c;Produto_H;2010-12-10;-80.45;USD
5121cdf27ccf43b8a27e3e0f6db8cf2f;Produto_I;2010-12-10;-899.92;BRL
e54b907765e64711bd24c97235696172;Produto_J;2010-12-10;-688.86;USD
95ab111b31ad4bf78e490d059b953fb4;Produto_A;2010-12-11;-498.57;BRL
b1bb12f1194a4639bfb6f6e26fde9eb0;Produto_B;2010-12-11;-135.49;BRL
a695233a50f0438c84f23163f3259423;Produto_C;2010-12-11;-1000.0;BRL
d937a5d02ce04f8bac8729e915e91809;Produto_D;2010-12-11;-608.25;BRL
ab6ac22a8c03434b997d0cbc27d302fa;Produto_E;2010-12-11;-21.72;BRL
9871ec2fc3d64290983bec88dceace41;Produto_F;2010-12-11;-367.71;USD
64df435a4cf94d978096b0c0be9f45a1;Produto_G;2010-12-11;3.55;BRL
7cf2c82a16464dc382ca39280d388063;Produto_H;2010-12-11;-374.68;USD
b6e3a09eabbd4136b021b25bbd8e4f14;Produto_I;2010-12-11;-896.06;BRL
340d65753c0e4714bad53c4b8661b67f;Produto_J;2010-12-11;-877.02;USD
2414e99a7bbb4e238675c6bdebc550ff;Produto_A;2010-12-12;33.24;BRL
37af0aaab23f4c828e32c6df0822ffb7;Produto_B;2010-12-12;-129.44;USD
0fbb3fe4fed345aebb0c9313b3716e74;Produto_C;2010-12-12;35.71;BRL
7738a4797f784113a3b6fc7d1db786a9;Produto_D;2010-12-12;-323.87;USD
abf63899169f4af5b61cd19d77e7951a;Produto_E;2010-12-12;-189.71;BRL
f1f2e6d641c84537aa366a18e1285676;Produto_F;2010-12-12;13.27;USD
42ca55aade114373b27cc4959269fed6;Produto_G;2010-12-12;-603.54;USD
13d836024082405a9ba56f21acd66716;Produto_H;2010-12-12;-876.49;USD
5e019d1a7f044ee6ac8c584e1f9a317d;Produto_I;2010-12-12;-976.84;USD
6e792a5255384981866f42c56bd9344b;Produto_J;2010-12-12;-809.83;BRL
1f5e598c8dee4bb0b7ede0abcc7f46cd;Produto_A;2010-12-13;-623.34;BRL
eac11f7e80864b228049f7ec76e76dd7;Produto_B;2010-12-13;12.71;BRL
b108cc8f374b4271bc59cb642d2d9341;Produto_C;2010-12-13;-234.98;USD
84fe298b1b984d3c95a2120ba721191f;Produto_D;2010-12-13;-581.68;BRL
34f0e53532e045109f9f7539e2ba2d93;Produto_E;2010-12-13;-97.69;USD
b2c8af5533d143598da5916ffac56b82;Produto_F;2010-12-13;-244.74;USD
f06a6645e724413c8dd1dde65f8464e7;Produto_G;2010-12-13;-624.23;USD
78341da1f7ac4653b12cc527b3cf4f1a;Produto_H;2010-12-13;-476.98;USD
991a40be6a5a40f8bb7608161be81f4f;Produto_I;2010-12-13;-673.57;USD
21b6311682454581b9fb7015b3c45c47;Produto_J;2010-12-13;-383.81;USD
90cc2b6bed54496c81f7f161d88f8a8a;Produto_A;2010-12-14;-310.21;USD
77b10e6b86944ffb99a097c65a40d259;Produto_B;2010-12-14;-898.43;BRL
1b30e157cf1a4c8e83714bc0b2d60430;Produto_C;2010-12-14;-835.7;BRL
d52c2b5277a74dd6b52d0d05f34adbe4;Produto_D;2010-12-14;-783.4;BRL
8952ed2527574410af28a6430a86b389;Produto_E;2010-12-14;-396.0;USD
4cf36117ce424b66be5744c638f4c057;Produto_F;2010-12-14;-223.46;USD
c4c24f5ea952492ca3b1cc4df4a9aa69;Produto_G;2010-12-14;-436.28;USD
c953423d68b24840be2ff3133b419dd8;Produto_H;2010-12-14;-56.64;BRL
be66c7e442de4bf3ac2e4c338f47cf48;Produto_I;2010-12-14;-28.6;USD
8daf44f7ae7c40bbb1feca25b13eb1fb;Produto_J;2010-12-14;-1000.0;BRL
85675c29c68e4bd4a831dfb861727794;Produto_A;2010-12-15;-251.93;BRL
821663b907d24da8ba1ca92e8d30bed0;Produto_B;2010-12-15;-1000.0;USD
22b02e4e194540d59b3095e4e9c4e45b;Produto_C;2010-12-15;-611.78;USD
65d1708dd35a4788a930a74687410f28;Produto_D;2010-12-15;-753.36;USD
3dcc41f1ba904c6cb851b24c5e2ac5cd;Produto_E;2010-12-15;-197.98;USD
f3c5669f86ed4f4b9c9b249fdb37860a;Produto_F;2010-12-15;-101.73;USD
3ecf29cccc4f47ee86a91a41e1716fca;Produto_G;2010-12-15;-463.47;BRL
4b512505ec8d40948cc72c2688d55050;Produto_H;2010-12-15;-778.72;USD
cb8739af9e5b4ce6bb1d853a3bb3b351;Produto_I;2010-12-15;-470.5;BRL
b6d5b931e18c4c79b8ee6b3675e63584;Produto_J;2010-12-15;-537.04;BRL
a35883afb9214576aa6b97565f0cb978;Produto_A;2010-12-16;-337.16;USD
00f966a32cc74b4c882f660c4767b0fd;Produto_B;2010-12-16;-258.43;USD
c3d44569c2a24a03a923b548e49eb5c1;Produto_C;2010-12-16;-555.12;BRL
28b83754aedd4029a569c9f5707329da;Produto_D;2010-12-16;-708.88;BRL
715074b0b790486cb783b51ea7ffe571;Produto_E;2010-12-16;52.48;BRL
abd8dbec83324f04b25ce75c97f52d96;Produto_F;2010-12-16;-200.35;BRL
ada52646833d42379aea3903593d8314;Produto_G;2010-12-16;-39.53;USD
79035984b3af4cf5b351baa7d2957ea5;Produto_H;2010-12-16;-627.58;BRL
0a3316bac86b4df89d39d863bf0989a9;Produto_I;2010-12-16;-415.3;BRL
3c577f886c2d40d99df788c6ae6f6c71;Produto_J;2010-12-16;-221.29;BRL
992cd4b1b54a432c9e7e2551ea6f1f36;Produto_A;2010-12-17;-726.95;USD
800e726a53204c308e31fc31a8264673;Produto_B;2010-12-17;-1000.0;BRL
7fb28be6bce64b129882777b3b9816e3;Produto_C;2010-12-17;-1000.0;BRL
6d5d12e70b2e426790fb507831e2ce0a;Produto_D;2010-12-17;-689.91;USD
8af113ce6c664429b96f2e3d2395b794;Produto_E;2010-12-17;-563.08;BRL
3a0e7defbd344b44b06fc1a7037e76ce;Produto_F;2010-12-17;-63.43;USD
9cf51925338840949cb9862a86574824;Produto_G;2010-12-17;-517.76;BRL
e809fe82ee28451e8c354e5dec8854bf;Produto_H;2010-12-17;-954.47;BRL
e8121d9d36304db381c861992bf0c640;Produto_I;2010-12-17;-706.35;BRL
0ce586656e0f424ba1942f70990ba872;Produto_J;2010-12-17;77.93;BRL
052cf14bc777464c841b5e59fcd516e2;Produto_A;2010-12-18;-702.74;BRL
3424ba7e8bc04993badfa507f4316e1c;Produto_B;2010-12-18;-1000.0;USD
4a3dc08e56f7483295aae45819320b88;Produto_C;2010-12-18;37.85;USD
ea1cfd1aea134d6eb4a25b65b21f4124;Produto_D;2010-12-18;-1000.0;BRL
cf667153826646c793660c17dc5d57a4;Produto_E;2010-12-18;-386.06;USD
e93716562530461b898b337f08549e8b;Produto_F;2010-12-18;-780.2;BRL
16bf8d6b98154608a08394c1079ba9c0;Produto_G;2010-12-18;-384.54;BRL
87fbec8b1bd94d8aaf215b2f395f0add;Produto_H;2010-12-18;-725.15;BRL
404a5620fac64f128d27570f62b49498;Produto_I;2010-12-18;-992.57;BRL
ac20ccddafc54a85be4c6191a8b411a8;Produto_J;2010-12-18;-952.66;USD
290403ec509d4e70a5c8975187dbff22;Produto_A;2010-12-19;-646.71;USD
f503483023f34801aec416b13f2048e2;Produto_B;2010-12-19;-193.05;USD
fb65d284d270421cacf36859cee44810;Produto_C;2010-12-19;-1000.0;USD
fe4ac71e2b2a487d848d5571900b6c25;Produto_D;2010-12-19;-1000.0;BRL
c4bceb5080f34eb0969a86425953c2d3;Produto_E;2010-12-19;-402.0;USD
ee9f2fb67735430bb9c4802c1b0cd491;Produto_F;2010-12-19;24.35;USD
ddbf803820544cbd8172d604c6c59c94;Produto_G;2010-12-19;-755.81;BRL
7c6fba6a0c4d40aca8051320e6aa0ddb;Produto_H;2010-12-19;-451.79;USD
7009c5ef016d4aeabb38c72259b22690;Produto_I;2010-12-19;-170.11;USD
f0be9b7280d54fe7bd923bf5cf384ea7;Produto_J;2010-12-19;-413.71;USD
014d761af13645239ade801c143113a3;Produto_A;2010-12-20;-385.13;BRL
528f080443a04c438b5415a11102dc87;Produto_B;2010-12-20;-887.21;USD
4e649a37125e42949a095519a267b748;Produto_C;2010-12-20;-26.6;USD
cdf3105a964741718d41911721c77bd3;Produto_D;2010-12-20;-143.01;USD
3ad8228d0c86468ab2fcbefddc74de8e;Produto_E;2010-12-20;-267.8;USD
e0f7f6868d8a45bfba6cc706e6002bb5;Produto_F;2010-12-20;-775.87;BRL
892f607a41034dd9bf46287c0e276689;Produto_G;2010-12-20;-342.89;BRL
e79943fc20c746f98271bbe6d18bbdf4;Produto_H;2010-12-20;-470.83;USD
75df0ef0d5bd4854bb8c6e6e5b250e30;Produto_I;2010-12-20;57.53;BRL
bf0b669209a14d878b29a72e64438657;Produto_J;2010-12-20;-530.52;USD
7f17c88ca80e47d7b1f2a9c76990dbc0;Produto_A;2010-12-21;-645.96;USD
9014ea2a1d7c4a8db60a1018ed297bd2;Produto_B;2010-12-21;-115.17;USD
e0c24ce609ee4dd59f9b8740093ec076;Produto_C;2010-12-21;100.0;USD
88a0f8bfe3114c0ba7eea4005d61c036;Produto_D;2010-12-21;-102.15;USD
f6c0ebadb21c4f529d2ea6d8dbe204f5;Produto_E;2010-12-21;-752.8;USD
3fa9deada20b4b67998c904bef245167;Produto_F;2010-12-21;-163.11;USD
d36eea02598247618fc4ff8098f272c3;Produto_G;2010-12-21;-341.61;USD
4e2ff19cd5824d2ab078df402df2fc19;Produto_H;2010-12-21;-1000.0;BRL
20a77a1b65664bd3bb62371cd40468a2;Produto_I;2010-12-21;-950.06;USD
db89b787698147dc9d77732d7488b360;Produto_J;2010-12-21;-530.55;BRL
645b7a4e4ceb4038ac402c99b62ea673;Produto_A;2010-12-22;36.72;USD
05306aec80a2418989d470aa1975eefa;Produto_B;2010-12-22;-876.64;USD
9fb27bc05f7045b5a91c43de9e240fa1;Produto_C;2010-12-22;0.62;USD
2405cf0a6e074541ae6bbc09623012fe;Produto_D;2010-12-22;-327.67;USD
162c4cfa003c452a8e6621e0f8648f73;Produto_E;2010-12-22;35.78;USD
8aa34c87c41b49f8b5943c812a5d01d7;Produto_F;2010-12-22;-308.68;BRL
79aec3abbf2a41ea94ab24017fb62fa5;Produto_G;2010-12-22;44.27;BRL
22b676db0d6e4486b37692144d736f0b;Produto_H;2010-12-22;-157.33;USD
08ee4faa8ea746f891e88532e632e3d6;Produto_I;2010-12-22;-752.83;USD
edf5548d7c8a4607861dc9bbaf8e39da;Produto_J;2010-12-22;-268.09;USD
fb61d11cd26a41a285315bf4255219ca;Produto_A;2010-12-23;-181.38;USD
8f850fc3401e45e0aa800bc60e060021;Produto_B;2010-12-23;-56.49;BRL
06f8f36a2df54adf8a093c620c76d500;Produto_C;2010-12-23;-455.28;USD
176e40a60aa4409d8a5934b09d92afd1;Produto_D;2010-12-23;-30.56;BRL
5bdb2d6f324043bca5b067cce4d6814f;Produto_E;2010-12-23;-673.93;BRL
8a3e73bf60c34b79accba1d50a5c6c8d;Produto_F;2010-12-23;-710.3;BRL
61f591910efe419aa67de9a01398875c;Produto_G;2010-12-23;-352.0;BRL
046212be66a24e0fbb0892baca17e448;Produto_H;2010-12-23;-1000.0;BRL
14354c2ddb9542a49ce0d9129e0007cd;Produto_I;2010-12-23;-422.15;BRL
97167c7905754f1f88cb48e7707a4670;Produto_J;2010-12-23;-745.26;BRL
5df3aeefb1d94ee1b0077ee3f8a4c3c1;Produto_A;2010-12-24;83.71;BRL
a0b06ec89ece4d4cb2ddb46abac70e95;Produto_B;2010-12-24;-1000.0;BRL
81cea3df69dc464f9041a89e8856a23d;Produto_C;2010-12-24;-168.11;USD
c2e85f35045b42d2bc45cc78ebf9cea8;Produto_D;2010-12-24;-1000.0;USD
8759e94fc94b42c682ae869c40693c8a;Produto_E;2010-12-24;-512.0;BRL
1f8a1d9d773849d3a293a1b0e7325881;Produto_F;2010-12-24;-609.73;BRL
ef0351bbca494f64a37b9f20823ce67b;Produto_G;2010-12-24;-364.13;USD
0f409f33fe864f3b95e981f72eb932ce;Produto_H;2010-12-24;-514.34;USD
6e0eec63279e4966986f5a6908d60f0e;Produto_I;2010-12-24;-655.26;BRL
d85469bd139645bb844505b04c40e8e4;Produto_J;2010-12-24;-247.26;USD
86fd4e5a761a49779e29e462db4bff28;Produto_A;2010-12-25;-705.93;USD
253b77acd3d64d2ab50a0dcd94673503;Produto_B;2010-12-25;-907.26;USD
01531b165973412c973e11c68d96314c;Produto_C;2010-12-25;-1000.0;BRL
aaa7ea328a2e421b937fd56c61987a2f;Produto_D;2010-12-25;-839.18;BRL
f532b249f6844490a1a038c18e401ecf;Produto_E;2010-12-25;-422.23;BRL
a0588d2a637e452a95215b2c912057d8;Produto_F;2010-12-25;-755.49;BRL
4e15f30ff4d14cae9d5adb0089ae1981;Produto_G;2010-12-25;-39.13;USD
c877dd1e5ef14740a326522a1f596a5f;Produto_H;2010-12-25;-47.59;BRL
1bd8f3d61d0c429f863840ddfd9f9956;Produto_I;2010-12-25;-47.51;BRL
80908c14ba1e45a89568957656ede8b3;Produto_J;2010-12-25;20.33;BRL
11f9ca8e6a9e495ca93d46a06292e5f7;Produto_A;2010-12-26;-553.69;BRL
f4098c6ee4524988b63231d54db48398;Produto_B;2010-12-26;-1000.0;USD
3058a38fac7940658444e16f91ad9e8e;Produto_C;2010-12-26;-631.74;USD
94db0fd7d0034b9cb58b2b2ef61c93cd;Produto_D;2010-12-26;-220.38;BRL
7a3630bdfcce43e08933fe1dc48518e8;Produto_E;2010-12-26;52.5;USD
c1335c15227e443a940ab8cbc6b1500c;Produto_F;2010-12-26;-326.74;BRL
41b2859d2c6f4fbfb40973103e942567;Produto_G;2010-12-26;-480.78;BRL
b5bba57297e4454d9d26983c47627883;Produto_H;2010-12-26;-93.23;BRL
b0fc3552352047ee829b62c3982d52f5;Produto_I;2010-12-26;-538.11;BRL
3a265322a03540ebaa014fe1537da323;Produto_J;2010-12-26;-908.96;BRL
eb706e740d75458dbe1118621943d4db;Produto_A;2010-12-27;-228.18;USD
d88658771e894baea7b96e236bf32612;Produto_B;2010-12-27;-1000.0;USD
ebeebec7f0454cdd9773463949e96f1a;Produto_C;2010-12-27;-1000.0;BRL
51f3cde0492943e7874b4b780f7b0d87;Produto_D;2010-12-27;-100.81;USD
c4f1d1ab744a4db19b3956f8f3f0c626;Produto_E;2010-12-27;-506.06;USD
d476a4ba0c4b4d3db9a3cfc4aa4e0c82;Produto_F;2010-12-27;-784.36;BRL
cedc6e25443444d8ac733a9343239a1f;Produto_G;2010-12-27;-504.19;BRL
a08f78310b4b4ae6aba50acfdf18606b;Produto_H;2010-12-27;-1000.0;BRL
fd40b2771fde43f7bc96d72a0146a0dc;Produto_I;2010-12-27;76.05;BRL
1690b1a15a27469a91593d80994e0bda;Produto_J;2010-12-27;-157.54;USD
70bf2b56bdd24a3ca7c41a7e0ad74acf;Produto_A;2010-12-28;-342.85;BRL
20e279d72b34444d8dd0e7427900f31f;Produto_B;2010-12-28;-165.47;USD
05597361a86341f08d9e02dead2127ac;Produto_C;2010-12-28;-279.66;USD
f9088873b8d44100b4d7ac26a1652cc0;Produto_D;2010-12-28;-68.27;USD
b085bf644ad846919d8d899d6a96f5af;Produto_E;2010-12-28;-747.33;USD
62325c8f205845358bbbc9a02332c3bf;Produto_F;2010-12-28;-820.92;BRL
c22aee7672234e15b98483276404cafb;Produto_G;2010-12-28;-268.18;BRL
e43079054c1843c4b413cbc1b654e1df;Produto_H;2010-12-28;-820.95;BRL
51a347737f414371b6fd499a3b803ecc;Produto_I;2010-12-28;-77.97;BRL
9cb985dbc272473896c7f32c28c4dbd1;Produto_J;2010-12-28;-114.52;USD
1bb1e1f26d5445d2b768e738d3af2769;Produto_A;2010-12-29;-462.67;USD
6395dc446fbc4404a1d817fd20596ea2;Produto_B;2010-12-29;38.73;BRL
aca81dcd9309441dbb3bf110331b4449;Produto_C;2010-12-29;54.28;USD
c3c874e663ef4f878a9aea8a82ccf6bd;Produto_D;2010-12-29;-969.77;USD
dec6eddd04ea4d1e9f11db4671ea56eb;Produto_E;2010-12-29;-511.21;USD
c72d69a7a03f447090a8b8b572599936;Produto_F;2010-12-29;-596.67;BRL
7525f6383d1e4deba88c8ef9f3d0d574;Produto_G;2010-12-29;-671.37;USD
26d0f19b60624ba2acb2d339b8c47915;Produto_H;2010-12-29;-252.12;BRL
e24ee8842d454a9c97dcec9f5b5c40f2;Produto_I;2010-12-29;-803.78;USD
7394581507f249edb40ec7a293df8a23;Produto_J;2010-12-29;-226.71;USD
b7f765c392354af190de2b8b4cd0e194;Produto_A;2010-12-30;-713.08;USD
c9ea9100ff1d48e6a43bfaf216f6af2a;Produto_B;2010-12-30;-1000.0;BRL
e3f95fa915b94eaf9376b890198cbe1f;Produto_C;2010-12-30;82.7;USD
43136b4cedab44ad84cfaebc3d040a44;Produto_D;2010-12-30;-566.45;BRL
b5899a7ae3ca4ba69120e0c5341f458e;Produto_E;2010-12-30;-607.9;BRL
8ff391f7b99e4113acd0a2668bb7446d;Produto_F;2010-12-30;-175.31;USD
74593ec34ffc439580cf05971d46511e;Produto_G;2010-12-30;-550.41;BRL
b487ab635c1e43e68da90eca02e16608;Produto_H;2010-12-30;-620.58;USD
ddfb6878f4b7444ea772b36438c6af2d;Produto_I;2010-12-30;-58.67;BRL
a5f91490f6084d3ca55c62c44c38f1d7;Produto_J;2010-12-30;-1000.0;BRL
69aaf052dd704c179526a6ab45268f0c;Produto_A;2010-12-31;-228.73;BRL
17848f3431214ba48289960c3ec2a01d;Produto_B;2010-12-31;-912.1;USD
c6602b49ac2d4f57b8bfd4d3b8102fe9;Produto_C;2010-12-31;-254.76;USD
0eb30f04f438459796b4df3fc8f14e0d;Produto_D;2010-12-31;-151.64;BRL
0d76771bfef14c6e951fab08b7ba3508;Produto_E;2010-12-31;-528.01;USD
9f8e0bc153d8489e971a2f0b14b28db5;Produto_F;2010-12-31;-39.03;BRL
84375bfdf02e4552848bdf07b4280b40;Produto_G;2010-12-31;-518.45;USD
7a1f295fb654427aa64248ff9f89edbe;Produto_H;2010-12-31;-61.01;BRL
ac72603b14634001977cb5f2a3fc8c66;Produto_I;2010-12-31;-534.78;BRL
b3c44e37d8cb482fbc4450d89eef72e2;Produto_J;2010-12-31;0.79;USD
20eacba516d64a569e6d42c6c0d15d82;Produto_A;2011-01-01;80.7;USD
7f67ea715a274f538671940266588b66;Produto_B;2011-01-01;-1000.0;USD
9c9313d7293644c2acc3e4cb724bd8fc;Produto_C;2011-01-01;-367.55;BRL
874eb173c95f4e66996d7ef15ea8e8aa;Produto_D;2011-01-01;-520.72;USD
d366e5020001439aa5a2652a18c9d5bf;Produto_E;2011-01-01;-143.26;BRL
6bc4f37809b3416a82a9e01ffdd99098;Produto_F;2011-01-01;-309.48;USD
eea1b0a1b37b4050ac60046aed288549;Produto_G;2011-01-01;-372.48;USD
517d003d82a240df85d0d6295152ae5a;Produto_H;2011-01-01;-508.6;BRL
6bee37363834437599fea1e3c3ba43f6;Produto_I;2011-01-01;-23.22;BRL
ba7e5992926c43049557f5e0b5e48b6b;Produto_J;2011-01-01;-439.88;BRL
4522a1358fe54637b69b0425cb31188d;Produto_A;2011-01-02;-402.44;BRL
8404217647d247818097f6366fc68c4b;Produto_B;2011-01-02;-1000.0;USD
74ede898db0f4e95a2dcb8aa83761727;Produto_C;2011-01-02;-512.02;BRL
757eefefdc4e4beaaa8b1fdb4730162d;Produto_D;2011-01-02;23.73;USD
443761e2d781454a942f79b104f6dc4c;Produto_E;2011-01-02;-368.84;USD
f5fe70304e614d9a8a7c91c44577b59f;Produto_F;2011-01-02;-779.98;BRL
af5a3acb096c48d385457be885e81cc2;Produto_G;2011-01-02;-381.43;USD
ba0c1e576ca947d4b4eb36cbe5e2ba3a;Produto_H;2011-01-02;-795.33;USD
12fb469b29a444738969ffc79a044385;Produto_I;2011-01-02;-47.83;USD
58a193dabd6c4a938840b3e4b5058605;Produto_J;2011-01-02;-734.7;BRL
2a1a21dacc59439dafc01638bfad83e6;Produto_A;2011-01-03;-137.34;BRL
e6f88879ac2d41d1aa2f755a5d79739e;Produto_B;2011-01-03;-12.6;BRL
caf6b18a7a97496baaa36f07046b03a1;Produto_C;2011-01-03;-976.09;BRL
d28650610eaa461d985843aea68869d6;Produto_D;2011-01-03;-1000.0;BRL
9f007ccfc70f4b53a2beec91877d55fa;Produto_E;2011-01-03;-302.15;BRL
0fa70a6e825049abb51d377812160125;Produto_F;2011-01-03;-586.13;BRL
25bbc56fe7c54be3ab7cdabf7f324f51;Produto_G;2011-01-03;-325.97;USD
754d74b684df41eba89552f332d61689;Produto_H;2011-01-03;-111.07;BRL
f2ce9eebdf56417898b45a64951ab866;Produto_I;2011-01-03;-956.44;BRL
c061cafb56854e5ab5dec34da8158bc9;Produto_J;2011-01-03;-497.8;BRL
6ab4561d3a7644ac8548d52fcaeb33af;Produto_A;2011-01-04;-374.94;BRL
7bb201250f3d494d80f2038baf8edbcb;Produto_B;2011-01-04;-643.05;BRL
f229a5d65bb64c3fa7ee23a3440fd347;Produto_C;2011-01-04;-140.04;USD
7671869281cc4e32837b980bc49fe44c;Produto_D;2011-01-04;-930.19;BRL
819908074193474abb168a2437cb641c;Produto_E;2011-01-04;-695.47;BRL
35672cf81ae84402893cc7972545c595;Produto_F;2011-01-04;-350.56;USD
84d5913d140d40f796dd26d5a675a364;Produto_G;2011-01-04;-378.62;USD
27ae132d0c0e4776a61218fa1fe3594e;Produto_H;2011-01-04;2.05;BRL
71bd5f1afe1b4a53b6966143082ac23f;Produto_I;2011-01-04;-47.49;USD
0a7bdc4423c04fb0a779469a77bf6ba5;Produto_J;2011-01-04;-202.56;USD
0dfd094b56cf4b39b9a452c0b0a34672;Produto_A;2011-01-05;-859.66;BRL
46f57d266a4a4727aeb4ccdaf293852d;Produto_B;2011-01-05;-387.62;BRL
9548988d305b46e1a044dc6313428c02;Produto_C;2011-01-05;-799.92;BRL
ca92ce210a1e4cd1832c344cab24c7b5;Produto_D;2011-01-05;-11.17;USD
23dfe03fc1884d709e45279749c071b3;Produto_E;2011-01-05;-477.29;USD
918d79d499e04ebd944d460a9e809191;Produto_F;2011-01-05;-80.1;USD
fbdd6881a650401da7b49b3125e8ee26;Produto_G;2011-01-05;-63.51;BRL
53f65382bcaa4f9190601705b89eb9fc;Produto_H;2011-01-05;-523.28;USD
2ac496a664744cc49c630cd3a75b244b;Produto_I;2011-01-05;-200.12;USD
0ecd50385a784b25847ff275639855f7;Produto_J;2011-01-05;-61.8;BRL
803d524ec9bd428ea1f692dc829c5ed9;Produto_A;2011-01-06;-585.74;BRL
ac8c5b88dc7249df823c8ab44ffcc151;Produto_B;2011-01-06;-599.93;BRL
776305e2bcf645a0a7f17fc470a64339;Produto_C;2011-01-06;-773.34;BRL
fea2f165003544928f30a7dcc8810d36;Produto_D;2011-01-06;-294.19;BRL
378a0752ade4465597d95f60309e8d17;Produto_E;2011-01-06;-193.46;USD
d6324fdf94e84de3871f6ac83f138f37;Produto_F;2011-01-06;-624.88;USD
27fdfc8367db4ca398f31f6bf194dc0f;Produto_G;2011-01-06;56.0;BRL
3119e44b964e46bebe34a81be04e9196;Produto_H;2011-01-06;-1000.0;BRL
937904ecbe0140cf93bcd6c44cd3eb9f;Produto_I;2011-01-06;-100.83;BRL
2e9ab18de26e46f8817811c98e3afc28;Produto_J;2011-01-06;-36.15;USD
80525e7833f246e9bd0447a2db30ec6b;Produto_A;2011-01-07;-804.94;USD
14dd364051b349e789be266812e67f3b;Produto_B;2011-01-07;-881.52;USD
fa61d62bd63b4ec3a936c3f7cbcbded0;Produto_C;2011-01-07;3.35;BRL
9b2bf16a9bbb47109a9ba2b2a8e29a35;Produto_D;2011-01-07;-370.2;USD
ff4b79fc7878460f8ef24cc5a2e5940d;Produto_E;2011-01-07;-498.03;BRL
c421cb6a1a9e47b99a636a4e62f925ad;Produto_F;2011-01-07;-769.49;USD
6f1fc3bdb2e84886a3f3806b6ffb2882;Produto_G;2011-01-07;-385.41;USD
5ef882204f514e6c82a8059b56bb84ee;Produto_H;2011-01-07;-66.06;BRL
162d6914df984c4fa2e06d1776c8ccfa;Produto_I;2011-01-07;-508.55;USD
99ee7a0fe15f499492e3a5235cc066b9;Produto_J;2011-01-07;45.89;BRL
f2070925443a4053b78376413a84556f;Produto_A;2011-01-08;-615.96;BRL
8feb6d5f8a814093b653444f33d69b4f;Produto_B;2011-01-08;30.18;USD
5e911c9985b64509947af1f4c14d3ffb;Produto_C;2011-01-08;77.92;USD
dec0833996cc44ff906fea0e04756f93;Produto_D;2011-01-08;83.05;USD
4808441b652f4069ba109672641e6093;Produto_E;2011-01-08;-504.41;USD
cdc49a8ba4c447d3877dc9f41a36c6bf;Produto_F;2011-01-08;-145.31;BRL
6ca460ee5bca4878b777d1c4bdc8a24b;Produto_G;2011-01-08;-166.05;BRL
1c4022287cdb48b48caaee17b13ec9da;Produto_H;2011-01-08;-1000.0;USD
6d8c442c83fc47358a24dbe4e6d1cf92;Produto_I;2011-01-08;-905.82;USD
478661211175427fa3dd62898411897b;Produto_J;2011-01-08;-979.52;BRL
30c4ed26940a439194805ba664971703;Produto_A;2011-01-09;-321.06;BRL
e2288dc0912844ff9a3fda41b9d944d8;Produto_B;2011-01-09;-260.62;USD
92fb08b019e749cc9038be75bc426d16;Produto_C;2011-01-09;-564.76;USD
736c73603601493eaf1a1fe97dfa804b;Produto_D;2011-01-09;-479.15;BRL
2f11d4ca56ad485290cf102f1fb5f47b;Produto_E;2011-01-09;-217.07;BRL
3a12a80460324100a9b80b65e35d4013;Produto_F;2011-01-09;-371.65;BRL
10e2fa5949e8431981ff44ccc43dced8;Produto_G;2011-01-09;-418.01;BRL
7f7d643b63dd4236a6938f854639bb30;Produto_H;2011-01-09;37.18;BRL
1ab625b750e04c59ac9d05b1646a624c;Produto_I;2011-01-09;-769.54;USD
8233d1728d2044c88065632433edc0f5;Produto_J;2011-01-09;-288.35;BRL
8bf2608343504a0a838fd03027ed1659;Produto_A;2011-01-10;-832.23;USD
ba000b6eebcd4084aa92a97c9be13360;Produto_B;2011-01-10;-374.77;USD
708ee46303024146a9dd1b80af510ff6;Produto_C;2011-01-10;-182.98;BRL
b6c4ef53f43b48469f67e8d57f31aa86;Produto_D;2011-01-10;-456.01;BRL
1f7811afc42345b5bdf575dcdfd4ed7c;Produto_E;2011-01-10;-429.03;USD
265d9543edf24d3b99ed1d82fc191c32;Produto_F;2011-01-10;-347.96;USD
791f5b031d3b45a4a4974fc349cfcded;Produto_G;2011-01-10;-700.76;BRL
bcef23273f9a4621a087145d77a8a862;Produto_H;2011-01-10;-202.98;BRL
57b1b1a4712641d78f990473d5c84a0c;Produto_I;2011-01-10;-834.93;BRL
d60222a935b648ae90d698a10825b60e;Produto_J;2011-01-10;-873.97;USD
39fb23efd150474db3c49e5a2332683d;Produto_A;2011-01-11;-878.5;USD
72abd4a7649349bfbe48a42a8c66b84a;Produto_B;2011-01-11;-690.8;USD
4dd5644fcb3d49d2805143e190bd594a;Produto_C;2011-01-11;-1000.0;BRL
fd4dbf1fb6824c4b9b07f311110846ad;Produto_D;2011-01-11;-922.95;USD
f8919a99c648433784d19dbac53e3daa;Produto_E;2011-01-11;-81.6;USD
5b198bcc1f4640ef889ecc1c885a882b;Produto_F;2011-01-11;-334.93;USD
d9bd36810593456487fef61ae440ceeb;Produto_G;2011-01-11;-268.01;BRL
9cdb47271e8945b9bd0b4e27699bfe94;Produto_H;2011-01-11;74.79;USD
ccca9bbe811b4838a66fb8b7df984d70;Produto_I;2011-01-11;-200.92;USD
2cdc0d1297b1407ea098cb2bded9c5a3;Produto_J;2011-01-11;-85.85;BRL
c8cbcac25152458b8d90e8541bec6639;Produto_A;2011-01-12;-172.6;USD
80c958b0929b4bff87d835e2725e5a62;Produto_B;2011-01-12;-21.54;BRL
ca8be2f0de484ea88a9d790180ca82e7;Produto_C;2011-01-12;-683.29;USD
1ffd25d406b44e11ad2a26511e076fea;Produto_D;2011-01-12;-248.43;BRL
dfc09f68302c4b7084678577956c0797;Produto_E;2011-01-12;-212.12;USD
5f8e361d97674e1e862e33e60ed4dd4a;Produto_F;2011-01-12;-263.53;USD
2da12cae4b804b1cbe783d071560d7a8;Produto_G;2011-01-12;-240.58;BRL
93589e33577c45d795d7833bb6d3ae45;Produto_H;2011-01-12;-736.32;USD
a2498ffeb23940599f89b5cb3036bff8;Produto_I;2011-01-12;-111.22;USD
920fc38dc2d941eca354eb2bdcf29201;Produto_J;2011-01-12;-712.59;USD
57e65473367a436391fe302d983ae096;Produto_A;2011-01-13;-131.58;BRL
a64aeb572418493cb5cd51c5561231a5;Produto_B;2011-01-13;-335.22;BRL
1ef22250ab604559b37f529f31d1b9c1;Produto_C;2011-01-13;-1000.0;USD
27afd2fc879f4a5da3755dbf2c2b4a93;Produto_D;2011-01-13;-475.4;BRL
f2c69d14ad6b4bcca355293cb5fa3bf4;Produto_E;2011-01-13;-567.39;USD
f121ba485f5544e39b2a034e237d5964;Produto_F;2011-01-13;-810.54;USD
ad42c416b46d4d1383c11cb8095ce014;Produto_G;2011-01-13;41.89;BRL
9c128acacb1b4f0680b4cba949c25ae3;Produto_H;2011-01-13;58.36;USD
711618e7c9394e9ba3a5462a9567a38e;Produto_I;2011-01-13;-858.14;BRL
61bc55d6c4364ebb93e7f7ecd9c8b223;Produto_J;2011-01-13;-163.37;BRL
447effd198e944609e3d81a8ca6260d9;Produto_A;2011-01-14;-694.59;BRL
cb345e5e5f03439bab18d871b9e87610;Produto_B;2011-01-14;-1000.0;USD
6a3206da157646408aa3234e298047d3;Produto_C;2011-01-14;-856.1;USD
6bff73ae35ff4b16baf1e360cfef6c17;Produto_D;2011-01-14;13.91;BRL
05a3b71408e04b01a71b650fe5fe8154;Produto_E;2011-01-14;-372.04;BRL
103d8ed3b3bc44a7bae11f6002f0865d;Produto_F;2011-01-14;-638.45;USD
906ef0095a074891967a3951cc6542bd;Produto_G;2011-01-14;-225.52;BRL
e13e28b15148497795b64bf03cd16c9e;Produto_H;2011-01-14;-18.24;USD
28811c8371ed41dbb3eea4b1c258ab60;Produto_I;2011-01-14;-260.78;USD
c9ebd371164e41acb208574776fd493b;Produto_J;2011-01-14;-92.78;BRL
a03774e2a16c461f80b32ec53144010c;Produto_A;2011-01-15;-618.22;USD
f9d2aa8bc43a41b7aa248c7a97acfa68;Produto_B;2011-01-15;25.51;USD
5302fe366eb44f4dae37c220ad7c6c38;Produto_C;2011-01-15;92.07;BRL
1ec97f8ac9f54998914a4bbe343a0932;Produto_D;2011-01-15;86.39;USD
0f397f74838d4e14a794f066b6e15fef;Produto_E;2011-01-15;-505.08;USD
856fe261ba8543d59984c8da6ec5b7b6;Produto_F;2011-01-15;-69.27;USD
ab540c4896a54d869fbd6f924bde92fe;Produto_G;2011-01-15;5.31;USD
e2cae71e48974f64b8a017ac805763a2;Produto_H;2011-01-15;-39.49;USD
f1546a81a20a4126a427886cf0755d20;Produto_I;2011-01-15;-930.98;USD
100931774b3b4e018796e1aee038c5e5;Produto_J;2011-01-15;-854.32;USD
36d38e2060824d70966432d35c3aff7a;Produto_A;2011-01-16;-763.29;BRL
d12c62e608084c25aecc148e469fd410;Produto_B;2011-01-16;-489.85;USD
d4a833210606441e8c8d7e1e99064be1;Produto_C;2011-01-16;44.96;BRL
6009c9c8a2bf40c5af98068dce21fdd1;Produto_D;2011-01-16;-448.09;BRL
23ecd7886a2446f1afe7995496703f17;Produto_E;2011-01-16;-656.5;BRL
19c01d2b118447489f45e6864dc39509;Produto_F;2011-01-16;-82.68;BRL
aa5ceb1b63404caa893beb1dfb9918dc;Produto_G;2011-01-16;-655.75;USD
6da9864eb79745f68ef58fa54d635c3d;Produto_H;2011-01-16;-513.15;USD
5472cbed5605428d95be255fa927ca16;Produto_I;2011-01-16;-131.18;BRL
ce7e58cc29a540e4b3f2e0468b5ce863;Produto_J;2011-01-16;-589.74;BRL
a03bb89643d147e99a99528815301e58;Produto_A;2011-01-17;-273.9;BRL
c0ba45279b8f4628a175e03866d5ea5e;Produto_B;2011-01-17;-93.1;BRL
603462120f1b439aaa8ac87b68cb87a2;Produto_C;2011-01-17;-911.17;BRL
d842a63eeb1d495db19efd7d91b998a8;Produto_D;2011-01-17;-775.94;BRL
8d8e2beac93a428187a977bd5a780050;Produto_E;2011-01-17;-505.52;USD
7ec8551b6fd3470b8a6e337a7344471b;Produto_F;2011-01-17;-494.74;BRL
01a260210e724271b14c49797d5c6bb4;Produto_G;2011-01-17;-198.78;BRL
d1748918cc3449f8a61d474b30c8eaa6;Produto_H;2011-01-17;-1000.0;USD
dbb94f4fece84c4880707effd8f39062;Produto_I;2011-01-17;-743.05;BRL
e7781203a6a44868996b1f98cbc74976;Produto_J;2011-01-17;-894.91;USD
14e0d6067c204f0388799c60b3b40535;Produto_A;2011-01-18;-18.68;USD
e9828dc864f04a23ac40e7701e5cb860;Produto_B;2011-01-18;-1000.0;USD
c380ba6878b74489ad3d3f917fdb38fa;Produto_C;2011-01-18;100.0;USD
517755afdec540e4b377c4f4cec24fd9;Produto_D;2011-01-18;-837.61;BRL
f60de7a845d1491db5c8724f54addaee;Produto_E;2011-01-18;-213.86;USD
b8382632896e401c88bb3fbe767f84e7;Produto_F;2011-01-18;-203.51;BRL
66d769ffc5c945998651bf9595ea6ebc;Produto_G;2011-01-18;-190.6;USD
6ce75bf13745437b8d14a9d0a219ba4d;Produto_H;2011-01-18;-28.69;BRL
d68c579e6c0c4d4d8d487b043d1df20b;Produto_I;2011-01-18;-926.87;USD
32e7b2571f374505a32c1bc01bd6c25f;Produto_J;2011-01-18;-63.14;BRL
8122e689892e4d7c93aaac9c250159b3;Produto_A;2011-01-19;-542.57;BRL
6d782e8325ff4885b3d66f2ef0d4fde7;Produto_B;2011-01-19;-565.92;BRL
dfac2a6e6e354c3fbef172a89be7e14a;Produto_C;2011-01-19;-578.6;USD
64270fb8e551442fa5147380acbc74dc;Produto_D;2011-01-19;-387.44;BRL
74c1714aa6044be2bff0c43e6494b593;Produto_E;2011-01-19;24.67;BRL
d5044bfc9bdb479e8f373073245bd406;Produto_F;2011-01-19;28.6;USD
7313727bf4344ddb8c274d3aac802228;Produto_G;2011-01-19;-29.43;USD
f7f7ea3ec67d41e6a975e6e47a29eb29;Produto_H;2011-01-19;-370.87;BRL
1d59ea1a5fe64795b50155c3e48b56e6;Produto_I;2011-01-19;-972.8;USD
88e8245c3e034e4eadd7c94d69c295bc;Produto_J;2011-01-19;-774.4;USD
7bba929ed08c4f338bd145e859fed5e5;Produto_A;2011-01-20;-284.46;BRL
1bd87f098335476685a1afd5fc4730f1;Produto_B;2011-01-20;-754.24;BRL
012ef2cda1e94aa48151573ca40e50c6;Produto_C;2011-01-20;-232.88;USD
ca87a21bb7b246c4af993b03fe2b8d3a;Produto_D;2011-01-20;-263.78;BRL
53a82ffdc15a468c97fd3258acf057db;Produto_E;2011-01-20;-257.16;USD
573e8f0e07ab446d99397e3664e7c1ce;Produto_F;2011-01-20;-740.96;USD
0bcd275b323d44d78d6c575e0955b445;Produto_G;2011-01-20;-577.63;BRL
de88c25867864d61a2151a858c1afee5;Produto_H;2011-01-20;92.03;BRL
a34b457696db42cfbaa08bbcf009ac67;Produto_I;2011-01-20;-361.76;BRL
85336f971a3743609c4fbc82ccb77ca4;Produto_J;2011-01-20;-1000.0;BRL
7267ae5b0cd64691a93cadfc6e795b73;Produto_A;2011-01-21;0.49;USD
b996bd234f484607aa8bf6a27eb4bc33;Produto_B;2011-01-21;-986.31;BRL
4d6d987c02664bccab0f8f1342ed15ab;Produto_C;2011-01-21;100.0;BRL
755552d547ff45169e24e701df8561f2;Produto_D;2011-01-21;-960.69;USD
0055c664ae39493db3738afb43f49945;Produto_E;2011-01-21;-224.27;BRL
b20d68054c6341afb186ae46bfab6522;Produto_F;2011-01-21;-612.32;BRL
d940f0f5f1b64b25a15a01b395cd3cb4;Produto_G;2011-01-21;-348.1;BRL
13f4a85a965c4957a027948f053f706f;Produto_H;2011-01-21;-362.98;USD
d9e404f647d84182a3508a3dbeaa7349;Produto_I;2011-01-21;78.98;USD
20ffb2195b9841959c6178784c721bec;Produto_J;2011-01-21;-1000.0;USD
bc0c3239be934e1983092f4030bde7a6;Produto_A;2011-01-22;-628.57;BRL
61fc08061e694928bd07cb986e4ffa34;Produto_B;2011-01-22;-937.98;USD
8176388bf63d44c9a549f622c30c302e;Produto_C;2011-01-22;-114.33;USD
9b92ff49dc7944f5a811e8cc472d3e98;Produto_D;2011-01-22;-748.46;USD
280c8950395c4fd09c4dcdbe70bf177b;Produto_E;2011-01-22;-516.31;BRL
62585faad48a47ef96865970ed7c3d3b;Produto_F;2011-01-22;-446.44;BRL
29cf345e26174afd939fdba6074b1e68;Produto_G;2011-01-22;-422.41;USD
b13584c69e8941f6b14721de18ad5bc8;Produto_H;2011-01-22;-3.89;USD
fddc482897c24b4cae889f8aa9acbea7;Produto_I;2011-01-22;-101.97;USD
2a2917245e564c81be13433a260236cb;Produto_J;2011-01-22;-1000.0;BRL
fc4c6f466d454bddaa02bb6d96ba3812;Produto_A;2011-01-23;-878.89;BRL
e421da031ef849ba9acd7de4e5f7bfcc;Produto_B;2011-01-23;-244.8;USD
b908e6bebf76494dac36da43cd54d52f;Produto_C;2011-01-23;24.15;BRL
6fcbd27d9ec546358e8546a6a239e747;Produto_D;2011-01-23;-696.25;USD
e25640f26b1a48fe9710eaeeec327065;Produto_E;2011-01-23;-421.89;BRL
bef1ab292e6e4f6a82496d2531892525;Produto_F;2011-01-23;-271.37;BRL
cafe5c4267704a55a204136d9845f934;Produto_G;2011-01-23;-629.96;USD
0d5010f5965a4e68a79a97128c01c3c0;Produto_H;2011-01-23;-203.33;BRL
6f7e3adc70a44a1f9d2c322f66d4c06d;Produto_I;2011-01-23;-968.86;BRL
82e4628daa4545818bd4abdae55718ec;Produto_J;2011-01-23;-396.94;USD
4aaa88571e61465eba51aad9224635bc;Produto_A;2011-01-24;89.83;BRL
bc90fd5cb9a24d1c9f059437ac6bbedd;Produto_B;2011-01-24;-369.54;BRL
0d2bf1ae07764dc69b620d9de6424f0a;Produto_C;2011-01-24;-585.59;USD
ec5541695f5048c4940524e80a6dd1ef;Produto_D;2011-01-24;-598.83;USD
0c614abf1fa843cdbc4807f2658735f8;Produto_E;2011-01-24;-20.49;USD
5240794008804d5a88bc1da9cfb2a8c8;Produto_F;2011-01-24;-176.82;USD
7584b79402374519afac375320f42213;Produto_G;2011-01-24;-239.15;BRL
0bac072e44134bc7a304966e49408c2c;Produto_H;2011-01-24;-982.13;BRL
2eeb9131b7bf43aeb22cc4da3081afd9;Produto_I;2011-01-24;-942.44;BRL
cd5f713ea140491db8df0307fe3fcab4;Produto_J;2011-01-24;-322.28;USD
7770b2c967f74bfe973727d0b8543ce0;Produto_A;2011-01-25;-693.47;BRL
522c26e8a2e4414181396cb9b1dfdcb0;Produto_B;2011-01-25;-759.98;USD
a2bc3bccd03f42c4827b056294f1f64b;Produto_C;2011-01-25;-723.15;BRL
b5c9e56d403b4d5d82f55510ee70564a;Produto_D;2011-01-25;-31.3;USD
669a5f96b77548ada40c68eb57b3ec77;Produto_E;2011-01-25;46.14;BRL
53d74692499941f8a9080654b350ccb7;Produto_F;2011-01-25;-174.62;USD
109b9d872844448db96484f5e06259de;Produto_G;2011-01-25;-430.46;USD
29af7784d2b64f71b35ce91d9c1ef797;Produto_H;2011-01-25;-1000.0;USD
9099b6a4f4444de8a63116ea8c644ffc;Produto_I;2011-01-25;-1000.0;BRL
2e0b567538984cae837ebb53a780b111;Produto_J;2011-01-25;-336.36;USD
55db7899060145718696aac125debeae;Produto_A;2011-01-26;-467.76;BRL
ea0602de72914b4fae83766e2ef5f04c;Produto_B;2011-01-26;-956.28;USD
701367b984f3459dafc4151a509ba236;Produto_C;2011-01-26;-597.11;USD
1b50382ceb3742c6beba81b5a7c168b8;Produto_D;2011-01-26;-881.36;USD
f4a213e1002a49538d500511c32c3bfc;Produto_E;2011-01-26;-161.1;USD
41fa459c87bc484fb3bc271045803027;Produto_F;2011-01-26;66.64;USD
3097e6f27eda42bbba6855a86c6f7152;Produto_G;2011-01-26;-274.79;BRL
3e69188acfa04149bf6656a81c0d3dde;Produto_H;2011-01-26;-725.36;BRL
3aaedd13cad943b0b8e7202a1882dff4;Produto_I;2011-01-26;-324.8;USD
e5f3d82bf3ff4fa8bfce6f4caa3c9252;Produto_J;2011-01-26;-401.82;USD
df8a082f99c4419f9ad1129ae776d322;Produto_A;2011-01-27;-670.96;USD
81de62534a8d4fe9890f6f606c19c294;Produto_B;2011-01-27;-1000.0;USD
77e2beccf7a547d5a57bcec0a0385973;Produto_C;2011-01-27;-565.93;USD
a45cecc26f304691bfbd590da3a47acd;Produto_D;2011-01-27;-240.02;USD
82d9255badb1445aa25e7d35b207ef20;Produto_E;2011-01-27;-257.11;BRL
b0177e284425418ca234aa0b432fb548;Produto_F;2011-01-27;-188.54;USD
66f4abf0c1e3451c94f0e21f013c5899;Produto_G;2011-01-27;-367.55;USD
de427172e17a46648433ee8459e2895a;Produto_H;2011-01-27;-1000.0;BRL
1b47a779e086414ebfa24228c200f8e8;Produto_I;2011-01-27;8.86;BRL
dd8396bd875b457aa57d7d59be968104;Produto_J;2011-01-27;-5.63;BRL
4c0a576eae024662a4f12359807e5939;Produto_A;2011-01-28;-196.29;USD
45ae1faae6824865ab22ec6c2aa0b2aa;Produto_B;2011-01-28;-255.82;BRL
124a725382234d70b5479385ef23b119;Produto_C;2011-01-28;-879.91;USD
984a953a261441c984ddca7d3b3609df;Produto_D;2011-01-28;-798.02;BRL
0e3122fc966f4f4293cb69766ba2ecde;Produto_E;2011-01-28;5.24;BRL
f88ea60a707048a381a4b3c0074e2cb3;Produto_F;2011-01-28;-406.12;BRL
4134d60a33814215a231b633796fa386;Produto_G;2011-01-28;-322.24;USD
eca54623782c4621ad16ebf88f4632a4;Produto_H;2011-01-28;-353.99;USD
7e14725bd94b494488408cb6df328f6d;Produto_I;2011-01-28;-901.04;USD
e0c92a5a851348b0bba69886a46570f3;Produto_J;2011-01-28;-922.55;USD
bc41070e77104858b18542efabbf5d0d;Produto_A;2011-01-29;-295.01;USD
38279d9251484905b4da1a6054c7211f;Produto_B;2011-01-29;-980.54;USD
3566573566314b419beda5f359cb0c53;Produto_C;2011-01-29;-845.35;USD
968dd9b8e9084f1a88b3bc9b32b0010f;Produto_D;2011-01-29;-508.79;USD
b7e7acd0186f4d3f8021457b6dab9560;Produto_E;2011-01-29;15.93;USD
18a7a8bbc228479eb998da464d7baf96;Produto_F;2011-01-29;21.41;USD
b7676aba3f284516a9d4ef59677b2913;Produto_G;2011-01-29;-335.77;USD
d00f6df15a754376be35a4169bc3c5ef;Produto_H;2011-01-29;-1000.0;USD
ecfecd704b1a4489bcf013465f961980;Produto_I;2011-01-29;-280.45;BRL
b20dbeb6fdd947d78569ef5ac274614b;Produto_J;2011-01-29;-337.58;USD
497ec45d4e5a4e0298e85b1bd6cb4c3f;Produto_A;2011-01-30;-824.39;USD
d380cde4f7f2416599bfa58f23a5c616;Produto_B;2011-01-30;-812.31;BRL
ec08451cbb8146149d9054687bdbe24d;Produto_C;2011-01-30;-320.48;USD
043ae0c7e3e4456a8f47577ae6e7b41f;Produto_D;2011-01-30;-715.24;BRL
8f95e1bc9a3147689fdce766f8715e50;Produto_E;2011-01-30;-120.47;USD
ee1bbf1eb36a408ca789589ccc552ebf;Produto_F;2011-01-30;-823.56;USD
5af75df7408c42399ebeceda5aaf0e9d;Produto_G;2011-01-30;-14.24;USD
575f10d30b014d7280a7fa1a8a2b0198;Produto_H;2011-01-30;-520.47;USD
a8c1a7bcd3d746699ae410420ecadd75;Produto_I;2011-01-30;-763.63;BRL
b900304128994b0ba973b25ce2e1c6c3;Produto_J;2011-01-30;-836.01;BRL
f3b3b9ce49864a368030f6bbd8b6ed9f;Produto_A;2011-01-31;-181.95;USD
7fdeaf416bd14de1a0d6b64d9449c7f2;Produto_B;2011-01-31;-146.32;USD
f6a1dfb431f94f92a60fb40cc96de58f;Produto_C;2011-01-31;-822.6;BRL
4f17349a1e854114af63074bf6a64a2f;Produto_D;2011-01-31;-1000.0;USD
48659a7fe09941198746541a190150ef;Produto_E;2011-01-31;-614.58;USD
57f05d0251964ead952a937518bbb03e;Produto_F;2011-01-31;-494.54;USD
f57143a8b055419f971e3e65468257bc;Produto_G;2011-01-31;48.43;BRL
638b2e00593e42b7be26551ee8514566;Produto_H;2011-01-31;-793.37;BRL
1cfa93e50b2b4b7d922b287e5ce33616;Produto_I;2011-01-31;-1000.0;BRL
5cbf8032f2f94a8ea609ebf7bca36a2a;Produto_J;2011-01-31;-61.88;BRL
4800d81b49c94fd5b816676ea8c01237;Produto_A;2011-02-01;-786.12;USD
39a7a4ebcd064a0b8653787c7d703b65;Produto_B;2011-02-01;-349.07;BRL
2f29f04b0d1a4fffaa2aafdb085a1485;Produto_C;2011-02-01;-359.44;USD
7195e6a2dd49457aa0b5112a09f06a0d;Produto_D;2011-02-01;-908.96;BRL
572ce1dfa8854a718ff608ce8cd49c66;Produto_E;2011-02-01;-546.64;USD
33600e85e9704b95b7f6bcb7fa960c29;Produto_F;2011-02-01;-259.89;USD
2571447591c74de38bc26638e94a5d19;Produto_G;2011-02-01;-84.11;USD
e590381e0f94460c810d8d83ba54477d;Produto_H;2011-02-01;-84.47;USD
f42153b156454673be0942b631377f03;Produto_I;2011-02-01;-580.84;BRL
c564148da23c48cfb8b312a67dc76620;Produto_J;2011-02-01;-1000.0;BRL
8b496e82a26547878f8e610e72a69e7c;Produto_A;2011-02-02;-11.92;USD
ff7ac241c0064510bd09f41ce7d7da4a;Produto_B;2011-02-02;-296.41;BRL
7bb8fd7900a24496b2599651ce7cd5b8;Produto_C;2011-02-02;33.64;BRL
30d5a543a93d4aee963d4fafa87faa97;Produto_D;2011-02-02;-110.09;BRL
81c5ec91f38043cf8e4121e9dace60ae;Produto_E;2011-02-02;-645.02;BRL
917992cb8d654d01ae1b1c469434de53;Produto_F;2011-02-02;53.84;USD
e5b1d65125ae4cba8ab1579827a91795;Produto_G;2011-02-02;-531.26;USD
7558219e063740c18bde32a3d2b965f2;Produto_H;2011-02-02;-945.07;USD
b3ef3c4d61be48e6bc24e7352a5be68b;Produto_I;2011-02-02;-877.32;BRL
9d7a3c75246d46ef9acceb982f66cf58;Produto_J;2011-02-02;67.81;USD
0f4413930b1f413bbebffd463ddfe1ab;Produto_A;2011-02-03;-272.12;USD
c0fe3b22672c4499b718f09481413a77;Produto_B;2011-02-03;99.43;BRL
278b0918929342759465db5c7a8ec0f3;Produto_C;2011-02-03;-1000.0;USD
b187704362f44621a1d61361bda0c68a;Produto_D;2011-02-03;-751.79;BRL
8ffe2d363079497998bfa2548c1a902b;Produto_E;2011-02-03;-311.71;USD
a5b65b6fec8941a49a36856e9983b385;Produto_F;2011-02-03;-782.9;USD
550723fea1d146d7a06cd7eb21c23b05;Produto_G;2011-02-03;-74.07;USD
19c610ef2d1a4a059467db8bd3b82e44;Produto_H;2011-02-03;57.55;USD
274817a5ee304a90ad09d58632739a8f;Produto_I;2011-02-03;-519.48;USD
a7ba761e7e8d495d977f73146c124d2b;Produto_J;2011-02-03;-110.45;BRL
1f1a65baa7764225a92a43f47353fe91;Produto_A;2011-02-04;-231.62;BRL
1c84353a52f84e49aeaf3e283c35219d;Produto_B;2011-02-04;-193.49;BRL
ad62d5184822454fa71a940360e5c1d9;Produto_C;2011-02-04;-520.26;USD
c7ca41107ef74a84bef3ee3840ef84cb;Produto_D;2011-02-04;-103.72;USD
1dc34b3b69f1415f845087ed61e7f7fd;Produto_E;2011-02-04;-671.0;USD
1e8931890cc9431db43153613f5b43a2;Produto_F;2011-02-04;-633.97;BRL
aaaf332160414072b4a8a434abf0a635;Produto_G;2011-02-04;-644.33;USD
a953b5e48680403d998537d7f99b8349;Produto_H;2011-02-04;-346.21;BRL
cf51654d0eb142cbbc901fed4f7964f5;Produto_I;2011-02-04;-966.32;BRL
9b7ed3fcf7c04a0c875ded6a151719d1;Produto_J;2011-02-04;-780.71;USD
56f500de9238475f857e5cb74f6596fc;Produto_A;2011-02-05;-108.66;USD
558a9df316e247599f19b0d5244a53cb;Produto_B;2011-02-05;-386.56;BRL
7821072ef51b4307b34d1465646a9f5b;Produto_C;2011-02-05;-499.9;BRL
98fbe974a9d546a28f3c6d0e74789a46;Produto_D;2011-02-05;-200.92;USD
6a9f07a39f4545f4973dafc61816f1fd;Produto_E;2011-02-05;-707.35;BRL
7e55f956febc4d81b01423a7f788118b;Produto_F;2011-02-05;-218.43;BRL
5a0bfbed9bde41f3a3da6c6b257ea3b9;Produto_G;2011-02-05;-702.37;BRL
8bc7eca13edb4738a4f6cd5e2c1ea20a;Produto_H;2011-02-05;-796.71;BRL
2e634f8cdc6442eba29276299a63355f;Produto_I;2011-02-05;-61.18;BRL
d2a8164ca9c545df988ba92fa4aca31a;Produto_J;2011-02-05;10.27;BRL
89f9a482eb884163abc46c388b9ab9ea;Produto_A;2011-02-06;-666.43;USD
9d7d1c084db44136a3077f705dd1b964;Produto_B;2011-02-06;-622.17;BRL
7f724af833b8412a869f652c8292aa3b;Produto_C;2011-02-06;-232.13;BRL
2b8e2e494e974630bb0c09119ebc7d46;Produto_D;2011-02-06;-338.09;BRL
29e64503eed24d3bb4d130c5dfa766f4;Produto_E;2011-02-06;-503.7;BRL
6bbb35f9384c4f51aeb4c3a22e76b43c;Produto_F;2011-02-06;-193.4;USD
ac33655167624bd8b6b7d851fc4a749d;Produto_G;2011-02-06;-231.28;BRL
7f93d6a1654844f8866c23c488a83c89;Produto_H;2011-02-06;-766.57;BRL
805428031e044c599684013ad94ac3ae;Produto_I;2011-02-06;-40.92;USD
78503edc8c664e308b0844c611fc6028;Produto_J;2011-02-06;-636.35;BRL
bc65370c779541aa92ec050444283d95;Produto_A;2011-02-07;-325.3;BRL
88ae4079171e4a6582fa0a68368bd3b6;Produto_B;2011-02-07;-835.63;USD
f76487bad7084667a7ef9eaeeb3f100d;Produto_C;2011-02-07;-918.53;BRL
5c8dbcfb5ee643a2a2f269e3cd589038;Produto_D;2011-02-07;-526.14;USD
39a187bcc86f4b7a820e9ad7d2167ea3;Produto_E;2011-02-07;-731.65;USD
f3dad406926c42c385f681dab75a30a9;Produto_F;2011-02-07;-756.11;USD
22827a2611824adf8f972dbe13f54127;Produto_G;2011-02-07;23.2;USD
1d072627bc4547188f33770fc5e51ca2;Produto_H;2011-02-07;-712.65;BRL
b9941e4199dd47998fb5060ade906cf9;Produto_I;2011-02-07;-431.51;BRL
992992fb56b541cbb8c7fd1070dc0178;Produto_J;2011-02-07;-394.32;USD
1450596b191c4c33ac10173c0b6165a0;Produto_A;2011-02-08;-429.01;USD
1150a98bb9df49f889db7956d57c3851;Produto_B;2011-02-08;-139.67;BRL
1e1472ff4a184d25b9d52cc6ab451417;Produto_C;2011-02-08;-76.49;USD
69b2f2c6767745bab6ba711d3d763aa5;Produto_D;2011-02-08;-409.65;USD
2c50730c26234adc9b4262f4e9b546ea;Produto_E;2011-02-08;-524.44;USD
42735efcffd04375b94ffa2644a41d29;Produto_F;2011-02-08;-166.7;USD
55beac8f73fc435dadf8452704a2d34d;Produto_G;2011-02-08;-574.8;USD
14a95fc16067490b8792f3ef2a8a04da;Produto_H;2011-02-08;-396.3;BRL
ba3e53723f57494eadc49d48fdd3d60b;Produto_I;2011-02-08;-664.53;BRL
8176284dd9174987a81674f486a6a62d;Produto_J;2011-02-08;84.09;BRL
fa8d99b1dffd40a4acddf501fa27c380;Produto_A;2011-02-09;41.44;USD
0fd79796f08a42e7b3b8eb437790c71f;Produto_B;2011-02-09;-176.12;USD
9f67cc9c9a424f48939b9492b8ae90b2;Produto_C;2011-02-09;-550.48;USD
5765909b0a7045f2b2726589eb3a607e;Produto_D;2011-02-09;-806.4;USD
3c4b82c735bf407c81c575bf0f0e7351;Produto_E;2011-02-09;-533.69;BRL
31d0f93af60c4766949f5e3159d87979;Produto_F;2011-02-09;-563.54;BRL
37f4630ec13346d9a20ad3b6cc1a2298;Produto_G;2011-02-09;-473.49;USD
4528913e94d148acbe77568659bd6dd9;Produto_H;2011-02-09;-308.08;USD
fcddd11dd09f47608e9f539e9177ef12;Produto_I;2011-02-09;-614.49;USD
4f8a44b293244ce08f17a481baf0c620;Produto_J;2011-02-09;-880.05;BRL
73f21b998c8a49ad8fcf2140c68968f2;Produto_A;2011-02-10;-465.32;BRL
9ff5d65c44a043338730867a5a401cad;Produto_B;2011-02-10;-240.03;USD
48a91f2891654346a3ae1544bf256d9c;Produto_C;2011-02-10;-245.27;USD
2368616c3b3449e891252cc9f34bc448;Produto_D;2011-02-10;-775.12;BRL
93b13a8698934498b7aebc7eb8d6b3d9;Produto_E;2011-02-10;-121.34;USD
b975e7a5faf443d9a4a36d0e5cf2ac7c;Produto_F;2011-02-10;-169.7;USD
127b482116034f52ac86e749fd84b70f;Produto_G;2011-02-10;-603.39;BRL
02a9bf10b7154db79a9e93fd09a7043e;Produto_H;2011-02-10;-423.82;USD
246c30e571d04ebbbd1d216e46eb0089;Produto_I;2011-02-10;-65.35;BRL
8e8ad856370e4dca90978a9cdb7be344;Produto_J;2011-02-10;-274.18;USD
108a5f3d900348e38ec6b9238826c154;Produto_A;2011-02-11;-573.81;BRL
e38bf29408ce4295a5dcd15544d87f2d;Produto_B;2011-02-11;-647.27;USD
0f0c51ef9ec942188a401c42fcb9dbc0;Produto_C;2011-02-11;-3.9;BRL
6cad9453b0d342ac97d4168fa9ff66da;Produto_D;2011-02-11;-740.53;BRL
eb5a6302f2544feabcec81a8b1999798;Produto_E;2011-02-11;-378.95;BRL
b2489e5644604eab8b2ef091cc1ebd73;Produto_F;2011-02-11;-715.45;BRL
ecb58c20ffe643c580b1e938b6d8ad5c;Produto_G;2011-02-11;29.72;BRL
28dac4837a6e4578ba5bd3c9a291cfcb;Produto_H;2011-02-11;-226.87;USD
b78ad183fd884fd69df44ce0cf2ef17a;Produto_I;2011-02-11;16.4;BRL
8006dc64df7e49adb3066a29326bdd5f;Produto_J;2011-02-11;-949.53;USD
f2d783df88bf4d39a810a177db50e9a9;Produto_A;2011-02-12;-213.1;BRL
2d7769bae5e746e89580de3b4c2957af;Produto_B;2011-02-12;-613.99;BRL
a021a49e2571414990826736a924bd9c;Produto_C;2011-02-12;-790.63;BRL
2c6d6a74155d48b1bbbb68f9a063dea2;Produto_D;2011-02-12;-439.8;BRL
d5e7c6b7c71245198e91836de2deeca6;Produto_E;2011-02-12;-724.5;USD
dd06bd4400904141b7c7d5fed8fe06c0;Produto_F;2011-02-12;-478.81;USD
90a405591e1b47b9a48880350a2c6819;Produto_G;2011-02-12;-91.54;BRL
0e9e759d2cdf4890acccfca069562cbe;Produto_H;2011-02-12;-398.55;BRL
e771f959ffd2419e8b9fb3be24099a1e;Produto_I;2011-02-12;-703.8;BRL
08274e5765114e3fbe7bb03504a17981;Produto_J;2011-02-12;-389.79;USD
242ce4b2212e485f9a0a0b68455c40c6;Produto_A;2011-02-13;-549.64;USD
48bf2f483dbf4a89b0d5e923d8fa274d;Produto_B;2011-02-13;-39.0;USD
f62ddb5f7e0346a4b95f3f19fd60edd4;Produto_C;2011-02-13;-1000.0;BRL
4a9645a9aa394d7c8bfd9ccbfb647a01;Produto_D;2011-02-13;-333.04;BRL
e571a6691a504ab9b8e1c3a7b823c144;Produto_E;2011-02-13;-454.12;BRL
9883fb7b7a634a5888fb95e38bf56160;Produto_F;2011-02-13;-725.98;USD
64dbb1f87ca44513ac49a035ef74264d;Produto_G;2011-02-13;-91.92;USD
e0dff4970900459181ecf07b2fc7b131;Produto_H;2011-02-13;-569.71;BRL
b9446419d4104730916111d6d4f58795;Produto_I;2011-02-13;-925.29;USD
aedac4f157e74214bbf60fed95c7335e;Produto_J;2011-02-13;-960.73;BRL
69635e7368d84ae685d1f4e229769e12;Produto_A;2011-02-14;-763.94;BRL
b084f83addb64ea59d0f244fdd8dfa30;Produto_B;2011-02-14;-1000.0;BRL
acbd33ec7dea46e38e067c9480057503;Produto_C;2011-02-14;-348.64;USD
96af747cd4fd49558c3ee1bdd2420992;Produto_D;2011-02-14;-847.47;BRL
f55b5f1d4bb94cacbc493e41d723005f;Produto_E;2011-02-14;-335.97;USD
19dffc0e2cc04a7ea8800518f5212984;Produto_F;2011-02-14;-167.86;BRL
1abf89c49cea4e29b9239f0e5d83f559;Produto_G;2011-02-14;-618.5;USD
7eb8983adbfa4a79bd647c6a1c6219f1;Produto_H;2011-02-14;-919.07;BRL
d4f363151eb44b24bfe25cb9190720c9;Produto_I;2011-02-14;-214.67;USD
702b4d9bec3f43c3986be91f6d83d725;Produto_J;2011-02-14;-295.64;USD
4523c3272ebf4b23b0cc949e732ea7a2;Produto_A;2011-02-15;-777.69;BRL
0cda0841bd174dba9838fff1dcf1c803;Produto_B;2011-02-15;-1000.0;USD
9babc7f830214923af14213d78d71646;Produto_C;2011-02-15;-658.95;BRL
c847f9e4e9a5485a856e3461067657a1;Produto_D;2011-02-15;-978.14;BRL
8bbcd8b4f15a4d8fa5cbceffef188529;Produto_E;2011-02-15;-456.94;USD
54dffe0626f441f7b369a3def473e732;Produto_F;2011-02-15;-312.01;USD
67c0f54337cc4c2b9e3c6336ec40f30d;Produto_G;2011-02-15;-657.2;USD
461928b1e6ea403484b6ae8549a814ef;Produto_H;2011-02-15;-584.47;USD
125dada383d7429f8a556ea44fb5b5b3;Produto_I;2011-02-15;-987.57;USD
08b9363f1ffc4c25ba246a873869cfae;Produto_J;2011-02-15;-910.28;BRL
0e025c82fe2745d8a7f2fa792371f48c;Produto_A;2011-02-16;-393.93;USD
738020ef58f3460b81a67d53e0e99a02;Produto_B;2011-02-16;-35.96;BRL
6e90a57d8284461d9d225d5e55a5a3a7;Produto_C;2011-02-16;-873.31;BRL
bf31a519cc33417b933b0c7eb6d9f57f;Produto_D;2011-02-16;-214.73;USD
de50b093862a40c989d901c56ac22dd4;Produto_E;2011-02-16;-636.63;USD
40548f4603f74beab4173cd9a15da4ab;Produto_F;2011-02-16;-727.68;BRL
770eec483a014a8f8d1ac172cf1d6a61;Produto_G;2011-02-16;-760.2;USD
d6d08c0c5941412f9a8a48a6ef3064bc;Produto_H;2011-02-16;-1000.0;BRL
83832994696a488b822f56ebf8e90e75;Produto_I;2011-02-16;-707.09;BRL
f5f0dc933c5c4d1d914b7cd67da22af7;Produto_J;2011-02-16;-792.13;BRL
c5100c76f35d4188b7e2af3ced4a75e2;Produto_A;2011-02-17;-218.22;BRL
62cd679e612d4fd393fd13e7568276ae;Produto_B;2011-02-17;-957.11;BRL
a2e2852c4a5c4cb38087ebbbde1c291e;Produto_C;2011-02-17;34.85;USD
315841a7e51744fc85465ba2288f58db;Produto_D;2011-02-17;-312.13;BRL
3ed35a3b0f334e9e8dc3c34661bd845d;Produto_E;2011-02-17;-606.28;BRL
fa65187ac49d4c3c92d672577d895cfa;Produto_F;2011-02-17;-742.72;USD
72c1e68febac434a916cb9a9325d437b;Produto_G;2011-02-17;-716.89;BRL
f31e4587582944aa8ad64627604a5680;Produto_H;2011-02-17;-1000.0;USD
0992e96bc497449d927e00f798b08647;Produto_I;2011-02-17;12.65;BRL
b24e7e8b9682400f9c8a363cc7ca04c2;Produto_J;2011-02-17;-785.04;BRL
16e92fee1d7d436c99e2de2ad7e8a170;Produto_A;2011-02-18;39.97;BRL
456c930edc9141bc95b973bc4d43fc09;Produto_B;2011-02-18;-573.39;BRL
dae616aa8cfd48b9bcec27490b1d0223;Produto_C;2011-02-18;-622.18;BRL
c9db5946092542bea128f636b4676874;Produto_D;2011-02-18;-262.37;BRL
309e488e549c4fd097b04e3735d40542;Produto_E;2011-02-18;-715.69;BRL
d9134cf3e26148b38faed7e90b241b5a;Produto_F;2011-02-18;-606.19;BRL
33b44eeb9bb24c1dacb150f929516e47;Produto_G;2011-02-18;-116.76;USD
ea04fee4a2d44b73ba899d9f6149f482;Produto_H;2011-02-18;-834.39;BRL
94f1c192ae964de9b2ef840e431577d4;Produto_I;2011-02-18;-626.97;USD
619c40aea7dc4a10a8b3b51a19ebef8b;Produto_J;2011-02-18;-1000.0;USD
a55b98578f214189871014a89195af43;Produto_A;2011-02-19;-114.07;USD
bd9d6b2e0330461c9e82c7e4996134bd;Produto_B;2011-02-19;-677.55;USD
c3c912a5337a4ff99776918f9f784e61;Produto_C;2011-02-19;-665.81;BRL
677043999b824986bb0444cd3055ce61;Produto_D;2011-02-19;-994.82;USD
0b68c44407ab4aeea21968e410754ac7;Produto_E;2011-02-19;-717.46;BRL
e3b3d975e14f4cee960c6845aed13278;Produto_F;2011-02-19;-763.87;BRL
0f2eb563a24e47a28a21f7ace6a2e8ab;Produto_G;2011-02-19;-444.63;USD
338a79a463184f0d8327bc70f16147e9;Produto_H;2011-02-19;-541.13;USD
6976d45caf8446b3a4300f52f5e32183;Produto_I;2011-02-19;-410.23;USD
727cd0565aea4d80b69bbbde9e5860e4;Produto_J;2011-02-19;-637.97;BRL
866729964d5d4052a6e918351f3bbae7;Produto_A;2011-02-20;-67.99;BRL
58c5e0dc6cbb4b57acb5ced0fc57607f;Produto_B;2011-02-20;-748.0;BRL
087d257d2f264248830cf368043ee038;Produto_C;2011-02-20;-51.89;USD
16224beb4781467d9c15488c7c3263de;Produto_D;2011-02-20;-280.79;USD
f63b194a4383407aa13c64348cd526e3;Produto_E;2011-02-20;-741.62;BRL
7edd80f3ca454204b5271caa64ce7a3d;Produto_F;2011-02-20;-163.83;USD
022212e683ca4ebf97dc5a73506f8feb;Produto_G;2011-02-20;-130.4;BRL
50ac2abc2c344df69040dab11bc20c43;Produto_H;2011-02-20;-962.89;USD
ff989c6bc07a42d0924bb0a92e42f67f;Produto_I;2011-02-20;-129.05;BRL
80b266828c2043459e599a593fd33e52;Produto_J;2011-02-20;-993.0;USD
bae32bfc1f294a43bfb227c140bfa089;Produto_A;2011-02-21;-459.08;USD
1b48974781fa43f9b15280e4b9495313;Produto_B;2011-02-21;-838.29;USD
23d9449f27d9466eb6b54cbf3e8c0bc9;Produto_C;2011-02-21;-1000.0;USD
3aa68968c8d245388b902eb5589f963b;Produto_D;2011-02-21;-600.75;USD
a9cd1172ff4744de967ca644cebb9975;Produto_E;2011-02-21;-263.69;USD
43b53996090449cf95f9b46e1c6e5b6d;Produto_F;2011-02-21;-214.93;BRL
95d99616d0b941a09ad3de6be9772ff8;Produto_G;2011-02-21;-594.4;BRL
d804d0009b2f4c67a20dfc9b33c07140;Produto_H;2011-02-21;-567.54;BRL
34829ab85f014046b9903c155cf704a0;Produto_I;2011-02-21;-869.57;USD
d3f11e76b52545f2a61de6f36ca8dea6;Produto_J;2011-02-21;-542.92;BRL
c00ab908c0b545b3aa15ca80386e643e;Produto_A;2011-02-22;-420.87;BRL
539428988317475a83ba702a6d452351;Produto_B;2011-02-22;-61.38;USD
6414fa9623a747708c52f57348dcf846;Produto_C;2011-02-22;-743.95;USD
d7e80a946f6a43bca6502ca7d26d075f;Produto_D;2011-02-22;36.69;BRL
93f510f734714932a9a1c46ffa92d8e9;Produto_E;2011-02-22;17.56;BRL
acde3f6285da453caa8e4e4a632ee419;Produto_F;2011-02-22;-415.63;BRL
49a615f2f0b5424390e686a1379e225b;Produto_G;2011-02-22;-272.7;USD
04946f07b28e47ab94be2cfcc4555914;Produto_H;2011-02-22;-174.4;BRL
7620c4e87e794f8295650214935e48b6;Produto_I;2011-02-22;-629.26;USD
6a29c45d2cfd4892a74e549b19413a22;Produto_J;2011-02-22;-72.41;USD
a6228cf047fc46b0be0ffe58aa29600e;Produto_A;2011-02-23;-84.77;USD
503a2f7d936a42a2af75d5fe8be5d119;Produto_B;2011-02-23;-539.43;USD
854219d64b6f466a9c10e61a09adb119;Produto_C;2011-02-23;-239.97;USD
9986915499c249729cdb1bf63049fac8;Produto_D;2011-02-23;-536.33;BRL
548a8df9848a4cd199e09a1f341023ce;Produto_E;2011-02-23;-37.68;BRL
b76b920911f745ba9f0ce28443ffd2d4;Produto_F;2011-02-23;-340.3;BRL
4835b76a96af432591a6278695fcd5ee;Produto_G;2011-02-23;-391.52;BRL
82224cd5fa96495e89204cd5b312c90c;Produto_H;2011-02-23;-214.07;BRL
97f428c58821437fad04710eafc90c3e;Produto_I;2011-02-23;49.24;USD
0809344f59304ee1b7632d8357509b65;Produto_J;2011-02-23;100.0;BRL
a2cf0086e78a4f57841a14216bd9e5b7;Produto_A;2011-02-24;-28.7;BRL
cba3740c120d4b40bb26458f4ebadd3d;Produto_B;2011-02-24;-319.5;BRL
6f80b9637cde4e6b849246fc2c10a260;Produto_C;2011-02-24;-226.53;BRL
f3f6fd2ebaf34708a58d94009b16364c;Produto_D;2011-02-24;-1000.0;BRL
0346daddae424c668b8c61c7882147d4;Produto_E;2011-02-24;-424.83;USD
939d61f61500449087f9a13b32bbca15;Produto_F;2011-02-24;-253.11;BRL
b3277964eae44ddbb5eb07635a3455dc;Produto_G;2011-02-24;-451.38;BRL
619491c67ff34491a550324e0bcc5980;Produto_H;2011-02-24;-527.3;BRL
a5927f34e6fc4df4972ab474ca34b69a;Produto_I;2011-02-24;-626.05;BRL
20117c3b20d949efbcf3d9d1fa2eee68;Produto_J;2011-02-24;-374.05;USD
0360e4bdcb7a42a8803419f07bd47d8b;Produto_A;2011-02-25;-564.29;USD
3801a07a2b1f43748e1aafefa023e026;Produto_B;2011-02-25;-573.18;BRL
779545c6f38849838bff0a8b32fa09c7;Produto_C;2011-02-25;-785.23;USD
2b0fd51b81b041958ff1ee3d23ab6229;Produto_D;2011-02-25;-654.36;USD
5b981b08e6fc418aba17ffd11723c1ba;Produto_E;2011-02-25;-169.01;USD
f7f8f557414942b6b350e0e75ab7dc00;Produto_F;2011-02-25;-541.49;USD
789b4e11b7474efab0cfd81a8742df32;Produto_G;2011-02-25;-753.93;BRL
836fb856495141da9b329fcf0f8743fb;Produto_H;2011-02-25;-262.02;USD
cc04415467334dd3907c6f62ef186cd1;Produto_I;2011-02-25;-419.88;USD
c7d1d23d1062469193e8f4d1a6dc6453;Produto_J;2011-02-25;-586.32;BRL
bec2cce498f14fbcae2d171283f38603;Produto_A;2011-02-26;-737.94;USD
118bc74578ea4accac3ab9997f70ccab;Produto_B;2011-02-26;-800.21;USD
3eb6235e26ee460f96388bb181e0e352;Produto_C;2011-02-26;-543.1;USD
1511d983df154321a64413d3a40f375d;Produto_D;2011-02-26;-775.21;USD
e3d2956d03d040679dd4ad9393aa1246;Produto_E;2011-02-26;-174.79;BRL
c9a8bebd599649ce842aec186fb3bc67;Produto_F;2011-02-26;-584.58;USD
e7fac6ae19e145bfb1c011a47c6d1c64;Produto_G;2011-02-26;-570.7;USD
450f711b8fef4c578a90d87c02054b5f;Produto_H;2011-02-26;-1000.0;USD
0d8cab49b4e94e669d4eb61fd6855626;Produto_I;2011-02-26;-831.07;BRL
4720b22b6a064060ac7230d0abeaf117;Produto_J;2011-02-26;-10.66;BRL
9ef22a0af0bd4adc8388a167a6ff1e1c;Produto_A;2011-02-27;-682.14;USD
6cd861e539234c138b437bb0fc4ad43b;Produto_B;2011-02-27;-319.55;BRL
92bad23ef9104432a9c925a63b2c8bd0;Produto_C;2011-02-27;-103.82;BRL
6daf7cd9f1554ca984470b2c18d402c7;Produto_D;2011-02-27;-96.78;USD
640395d757a6431d824a46529edaacad;Produto_E;2011-02-27;-578.75;USD
b2dd7b94374747dcb8f2ebb3b50f8d2a;Produto_F;2011-02-27;-192.38;BRL
0afab04487e44f739598efbbcbf26a5f;Produto_G;2011-02-27;-170.84;USD
0a7dc6ba4452458b8baa755dd2b1c482;Produto_H;2011-02-27;-954.91;USD
ffb1e199a7a64947b37e516e02a30713;Produto_I;2011-02-27;-1000.0;USD
0d690150b0974b22ad82ee99338e01ad;Produto_J;2011-02-27;-161.79;BRL
97db100a97644befbed2c404811bb9c7;Produto_A;2011-02-28;61.17;BRL
f04d8f9883934316b6000ae0c2409b1e;Produto_B;2011-02-28;61.91;BRL
dc8e9e50d93a4bbda377b14152b7e567;Produto_C;2011-02-28;44.1;USD
9922932fa7234967964e6554e435b94d;Produto_D;2011-02-28;-808.02;USD
0e8055b6c48b407bb853bd9d24a05228;Produto_E;2011-02-28;-403.82;USD
702868fe4f5049dd8483e4a4023a7b68;Produto_F;2011-02-28;-334.71;USD
0c7fafea8c7b4302bb7e0ff0e31c91bc;Produto_G;2011-02-28;-388.73;BRL
0193755379ac4a28b39ceaf2800d5262;Produto_H;2011-02-28;-140.93;USD
ee69c4c10a7945e3878dfab5870d3ee4;Produto_I;2011-02-28;-860.72;USD
e2a43aacd1974ab9a9613debaf80e5ec;Produto_J;2011-02-28;-1000.0;BRL
70690f8cac3e43949962c8d009d91d63;Produto_A;2011-03-01;-252.68;USD
af84ec48bdc345afb30da2383409bffe;Produto_B;2011-03-01;-965.63;BRL
808472b3191b4e84ba7ca4f0eeff0fd8;Produto_C;2011-03-01;3.83;USD
a4bda16f6ff8485a9d3b13336f4e262f;Produto_D;2011-03-01;-442.45;USD
caf4a9bac7ff4dc5aaccc010b39fd2f1;Produto_E;2011-03-01;-152.82;USD
c26fad23f585428a9693e6bd45dea745;Produto_F;2011-03-01;35.23;BRL
dcb876a70dcf404d83b10f3b001894cf;Produto_G;2011-03-01;-16.5;USD
b90519549842444a9310ef22ef4f1ecc;Produto_H;2011-03-01;-957.07;USD
5210e5c928624a89a117ce929c9b54af;Produto_I;2011-03-01;-1000.0;USD
ff397a6e1ca34c8ca024deb77d1a997a;Produto_J;2011-03-01;-20.68;USD
b0211c8c07fa4dfcbcf98d15ac1e4c7f;Produto_A;2011-03-02;-289.28;USD
e6ec1594c1df48c483c8fbcebf2a6282;Produto_B;2011-03-02;100.0;USD
0eb7165ce3764c58a51011d449d09759;Produto_C;2011-03-02;-772.56;BRL
0717fb83830a41dcb45f2a3ccc4865c6;Produto_D;2011-03-02;-556.7;BRL
04e0213d8be740059a3ccd96aee96e6f;Produto_E;2011-03-02;-451.24;USD
e9214bc5c9284f18997392cc0845b2c0;Produto_F;2011-03-02;-250.78;USD
5e64b4f13f63485cbb307bf2be54b13e;Produto_G;2011-03-02;69.89;BRL
8da10571fe6a4d1abc5cb560b29725d0;Produto_H;2011-03-02;-452.43;USD
02ec80c9f8a143c69e38d088089e616e;Produto_I;2011-03-02;-669.75;USD
45fc8dacadd04864bfe0c73ac0092337;Produto_J;2011-03-02;11.73;USD
dfe0d99334964ed2a1cb84b038a4d2f2;Produto_A;2011-03-03;-231.85;USD
a8acec22832b47b1b85b9c5fdce7306f;Produto_B;2011-03-03;-152.05;BRL
35958760dd314f7780a5ddc9605317ef;Produto_C;2011-03-03;-43.86;USD
24674c33be5b4e6996abe6f92161c9eb;Produto_D;2011-03-03;-287.13;BRL
0ef35b0a9db043ad9b73fc21cf9e6db9;Produto_E;2011-03-03;-528.29;BRL
9379a603f62c48f8863b8e398b9d9543;Produto_F;2011-03-03;-451.17;USD
37fa9f3be7bb4e71b38b60128b25c871;Produto_G;2011-03-03;27.08;BRL
d0aee33ff8c24b41a2eac9019217d865;Produto_H;2011-03-03;-912.04;BRL
9f85e6975382400ab024882eb8dd955c;Produto_I;2011-03-03;-60.69;USD
cb384b080e794e68954474fb9e883856;Produto_J;2011-03-03;-951.48;USD
4d88943b15944c7a801b4f5e9d67a662;Produto_A;2011-03-04;-499.31;BRL
c94b1560ad824e01b0fec1d590847a6c;Produto_B;2011-03-04;-180.84;USD
8e8016703b774773a6e3abfb1181517b;Produto_C;2011-03-04;-180.65;BRL
d38200a173ab4492902b7604be95d4ad;Produto_D;2011-03-04;-738.35;BRL
64b5c8a4f1b346d6a31aa1f35c2a1c3c;Produto_E;2011-03-04;-404.23;USD
95cfb37b74a24301b60aeef7ed54945a;Produto_F;2011-03-04;-521.65;BRL
2ee9abf618d74c268f68e330d0dea23d;Produto_G;2011-03-04;-405.35;BRL
ec5337df4ded4773baa52b3d12213e41;Produto_H;2011-03-04;-232.9;BRL
e020d120dce047c88e4e65e7d7ad6896;Produto_I;2011-03-04;-164.38;BRL
97d7126e47ed436f9058c77640def329;Produto_J;2011-03-04;-505.44;BRL
ac430cd0b3c449d8a55f4c19d6e96489;Produto_A;2011-03-05;-193.46;USD
773e0b1c0fad466b85aa57c271330aca;Produto_B;2011-03-05;-885.49;USD
42c338e742ef4210ac509b23756d142f;Produto_C;2011-03-05;-483.55;BRL
3cafc64aea9c44aeac363b92843bb094;Produto_D;2011-03-05;-336.15;BRL
dd609b17f94745a1af9140e63bcd0597;Produto_E;2011-03-05;-324.6;USD
4c074469d3fe4acbbf47edd3fd95cd29;Produto_F;2011-03-05;41.29;USD
e994147db1f24e35bc04749e682619d6;Produto_G;2011-03-05;-325.26;BRL
884a86418d73408da2ea6f1d9d64efcb;Produto_H;2011-03-05;-254.34;BRL
8761cc33f38e4f4fb537f9d3aefdb901;Produto_I;2011-03-05;-215.23;USD
be6998d2a6a6462d9d63d6e4604e98d8;Produto_J;2011-03-05;-863.33;USD
7b624f315f9b4e1dabd99bbe029895b0;Produto_A;2011-03-06;-381.36;USD
f3929434e1054b2296a9b4e0e2fc8a67;Produto_B;2011-03-06;-386.46;USD
423f2745a0f44417a9b5e1ba0aefc3ab;Produto_C;2011-03-06;-1000.0;BRL
5c94da62e8784c8593b9973dbd7d4300;Produto_D;2011-03-06;-352.25;BRL
ae507ef5a3a646e29347c28684ea2253;Produto_E;2011-03-06;79.93;USD
f0f941c1a0da4fa5888145447a544a30;Produto_F;2011-03-06;-798.07;USD
1c0cb95f6bd04322b03d525dbde7686e;Produto_G;2011-03-06;-2.09;USD
4c47c72664a14296a877801050ae9c3b;Produto_H;2011-03-06;-1000.0;USD
3b9ea3ddf61e4ae48c357bd18c22e72b;Produto_I;2011-03-06;-581.71;BRL
dc5f023c7e194983996f06a1c7f704bb;Produto_J;2011-03-06;-271.9;USD
291bab9811e44afbb9e1cbef5f4ef56a;Produto_A;2011-03-07;-663.82;BRL
dccddca405e14c6d844803560bc21493;Produto_B;2011-03-07;-34.91;USD
6672121393ed4a1fa1c1a58a67c98a04;Produto_C;2011-03-07;-786.94;BRL
ec53d321c5774445b22d3da915ec0f9f;Produto_D;2011-03-07;-238.66;USD
0e09feca897f469bbf844e03d2592d0e;Produto_E;2011-03-07;-337.88;USD
eade9c83c6cd48d8a646abc22685154e;Produto_F;2011-03-07;-589.92;USD
b406488368ef4441a9cf7b17a78c3637;Produto_G;2011-03-07;-122.32;USD
a236fe2d02b945cc912bb203c715846a;Produto_H;2011-03-07;-897.19;USD
b1f3cc694dad4c0d9aebc97933dbea6d;Produto_I;2011-03-07;-302.28;USD
07fb236cbe3f4c7e89857ca200c1afdd;Produto_J;2011-03-07;-439.66;USD
8758f80d272f4148925bc58e8cdcf3cc;Produto_A;2011-03-08;16.05;USD
195135207f54425d9fe74c52090ea565;Produto_B;2011-03-08;-386.96;BRL
3ee24a8fcc18412784f5c36e8d4bd245;Produto_C;2011-03-08;-467.61;USD
2d88f033a69449b7aeed6ffc3c0cea44;Produto_D;2011-03-08;-209.53;USD
83c001c9c8bd447cb0b1ce66d3be7931;Produto_E;2011-03-08;-388.55;USD
7404a029de9941c9b59a4758807d3bde;Produto_F;2011-03-08;-458.38;USD
da3f400cec8e45678a4e7a7257d9346f;Produto_G;2011-03-08;-612.07;BRL
a24fabee6a93468dbd620a0149df0440;Produto_H;2011-03-08;-833.66;BRL
687b4890c83f40a9a9d9f48c813efaaf;Produto_I;2011-03-08;-607.25;USD
86674d3ebde349138c17f9cb2bf5ac42;Produto_J;2011-03-08;-905.26;USD
6039a3467c1a40cb82edd20b821a09a4;Produto_A;2011-03-09;-314.76;BRL
5e352f6b8c1e4712b1695eb92081c45d;Produto_B;2011-03-09;-273.76;USD
fdf821cd82334d66a9929d33a1cb690f;Produto_C;2011-03-09;-848.75;BRL
c3bec720481c40b3bf66b393227f08f7;Produto_D;2011-03-09;-537.18;BRL
f0103fc4604146bbaae86cb09ebd887c;Produto_E;2011-03-09;-489.34;USD
c255b65f9fae4e78bf8e7ce6c26f261c;Produto_F;2011-03-09;-695.73;BRL
0e14ad78d8194ef98552cdf455139e99;Produto_G;2011-03-09;-110.22;BRL
5617f6c8d7fd4928ad99c56f6567c57f;Produto_H;2011-03-09;-392.25;USD
8f7405d693a44237b23100ad0822b89b;Produto_I;2011-03-09;-502.27;USD
8f11ae09fa124fceb8c6697a9b267a5d;Produto_J;2011-03-09;-1000.0;USD
af9d07136d614cb4b13289259bdf9ed8;Produto_A;2011-03-10;-104.61;BRL
af73a314d801491c941e56f1b388563d;Produto_B;2011-03-10;-471.05;USD
5fefb6b541fb44e0a9212777970eb44a;Produto_C;2011-03-10;-67.0;BRL
4cb8ff8d2e1e43b7b20e982d7bbe74f0;Produto_D;2011-03-10;16.25;BRL
3cc753354e61477a98cc1e4d6ee80f07;Produto_E;2011-03-10;-114.98;BRL
30d945fe0da7479a98aa1ffe5c692c30;Produto_F;2011-03-10;-800.26;USD
5995d794b18e4de19f50d5e1f252e503;Produto_G;2011-03-10;-343.3;BRL
09b3f3e3c20845b2a916c6a3cae4b934;Produto_H;2011-03-10;-362.48;USD
03b2406ffe764eaf880c7336cec15185;Produto_I;2011-03-10;-210.24;USD
bf1c22ab39234d2a8ffe1f7392f29033;Produto_J;2011-03-10;-451.78;BRL
862ef74a999f463489c9b2ddb126b728;Produto_A;2011-03-11;-704.61;USD
60f87db821ef44ad8d700cf60dfce939;Produto_B;2011-03-11;-589.56;USD
64a62af23e334b1d92f9ac787a9190c6;Produto_C;2011-03-11;-886.55;USD
9c043af94df8423a86731642fb96ca3b;Produto_D;2011-03-11;-1.55;USD
e0ae53fa626d45ae9f005113c01b6584;Produto_E;2011-03-11;-805.41;USD
0f80a422deef49358d8e8032284ce30a;Produto_F;2011-03-11;-755.12;BRL
49cd2cce77ff41109e9ab25b537ede22;Produto_G;2011-03-11;-57.82;BRL
51c64305819f4421933875258d1875f3;Produto_H;2011-03-11;-880.38;USD
9d4fd5899e994fa3aace0fef65f9fbe3;Produto_I;2011-03-11;19.76;USD
319e88524e454d08a97b78d565f769f3;Produto_J;2011-03-11;-836.33;USD
1f1a8f187bdc43d5afd7fa84c1b33fc1;Produto_A;2011-03-12;-679.15;BRL
b1104a4ace114861872c5f33d3040ab8;Produto_B;2011-03-12;-551.84;USD
71700870cbcc493698ce2cd9e53d190b;Produto_C;2011-03-12;-551.37;USD
8d64b184ebe94bf7a4c9938e9918cb2a;Produto_D;2011-03-12;-329.75;BRL
5da784ff6e6f41f9bb6e7699497226e2;Produto_E;2011-03-12;-94.84;USD
ddfc1b475a4a411f8958120c4313b3a6;Produto_F;2011-03-12;-521.61;BRL
cf92165caf1941ed93e6026488bbc5e7;Produto_G;2011-03-12;-355.0;USD
e0c55ce2c1b04abb8375e1be490abcf5;Produto_H;2011-03-12;-276.84;USD
a8f49f21e98349829a773ed1129ce704;Produto_I;2011-03-12;-469.53;BRL
bafd245894844aeda800cb8c11fed07b;Produto_J;2011-03-12;-200.98;USD
2affc13fa60a4ed787ddb971412b798f;Produto_A;2011-03-13;-592.81;USD
a84edc2f1eb143d098c1a9ede3c757d1;Produto_B;2011-03-13;-573.36;USD
a39dd8850b7d43c3b1916e92cf1921e0;Produto_C;2011-03-13;-1000.0;BRL
ec5a605e910b480bb395bfd0ec1a1ee8;Produto_D;2011-03-13;-1000.0;USD
e85a7d523fc2466cb61f17e2225fad7c;Produto_E;2011-03-13;-494.39;USD
0e5929142ffc447da9efedc776d65a8d;Produto_F;2011-03-13;-826.54;BRL
6753c4db93ec403bb07a50adf57e1a2c;Produto_G;2011-03-13;39.49;USD
c44f4e8756d545fe818a1fbc5b7dd120;Produto_H;2011-03-13;-410.52;USD
dbcd095455e642ce99e2b835e2adc3f9;Produto_I;2011-03-13;-838.14;USD
20a793225c0749ea87723d976d679029;Produto_J;2011-03-13;-282.5;BRL
7767f4ed9bc44981bc5df90d122e2491;Produto_A;2011-03-14;-570.04;BRL
f650d501bf34477c9d36f45ae61ba0b5;Produto_B;2011-03-14;-1000.0;BRL
a6321118e1be467f8ecabc449092fc76;Produto_C;2011-03-14;-641.58;USD
26b8e2de10a04d0bb790995074ae3f75;Produto_D;2011-03-14;-186.5;USD
10548ab9801a4a9ba0bb4af52dd31811;Produto_E;2011-03-14;-822.67;BRL
124c965519564105b2ca28485e8e3d59;Produto_F;2011-03-14;-673.69;USD
c19d7225b3ac4602b7652da00b80d3cf;Produto_G;2011-03-14;-712.3;BRL
374a815e9933489e95aa9dfea3b77e27;Produto_H;2011-03-14;-108.65;BRL
6f7fc2180929425bb5d8af9125220262;Produto_I;2011-03-14;-737.75;BRL
f2356ed7bcef4af78b6d3e722900d07a;Produto_J;2011-03-14;20.03;USD
80f73bab84344bc897313720d6114b17;Produto_A;2011-03-15;-28.23;USD
45656365f415402d831c8ad4c4053d08;Produto_B;2011-03-15;4.73;BRL
4702dca7f84e49bf97c7c280bc02dee4;Produto_C;2011-03-15;-1000.0;BRL
39c9f5c2eb1842b49c57bc1746db4be0;Produto_D;2011-03-15;-544.17;USD
0d23b31913614c8e92868778138cc8c7;Produto_E;2011-03-15;-399.29;USD
3c4fa32fc1d349d58369d332a9c8b16d;Produto_F;2011-03-15;-566.61;USD
e74f5f2aeaad4e81b814afdd6571cbe2;Produto_G;2011-03-15;-101.61;BRL
c49231aaea804e44a479cc8c26c9027f;Produto_H;2011-03-15;-952.46;USD
43638073e9c941128d3cadd0aa16227a;Produto_I;2011-03-15;-606.78;USD
7100afacc57b4de3a7cc94e83ccf64c6;Produto_J;2011-03-15;-517.61;USD
f32266cae6ee41269797d25c5e6db8e0;Produto_A;2011-03-16;-656.51;BRL
ae76d5b11c5d439aaac4b12e818c9451;Produto_B;2011-03-16;-1000.0;BRL
eb42ed0b01f54de5b25ddeb7398371b6;Produto_C;2011-03-16;14.32;USD
928926839f414705a7ca915ff9cab945;Produto_D;2011-03-16;-534.12;USD
b0205c02b3054617ab05480761ee0f56;Produto_E;2011-03-16;-284.81;BRL
a4e9df3a46494ebd97c4fa36ed39d13e;Produto_F;2011-03-16;-634.66;USD
73a7c91ae81949a8a3302c377d427ae0;Produto_G;2011-03-16;-330.61;BRL
552ee1fb5690472890a68cdf71953415;Produto_H;2011-03-16;-846.82;BRL
dc04b9e3e7bd4aa78cf5c5ca3f9ad1af;Produto_I;2011-03-16;-430.16;BRL
4b134b1fae164f34ad4a4b478fa8245a;Produto_J;2011-03-16;-154.43;USD
64e33ef355f043b4b010b95292df1792;Produto_A;2011-03-17;-40.78;BRL
d6122b8d80584982bc59c1e2fc1c7e71;Produto_B;2011-03-17;-409.28;USD
5e2cf0e1dd2142e698c116659f10b0e4;Produto_C;2011-03-17;-1000.0;BRL
ae1cd025968b48aa8da3a358723ab613;Produto_D;2011-03-17;-437.08;USD
b9a3df7b21194cd8bb687719478a2812;Produto_E;2011-03-17;-646.15;USD
ea3cff62d3244185b503577273d0b178;Produto_F;2011-03-17;-443.0;BRL
a072d276a313402a9d53454516eaa7db;Produto_G;2011-03-17;-157.35;BRL
dd176d2cdfb1489eb890e1d99bf59ad7;Produto_H;2011-03-17;-500.5;BRL
553878e1558644eaaa4bd94684311bfe;Produto_I;2011-03-17;-490.0;BRL
9c632af3a4e94372aac42cb58ee2b58e;Produto_J;2011-03-17;-172.35;BRL
3fca5c4014aa4f4fb55386ef1fd4f977;Produto_A;2011-03-18;-760.27;BRL
a71e7b797e2d463fb1060200bdc8b098;Produto_B;2011-03-18;-1000.0;BRL
dbd5e7d040ef405fb5b05743b5ce7232;Produto_C;2011-03-18;-433.61;USD
8f66e370fffc406f8912c80ba8bba6fd;Produto_D;2011-03-18;-543.63;BRL
3f75eec36d35426ebc67004f09928a10;Produto_E;2011-03-18;-701.96;USD
6f412b68b413497898557fe8e5bde77b;Produto_F;2011-03-18;18.85;USD
0fb72814ab484d74a56f5d8718811ba4;Produto_G;2011-03-18;-231.13;BRL
3758fbcb4f964059a0612b1ed54b1a4e;Produto_H;2011-03-18;-589.11;USD
2d81deb3a69843f9a21243ce3491723a;Produto_I;2011-03-18;-371.79;USD
a67009ab053448829351a5827879dba8;Produto_J;2011-03-18;-609.67;BRL
999444e9414d4c7d868e8f11f999f1b5;Produto_A;2011-03-19;-157.47;USD
39a0cc95691049e3b42823943b5b895a;Produto_B;2011-03-19;-413.95;BRL
2dfb996b54ff496e87576f55b23604ee;Produto_C;2011-03-19;-17.61;USD
9cf89b725f404a6bade867ef02ebf8c9;Produto_D;2011-03-19;-475.05;USD
c31329fac7224b08840d7969dba28b6d;Produto_E;2011-03-19;-9.56;BRL
97f9dccd246a485981da6788223c1152;Produto_F;2011-03-19;-655.35;USD
bdb2d0b8771a466d8bb54a1bedc35707;Produto_G;2011-03-19;-42.94;USD
5eeb2a415f6244209fcc3a76c602e4ce;Produto_H;2011-03-19;-925.41;BRL
43fd45c07ebe428b9e8b0b25815f8f84;Produto_I;2011-03-19;-680.04;BRL
6f8ceac371de4d849b545a404d2ef0a4;Produto_J;2011-03-19;-583.14;BRL
c85b24905aa148819f060579222dcbcb;Produto_A;2011-03-20;-506.35;BRL
530e6ac2bb1b4fb9bd6bf06295fcc17d;Produto_B;2011-03-20;-1000.0;BRL
3698f2367b19412e8a0ecbf2f281c2c0;Produto_C;2011-03-20;-950.3;USD
bc95f2fe246a48c69b7dcf3a7318569d;Produto_D;2011-03-20;-403.27;BRL
e396f6b09c0640f291b8ad85a662e4c5;Produto_E;2011-03-20;-425.56;BRL
bca92e04caa34d4c968f16044354883b;Produto_F;2011-03-20;-474.55;USD
5871b223672f4b60bde191b9bd22c76f;Produto_G;2011-03-20;-13.35;BRL
bec0f40500bb4f159d7012099d4f7d56;Produto_H;2011-03-20;-1000.0;BRL
840ee35b3f13436ea435e60b81f93609;Produto_I;2011-03-20;-190.27;BRL
f055dfdb15c24b64937011ebd4280229;Produto_J;2011-03-20;-141.36;BRL
eaed9baf6243486b9b9350ea560bb478;Produto_A;2011-03-21;-580.93;BRL
419f40e9b8d349adb3cbbedca63f6d19;Produto_B;2011-03-21;-48.23;USD
f2c383b6464444dd9b4b66fb26406564;Produto_C;2011-03-21;-1000.0;USD
2d150de9dd49440fb8c5571d097d7348;Produto_D;2011-03-21;-389.86;BRL
f064d799b20e47fb99329b112bf54657;Produto_E;2011-03-21;-250.75;BRL
13c5b157f249412ba383a0a91dcdc2a4;Produto_F;2011-03-21;-31.53;BRL
f18a35724b9248e99fff50ee1bd234d1;Produto_G;2011-03-21;-326.93;BRL
1b459de4bf374df8852c36697400db1e;Produto_H;2011-03-21;-43.37;USD
51ae56f5915040b7916ea4d79d43e71f;Produto_I;2011-03-21;-51.64;USD
729cdfe7e48b4a6989455743af7c533d;Produto_J;2011-03-21;-476.16;USD
449a0895cd634e54a6ee0bdf5b82ed3d;Produto_A;2011-03-22;-920.65;USD
0f7306ac27cf4f5da0ab2d422bf3452d;Produto_B;2011-03-22;-824.5;USD
b61866134b904903ad39fe2f9948d851;Produto_C;2011-03-22;-448.82;BRL
23ca54b91950462cadb16124e9e9b356;Produto_D;2011-03-22;-127.13;BRL
9d32a78a6d0f48488ee3a14a3b93db4b;Produto_E;2011-03-22;-629.65;USD
52b8e974ef6240a783d306aed4266b9e;Produto_F;2011-03-22;-569.74;BRL
658b0d9fdf03430a9e15dd58ae68c47e;Produto_G;2011-03-22;-297.54;BRL
2b0aa6c813c14637b54ace6685065571;Produto_H;2011-03-22;-246.63;USD
61eccb0c373a4f029f8ebf7a3539d87d;Produto_I;2011-03-22;-639.7;BRL
b17a84f2366a42b0b62b3103f34f1c7a;Produto_J;2011-03-22;-639.53;USD
a6771358024145598fc21fe1d0a402f2;Produto_A;2011-03-23;-348.35;USD
763c3875f49946ceb3825ffe125c9066;Produto_B;2011-03-23;-1000.0;USD
6a1287e5c86c45acb1ed5fe92027e32a;Produto_C;2011-03-23;-744.32;BRL
d8af14723cd543b6b230b0e8ad0b3d4a;Produto_D;2011-03-23;-66.75;USD
b271bfb409e04a04bac9834b872a05f3;Produto_E;2011-03-23;18.97;USD
35908d30d7c74b40ab31306d5739cb6a;Produto_F;2011-03-23;-605.27;BRL
4150bdd17d44421aa33a0d52cd890e27;Produto_G;2011-03-23;-4.99;BRL
38358c2a7fed46feaec62187755465ca;Produto_H;2011-03-23;-534.73;BRL
b7ea75d4b4ad45528f594b7338f64ae6;Produto_I;2011-03-23;-231.34;BRL
5720ef1324344ed58dc3c593f87246b6;Produto_J;2011-03-23;-945.61;USD
5f09a3733b0341009be76e46eae582be;Produto_A;2011-03-24;-509.3;USD
fe2e4e2950eb485880c1b6986212ad8c;Produto_B;2011-03-24;-274.61;USD
1d50bc9724e64579bffbf83d6cd45301;Produto_C;2011-03-24;-832.75;USD
3041eb2229dc4a26bb76197009f424da;Produto_D;2011-03-24;-366.81;USD
01bfb50f88d94d62bf8bcc968147235e;Produto_E;2011-03-24;-759.22;USD
d37f26ffdf3f416fbebd20c260554ea2;Produto_F;2011-03-24;-148.79;USD
fbbff6fffd6c49fd9b0db035966b95cb;Produto_G;2011-03-24;-268.25;BRL
54809f3a3a6e4317a8fe2495cae96c2a;Produto_H;2011-03-24;-159.43;BRL
5c298a26d5a84b4892a03264b282e92f;Produto_I;2011-03-24;-946.9;USD
118d6da5df254610922bb4d310b00a25;Produto_J;2011-03-24;-62.33;USD
50b38f47fadc4600ae51d411038a6522;Produto_A;2011-03-25;-463.39;BRL
b1eeb973b6d64f5eae1f5040f375bf3c;Produto_B;2011-03-25;-1000.0;BRL
fb9b3d5d39df43eea64a5faa22d31c6b;Produto_C;2011-03-25;-692.97;BRL
4229002bdcb74604b6f794086fa6779a;Produto_D;2011-03-25;-282.38;USD
21769dcea44b4918a5fb2933b4233475;Produto_E;2011-03-25;31.59;BRL
003e2b1610664869a8d58119a94ed1b9;Produto_F;2011-03-25;-18.72;BRL
5cb5d3823bd844718189e2ed89be4719;Produto_G;2011-03-25;25.16;USD
0d8be7035fb84dc7acb26dc3330eaa94;Produto_H;2011-03-25;-188.49;USD
8f753553a583497580fbcc9a3b9485cc;Produto_I;2011-03-25;-391.64;USD
9f9abb6233b44b4c849d7cb707689304;Produto_J;2011-03-25;-67.55;BRL
dc0109a250144511aded37dfa204f685;Produto_A;2011-03-26;88.12;USD
8e93e134c80340bb8786dd42cff8101c;Produto_B;2011-03-26;-640.52;USD
ad3ed7dc78364ab6ab67925c778c0572;Produto_C;2011-03-26;100.0;USD
23007da36eb6411cba66ec94a0d1472f;Produto_D;2011-03-26;-212.57;BRL
73a68c8cf6a94128a21ce1cf71400b5c;Produto_E;2011-03-26;-319.89;USD
1ddb2e93bca74f948ea971330be06e9c;Produto_F;2011-03-26;-293.04;BRL
a23fd872a6d0408b9ac3a795d7f44c64;Produto_G;2011-03-26;-777.82;USD
18b87904fef14ec69b46ac59f2d44004;Produto_H;2011-03-26;-954.59;BRL
f23e6add028f4c29a00f08d315984e26;Produto_I;2011-03-26;-389.18;USD
d10a3bba3f65465c99fb6a6bec77c50d;Produto_J;2011-03-26;-539.07;USD
a569a0993b834932bc65ea4e32fe8173;Produto_A;2011-03-27;-648.12;USD
33d9c4f85997447da5ccf5a0a48d935f;Produto_B;2011-03-27;-414.16;USD
0c8b29a904e04215b1aed08ff2f6b891;Produto_C;2011-03-27;-765.9;USD
46801e3f56314431a55b13ea4b5d3691;Produto_D;2011-03-27;-421.38;BRL
9b1ddd2721514f6e979b4eb4aa447803;Produto_E;2011-03-27;60.11;BRL
dbd25fa06d2c4859bdf1b6206dd16171;Produto_F;2011-03-27;-271.74;BRL
46cc3218ee1e4553a70737e1131f6dd6;Produto_G;2011-03-27;-497.74;BRL
2a879370da6d453aaf9e443d40bbc4c3;Produto_H;2011-03-27;-517.63;BRL
d4bd10db1b3741de83f2fa29e51d3157;Produto_I;2011-03-27;-315.47;BRL
4af175a8eb004ab598a4da35e722c8e3;Produto_J;2011-03-27;-371.24;USD
dec95f32724f4b36b2db97c7fa94a0f7;Produto_A;2011-03-28;-641.11;BRL
465d2c1935e6476ba72f8f349c3fe054;Produto_B;2011-03-28;-1000.0;USD
be61b10eb124490a985101f656819c4f;Produto_C;2011-03-28;98.44;BRL
8b81100c33d54b04a6660ae1c6e0040d;Produto_D;2011-03-28;-889.71;USD
45cf8dab8258475099c8e5a8510e5b4d;Produto_E;2011-03-28;-389.09;USD
4e4488af1fd84487a122e036fa625487;Produto_F;2011-03-28;-282.54;BRL
04589fb361844c97936507c8d208e879;Produto_G;2011-03-28;-154.12;BRL
bf8d1230bbf44c1499a4262d94619148;Produto_H;2011-03-28;-170.16;BRL
df1bee839fbc4680b457f50572f43f7c;Produto_I;2011-03-28;-120.18;BRL
56a7c5fd37694315b4eface955331d38;Produto_J;2011-03-28;-418.75;USD
8ad90dc50a0044b6a995d2d1ab429420;Produto_A;2011-03-29;-85.78;BRL
dd5548efddab4807b2f316765e5557fa;Produto_B;2011-03-29;-1000.0;USD
a58461d25bdc4f39a47a765046eb3760;Produto_C;2011-03-29;-726.96;BRL
2dd7fc6dc054403ba019acd117fb6da7;Produto_D;2011-03-29;-749.46;BRL
5b5cdb4f2a1d44bea4de4398f793638d;Produto_E;2011-03-29;47.84;BRL
2471aafcb2ea443482a43680d4f14c7d;Produto_F;2011-03-29;-656.83;USD
e388046d04e34c76b51f3ae878205868;Produto_G;2011-03-29;-327.59;USD
148299138ddc402a92554d2044982e8a;Produto_H;2011-03-29;-428.53;BRL
7c3d927183044a5f83dead73d15cbc0a;Produto_I;2011-03-29;-797.03;USD
99dfcbb5f14c4bc79c4faf2d656c2da0;Produto_J;2011-03-29;-453.81;BRL
7b54449c3240406e9d108afee0d9c065;Produto_A;2011-03-30;-112.79;USD
1f07c023ef5a4825a73cf793116e5bda;Produto_B;2011-03-30;65.81;BRL
89f7d826dd6a4e2e8c44b7d06c3e1bc0;Produto_C;2011-03-30;-706.34;USD
ecd24c06c4c1455bbacdbfdf23fdff80;Produto_D;2011-03-30;-841.96;BRL
89580b6e274e4b05afc1b89fad34400c;Produto_E;2011-03-30;-780.58;USD
e59849ced45e43e9a4c47e11c8c36a18;Produto_F;2011-03-30;-220.93;BRL
147a2ec5179b45b088fcae19e4ac63c7;Produto_G;2011-03-30;-370.15;USD
2cc486c6cff342c397152dd8a2da9f50;Produto_H;2011-03-30;-1000.0;BRL
fb7c77ee082a490a926661098bc828bf;Produto_I;2011-03-30;27.06;USD
cafd9b2e1ac74f378f78afa4ad496f51;Produto_J;2011-03-30;-378.27;BRL
f3c1b715e7494e1c98b10785e74611e9;Produto_A;2011-03-31;-440.1;BRL
ce4f9e1617e94b99a968a83052a8a563;Produto_B;2011-03-31;31.05;BRL
dbb9830b69814652b62efbcfd5c7118a;Produto_C;2011-03-31;69.58;BRL
855adc863c874583b4db186803a1496a;Produto_D;2011-03-31;-779.11;BRL
64fd3b83a785416cb19329ffd6462839;Produto_E;2011-03-31;-648.36;BRL
32eacc05853e4b98a5124fefebc7017d;Produto_F;2011-03-31;-714.66;USD
ff9e9f2acd834fafaa281c51d52e48b2;Produto_G;2011-03-31;-431.98;BRL
7908f962de1d4ceba146cc658f762d52;Produto_H;2011-03-31;-73.07;USD
21b8d03efec74e6daadef568fffbc055;Produto_I;2011-03-31;-459.43;BRL
2866b0fbc0294082b16ec8ba4582a05e;Produto_J;2011-03-31;31.66;USD
12c25e938b1240ddb4d8506d5fd3166d;Produto_A;2011-04-01;-775.89;USD
58b73240f16c48ff96c31a3d0aee7c59;Produto_B;2011-04-01;-1000.0;USD
cde723a35a0b44fdb2b0b0e50fe53746;Produto_C;2011-04-01;-920.32;BRL
8347e8fc43d143aeb81cb6e21b4ad23d;Produto_D;2011-04-01;-373.39;BRL
5c58202a69ca4832a06594ff173c152d;Produto_E;2011-04-01;-675.95;BRL
3653039cdd11490e82c71c9ca50f4f12;Produto_F;2011-04-01;-149.23;BRL
38c41e8f7165473d9fe3ba0db9944977;Produto_G;2011-04-01;0.3;USD
0854cce544d0408eb48cc1706b86999d;Produto_H;2011-04-01;-93.23;USD
e9bb3b247ebb42048470e76f9546bfbc;Produto_I;2011-04-01;-531.86;USD
4fd2a14007bb4cd5802f6240259d5568;Produto_J;2011-04-01;-616.74;BRL
c9290f9ba67845459fa131a5953c6bf2;Produto_A;2011-04-02;-703.48;BRL
dfbc777dd10f49aa9afa114ece293344;Produto_B;2011-04-02;-704.94;USD
879de480edae47dfb9872cebd8e31b87;Produto_C;2011-04-02;-156.89;USD
e820a7e83a434173b7138d9c36f4d972;Produto_D;2011-04-02;-925.54;USD
5fa5c2d77778433ab1f0be53b5df9f9c;Produto_E;2011-04-02;-256.06;BRL
895d8ffc104a409b95d1c8d7efed603f;Produto_F;2011-04-02;75.58;USD
7363e11e1fa34ad8a07ccd5a2863df08;Produto_G;2011-04-02;-235.83;BRL
b4f612bc342141ccbd98fe523fdad1b6;Produto_H;2011-04-02;-888.78;USD
a1f15065ea8341e4b5087a534b830a03;Produto_I;2011-04-02;56.25;BRL
794f76e99d13443fb0fd7f48bb3ad73e;Produto_J;2011-04-02;-819.95;BRL
debf4a0fc2d3438fb6704ec18c900479;Produto_A;2011-04-03;-624.5;USD
705bc20bf4824697bbf9a539b444bcfa;Produto_B;2011-04-03;-800.84;BRL
7095b2869cbe4d5da5f0c27518706859;Produto_C;2011-04-03;-406.36;BRL
e0c61d12896c4602b50e23e0bd34fadf;Produto_D;2011-04-03;-744.63;USD
beff4dd29a8d4d54ad5608e81db7fc7f;Produto_E;2011-04-03;-752.49;USD
b724c8584cf54cfbb623a0aa2ec84790;Produto_F;2011-04-03;-521.69;BRL
b10ed32182b14d1c958cdedf3ae4ab3e;Produto_G;2011-04-03;-45.56;USD
ada58abe8dab4495b572c4bd3bd02a82;Produto_H;2011-04-03;-560.65;BRL
ac4e5a62dd264c689484fcfdb5316b60;Produto_I;2011-04-03;-829.71;BRL
439962b8e5ca45719a97322a7bb607b3;Produto_J;2011-04-03;-248.86;USD
36bb3c0b0adc446e8bcf5fff163b1ee2;Produto_A;2011-04-04;-146.25;USD
a532f1be7b634ba98cdcdf5e44b31190;Produto_B;2011-04-04;-1000.0;BRL
f1c125a0110249c7863f8e7b0ef888f6;Produto_C;2011-04-04;-544.57;BRL
32cb124f205e419da0b03da74da57a73;Produto_D;2011-04-04;-1000.0;BRL
643c3145e82a440589c0f5691f70417e;Produto_E;2011-04-04;-639.59;USD
41a5d42b7a5541478b9f37b00392fca0;Produto_F;2011-04-04;-61.12;USD
89a91c8d14f9475aa47230fed0893ab9;Produto_G;2011-04-04;-342.01;USD
4955b6d1364540b7a15f2f69ba4151eb;Produto_H;2011-04-04;-518.49;USD
eadc5144764648efa9636e5e31e62598;Produto_I;2011-04-04;24.17;USD
26edcb83bceb4d31b7e2bc1964c984aa;Produto_J;2011-04-04;-186.06;USD
da054c3c26d54a31b36344478d0598b6;Produto_A;2011-04-05;-13.25;BRL
bf41cecaa784488a9430208e90ac18ca;Produto_B;2011-04-05;-1000.0;BRL
3e2985297ea74abf967a0fa5f08236e9;Produto_C;2011-04-05;-723.09;BRL
81d0082945b04eba823407d921ac307b;Produto_D;2011-04-05;-493.45;USD
085b63b2371a498697b99b3a5a3c3164;Produto_E;2011-04-05;-646.24;BRL
abf59824195940bc87296d41fb20ded3;Produto_F;2011-04-05;-255.22;USD
6d655a25d4914af9957cc9f4dd2895d8;Produto_G;2011-04-05;-554.08;USD
dbca3b80288a47ed8500334a45677323;Produto_H;2011-04-05;-719.45;BRL
b32b99b95f4246e7af9eae01d2466090;Produto_I;2011-04-05;-123.86;USD
5a228b4ba3c140078bd373ddc43303b4;Produto_J;2011-04-05;-645.98;BRL
b8f8a8fca31d4f4d8bf0448a7e67853d;Produto_A;2011-04-06;-508.3;USD
d1de02edacfb44c58f8dda2b6c74efc0;Produto_B;2011-04-06;-1000.0;BRL
20dfdfb8bad1493ebc842b2435943fa9;Produto_C;2011-04-06;-851.62;USD
12b7f4c9fe4c45fa84502acfdd8d670f;Produto_D;2011-04-06;-611.17;BRL
8a9c745f527c4ccc99e9dd5972f31bd8;Produto_E;2011-04-06;-482.48;USD
5a8c05f60862497ba4fd8df425ba845d;Produto_F;2011-04-06;-344.18;BRL
ba0a45711eee43119dc20cd7a7d211f0;Produto_G;2011-04-06;-426.03;BRL
bf6724145902443d838368794b404c8e;Produto_H;2011-04-06;-56.05;USD
90bdf34cd3954f659844ce3b021e9fc7;Produto_I;2011-04-06;-807.56;BRL
a1f6a0a28c3c4407927f9b2dd3905018;Produto_J;2011-04-06;-37.94;USD
7018117142a54a19bf0333703e7b5096;Produto_A;2011-04-07;-896.49;USD
ce9a5ec03e634b37ba897ee2dd9581b8;Produto_B;2011-04-07;-710.14;USD
03995d03669e42a1ad97a8a465245801;Produto_C;2011-04-07;-259.05;BRL
733e3e06ef0642208643b9489140324d;Produto_D;2011-04-07;-54.5;BRL
cd1785d67c0c4db39685be61d26e684c;Produto_E;2011-04-07;-742.83;BRL
fc02e526dd0e4a4aa81c5c62b007ef4a;Produto_F;2011-04-07;-683.25;BRL
ca935e1e9f2644e7bb5a952c1cbf88a5;Produto_G;2011-04-07;33.02;USD
e431cf6d8a2744aea0cfd659adef3490;Produto_H;2011-04-07;-1000.0;BRL
941afef704374d29bba2d7931d96fbac;Produto_I;2011-04-07;-165.01;BRL
45ad211fe92a4d2e96ea24a17488aca8;Produto_J;2011-04-07;-184.48;USD
4b890021eaee4ce09870fed036623830;Produto_A;2011-04-08;-100.13;USD
6d3bfdd374b64c54a3688721875cb8f5;Produto_B;2011-04-08;-500.62;BRL
08e2f0f2b1cb4cbca8aaf19abc1ae2ed;Produto_C;2011-04-08;-1000.0;BRL
274eaa2aa97345b09d6aaceadb3d5396;Produto_D;2011-04-08;-714.17;BRL
ae4afc93e336438bb547079f45f2551e;Produto_E;2011-04-08;-703.68;USD
7fa7439e32bb4bd5a34b00bf03dc1a7c;Produto_F;2011-04-08;-180.52;USD
5803cf9f146540dd946a1813420d186e;Produto_G;2011-04-08;-761.8;BRL
c533f84294be4cb48438753d5c32326a;Produto_H;2011-04-08;-866.92;USD
a483ae4b8cf84a5a9b7c4ad3a5554062;Produto_I;2011-04-08;-534.26;USD
213f32d0f4ee4adb95f433147b609d09;Produto_J;2011-04-08;-535.51;BRL
4bc006b36196412884058a087c3a8ab8;Produto_A;2011-04-09;-566.29;BRL
1686be172e394f29bf6c4adef4127024;Produto_B;2011-04-09;-667.81;USD
c7938b4bd279485991a721fdb26f25c7;Produto_C;2011-04-09;-253.45;USD
682f3100629d45b5bfd4c228f74ff635;Produto_D;2011-04-09;-461.88;BRL
5e4fd609340846878465f99346a966b3;Produto_E;2011-04-09;-463.94;USD
e9936458ccb74e2f88550169c576ee67;Produto_F;2011-04-09;21.85;BRL
465ceffbdb2a4b11a55921264aefc633;Produto_G;2011-04-09;-523.54;BRL
ea6f31bbf6d5456993631ac21d008925;Produto_H;2011-04-09;-283.43;BRL
d03ddb2ae8a14899b465014af2e464da;Produto_I;2011-04-09;-632.02;BRL
36de1b744d014e3894b53d4c8af43af7;Produto_J;2011-04-09;-600.86;USD
a95fe869779042fca78b1cfe29110d94;Produto_A;2011-04-10;-732.17;BRL
bad71fc5cd2745caa97f242dc150eb2d;Produto_B;2011-04-10;-447.54;BRL
a8363f3d79fc4575a47b18ee6e614799;Produto_C;2011-04-10;-608.58;BRL
378fa6743de24f2d90914ff4f7f54b9f;Produto_D;2011-04-10;-711.69;USD
62e59b1a6da841b89f7185a309ac4899;Produto_E;2011-04-10;-146.11;USD
cfed6f85eeed4f89a1b81428327869bf;Produto_F;2011-04-10;-505.96;BRL
2dfbf0cef23246ae810a42997464b66f;Produto_G;2011-04-10;-745.78;BRL
faa8b4780edd4e44b6b02c19c25a4fb2;Produto_H;2011-04-10;-521.08;USD
85c8185de3484d6facdb26e491e9b1b8;Produto_I;2011-04-10;29.74;BRL
1961b0a6f1b44f9abe837dee3ead748b;Produto_J;2011-04-10;-708.49;USD
637d6ece611d455782944d44072de0b3;Produto_A;2011-04-11;-624.66;USD
1b87c1a7a93047bd9a81cf436acae874;Produto_B;2011-04-11;-1000.0;BRL
745c643989834e4d95d45b8f95b975b3;Produto_C;2011-04-11;-922.81;BRL
cbec91a09b2a4385b85d11cb9ca0998b;Produto_D;2011-04-11;-62.87;USD
83842b54fdfb40ea8ce978894dd7286c;Produto_E;2011-04-11;-608.77;BRL
7cd1ec8a332f475f8013a238d527d922;Produto_F;2011-04-11;-196.02;BRL
9d9270377a2c46778fed00362adbd7f9;Produto_G;2011-04-11;16.64;BRL
860525718e77422795b01d0e9da86f7c;Produto_H;2011-04-11;-656.68;BRL
a76fd852b8b848f88a4c6a085874ace6;Produto_I;2011-04-11;2.87;USD
53217deb82b648b89c8f16886153b28b;Produto_J;2011-04-11;-107.18;USD
e68a06674e0a450eb2392ad95d94371c;Produto_A;2011-04-12;-897.27;USD
3d9a527d1512414e9feb42dfaff24b1a;Produto_B;2011-04-12;-696.99;USD
a21cdf3600094cc9b0df930c8fac432a;Produto_C;2011-04-12;-174.71;USD
77695370d4a142fe8fcc8295ddda38b0;Produto_D;2011-04-12;-602.42;USD
0356090c3dcc4c95b0f4a45a3e6ab088;Produto_E;2011-04-12;-342.04;USD
baa876e153954e42ae1c9e40dc50ea61;Produto_F;2011-04-12;-735.76;BRL
6dd6ffef6ec9460f8732c612cf17e325;Produto_G;2011-04-12;-600.6;USD
e31a554226364f3a8476de36eeff783c;Produto_H;2011-04-12;-1000.0;USD
f96205940a32418fb8e69b374fdf57fe;Produto_I;2011-04-12;-727.36;BRL
cea0c40a53a346be8ad509a7f9c03a93;Produto_J;2011-04-12;-242.84;USD
67ed842709644d9e925f3506303a8183;Produto_A;2011-04-13;-44.79;USD
1f5821c7152845fc9d87fe03d59d3802;Produto_B;2011-04-13;-8.83;USD
365f57c396ea400d9ba5f2219689b3b1;Produto_C;2011-04-13;-678.48;BRL
6bceefab85fe4b42ab852e4ca3c530c1;Produto_D;2011-04-13;-785.97;BRL
f8f772c1d6b8430fa1168a1215be715d;Produto_E;2011-04-13;-84.07;USD
ae039f6ae27c471d9904e242934af21e;Produto_F;2011-04-13;-45.85;USD
1f370dc8d7ec4c00a138055d9d90d70a;Produto_G;2011-04-13;-261.62;USD
6ef7947cb7b048d9a670ab5c05a05830;Produto_H;2011-04-13;-1000.0;BRL
6e89ba5108894b9e8592869bb6de1cb5;Produto_I;2011-04-13;86.94;USD
00768a1bcb854e139cbd66bedd262e87;Produto_J;2011-04-13;-1000.0;USD
ff24dff84cf342b0bd6e5b8453ceacf8;Produto_A;2011-04-14;-249.9;BRL
d5d1bba2968e485285653e634a1eed94;Produto_B;2011-04-14;-875.71;BRL
ede36004208b4f8f81c621f75de0c57f;Produto_C;2011-04-14;-395.68;BRL
8a6b82f4a68e4dd595f013b14a287e05;Produto_D;2011-04-14;-52.7;BRL
757ba4ed12ff471c959974341d3ada66;Produto_E;2011-04-14;-586.67;BRL
6f0e71208437487e9dfe29ea0c3730f0;Produto_F;2011-04-14;-688.02;USD
dc30d73a6226488e85309a48c5d8858c;Produto_G;2011-04-14;-210.35;BRL
d29be36319174d359490f8864155ae21;Produto_H;2011-04-14;-414.2;USD
fd3166263fe244feac3c39ab96d04b5b;Produto_I;2011-04-14;-303.98;BRL
1b2c7b7732974789a232ce0f2a40ee5e;Produto_J;2011-04-14;28.76;USD
9008c00519cd4815987e7b32852dab52;Produto_A;2011-04-15;-542.34;BRL
4dc281278027486db636a0d0de5ca89e;Produto_B;2011-04-15;-167.25;BRL
9a5b284a5e76421dab4b3cdbca7fd5f9;Produto_C;2011-04-15;-864.11;USD
dd4aac07a1234867a8e9e03a369ea212;Produto_D;2011-04-15;-532.72;USD
1c30152ead2c4fa0a78d356c59103188;Produto_E;2011-04-15;-347.78;USD
8e24545ba9994947be9e6552bfce4955;Produto_F;2011-04-15;-401.97;USD
39c5dfc19635413f8d7e582ffa89c155;Produto_G;2011-04-15;-358.75;BRL
e6d112d097f945a2a3d2e779063cbbfc;Produto_H;2011-04-15;-27.66;BRL
050eb165fd924a0e9d4df11f048f4007;Produto_I;2011-04-15;-765.16;USD
f2c3f6330961406f83bf0018e5e0199c;Produto_J;2011-04-15;-613.43;USD
e2d91e71f6604143ad11a79aa293d3cc;Produto_A;2011-04-16;35.28;BRL
b223c33891fc40b3bda8fecddc1875dd;Produto_B;2011-04-16;-842.9;BRL
527312b1f0e4448e8bb33fbe5eb00e3d;Produto_C;2011-04-16;-160.29;BRL
93d610a4f653402da6ba2a9d60ca830e;Produto_D;2011-04-16;-529.85;USD
485d8b884be243f993b1970cc86c0420;Produto_E;2011-04-16;-796.77;BRL
4ca1fb3f819b43cf99c647d3cadcb810;Produto_F;2011-04-16;-607.32;BRL
09d8c0fdbff144f890c4e76b491cf45d;Produto_G;2011-04-16;-622.29;USD
76c8dbc0b7b34edc84ee576905bc66dd;Produto_H;2011-04-16;-1000.0;USD
90894cc698514830854730fd93a6adef;Produto_I;2011-04-16;-330.41;USD
e0d2959011604d25b2928794754af944;Produto_J;2011-04-16;-835.1;USD
2b665455b31b458d80063c36e808a14c;Produto_A;2011-04-17;-748.98;BRL
f980f45b896243c2b94326c02a842093;Produto_B;2011-04-17;16.27;USD
fdb922d756b64137b7c1163aa2702bf0;Produto_C;2011-04-17;-432.58;USD
32b6aa2ea5a34f158972304aad9333ce;Produto_D;2011-04-17;-1000.0;BRL
73803079ad7a4f2ca4c267299164dfdf;Produto_E;2011-04-17;-131.14;USD
479a8552a4584b6b8403fc72fed2ae8a;Produto_F;2011-04-17;-408.97;BRL
f2cf21e85b104d26838a444fa09e0153;Produto_G;2011-04-17;-223.65;BRL
d35f1e97928d43a78d8699fef66dd494;Produto_H;2011-04-17;-415.1;USD
5c5e56032c854286b2bc6a69031b4c3c;Produto_I;2011-04-17;-335.71;USD
9a6eabf506ed4a339fa7985250660d91;Produto_J;2011-04-17;-1000.0;USD
2a16e0b95bec41eca09f60be8f93c9b3;Produto_A;2011-04-18;-843.52;BRL
977e8d0deb85495b9eae79532f5ac338;Produto_B;2011-04-18;-206.34;USD
fd4d5e6862834ceb801219f7da2589ea;Produto_C;2011-04-18;-959.97;BRL
7cb815af00ed4b0fb28d232661366b2e;Produto_D;2011-04-18;-691.97;USD
2fd6ec1af02f4fc3ba4fa32f1a1ec547;Produto_E;2011-04-18;-66.96;BRL
305414ec41234ce4a6f5cbf78064c782;Produto_F;2011-04-18;-232.13;USD
db36ccf6491d443dad52066a1d9387e6;Produto_G;2011-04-18;-16.57;BRL
7524d32d8e7d4b4ebb5221453dd1f826;Produto_H;2011-04-18;-764.63;BRL
982ceafaccc146a089c4b50331c49b09;Produto_I;2011-04-18;57.7;BRL
349403820e8a4920a198af1c196a1400;Produto_J;2011-04-18;-871.82;USD
57f14656d8434c158ad6ed6292c1c346;Produto_A;2011-04-19;-868.2;BRL
370ed446d72747adbc2f9fab66335d4a;Produto_B;2011-04-19;-330.22;BRL
90396026f1d74436abd4100938f193ae;Produto_C;2011-04-19;-33.89;USD
c2209c0a24d546d1881c063f4411b33f;Produto_D;2011-04-19;-213.66;USD
2b4c3736385a41a4b0021b2ffcf80eb3;Produto_E;2011-04-19;8.37;BRL
296141f0382f432c8724b708d9c4447b;Produto_F;2011-04-19;-201.0;USD
6de46470b11c4bcb9bc80acad766afe0;Produto_G;2011-04-19;-335.9;BRL
8cb42fe3b2ce46a5b4f4d21b9ebc44b7;Produto_H;2011-04-19;-778.31;USD
21e0dd6d461a4a2999b2183efdf4f7d9;Produto_I;2011-04-19;-974.48;BRL
d463ac89866c4f359611ddb84c7af668;Produto_J;2011-04-19;-252.7;USD
89560583a4c64456b5a68e071817f95a;Produto_A;2011-04-20;-1.68;USD
f71fcfd21c1c4d4da543b5d740b29b5d;Produto_B;2011-04-20;-562.37;BRL
f2593747ea04408aae518860095f4a52;Produto_C;2011-04-20;-36.37;BRL
eda0e8430aaf44a5985d04d94b83cbd5;Produto_D;2011-04-20;-954.18;USD
069098299a9844cbb040dd9b1710e6a2;Produto_E;2011-04-20;-763.83;USD
e6c7c1dba75d445fb63097feb3fa1c8d;Produto_F;2011-04-20;-392.0;BRL
765ec5ff666c4bac9cd294623c8b803d;Produto_G;2011-04-20;30.88;USD
65bc7daa4b3343cf9de07d727d48ed83;Produto_H;2011-04-20;3.25;BRL
878632e30859453f8554a16790dbf6be;Produto_I;2011-04-20;-274.79;USD
97968699b88147bf89ac066792b9e71a;Produto_J;2011-04-20;-176.25;BRL
d398c715c30b45f78e44941e92e22a08;Produto_A;2011-04-21;-175.84;USD
bd95d3e5e8814a11b2c6875eee07ccaf;Produto_B;2011-04-21;-959.22;USD
cad34265b4a044cba3762f2c7691d4a2;Produto_C;2011-04-21;-294.67;USD
20d1530b46024a6b90271861f931d0f1;Produto_D;2011-04-21;-155.64;USD
82565983143e419d97abf86486b1564e;Produto_E;2011-04-21;-707.26;BRL
7a48cda1366b45e8b4c3cca17befaa34;Produto_F;2011-04-21;-307.36;BRL
63336a6a544041af89842858f1fb7c6e;Produto_G;2011-04-21;21.0;USD
26ed965cc0d545c5b3af5ca39f04a716;Produto_H;2011-04-21;-368.29;BRL
d980072cfec74f9e9b9481afcb31ac4e;Produto_I;2011-04-21;-797.41;USD
2cf7a0c500f948d6a1247a18498039d7;Produto_J;2011-04-21;-1000.0;BRL
ed4d374a7a734ef99d9f8b62a4e6b4d7;Produto_A;2011-04-22;-143.43;USD
4ff8cebaa5ce45a6bad48c64c307c3e1;Produto_B;2011-04-22;-902.86;USD
37ba39e3363948578b1b129e3610cf47;Produto_C;2011-04-22;-23.17;BRL
2fecb4c3bf594b20abc341fe45a058a0;Produto_D;2011-04-22;-374.87;USD
91dc7de1342f4f85bff8d2b00d880e50;Produto_E;2011-04-22;-355.91;USD
0443a1ca8af14f5bad35f70c79811bfe;Produto_F;2011-04-22;-162.27;USD
e79c9d0ffdea46e8933dde1c8c8f1c69;Produto_G;2011-04-22;-281.18;BRL
013c043b1c344c519295a2a9d86bca9a;Produto_H;2011-04-22;-1000.0;BRL
0c9c953c0f2a41ebaade983140a14402;Produto_I;2011-04-22;-323.42;USD
59aeefc222bb475a99b75d2e4c551ec1;Produto_J;2011-04-22;-571.49;BRL
a383286e370845dfa3db027efb1513e1;Produto_A;2011-04-23;-883.69;BRL
2ed6e2d9136a4b6c8bdbbaed0b6bad0d;Produto_B;2011-04-23;-1000.0;BRL
2a2182ab03344ebca2d5ed94dc77ae4e;Produto_C;2011-04-23;-793.86;BRL
d8eebfadde3a4c9db40e0c18769235e5;Produto_D;2011-04-23;-4.77;USD
c0fd5fef9e1b409bbb448e78f2accc0e;Produto_E;2011-04-23;-20.27;USD
5eea97ce9661470bb838e69705da70b0;Produto_F;2011-04-23;-92.31;BRL
9a4213c318dd4f00b7861795e274e572;Produto_G;2011-04-23;-696.07;BRL
2683a937f3294d8d91ccf28a20f9e767;Produto_H;2011-04-23;68.71;BRL
17250bca5569403eb0e7f7f6741c4d82;Produto_I;2011-04-23;-160.23;BRL
bc6103def4264c279f507934f8052464;Produto_J;2011-04-23;-620.96;USD
e124a8e25364459d9ca5e19d029223ea;Produto_A;2011-04-24;-696.4;BRL
7e864a6496464cc48ff2e35420654b11;Produto_B;2011-04-24;-1000.0;USD
c43178d3fc994af0a66640b8cd1c5d15;Produto_C;2011-04-24;-169.24;BRL
aea350518d0b4c3e9137624e571dd8e4;Produto_D;2011-04-24;-497.59;USD
02ed045127274590acfab97f54406c01;Produto_E;2011-04-24;-288.29;USD
e13e2bd4845d4d87b2499f1e455547b8;Produto_F;2011-04-24;-695.99;BRL
9ffb606430914e7c949321e8042eefe0;Produto_G;2011-04-24;-260.53;USD
75c6d60f32034462ad94070edda520e7;Produto_H;2011-04-24;-1000.0;BRL
60b54f122a724bdfb56cfa81ab6358b3;Produto_I;2011-04-24;-467.05;USD
bfac92f5af304b3e8af1501634a796a5;Produto_J;2011-04-24;-120.62;USD
1b45699b8d094da1a4c1ff5b0bdff802;Produto_A;2011-04-25;-378.72;USD
2967aa52d5f9480bb52fed02f9876ed4;Produto_B;2011-04-25;-922.68;USD
57bffcec11e943188c573a4b022d4eb6;Produto_C;2011-04-25;28.67;BRL
94ada8b0eff148e8b489239ea4c7ceb2;Produto_D;2011-04-25;-201.74;USD
86b27bbb1783481ea820c243a82a4a1a;Produto_E;2011-04-25;-704.58;BRL
0408f3cb366042e5965b8b99af5e141a;Produto_F;2011-04-25;-752.64;USD
c534a4185d304d17b83ada0144fa0b1d;Produto_G;2011-04-25;21.33;BRL
7a6b8abc0a744fd59979fe8231675d86;Produto_H;2011-04-25;-544.5;USD
e7652c7582324640b36835583eb92df5;Produto_I;2011-04-25;-580.64;USD
f34d2b8301864743b2ace6abe4eb2181;Produto_J;2011-04-25;-593.57;USD
802b9d9020b5458a847222e48242c4d6;Produto_A;2011-04-26;-466.81;USD
4744d86f10834fc3a0b8df31845a3a67;Produto_B;2011-04-26;-49.78;USD
6ccd39ca2a404e87becea087127ba47e;Produto_C;2011-04-26;-491.01;BRL
012a05e1c81748c8b0dbd551053be24e;Produto_D;2011-04-26;-147.12;USD
e8174a4212944468bc190119abfa1011;Produto_E;2011-04-26;-312.72;USD
a5cb0a8fd6bc406f88e17dae23aa2bcd;Produto_F;2011-04-26;-735.86;USD
130ef742d4444b818a16a6788b07c88c;Produto_G;2011-04-26;2.71;USD
bee6d26f7a3a4a82a0b521cd07b9e140;Produto_H;2011-04-26;83.68;USD
d3e4fc3099c9426ba7e6456cfc05e9f8;Produto_I;2011-04-26;-898.52;USD
47c92263ebf240f28d03e8b4fb0efa3d;Produto_J;2011-04-26;71.5;BRL
5b92d02f3b0f41978bf3666655d19996;Produto_A;2011-04-27;64.91;USD
7806800f1c2d44ac95b6d9a84ee7c707;Produto_B;2011-04-27;-488.88;USD
c7140644ecee431c80df4930c16cf2e4;Produto_C;2011-04-27;47.06;BRL
fd3d3270710b40e3b01fd242b63c2137;Produto_D;2011-04-27;-401.11;USD
21c9c3be931843e69f0398a94578e8ef;Produto_E;2011-04-27;-425.07;BRL
e308df36bb0f43ffa9ba6a62d224e01e;Produto_F;2011-04-27;-568.7;USD
8315a480b1564f378460194fa992b9c8;Produto_G;2011-04-27;-488.92;BRL
8eff1226d72e47ea89adb9a6b58ab06f;Produto_H;2011-04-27;-997.22;BRL
7847a9ee286e4a419734fbe439512606;Produto_I;2011-04-27;-46.56;BRL
bd52eaacccf447ad93886c533f4f530b;Produto_J;2011-04-27;-188.74;BRL
c01548c90975487e93c086504d392512;Produto_A;2011-04-28;-92.44;BRL
cfe94b8bb318425391a78246fb2625c0;Produto_B;2011-04-28;-1000.0;BRL
20d7367be3ac46d68f58761e645db74f;Produto_C;2011-04-28;-463.0;USD
93ac9d13c5bf4ecebc2f40e8bbee2cb2;Produto_D;2011-04-28;-96.53;BRL
cba3b554e38b4860a26f2578d5870c2b;Produto_E;2011-04-28;-219.09;USD
3edbcb6905b34feb881b6a677455f811;Produto_F;2011-04-28;-340.38;USD
462703bedf9e4fcca4e1cd2d8e3128b6;Produto_G;2011-04-28;-82.85;USD
da80e47660524f909a7143758c254156;Produto_H;2011-04-28;-610.18;USD
68960d7d72384662b6fece3028dedd12;Produto_I;2011-04-28;-743.99;BRL
3f11b8da2ad94cee963efb849a8109be;Produto_J;2011-04-28;-340.85;USD
0af1e2052d6e461fb9ab3b0dcc643769;Produto_A;2011-04-29;-367.81;BRL
bb31c74c344b4313bbbadbe4f7591e24;Produto_B;2011-04-29;98.46;BRL
0d46baa34eca4009b982bd2893bc106f;Produto_C;2011-04-29;-231.67;USD
2bc08de2ab75489eba23ba4084ea1457;Produto_D;2011-04-29;-142.46;USD
eff023656e3f45fbbdcb222aa0b07447;Produto_E;2011-04-29;-654.58;BRL
7b77f0f7bf8046bb972d760e5791d9e5;Produto_F;2011-04-29;-455.67;BRL
aecc0a2b5c2147f2aa7c47047c48874e;Produto_G;2011-04-29;-88.44;BRL
061d8641664a47a9991ab81be61d8195;Produto_H;2011-04-29;-1000.0;USD
e0aa0648b03246b995b6299fe8d6f918;Produto_I;2011-04-29;-604.22;BRL
edaf0facf3c04265a40ffe530db8448a;Produto_J;2011-04-29;-562.83;BRL
1949e1cadfcb4c53bceb0cc7b6a2f417;Produto_A;2011-04-30;-606.62;BRL
876db8493e7643309443774bbc0b465e;Produto_B;2011-04-30;-1000.0;BRL
3a4190e35dc345e2b69df4705e680d82;Produto_C;2011-04-30;-1000.0;BRL
b6608887b00747daabb430eeff7b46ce;Produto_D;2011-04-30;-966.53;USD
91eb8aa59a1641009df6f2f7e1e25bec;Produto_E;2011-04-30;-553.44;BRL
0756b9a934724bd08f9540e62b25f8ff;Produto_F;2011-04-30;-132.51;USD
02e4e2dcacb6423aae906bf238984a44;Produto_G;2011-04-30;-259.72;BRL
01a7b996f2cc4a639fb90166f2d8653e;Produto_H;2011-04-30;-1000.0;USD
9ce1a70a27bd48ab9cba54c0b495d8fc;Produto_I;2011-04-30;-888.19;USD
7aed5b689c33427e9f16b0dd5f7011e1;Produto_J;2011-04-30;-463.42;USD
295614e564cd49f29136dcadd622ef68;Produto_A;2011-05-01;-417.58;USD
eaaedf5ac396498394056bfa8371a1d5;Produto_B;2011-05-01;25.05;USD
10fecaa77a414776919199a00c1d795e;Produto_C;2011-05-01;48.29;USD
a37adb19a42e4c51b2634825bb71c213;Produto_D;2011-05-01;-655.7;BRL
f809f5341796434495cd00efc1ca9a01;Produto_E;2011-05-01;-756.97;USD
0572b905b20e437db719d9064902a209;Produto_F;2011-05-01;-769.48;USD
364039135c19404491ec271f4859fbf6;Produto_G;2011-05-01;-641.32;BRL
43dec37363e443cf857b89aaae8bbe2c;Produto_H;2011-05-01;-17.31;USD
2e9f87cccec64450babaa7803875c9d4;Produto_I;2011-05-01;-487.23;USD
69d3349697604a9eaad09fd1f91e0e6a;Produto_J;2011-05-01;69.39;USD
428aae5764864ae68e45dd5afeb26106;Produto_A;2011-05-02;-804.23;BRL
38169dae715f4d3ab98156941123bfdb;Produto_B;2011-05-02;-830.53;USD
83cf4841ea37471f9503369a1b855c16;Produto_C;2011-05-02;-26.2;BRL
52af6e2066ce488fb772ef39f5bb2683;Produto_D;2011-05-02;-966.24;BRL
ed514abcb2034b16a09e94f40a070a7c;Produto_E;2011-05-02;-69.31;USD
832b7278252e488c8c543bfd2522c20e;Produto_F;2011-05-02;-390.8;USD
5a2bb33b11ad488bb781bb6859a77e83;Produto_G;2011-05-02;-752.29;BRL
1aed0e6c5d3b462d980018538ad776ed;Produto_H;2011-05-02;-608.07;USD
1c6cccd3b5864ac8b1dc6e6d5b6dda39;Produto_I;2011-05-02;-700.08;USD
a099bae446b242e9a6811a43b95ffd26;Produto_J;2011-05-02;-1000.0;BRL
ed0c36a24a2f400fa6cc36fea8078c67;Produto_A;2011-05-03;82.75;BRL
c0dda00f18d4487a8d58d4231b61ade8;Produto_B;2011-05-03;-407.42;BRL
27fd872c74ea4a07a04f0383fda373da;Produto_C;2011-05-03;-572.5;BRL
d9336d9820d44e678f6bddd7a5cd21d1;Produto_D;2011-05-03;-47.84;BRL
536dc55e38bf465f8314a2a521646277;Produto_E;2011-05-03;-343.38;USD
d98a64551c9e43aca3712f481869d3a5;Produto_F;2011-05-03;-461.25;USD
5777f74e60dc4dafbc400f03d02af9fe;Produto_G;2011-05-03;-720.76;USD
b773b302dc764a5ea3e0014c205186b1;Produto_H;2011-05-03;-216.37;USD
3969df31ecbf44f29edb0b153fa1e645;Produto_I;2011-05-03;-197.54;USD
bb28566ef36f470da4692d4b358e5160;Produto_J;2011-05-03;-985.19;USD
95d98595fc304f36b191260260f9323f;Produto_A;2011-05-04;-715.35;USD
591c56a69a624072987d8a95e1f4ee68;Produto_B;2011-05-04;-971.43;USD
fcfaf58cbc534a23b9375bd86ee6931f;Produto_C;2011-05-04;-479.5;BRL
f6634737f5324e6796e139e0f478d291;Produto_D;2011-05-04;96.59;BRL
1db32cf8c99a4a76a4b478f0f7a2c4d9;Produto_E;2011-05-04;-782.67;USD
c987decc21014af786d6a700ef8078e6;Produto_F;2011-05-04;-650.34;USD
60eedc71439d4ac9a574214dc82042ab;Produto_G;2011-05-04;-321.76;BRL
f6809c3d0adc456ca752f66362124a4c;Produto_H;2011-05-04;-520.57;BRL
3ebe22745d9449069ab95f225c5e70a6;Produto_I;2011-05-04;-248.72;USD
d5c4a6c74b3543da94cc34dd012829d6;Produto_J;2011-05-04;-588.11;USD
19caf62ef2724930813ea5c69b694586;Produto_A;2011-05-05;-661.2;USD
55891f26046d43599b2c08ef8f5eac45;Produto_B;2011-05-05;-390.25;USD
145a0c66cef842629645775a1466d91d;Produto_C;2011-05-05;-248.52;USD
95a43ef7ff6348acb73d50ff5bdf71ec;Produto_D;2011-05-05;-406.77;BRL
a97ac691e7774597a8668149ecacbfb9;Produto_E;2011-05-05;-789.57;BRL
2afd012cb70644d19d02cc4dac9453bf;Produto_F;2011-05-05;-680.29;USD
b79cbd49a4014bdebc25b19e2a116c61;Produto_G;2011-05-05;-634.7;BRL
c204c7952af84e25b40ae7a949da0949;Produto_H;2011-05-05;-299.72;USD
41e112417a2248b4a9976c712106199e;Produto_I;2011-05-05;42.39;BRL
d1825de0650a41ffaf715c3a64ee4714;Produto_J;2011-05-05;-246.65;USD
b088e7d074e9416787a2f3720c348dc0;Produto_A;2011-05-06;-210.94;USD
b6994c78daed44b580edf45ccb8d3d9b;Produto_B;2011-05-06;-342.8;USD
cf920e7f5cb1498b8c1c3a2f4f32acf9;Produto_C;2011-05-06;-73.03;USD
9eee685619664beba6818c70da30033d;Produto_D;2011-05-06;-204.78;USD
d75ecebfa8034d0ca94469f3228d6dea;Produto_E;2011-05-06;-378.75;USD
0d7377aaffb94c28a6b8d64bbea7a235;Produto_F;2011-05-06;-359.24;BRL
b6ef9d8c342a40d5ac74f2bd938782c6;Produto_G;2011-05-06;-7.01;BRL
5b096ef7255149d28f156a020f864ea7;Produto_H;2011-05-06;-507.45;BRL
8eb10f82a9494abd90d350d99aeba2b0;Produto_I;2011-05-06;-935.58;BRL
8d654ce85f7e423c9f42520009d4e01c;Produto_J;2011-05-06;-741.72;USD
d02f0d8ab3584ed791ebed710dba43cf;Produto_A;2011-05-07;-856.13;USD
7b3d22e2f7094655bd636b893ec8cf34;Produto_B;2011-05-07;-736.39;USD
4c4e4e2e12b9489fb3d13609a905dca4;Produto_C;2011-05-07;-393.18;USD
b65dacc4e4364062ad5576ed44fdb67d;Produto_D;2011-05-07;-259.96;BRL
fd1c5810972a4a2da54943cc6e802047;Produto_E;2011-05-07;-668.81;BRL
3c8d2b1e49394cc89d03869c92763252;Produto_F;2011-05-07;-61.71;BRL
aa2aa208e29840f582cd7c71539be7a8;Produto_G;2011-05-07;-189.95;USD
da3f9e0b2b36412b8d9f86103f102ade;Produto_H;2011-05-07;-814.94;BRL
4090993678c94b54b307bd850642f06c;Produto_I;2011-05-07;77.17;USD
5be8f070d94447459a7d68d22580414a;Produto_J;2011-05-07;-680.68;USD
4b7bf848dc974b20a1809d2b05a66420;Produto_A;2011-05-08;-267.26;USD
279ea3b642f24d2f861794b78c8fee98;Produto_B;2011-05-08;-978.46;BRL
86aaf536a41140089aab2eb29e1e90c8;Produto_C;2011-05-08;-457.3;BRL
98998af36dc84fe3a849e0eaf1bee7b1;Produto_D;2011-05-08;-196.41;BRL
ef654d5ae4ea4e2ebfb92605c49c5377;Produto_E;2011-05-08;-680.0;USD
bbbe12d641f24645be398933c1f6bc1a;Produto_F;2011-05-08;-811.26;USD
305fdee3fb5747c3a9b059e1a82b3de2;Produto_G;2011-05-08;-564.89;BRL
7c097a427cc841448cc32b4db160d49c;Produto_H;2011-05-08;-368.43;BRL
de94be6638a6427195203c73369e3344;Produto_I;2011-05-08;-389.08;BRL
48986cf962af450faf4c8e29bcc3e50d;Produto_J;2011-05-08;-491.44;USD
b60a548a73ab419ba6ac99098044e367;Produto_A;2011-05-09;-713.74;BRL
b8285c8d4ecd4aa6b812142408b14d6d;Produto_B;2011-05-09;-557.22;BRL
943acaf901414508aba82eb932dc246c;Produto_C;2011-05-09;-900.29;USD
cdb8f205b22f4ddbb20f3d711af4fd2f;Produto_D;2011-05-09;-946.0;BRL
81e7dddcf558460ba9634e19b797b5e4;Produto_E;2011-05-09;-421.16;BRL
02eef394464f42e7952d0a198a458dee;Produto_F;2011-05-09;-357.9;USD
186d25cae59f43c987fa379759945836;Produto_G;2011-05-09;-363.2;BRL
8ad4daeb3e9040d98ae52bf103a184d8;Produto_H;2011-05-09;-58.74;USD
1ace2aaa353a4859bb051c034983a69e;Produto_I;2011-05-09;-840.46;BRL
0ca3134f6ebb4e12803d10653d3aacec;Produto_J;2011-05-09;-962.94;BRL
a2ede5947533492fa99704e0392e27eb;Produto_A;2011-05-10;-734.95;USD
c5b0ac71a1da44ffb24b0bbc1043c393;Produto_B;2011-05-10;-971.93;BRL
939cf7b2cb18459e80c8d3109cb288e4;Produto_C;2011-05-10;-605.59;USD
e514859f2da44c0c8956940177d7e0a7;Produto_D;2011-05-10;-409.52;USD
c815d12d6bd14bc9a71f6d5d29c9a49b;Produto_E;2011-05-10;-736.36;USD
2f780a5f31e64270b5d16428900b18db;Produto_F;2011-05-10;-777.8;BRL
d1e5ddf263464723ba7eceb5ad248eef;Produto_G;2011-05-10;-208.5;BRL
30ed6118fa0d41c294ff90fa89e25baa;Produto_H;2011-05-10;-901.82;BRL
da5cd049343c477da6d75a6a7348c51f;Produto_I;2011-05-10;-827.01;USD
ab2ba97f94de424b959720ca0514ad2f;Produto_J;2011-05-10;-111.15;USD
2fae4c3fffb04caca8089084d454db1c;Produto_A;2011-05-11;-12.73;USD
d5a657100a784de5b923172541eddf6a;Produto_B;2011-05-11;-65.08;USD
bb1d60ebc1fb4ef9b3b717f4f5c69ebf;Produto_C;2011-05-11;-772.76;USD
cb4dd1eb9d234d8bb77154dffe41350b;Produto_D;2011-05-11;3.15;BRL
0bb06e509f4a47e1b84498c43733f12d;Produto_E;2011-05-11;-759.57;BRL
1badc09b69d4482d82894e8877826cb8;Produto_F;2011-05-11;-141.61;USD
86f85c41cc5e4ab4b941f41728b95437;Produto_G;2011-05-11;-487.97;USD
8fc1ef03d8fc4fab94c754b327a4f6cc;Produto_H;2011-05-11;-86.83;USD
2f6dfc0b2b924d179d8175230d99f655;Produto_I;2011-05-11;-754.7;USD
dae150697e5a4f7b854b99c29372430b;Produto_J;2011-05-11;-91.71;USD
cf60005357bc4ea5af4942bf5215d831;Produto_A;2011-05-12;-384.23;USD
d05a35193251441bb05683fd39a2a121;Produto_B;2011-05-12;-607.15;BRL
447ba585ea484ea4a4f2f408f81f3342;Produto_C;2011-05-12;-374.52;USD
b925278e2d3e488c83535d4ee14a348a;Produto_D;2011-05-12;-940.84;USD
fc6fefe9b5c44c66bc98660957bf2ac1;Produto_E;2011-05-12;-274.45;USD
1fb51a20e9584b05bed49841bf2a15a8;Produto_F;2011-05-12;47.02;BRL
5ab7f66da5dd4619bd3d953878340161;Produto_G;2011-05-12;-558.72;USD
0cacd1138a104cf4a7b32ece13c3b59b;Produto_H;2011-05-12;-82.69;USD
54a4ead7bb2f433aa55e11c6b833f741;Produto_I;2011-05-12;5.46;BRL
a5a138bc0f90424db9a7f9ecbf1d8fc6;Produto_J;2011-05-12;-9.28;USD
2c19dc6649174ed3bcbff3c3075adb6f;Produto_A;2011-05-13;-541.85;USD
1a446b221de848e19a0a696dd9345a12;Produto_B;2011-05-13;-100.64;USD
22beb53a1d624bc2a56c3fcdbb4f1170;Produto_C;2011-05-13;-362.05;USD
208644de336949fc9f6a76dd2846ce8d;Produto_D;2011-05-13;-712.96;USD
3266608b7bbd4ba3b363f6320d108323;Produto_E;2011-05-13;-793.07;BRL
367b504aa59c4355aa858ed1c994dc54;Produto_F;2011-05-13;-809.74;BRL
0a05ecbb602240808d3cfa38277b3e76;Produto_G;2011-05-13;-437.76;USD
afc3b33046494798a68eaa7d4f6ca461;Produto_H;2011-05-13;-71.87;BRL
c281fd2ec20144e2a0b82f539663a815;Produto_I;2011-05-13;-1000.0;USD
a7cd7e089ba34e869604cec56e456cee;Produto_J;2011-05-13;-1000.0;USD
3db071ab96e64130b57c3e017ffdc70b;Produto_A;2011-05-14;-583.67;BRL
8b0f10dc25e74c3f8a26b2acabe71d11;Produto_B;2011-05-14;-247.49;USD
fa37879d8dbb4661aff6cc0608f04ec2;Produto_C;2011-05-14;-506.71;BRL
83ff88fe98fc438dbc600d659f7db044;Produto_D;2011-05-14;-761.2;BRL
10860c59ff0e41d89394e4cdb5321d16;Produto_E;2011-05-14;-444.65;USD
16dd214fb2f1431ab954c55b58552802;Produto_F;2011-05-14;44.39;USD
38248c88c2b7489d900d07bb41f600d5;Produto_G;2011-05-14;-87.08;BRL
aea4d54a252f4aab88e47407bd4ba088;Produto_H;2011-05-14;-65.52;USD
953824a453084c258f6a23ba78e5954e;Produto_I;2011-05-14;-661.29;BRL
d6b9274bb0794b489a81a8ad38aa5970;Produto_J;2011-05-14;-774.06;BRL
5e4d784b4f714e039b173cca26cfdde9;Produto_A;2011-05-15;-856.5;USD
28e2fa7b974c4af4903dff22904e83c1;Produto_B;2011-05-15;-546.53;USD
5bcd253c20a4462e8e2a17945e70058f;Produto_C;2011-05-15;-854.7;BRL
efd00b0dee764fc9ab2620d35ae346f7;Produto_D;2011-05-15;-582.01;BRL
f23a16ff7697412ab1a9171dc05fe68d;Produto_E;2011-05-15;-69.4;USD
92350f1b4a894c36b55e4b6bac501238;Produto_F;2011-05-15;-576.4;BRL
e7e5f3acbc2a4fd8a5a2d6be677977a2;Produto_G;2011-05-15;-301.88;BRL
13fe2e94ae93452f86b45029ea2f7623;Produto_H;2011-05-15;-296.24;USD
44294d20571a4fdd814c8a93469f0ad3;Produto_I;2011-05-15;-672.74;BRL
292001af85124ef6ae9a6e030b891b2c;Produto_J;2011-05-15;-422.16;BRL
414935c632374273971461a0d0c3aa3b;Produto_A;2011-05-16;-74.4;USD
0cf4c7a76d734c2f889ae69e9ff05d9e;Produto_B;2011-05-16;-559.7;BRL
79ea4b762b404bb6b3402996692644c0;Produto_C;2011-05-16;-977.45;USD
c2801d1159594c30b10547443b229438;Produto_D;2011-05-16;-485.69;USD
4180237bdac1410d8082100504c467c2;Produto_E;2011-05-16;-568.21;BRL
b16b025622134cecab258fee03fc828f;Produto_F;2011-05-16;-146.39;USD
5c3f8832fd8747d88f28b9ef3316d2b9;Produto_G;2011-05-16;-730.73;USD
83647d25c702415ea5333ce7e35e20a0;Produto_H;2011-05-16;-244.57;BRL
713093a9ebe14681af0a1a7ff643a13a;Produto_I;2011-05-16;-403.01;BRL
ae38c70638f44f5288ad33ebe357ee85;Produto_J;2011-05-16;26.72;USD
f6749ca82a794a97a075e7f72f18e60d;Produto_A;2011-05-17;-305.59;USD
88881fb0949d45a49460521412deeaa6;Produto_B;2011-05-17;-855.98;USD
e5f78c1031ee4ef78108c69a18549d90;Produto_C;2011-05-17;-329.74;USD
3e28fc97162244cabcb281e29610e6b2;Produto_D;2011-05-17;-735.09;USD
db7215f243f94f55ad333f815a674b31;Produto_E;2011-05-17;-719.38;USD
67a45c3ce8c8418e8fb89583c799fc54;Produto_F;2011-05-17;-692.62;USD
9f71fb1a47eb4dac88511d5576e1b36c;Produto_G;2011-05-17;-58.83;BRL
51ebe574f6be498fa531eaebaecf08d7;Produto_H;2011-05-17;-1000.0;BRL
79f01fdaabce45459bda21b99234f569;Produto_I;2011-05-17;-644.97;BRL
f7fd92b71b7b4e8883ff46b4980c2395;Produto_J;2011-05-17;-95.12;USD
1b449478a81d4529b8fb709af0cebf2f;Produto_A;2011-05-18;-739.45;BRL
64ae770db733413bb2bf5d2398bd2549;Produto_B;2011-05-18;-185.08;BRL
237f3929eccb438a8e69ef0b1589f07b;Produto_C;2011-05-18;98.36;BRL
0ab05c2aeb274cf7a0b62d2e5821d43d;Produto_D;2011-05-18;60.3;USD
c8ae64e6f4ba4b079aed4d41c9a5c2a8;Produto_E;2011-05-18;-118.0;BRL
3644a6f197fd4fb6a6139c81080cca63;Produto_F;2011-05-18;29.81;BRL
caf3792627854e649a576bfdfc0a5feb;Produto_G;2011-05-18;-175.81;USD
c4326dd028c24566abf116577141fd66;Produto_H;2011-05-18;-437.8;BRL
5f70f2ccbee74a0f865cb00691dbb799;Produto_I;2011-05-18;-285.58;BRL
0519fff761d54124bb2415adf2db4617;Produto_J;2011-05-18;-459.54;USD
cce439ae959d428a82423a05c20883af;Produto_A;2011-05-19;-473.73;USD
8686283c404342d995dcce454af72d0f;Produto_B;2011-05-19;-494.02;BRL
343b4a433c974c04835597efcc22dc7b;Produto_C;2011-05-19;-467.11;BRL
0198fbd917f44c85a649b5f118f5e0d6;Produto_D;2011-05-19;-101.06;BRL
9552daf7fe994e2391fc604167dfcdc0;Produto_E;2011-05-19;-223.42;BRL
ce2ad56db44f449fa5462efaa7956ed8;Produto_F;2011-05-19;-509.6;USD
406822286b124ba6aed9ec7c3fb0fec3;Produto_G;2011-05-19;-350.31;BRL
dcda79b5780e4fbf8ac96210d4bae7d2;Produto_H;2011-05-19;-737.98;BRL
c67af5b9f86e4cf4978fdfd0b163a1d6;Produto_I;2011-05-19;-986.82;BRL
97ba7d4fd09041a497e50b5d545b08d6;Produto_J;2011-05-19;-213.67;BRL
87c6f311c2a6490792c41531b1becb54;Produto_A;2011-05-20;-558.72;BRL
dde53e583d7a42e69270c5ba4d122b50;Produto_B;2011-05-20;-386.54;USD
02cd93d13aff48988a314ae25fc9f17e;Produto_C;2011-05-20;-199.82;BRL
e3fef5a8d8c24a5eba967c441a6e49ce;Produto_D;2011-05-20;-573.66;BRL
3e8bc315fe2a486f9648e4bcdf15b13a;Produto_E;2011-05-20;-299.01;USD
845f30ebd53547679a628d40dc6da9d0;Produto_F;2011-05-20;-383.43;USD
a8de5a3a10ee4f95bb6b51c05c1e4f4f;Produto_G;2011-05-20;-174.47;BRL
038733a23fcb4d9a946872b1e86351a2;Produto_H;2011-05-20;-700.13;BRL
3713befa5e734924b18e4fbf26e36620;Produto_I;2011-05-20;-1000.0;USD
7dfb1c10dce64076874ed6f8d64582cb;Produto_J;2011-05-20;-247.06;BRL
58b5b9ec41484d4e9970b2a50fca9430;Produto_A;2011-05-21;-241.21;BRL
3e8bd83528db48d2807e1264bcd4f479;Produto_B;2011-05-21;-926.01;USD
a951da3103074ec79d715c20a8e9b10c;Produto_C;2011-05-21;-475.36;USD
48b726e507e1494f8e170d3724b67f8e;Produto_D;2011-05-21;-536.43;USD
dd97cfa899994e50b518cb7554b1fe7e;Produto_E;2011-05-21;-62.93;USD
d23d6077d98a42e7a8fc1a11c2aa06c0;Produto_F;2011-05-21;-53.66;USD
9ca5563ad590421abdf208f5ec463bfc;Produto_G;2011-05-21;-678.3;USD
a346513e7ed840149031740db5fa160d;Produto_H;2011-05-21;-128.39;BRL
45db4f11460b418c9c370fb216948f83;Produto_I;2011-05-21;-1000.0;USD
f10c23f6c3a04905aa9069aa6945e901;Produto_J;2011-05-21;-211.6;USD
67c5136e11694b50b9299012f922a72f;Produto_A;2011-05-22;-248.54;BRL
1435887f406e4591950c1dd7772dec8a;Produto_B;2011-05-22;-165.2;USD
cc12bfcc424f4287b3f80dac82f1aefb;Produto_C;2011-05-22;-6.21;BRL
3c5f62691fd1434785be108925e43a06;Produto_D;2011-05-22;-79.02;USD
61b15ec82599441fb987f99c3b70d6e2;Produto_E;2011-05-22;-656.86;BRL
0970739b348d4a8aa1b2a2808c457e5a;Produto_F;2011-05-22;-25.69;USD
575c3212206e403c8bc62da3a1a69666;Produto_G;2011-05-22;-598.05;USD
c6e6b050abc4453fa23ec480159e9c5b;Produto_H;2011-05-22;-798.11;BRL
c3e739deabfc4d04b121814c55b092bf;Produto_I;2011-05-22;-8.29;BRL
65debcea3277465ca59efbea5622861f;Produto_J;2011-05-22;-529.75;BRL
6880792ae4a4415dbc1be8dd73197758;Produto_A;2011-05-23;-474.96;BRL
4ae57a3383cc46d98751880082bcc3b6;Produto_B;2011-05-23;-1000.0;USD
199f25416e3a4792983babf87a48ae01;Produto_C;2011-05-23;76.27;USD
a60057c9b0054de0b1026f994b0cc383;Produto_D;2011-05-23;-830.61;BRL
6947077e299b44c398f450e183f1d0ef;Produto_E;2011-05-23;-312.62;USD
ad3119ca11754f9eb7895a284d4c4d6c;Produto_F;2011-05-23;-163.56;USD
b5e8305723a240778d5847267e0049a9;Produto_G;2011-05-23;-339.06;BRL
292204f8a7e94915b7ee3edd449eb42a;Produto_H;2011-05-23;-697.83;USD
9fd69b77cad74c5a950d85cc2253331c;Produto_I;2011-05-23;-541.59;BRL
02276f803b434aae92cc006085336e9a;Produto_J;2011-05-23;-967.2;USD
2fea8037c3964694a3c688558e0e239e;Produto_A;2011-05-24;-433.52;USD
bcee9992b14d44ff9b63fdfa4bc1620b;Produto_B;2011-05-24;-514.59;BRL
4ef0d1cf978643df94fd157b11ba3a9f;Produto_C;2011-05-24;91.46;BRL
05a13477cce54a0eae21955329e0f10f;Produto_D;2011-05-24;-30.37;USD
633fb06e84a74a8f91e05f01a0721fbc;Produto_E;2011-05-24;-530.52;USD
099aae830782454daffebac7745278ea;Produto_F;2011-05-24;-710.73;USD
6b6e426e3c974a00a7194f92d2919c08;Produto_G;2011-05-24;-758.57;USD
a44882660e8d4b29a2d2dd772cd3d7d7;Produto_H;2011-05-24;84.93;USD
e93f744616a644b2978033bd1117d243;Produto_I;2011-05-24;-544.05;BRL
f21d76dc2d3f456f874a9b905a4e324f;Produto_J;2011-05-24;-845.49;BRL
46b988a5bd754445abe70cfbe8dd3681;Produto_A;2011-05-25;-226.77;USD
50ba0019e06946c0bdd4fffd815fcb41;Produto_B;2011-05-25;-1000.0;USD
db4d04c235524d7c8ee9db3a5e79b349;Produto_C;2011-05-25;-723.67;BRL
753e2950914d447daffe0807e7ba27e4;Produto_D;2011-05-25;-150.15;BRL
dd0dbfc4269d4fc397ddf0715467d169;Produto_E;2011-05-25;-693.71;BRL
decaf52e4edf467685459eea75372707;Produto_F;2011-05-25;-309.5;BRL
9828767aaef54d2a84e37c392b1d3d8b;Produto_G;2011-05-25;-134.27;USD
fe687fd7d6a540448ddd5a553fb5f8cf;Produto_H;2011-05-25;-936.01;USD
18ef9de75bf140b7a920f91d7f5fada4;Produto_I;2011-05-25;-277.01;USD
6dc7e3284af647e6b6cb889e036a6acf;Produto_J;2011-05-25;-914.07;BRL
12e222d259684966a63476534180ff97;Produto_A;2011-05-26;-897.72;BRL
27662646344b41058f753f41cb005cd7;Produto_B;2011-05-26;-90.67;USD
ca89b905eded467ab17c5ae2ae17fa15;Produto_C;2011-05-26;-501.76;USD
b9bf7c68658e46ac90e879c660ea8f52;Produto_D;2011-05-26;-274.56;USD
aabe163cb86b4f36b2c4a43ee44c041e;Produto_E;2011-05-26;-242.54;BRL
0dd6f613701842c0a3f4594aa848f9eb;Produto_F;2011-05-26;-66.77;USD
367a2578724549b2bcfdfc7db97dbb15;Produto_G;2011-05-26;-485.68;USD
ef5d9ac891cf4ff7b0331d52bd7118e6;Produto_H;2011-05-26;-955.85;USD
2d26c3bf23e94028913380bb021395a1;Produto_I;2011-05-26;-30.34;USD
21c354d123e746018a795882dd1d4ad8;Produto_J;2011-05-26;93.8;BRL
05cb50c5efd94f8983433bdac0a6da88;Produto_A;2011-05-27;-341.48;USD
22b4d058805646af8da3b997563002fb;Produto_B;2011-05-27;-520.77;USD
b08dde7ac737470fbd3146aed5266c4b;Produto_C;2011-05-27;-1000.0;USD
612938fb6bbb47edb7c17b404056a5af;Produto_D;2011-05-27;23.56;USD
b8a36f1efa9947bd979674e3e68a21f7;Produto_E;2011-05-27;-345.39;USD
98425f8fdb0c4f3f935ba748253915d9;Produto_F;2011-05-27;-322.03;USD
c49495afe94148bebab35566bb2bafe4;Produto_G;2011-05-27;-698.78;USD
85a3a0494f1743238dd581972ae6a2c4;Produto_H;2011-05-27;-828.74;USD
3a7673eef60f4c26a0140ead0345f232;Produto_I;2011-05-27;-690.35;BRL
11a885cede61495f9cc6f3643279ecd3;Produto_J;2011-05-27;-230.87;USD
d50a0e42cb57468b957b2c4f5c854af5;Produto_A;2011-05-28;-862.67;USD
89597cf89abd4d878db66b614db32db3;Produto_B;2011-05-28;-1000.0;USD
0fa22ba982c14e6daf814fff35ea597b;Produto_C;2011-05-28;-388.05;USD
f267ac07cfd845f7adc303ad1da2c9c8;Produto_D;2011-05-28;-902.92;USD
d3876ae0d9254280a1918938ee2ecb93;Produto_E;2011-05-28;-450.54;BRL
45661be9164f4944834e9f6de7417b4f;Produto_F;2011-05-28;-10.5;USD
d9ea5d14ae044215a6cfaa0e707c814c;Produto_G;2011-05-28;-541.45;USD
7f3bb918f1e1465abdefa3a612719cb3;Produto_H;2011-05-28;-1000.0;BRL
9db94fe85ef847e9b46f4219c5e82d38;Produto_I;2011-05-28;-305.51;BRL
d40d90eb68cd4bc1b30a66095f4ab45d;Produto_J;2011-05-28;-260.21;USD
28d6030a15f146f8ad2f2f47ac736dd3;Produto_A;2011-05-29;-905.25;USD
50dd41d22b804ebc8e6abe818c7d95cf;Produto_B;2011-05-29;-1000.0;BRL
fc05f0d7eb314cc7bfc8ca8e479853c3;Produto_C;2011-05-29;-456.31;USD
76ce937763864c1d9ebd24ec1c538a5b;Produto_D;2011-05-29;-943.16;USD
850e210458b64656b6799b69018a0784;Produto_E;2011-05-29;-493.97;BRL
7c47862523f849178952a1cbd6eef0f3;Produto_F;2011-05-29;-573.46;BRL
c3b63366df2b44168936f3dc1c038fd7;Produto_G;2011-05-29;-717.02;USD
9c3787f56d32402985f07c246cb49e87;Produto_H;2011-05-29;-994.93;BRL
d9befd96e3f149f3a39d7fc5b5031cd7;Produto_I;2011-05-29;15.27;USD
cbc0c181bade4db6975995759e98e55e;Produto_J;2011-05-29;-327.07;USD
32b35aa897a74253892c1911672e3ca6;Produto_A;2011-05-30;-366.04;USD
562d2edfe7d54070b0abf66e29463e71;Produto_B;2011-05-30;-986.23;BRL
705724f27e53498ba1da92ec58cc5d25;Produto_C;2011-05-30;-197.46;USD
b7187721f51a4c9caa9935b7542868d5;Produto_D;2011-05-30;22.21;BRL
b55b6c36862348d48154eebdf150bb02;Produto_E;2011-05-30;-740.46;USD
ed4725d27f954e5db476aaa6174b0cca;Produto_F;2011-05-30;-183.58;USD
562aad4d1217491bbf61235048c9aad4;Produto_G;2011-05-30;-314.25;BRL
f1be90fddfaf481d9d2df457c2350db5;Produto_H;2011-05-30;-949.3;USD
9ddccbd3d71742d0b16e9a13e7480677;Produto_I;2011-05-30;-1000.0;BRL
e2bccfd9a4ff4d92b275ad1f1db3d4f7;Produto_J;2011-05-30;-689.22;USD
f8ae73aec82e4f13b4ee37cd78cc5200;Produto_A;2011-05-31;-283.77;USD
482d202f92354c1b8bf3e23a30fd7c32;Produto_B;2011-05-31;-529.25;USD
77eea66383964803805bf3bf326f16e6;Produto_C;2011-05-31;-299.31;BRL
081e0365627e47179a2d61d1979a7f5c;Produto_D;2011-05-31;-861.74;BRL
2483b6c91d94494d81aa02cdf1c964df;Produto_E;2011-05-31;-678.7;BRL
2f0cfeda8a3447d3a5c3531779f574ca;Produto_F;2011-05-31;-94.02;USD
4aff34c489734c548dcf352d38b53211;Produto_G;2011-05-31;-381.94;USD
339b327ae1c74913b5f47f8be97854d6;Produto_H;2011-05-31;-604.28;BRL
c8b6185ae911416995770ee552a6b3a6;Produto_I;2011-05-31;-193.51;BRL
1cda982699344386a4dd1842a9fde803;Produto_J;2011-05-31;14.97;BRL
1eabf79826674f4ea8e0c4616eb6fed2;Produto_A;2011-06-01;-774.08;USD
e58e90100f9743f4b525ca2fa06aba98;Produto_B;2011-06-01;-126.35;USD
cabf43b774bf472b9db715e68fa0030a;Produto_C;2011-06-01;-593.83;USD
bbf45327cc17447eb114bd6154d65325;Produto_D;2011-06-01;-397.13;BRL
7fd2c94b00954e7a84c3d2af3009c26e;Produto_E;2011-06-01;-589.35;USD
04036232c15544dba295a03df202e51d;Produto_F;2011-06-01;-279.09;BRL
8d3245764a2a4b368ae5fdaf82ab30d5;Produto_G;2011-06-01;-610.7;USD
9b1776aa98cf4f76a36518a92e00746d;Produto_H;2011-06-01;-1000.0;USD
e88484afb9f244019ecea9a10b5789c3;Produto_I;2011-06-01;-598.09;BRL
195de13f2e0145a5a12ec66b6fae778b;Produto_J;2011-06-01;-51.49;USD
8eb194f629a9446e9ead9bd79c366dc0;Produto_A;2011-06-02;-293.21;BRL
5aa7df2d35ab4a3882f7c5bf2bb0d5d3;Produto_B;2011-06-02;-163.31;USD
e122c5ef837d4c6ca47e54eb3d335da6;Produto_C;2011-06-02;-989.62;USD
da33d8abb108459197a04695c113e819;Produto_D;2011-06-02;-658.32;BRL
19cd6b5e1b4f4882a627eb6ed9f7ba02;Produto_E;2011-06-02;-182.46;USD
32b861a74a2244d6af83f9b05efa6f5f;Produto_F;2011-06-02;-556.08;USD
7ce0ef5e5a36476c8366486af70399c0;Produto_G;2011-06-02;-492.64;USD
341b14709a8c49d989770fd789392217;Produto_H;2011-06-02;-207.67;USD
daf56372af824332b1924531ff393d76;Produto_I;2011-06-02;-122.25;USD
3d7877c900614e33bb82aea3c9a5c2ed;Produto_J;2011-06-02;-572.9;BRL
0c2eb2bef01f403abe0bd8cf1c850c09;Produto_A;2011-06-03;-467.65;BRL
0e003cf797704decae61481750ac0b79;Produto_B;2011-06-03;-836.77;BRL
7f954fce162d4fdba11ce032d229d008;Produto_C;2011-06-03;-1000.0;BRL
b3c726c68d6c482e94583a8dc6baebd8;Produto_D;2011-06-03;-710.4;USD
829b919990c3479a9d5d011b85abd489;Produto_E;2011-06-03;-516.57;BRL
42d5d5a1706040ceb0ca1d04cff3b8e1;Produto_F;2011-06-03;-372.33;USD
a3aa51fbb1cf44dfb52d3dcc99ebe38b;Produto_G;2011-06-03;-280.79;USD
0c6c62067e224bf19a9532809f789e71;Produto_H;2011-06-03;-840.03;USD
20faaa3fe575446cbd8ca0174132f15b;Produto_I;2011-06-03;-554.93;USD
916aee49bb3c4ce0ae09d8cb28415468;Produto_J;2011-06-03;30.19;USD
4d20fa6b99fa4b2f8c926f3bee4e0df1;Produto_A;2011-06-04;-936.53;BRL
aa5a0114b6c4439d8090332b6055340f;Produto_B;2011-06-04;-71.8;USD
5868cb89828c4ddf977755fcce1bc8f2;Produto_C;2011-06-04;-829.25;BRL
1b5f2a417e734c7ebf11bf06d6884fd1;Produto_D;2011-06-04;-738.42;USD
796be5bd0ae04f29a63aa811f81b33ca;Produto_E;2011-06-04;-715.93;USD
97cdd7684b0e40a0a22401c0ad9d5cc7;Produto_F;2011-06-04;-217.27;USD
47643d3c8ce64514b8b11ea6dc38910e;Produto_G;2011-06-04;-680.23;USD
9f3dc462823342a78af0e78957d1ad4a;Produto_H;2011-06-04;100.0;BRL
c52261039daa435889b10b45cb7c8513;Produto_I;2011-06-04;-63.01;BRL
60e4700bbc8144728fde5eab38019850;Produto_J;2011-06-04;-78.56;BRL
a31650bb15874a40acecf96737dcf16e;Produto_A;2011-06-05;-707.26;USD
f23e75c937f9424c921c840df9b34856;Produto_B;2011-06-05;-396.28;BRL
8391bd62ccb6417686ad13d1c3049f89;Produto_C;2011-06-05;-586.28;BRL
2f53d041a01d4537b010b1871556dbb3;Produto_D;2011-06-05;-630.9;USD
d8c5d61cfb8d4706a2949157cd6b68d3;Produto_E;2011-06-05;-597.12;USD
9aac4c34213545499fcbbae92f313d9f;Produto_F;2011-06-05;-232.98;USD
f9394cc249164f7c8435620c22256783;Produto_G;2011-06-05;-293.32;BRL
8a41b8d1cdcf4a41ba8c6b19126277fe;Produto_H;2011-06-05;57.45;BRL
e482f7d7f408403a81c2713963933382;Produto_I;2011-06-05;-574.62;BRL
19d15f43f28946ee9e57ebb7507f7727;Produto_J;2011-06-05;-427.92;USD
a918b1694def463f8025a0b763a18927;Produto_A;2011-06-06;-53.98;USD
b82cfa3cabd2480294f59e8f50ef192c;Produto_B;2011-06-06;-977.05;BRL
8155f901af914fb4af5048f2198fd41e;Produto_C;2011-06-06;-427.69;USD
e54decb322e3449a9ec24ac9f3eeefbe;Produto_D;2011-06-06;-581.6;BRL
700783f0808c4b8b995e80d5f5c62662;Produto_E;2011-06-06;-451.42;BRL
0165c8747ad24a50add034844e1986b9;Produto_F;2011-06-06;-795.42;USD
3dd3c5d766784d39bce4f0f1c8d1690a;Produto_G;2011-06-06;-643.4;USD
4867ed051bb64574a498eebda62b3ec7;Produto_H;2011-06-06;-913.09;BRL
dc1c0f0467f24f97a100a3ae2d120184;Produto_I;2011-06-06;-251.03;USD
b40704c84d114c17813be4dfffe06d7c;Produto_J;2011-06-06;-531.93;USD
7dbff00c2d5647ff859bd54d8440c6b2;Produto_A;2011-06-07;-351.33;BRL
a24220d934954922b732b02140e6c6f3;Produto_B;2011-06-07;-241.4;USD
eeccfabd28bf4c15aeed4839b6fd882a;Produto_C;2011-06-07;-545.55;USD
64c9b370cca348eab75112efc2667d89;Produto_D;2011-06-07;-76.91;BRL
3a883456eaef4c58975eb20fb4eee52b;Produto_E;2011-06-07;-70.07;BRL
cf62565729014165ae9000b764123999;Produto_F;2011-06-07;-797.65;USD
d63fe373418a49eeb2d6e77012c77a60;Produto_G;2011-06-07;-767.35;BRL
107c7d88f81849349a95f29a4b738c27;Produto_H;2011-06-07;-342.7;USD
bc4c1e150f9a4a77853eacfe4c5a0dc7;Produto_I;2011-06-07;-137.32;BRL
2d3648856a1045babfe0eb3d5635c85b;Produto_J;2011-06-07;-481.88;USD
2d06d0e2e33b4034a35fe9488722aca6;Produto_A;2011-06-08;-503.1;BRL
319e9c56a1d84c889e9fc8ffbe5e1ae5;Produto_B;2011-06-08;-675.58;BRL
f8c1d2c265644959a671600b5326b040;Produto_C;2011-06-08;-948.59;USD
766184ea18fa459b9ece2a831abd43d2;Produto_D;2011-06-08;-576.79;USD
feac2dcd1ed141feb1dc068e914d4640;Produto_E;2011-06-08;-647.55;USD
09d43459b920433dabae3e3f7b1dfae0;Produto_F;2011-06-08;-304.44;USD
b771d79e2d7340d199d9fc4d3b7242e7;Produto_G;2011-06-08;-507.93;BRL
c991e37f378b486e83349dd159e7742e;Produto_H;2011-06-08;-945.02;BRL
3b87e5258aa345dea262d84a934963e4;Produto_I;2011-06-08;-650.91;USD
51992a6170bb464aa6c6f377bf4e5846;Produto_J;2011-06-08;-742.43;BRL
6e3acfedb313418aa457156b055d578f;Produto_A;2011-06-09;-72.05;USD
c5b4c92907a746e08ad9275105371543;Produto_B;2011-06-09;-215.57;BRL
cf898106d7ed41c3b4a7ac3a85387693;Produto_C;2011-06-09;-20.89;BRL
58f6b27fde6c4c85a9e46446033475ce;Produto_D;2011-06-09;-43.66;USD
d6e4948ce1854f03a935351cf30dd9a9;Produto_E;2011-06-09;-232.54;BRL
22b4939d49cc490ba8eec2a0691b2080;Produto_F;2011-06-09;-623.73;USD
9e29bdd704004780a108313e4dfa32f9;Produto_G;2011-06-09;-740.68;BRL
515babda3d78439393f42217626fb4cd;Produto_H;2011-06-09;-211.37;BRL
42286b8f27ad4346882e3d0b489d8654;Produto_I;2011-06-09;-415.41;BRL
5bf035d6334c4e9b801a40aedf02877b;Produto_J;2011-06-09;-418.86;USD
5b6f9f1804ed4153baf3a1d909d4abc8;Produto_A;2011-06-10;-89.12;BRL
9417ce86e6f74b049b0944572a7a2273;Produto_B;2011-06-10;-708.05;BRL
75f5fbfc04f94f5594620f82952ca4e5;Produto_C;2011-06-10;-727.34;BRL
366f9b1e60784a269595298ac8de1be9;Produto_D;2011-06-10;-390.0;USD
bddfd5b64ace46ada27ec41b1cde0ae4;Produto_E;2011-06-10;-369.35;USD
e21cf5efb1ca42c9961d720f47784e1a;Produto_F;2011-06-10;-759.5;USD
e97d58c1d9c14bd3a356c090464af0f6;Produto_G;2011-06-10;-358.61;BRL
02269347320c44c6b6761324331c6dff;Produto_H;2011-06-10;-16.38;BRL
a53e2f365f5144c58dff2bd0729050a1;Produto_I;2011-06-10;-483.78;USD
a8c57777f3364842b55af47298894e36;Produto_J;2011-06-10;-599.51;USD
b520d964e71b42fc90856f9781751a62;Produto_A;2011-06-11;-342.36;USD
ca5d47101b4e4779b3efd9bfbc5fe05e;Produto_B;2011-06-11;-171.73;USD
49b298e454414c75a90389833a39850a;Produto_C;2011-06-11;-130.07;BRL
5b67af4a330f43e694c2cd074a5836cf;Produto_D;2011-06-11;-997.78;USD
179d6c3164ab4813b670ce624ccd26e1;Produto_E;2011-06-11;-709.28;USD
f052be7371f04c208fa6633d8e5dd758;Produto_F;2011-06-11;-89.26;BRL
7639697249fa462889e3a8d49f66c706;Produto_G;2011-06-11;-357.24;USD
a07d10d11fdb4abd87da037ed064a1d6;Produto_H;2011-06-11;-312.21;USD
ea614d7632324b11872978aa1fda0f17;Produto_I;2011-06-11;-429.42;USD
18f60f65571146f2a0b149126a51a339;Produto_J;2011-06-11;-278.55;USD
2ac237468c6d4e139d42919f9b8659b0;Produto_A;2011-06-12;-684.88;USD
670377a8114a45b7930186364451146c;Produto_B;2011-06-12;-623.16;USD
b5eccc52ac7f4cdab125bf9c0d435cf1;Produto_C;2011-06-12;-976.34;BRL
1d128a123fac40669999c7806b94c9d8;Produto_D;2011-06-12;-924.58;USD
1179e1ae95fc43bcb096677198fb7bdd;Produto_E;2011-06-12;-179.45;BRL
7b97745d6e834b549f9b804f0113f072;Produto_F;2011-06-12;-793.79;USD
0b98db431480454eafd9c8309881b8ea;Produto_G;2011-06-12;26.83;BRL
0fa7ce8fee68467e9537ed1592be140b;Produto_H;2011-06-12;-358.7;BRL
b588be01d9ca4b6c91310c3ebe193b27;Produto_I;2011-06-12;-52.7;USD
1ad4074cbcfb4d41acfe0d3a1deeecb7;Produto_J;2011-06-12;-988.62;BRL
f00625b984624e9597f3fa379f0a16c6;Produto_A;2011-06-13;-90.0;USD
69e1e5a6a5404048bf7d71025260697e;Produto_B;2011-06-13;-788.46;BRL
804326993b9d4c5cac5051dfa926b525;Produto_C;2011-06-13;-702.05;BRL
3d93ed9941bd485a81ee8b42037896d8;Produto_D;2011-06-13;-535.56;USD
5599c18c0f9745eb855a78ff80f554be;Produto_E;2011-06-13;-363.72;USD
17927e12db7c44b5bbcf8d30d2d62abc;Produto_F;2011-06-13;81.18;USD
38454cd0da5348c3a20c214a1ec3b422;Produto_G;2011-06-13;-371.68;USD
2a241b087b4e4d4da9c9990c5304ff2a;Produto_H;2011-06-13;-450.07;BRL
f6f27343badc4362bb5fec717a43ea24;Produto_I;2011-06-13;-9.05;USD
8675e7e147ed4a359f479d77ba35591a;Produto_J;2011-06-13;-927.81;BRL
6eeb3da96f5c423b933840d5b19dc551;Produto_A;2011-06-14;-792.03;BRL
041f84834b3b4578af93f301d245db09;Produto_B;2011-06-14;100.0;BRL
4a4781b546c84f31a83bc1c43fbe3b09;Produto_C;2011-06-14;28.02;USD
a5d98f82bcd4406880e498bf3204d33b;Produto_D;2011-06-14;-650.27;USD
929c788e2ffb4c5980e73414ceb8fbf4;Produto_E;2011-06-14;-770.39;USD
b75430541e9e4288af103b932474402e;Produto_F;2011-06-14;-196.54;BRL
a413c80f43c544359f0c63fefdcd4664;Produto_G;2011-06-14;-13.13;USD
7441e2b6630e4e679290bc7f7bac5b81;Produto_H;2011-06-14;6.08;USD
d2d35802d58b4ecd84e759b67e1ce7d2;Produto_I;2011-06-14;-89.58;BRL
fc7f78a4305d4b49a63840ed5ca5fa2a;Produto_J;2011-06-14;-807.64;BRL
4cac88dbfdc4429187607cd81c3af166;Produto_A;2011-06-15;-31.15;USD
b8670ed2176944dcbaf954c63412ea4b;Produto_B;2011-06-15;-873.23;USD
e23e3141b8644faeacb5848718153f5a;Produto_C;2011-06-15;-540.92;USD
90f06b9248714b5c985c9654df444050;Produto_D;2011-06-15;-900.99;USD
3343c8e66bef426b8298486e61ef108b;Produto_E;2011-06-15;-577.63;BRL
2e4fb08dd352496989d77a04413c171c;Produto_F;2011-06-15;-277.76;USD
e4b51226de4c44d8908d94678c3574b3;Produto_G;2011-06-15;-11.99;USD
123d68674fbf471d8a2b146190b8e7b4;Produto_H;2011-06-15;-1000.0;USD
af126d3956b241a0aa1de9d496fb0bcc;Produto_I;2011-06-15;-863.77;USD
62b54323d53440aa9d504ab70b60fc7c;Produto_J;2011-06-15;-1000.0;USD
52edc2de5b2343cc85638b3371e8e377;Produto_A;2011-06-16;-778.75;USD
917ccaf3852e4534b73b92e19b1e733b;Produto_B;2011-06-16;-671.63;USD
ecf3b5eecacd4975b54560af8fed6ebf;Produto_C;2011-06-16;-217.76;USD
d25ec499e1d240a39695933339c8663c;Produto_D;2011-06-16;-120.46;USD
6fc511e003284c62a41ec9a44346453b;Produto_E;2011-06-16;-635.82;USD
a729526964ee44929ae49cacd4b47912;Produto_F;2011-06-16;-420.68;BRL
a3e09f9ec92448228b59f4de2ec48def;Produto_G;2011-06-16;-403.12;BRL
dd2f9b4251ee4ca0b95595113efbb8e7;Produto_H;2011-06-16;-762.64;USD
9bd07080b1b14419b3359c4f0d37c961;Produto_I;2011-06-16;-526.76;BRL
a799f13d261a4c0b93e91e36bae1ee9e;Produto_J;2011-06-16;-302.79;USD
0e7a6fcaecdc4ee1a01a7db7373510b2;Produto_A;2011-06-17;-262.2;BRL
e28c83173d604d68a4a2603e901c39d7;Produto_B;2011-06-17;5.67;USD
793ee228fb25455ba215dfd6fb51e87a;Produto_C;2011-06-17;-729.5;USD
46dcbe74750a449da86b9b15b12fdf1a;Produto_D;2011-06-17;60.05;USD
99b12272cd8a41c49247aacf6dc8e19e;Produto_E;2011-06-17;-637.18;BRL
981c98c11656451f8ecf996e81278a1c;Produto_F;2011-06-17;-561.69;BRL
7ed1ee1797934faaa4c220e4811c1ac2;Produto_G;2011-06-17;-689.51;BRL
22aae0a1d81a470cb2b8c1a51f4d1d07;Produto_H;2011-06-17;-788.12;USD
f06d77a7132e4aa6b0802ecf732b4dfb;Produto_I;2011-06-17;-939.9;BRL
e36d04917bd64b2f9808001bac7b8a29;Produto_J;2011-06-17;-980.22;USD
8381834f23f04d23b9964f928e48b52b;Produto_A;2011-06-18;-562.27;BRL
9671a65897724bd8825be88c7ba2375d;Produto_B;2011-06-18;-118.63;BRL
13121949b1474615915c135456580b77;Produto_C;2011-06-18;-264.65;USD
d7e46417302b40c8a4e050ae142f9383;Produto_D;2011-06-18;-984.13;BRL
6457aa3881014efb8ea35d4807f415c0;Produto_E;2011-06-18;-419.81;USD
ecbd011b44934be6bf6ae1703eba666f;Produto_F;2011-06-18;-464.75;BRL
ef762daf3f264914b6e9de7b209d8a51;Produto_G;2011-06-18;-198.83;USD
1d596c61af94401180e9b6bfa70a1144;Produto_H;2011-06-18;-792.03;BRL
8c98b99ebbbd489ba99c0131cf86fda3;Produto_I;2011-06-18;-336.7;BRL
47a1f10968b24895afd9fbd0b29b526c;Produto_J;2011-06-18;-226.06;BRL
7a44a0e604af4495a42b6425e8eaf167;Produto_A;2011-06-19;-423.97;USD
dcef111ed4204134ab6ebaf07b3ae0a2;Produto_B;2011-06-19;-771.84;BRL
adeed8fd0e5943be906a110e6dce3e34;Produto_C;2011-06-19;-612.06;BRL
283cf6c4c931451bbc728b1cf52d1f6c;Produto_D;2011-06-19;-189.24;BRL
9ce19229fcd1489caee14290a19f3fee;Produto_E;2011-06-19;-75.48;USD
d297bb114eff4d58af800c7640b1b886;Produto_F;2011-06-19;-120.71;USD
c6cd387338314739b638ebb5176abaac;Produto_G;2011-06-19;-88.26;BRL
5da4e39021ce4c8f8c1e5d205152894e;Produto_H;2011-06-19;-388.05;USD
5930d39635514f35bf7f735860c1f5dc;Produto_I;2011-06-19;-766.7;USD
d83dbbfa270b40879634543f29850229;Produto_J;2011-06-19;-42.11;USD
5b992468c4e94ae38fd929feb77a6e25;Produto_A;2011-06-20;-835.23;BRL
674eda805a5f41c5a03dbaff0f3ff74a;Produto_B;2011-06-20;-862.7;BRL
4a281e97780949bc85141ef5148c2740;Produto_C;2011-06-20;-690.67;BRL
cd23e60c5a3d473b81886290a050b912;Produto_D;2011-06-20;-988.43;USD
2453dfe1b8fa4b049f8389ab5f7443df;Produto_E;2011-06-20;-583.66;BRL
3636f0abcd494074844bc835453588e8;Produto_F;2011-06-20;-19.34;USD
2228cfd5c9e9458eb59316a65e0ce35e;Produto_G;2011-06-20;-392.57;BRL
6e39b8d97d214aeeb0362bc984eddd3b;Produto_H;2011-06-20;-134.43;USD
ac7b9639f39e4669be8064471c759bb9;Produto_I;2011-06-20;-1000.0;BRL
42b8662cd10842e1b7518adb2a485e9b;Produto_J;2011-06-20;-240.58;BRL
d567fecc4ebe4254ab898faa500e2149;Produto_A;2011-06-21;-806.01;USD
5f01472f2377412bb8029643ee18aabd;Produto_B;2011-06-21;-273.9;USD
12187ea4fef948079e86664d7251065d;Produto_C;2011-06-21;-265.06;USD
9c81843430b04f939f9f587ef9ea3a3d;Produto_D;2011-06-21;-156.16;USD
8b547f572261406db67fa584255ebedd;Produto_E;2011-06-21;-521.69;BRL
6503b2f76ef445c3976fc63f33ecbf04;Produto_F;2011-06-21;-242.56;BRL
4991e88935f94a90888e04b9a5ef676a;Produto_G;2011-06-21;-306.15;USD
6b03b9a3152a4a92ab63dacd4dd38577;Produto_H;2011-06-21;-1000.0;BRL
319b0aef5e55460c9459b7fea6ff05a6;Produto_I;2011-06-21;45.72;USD
3ee2c0acae77414898eaf94bb41157de;Produto_J;2011-06-21;35.17;BRL
46d051a9d6724383a7fa2c5ca5af5e3d;Produto_A;2011-06-22;-921.95;USD
3f5c466ae35b47419c3c26baea5c52e2;Produto_B;2011-06-22;-904.44;BRL
6efd002c7c584b39a5710e72ac45d682;Produto_C;2011-06-22;-564.65;BRL
bce895151f8840528ceb1f802ae936e4;Produto_D;2011-06-22;-771.29;USD
e89c34e757f64055abc68407774864be;Produto_E;2011-06-22;-450.16;BRL
6cf04d8a05fc4c79811135b6968bf93a;Produto_F;2011-06-22;-764.99;USD
a594c7ca165a4af9befad7397cafa304;Produto_G;2011-06-22;-64.97;BRL
55c04e8f9ed3461ba890002b8462ece4;Produto_H;2011-06-22;-460.6;BRL
ee741dcac657487893d883105c1cf43d;Produto_I;2011-06-22;-374.3;USD
2da9c579e74a458ea29e9b0cda6071b5;Produto_J;2011-06-22;26.64;USD
5a177344bffd4ef69400bafe6d3cf2a6;Produto_A;2011-06-23;-613.76;USD
11dcacdfebce448d884fa02f89bea44f;Produto_B;2011-06-23;-177.13;BRL
bc54ff4760874aad9006a1151b8834f9;Produto_C;2011-06-23;-986.47;BRL
9bd562dd7cf44d86a76bf142ad446bab;Produto_D;2011-06-23;-532.28;USD
512429f11bd342deb864561eccc470ce;Produto_E;2011-06-23;37.81;USD
231bb5f505e84dd69fb11c3d5a3ffc4a;Produto_F;2011-06-23;-53.48;BRL
defe435cfce942eea5a5b346cd953524;Produto_G;2011-06-23;-21.29;BRL
aa011c5e64aa4b588cad06934dcafaae;Produto_H;2011-06-23;-698.18;BRL
b403156edd564d1e96d54ad07b0d9e09;Produto_I;2011-06-23;-373.53;BRL
fab8159354dc4adaaa095eb080bf3527;Produto_J;2011-06-23;-940.71;BRL
3ced5afd5f1447b9b4a2394fe256b43a;Produto_A;2011-06-24;-3.89;BRL
32febdcfcc404b138435b5b596bf05b4;Produto_B;2011-06-24;-673.77;BRL
e18ece481d8d4d668ec018f237be3d66;Produto_C;2011-06-24;-574.93;USD
6ea010c2d0204d088cf9f8bc312cbc7f;Produto_D;2011-06-24;-763.57;BRL
963f82457a4849f8be584268335b8046;Produto_E;2011-06-24;72.11;BRL
3aacd376557643a581982b3e979536c5;Produto_F;2011-06-24;-476.29;USD
be3b4a23449f489d82979f63e2fbbd01;Produto_G;2011-06-24;-92.48;USD
eb8402e51a974ca7814d9729d292af0c;Produto_H;2011-06-24;69.25;USD
9bf2aabc774f407690454c5b22bb3f6d;Produto_I;2011-06-24;-478.73;BRL
71ef852e5a474fb69b8fce03d46657fd;Produto_J;2011-06-24;-343.0;BRL
cc4517cdcb82455695be9da42b0b97bc;Produto_A;2011-06-25;-422.16;BRL
b8d62e337f5c4d53b0cfe2d725258064;Produto_B;2011-06-25;-165.26;BRL
df8f6358b1df4793a752a2fc8484e796;Produto_C;2011-06-25;-301.66;BRL
9d16513abfb84e5a88f133dec9f6976e;Produto_D;2011-06-25;-667.25;BRL
fa083c3936984d07abeb9a5e119737d9;Produto_E;2011-06-25;-162.11;BRL
aa574d0f890c44269c65271f895df2c1;Produto_F;2011-06-25;-74.94;BRL
bd40720f7f2446dca9596d3e2e94dde8;Produto_G;2011-06-25;-325.0;BRL
f00f179cd2f842af9d3ef7e803078b1e;Produto_H;2011-06-25;100.0;USD
47b2968a31684132b37f44222d8327bc;Produto_I;2011-06-25;-914.27;USD
22b829907ce048c084540dffe9ba0218;Produto_J;2011-06-25;-1000.0;USD
a6dc593a020d458aa5cab9323ea1ff9a;Produto_A;2011-06-26;-937.02;USD
53438b30c9684279a505636d9215d329;Produto_B;2011-06-26;-871.8;USD
9e60ed4cfdda425b9dae3a6ee9158cab;Produto_C;2011-06-26;-51.24;USD
f48ac3f18d6e431aa0daadc329dd4a8a;Produto_D;2011-06-26;-448.9;BRL
b19aa84f29da4c09b981a592f4cdf874;Produto_E;2011-06-26;-273.72;USD
705113b5bb434523af76aa0c3736886f;Produto_F;2011-06-26;-395.1;BRL
ac1352b1dd4648ad8e554997a99c28d3;Produto_G;2011-06-26;-195.07;USD
4807fbfbfe064918ab1c947f5c44fdce;Produto_H;2011-06-26;-778.9;USD
e4a73d4e3bf948a280669f164c0aadd4;Produto_I;2011-06-26;63.24;BRL
0984f7af6107400180cf058f8d06b7fd;Produto_J;2011-06-26;-613.22;BRL
bd6183e0a6ef45f5b349abf06b411706;Produto_A;2011-06-27;-813.27;BRL
f5605d419c0f4a03bdfe65f02ddcd9d0;Produto_B;2011-06-27;-682.46;BRL
68dcbb7454bf48789093d352793e972c;Produto_C;2011-06-27;-656.95;USD
0b4ec2fced4c4f8b85379ae964b5cd91;Produto_D;2011-06-27;-231.33;BRL
20830e87694e40cdb1c96494bc0273ef;Produto_E;2011-06-27;-551.37;BRL
16e860370e6442959aae90d22057aa3e;Produto_F;2011-06-27;-116.43;USD
786f69ef3cce4aaea5a5d8f2bd5401de;Produto_G;2011-06-27;-562.87;USD
973893719258405da9d734f8a155a04a;Produto_H;2011-06-27;-308.29;BRL
f5f0ce6c0bc6439dac6311bf1134d3b6;Produto_I;2011-06-27;-931.36;BRL
4cf814f20a894ca9b7179c986239cdaa;Produto_J;2011-06-27;-975.79;USD
e7ef20f4d2984558809cbd7a2a0bed74;Produto_A;2011-06-28;-750.4;BRL
d99e6a4d206642a5bcbf2266f7eb28f3;Produto_B;2011-06-28;-52.79;BRL
8f25916aae5f4f66b545f95b1b84ff0f;Produto_C;2011-06-28;-622.14;BRL
0ea0d2bd4e5e4517891c79c3e0cb403f;Produto_D;2011-06-28;-389.03;USD
b75831e5736f48c7ac55b81b73b11ebf;Produto_E;2011-06-28;-712.65;USD
b468fb9c1bff4b578e21727fe9393e69;Produto_F;2011-06-28;-170.42;USD
a42da33547df46efb063a27b61723fc1;Produto_G;2011-06-28;-456.56;USD
0ef06467401349bfbe9cb7ccd8493d57;Produto_H;2011-06-28;-1000.0;USD
7e7180ffaa884d038381ab65ac1657a7;Produto_I;2011-06-28;-258.34;USD
58e5fb29686443dcbe82ef342c49651a;Produto_J;2011-06-28;94.25;USD
62ef829108844a01b3cff9b0850128cc;Produto_A;2011-06-29;-95.94;BRL
2adfd8fee847485f8df978c6c1ebc280;Produto_B;2011-06-29;-957.27;USD
574ca615be304deb81665e9e96c8b8ef;Produto_C;2011-06-29;-749.62;BRL
fb6a5dcd1b43442b8d953124666b7fbb;Produto_D;2011-06-29;0.73;USD
75990e353fdd497cb3e2d2970f65fe17;Produto_E;2011-06-29;-613.05;USD
46122bbd669e4e9f82fef7c0abe41deb;Produto_F;2011-06-29;-705.84;BRL
1e80173b947f4c118b142a8e37553d48;Produto_G;2011-06-29;-697.83;USD
ef993407fa9644ca8335d553c8158577;Produto_H;2011-06-29;-799.55;USD
456a3749fe5241c48c7139c6e7944254;Produto_I;2011-06-29;-970.83;USD
6c22acb0793e4881b5370700b306d22b;Produto_J;2011-06-29;-690.59;BRL
4cdbbc3abeba413085938246aeb41b52;Produto_A;2011-06-30;-783.38;USD
fbd4c98c0b1f48e5a115409cd28d69ac;Produto_B;2011-06-30;-949.42;USD
ebe0febb99a24cf9879f70267d8fd3e4;Produto_C;2011-06-30;-477.45;BRL
2a4c0e2ecb5a4ed3aac395e6c75685c6;Produto_D;2011-06-30;-1000.0;BRL
e87c996d2d90450fb8eea15970819086;Produto_E;2011-06-30;-468.25;USD
bb03b01138f54067b7cb7165b0523cd0;Produto_F;2011-06-30;-718.47;BRL
91f9fa3e58b2494191aa8ecb911ddc58;Produto_G;2011-06-30;-455.29;BRL
45da81e9b0514514a73a4ecd55200db5;Produto_H;2011-06-30;-196.97;USD
b57dc5fbca4c424792bc9cb7c6775e26;Produto_I;2011-06-30;-715.91;BRL
a39b91ab90f64559b2f1f56cc64739f3;Produto_J;2011-06-30;-415.43;BRL
862ea5100127467c9101d96ead84defe;Produto_A;2011-07-01;-740.05;USD
348890c0dba94865b4fea6eb4d1d7d8b;Produto_B;2011-07-01;29.39;USD
fa477adb1153495e86746395b717389c;Produto_C;2011-07-01;-652.88;USD
c1208765f11e495ea14a3ffafa5d7b56;Produto_D;2011-07-01;-159.35;USD
4e7a4c8d012744a58e251b9b97f5f0f8;Produto_E;2011-07-01;-712.31;USD
c030b6f363c9445b8b42f375a6809d7b;Produto_F;2011-07-01;-402.12;USD
08fc01d7919b48f98260e42d6e93b784;Produto_G;2011-07-01;-643.93;BRL
0b25b09cf1954054a2778b54137c34c8;Produto_H;2011-07-01;93.56;BRL
65c7f39209834a7189950159c75211c9;Produto_I;2011-07-01;-1000.0;BRL
c828c0116c564fe286c77389b9130754;Produto_J;2011-07-01;-215.55;BRL
e54808d84a544d3d97513274ad324ad3;Produto_A;2011-07-02;-415.02;BRL
522e80b36572491891d505c456300abe;Produto_B;2011-07-02;-297.14;USD
e16bb1df18e4489ebea1e2c556b03ee1;Produto_C;2011-07-02;-753.72;BRL
b010b247c4094189b5d60f34b13b1217;Produto_D;2011-07-02;22.67;USD
67cf39f034bf4b28a9afa9ffa912dfb3;Produto_E;2011-07-02;-652.6;USD
4d39b5a4ff3041a79b40baa9d457fe7b;Produto_F;2011-07-02;-601.02;USD
cf231e381c31408992c68566de7e477e;Produto_G;2011-07-02;-479.2;USD
ea5fd7b0af634ee8937fcbebe377c631;Produto_H;2011-07-02;-426.13;USD
a44ad63230d54a998f2d29caa8c83b90;Produto_I;2011-07-02;-905.18;BRL
7c63e7dc4a8642a1834ac5f6b7700a24;Produto_J;2011-07-02;-589.86;BRL
78827880bdbc416698c74e338ab843f7;Produto_A;2011-07-03;-727.98;USD
892c45ed6e1346ad93f4b65d887200a9;Produto_B;2011-07-03;-515.34;USD
44a084c6a60841a7b2391f3a170b602e;Produto_C;2011-07-03;-391.19;BRL
cc5fd2a55a7e42bf8183412702807372;Produto_D;2011-07-03;-538.26;USD
233e66b92237437aa341796fa2fd7363;Produto_E;2011-07-03;-187.95;USD
31fdeb65cd6b48bcac7790cb5ada3d27;Produto_F;2011-07-03;-735.32;BRL
9eb4318b2ffe46d396e8f023f8021651;Produto_G;2011-07-03;-648.22;USD
80be9ff33f9d4eb883ec75c575850a04;Produto_H;2011-07-03;-756.14;BRL
3f82428a30d2448aa09275bf0d6e4d9a;Produto_I;2011-07-03;-1000.0;USD
c9fc421f517d44889bc0f5541aa10e74;Produto_J;2011-07-03;-553.58;USD
2ed4fa159a104c1892811e14a1d29a76;Produto_A;2011-07-04;-247.11;USD
abb508289cfc4c6a8f545f5d761f1467;Produto_B;2011-07-04;-325.23;USD
f522bc29515541d98c18a61b40731b2c;Produto_C;2011-07-04;5.05;BRL
655ec3dc92d749a584d0757afa9fae08;Produto_D;2011-07-04;-136.48;BRL
96359467a09f4be8b1070f9fb6f07c06;Produto_E;2011-07-04;63.22;BRL
88548a08834c4d0081f993ad879e7f7e;Produto_F;2011-07-04;-641.98;BRL
65b42de005004cd994438d030c8d9f87;Produto_G;2011-07-04;-425.26;BRL
7db8f9da3b1947c2bd2307d19eadd8ed;Produto_H;2011-07-04;-1000.0;USD
cb952374a56144f08aba4a64deeeac31;Produto_I;2011-07-04;83.13;USD
d40f0aab1ec14abfb8a6c7f0f8ae0e48;Produto_J;2011-07-04;-706.12;USD
994948306bad48f19682c1db0502b831;Produto_A;2011-07-05;-849.02;USD
5f52c1595e45457a855fcbb4d7bb8f1a;Produto_B;2011-07-05;-583.73;BRL
dcc089948e84449da47934c06b07caa7;Produto_C;2011-07-05;-1000.0;BRL
31ce814200b94166be8cd4d3c971c81e;Produto_D;2011-07-05;-680.1;BRL
9bc2c4de02d44d36b9ed6cd724158115;Produto_E;2011-07-05;-229.5;BRL
9620b0f692224dd68391029e5131f2f6;Produto_F;2011-07-05;-390.7;USD
963d0e5124c1488684c2f31ea8913356;Produto_G;2011-07-05;-182.58;BRL
c5f4f2cd468441c1b2bd806039b209bb;Produto_H;2011-07-05;-121.81;USD
7537b3b184e44656baae8b9f8475a177;Produto_I;2011-07-05;-970.07;BRL
3763a0a4adb347e097c4123b5b171965;Produto_J;2011-07-05;-28.4;BRL
77845ca04f1041bbb3c4e2c8738b140b;Produto_A;2011-07-06;-172.06;USD
113f53e3bcc340c288b5c6765e3994f4;Produto_B;2011-07-06;-1000.0;USD
d9dece635d294bc1a3ebc07e219ccf46;Produto_C;2011-07-06;-627.31;USD
938b325b6df949768f35f9d731766241;Produto_D;2011-07-06;-842.37;BRL
8185e9bcf0c54b32a93d85f4281b3630;Produto_E;2011-07-06;60.96;BRL
47d03aaa9a17431e891de8d779d8aa89;Produto_F;2011-07-06;-169.55;BRL
0fc9704beddf4effb1ec2011004636eb;Produto_G;2011-07-06;-275.33;USD
ff33a698e9f64b128fa34293a4de8bb4;Produto_H;2011-07-06;-1000.0;USD
5f2f79175ef24cd586ded001a93dc676;Produto_I;2011-07-06;-1000.0;USD
57a12f2626754341b257cb36f19e73f6;Produto_J;2011-07-06;-14.04;USD
4e8581af45ca4a9bb50997f29b5f4177;Produto_A;2011-07-07;62.22;BRL
abd9ac96e9424aeebc4f5fca26d0ba43;Produto_B;2011-07-07;-167.89;BRL
96ca076b60fc4724b1563a6f71601c0d;Produto_C;2011-07-07;-883.54;USD
fea56f958ab9452f920dedcb83536ac0;Produto_D;2011-07-07;-83.92;BRL
aa642f03e350420bb78931fde3feacf3;Produto_E;2011-07-07;-265.41;BRL
93333ad45a0d4853a834dc4173d2e2e8;Produto_F;2011-07-07;-192.01;BRL
52bbe95a72c240c5a4884805296c5434;Produto_G;2011-07-07;-69.04;USD
145a5453048c4f52856d832f02029595;Produto_H;2011-07-07;-559.18;BRL
37b1513a3e284487ab137c6f23a61f3f;Produto_I;2011-07-07;-231.6;USD
9b68ad751ada458782b3c10c08a04480;Produto_J;2011-07-07;-952.6;USD
e4a953b02d1e4eab8492fd1ca80d37e1;Produto_A;2011-07-08;-729.9;BRL
aa0725ea3fca4a8c924b2eecb39a77ec;Produto_B;2011-07-08;100.0;BRL
1c28e47095164dc6aa7fa572452aa616;Produto_C;2011-07-08;-602.31;USD
43fda33ef94f42599b2aa0d9fdb9a8ee;Produto_D;2011-07-08;-337.77;USD
d3c322490b0a414d8d0962182aa69a74;Produto_E;2011-07-08;-581.48;USD
f537e4adc3484e53989f4b5ba9bf25fb;Produto_F;2011-07-08;-44.48;USD
4f558243bc3b4012a201ddf4b4ad7cd0;Produto_G;2011-07-08;-439.91;USD
fdc4fa4855084c07b8cc36e0a4a6a7ae;Produto_H;2011-07-08;-686.72;USD
3661ae01022b4d498de9ea126b91934c;Produto_I;2011-07-08;-187.61;BRL
e26b1317d70b42ee8fbebba9e306b9a1;Produto_J;2011-07-08;-1000.0;BRL
d8601d8e8a8145e0ae0480689ae5f36c;Produto_A;2011-07-09;-802.28;BRL
74fe3d450caa44b993d2c21c8437a7d3;Produto_B;2011-07-09;-765.6;USD
de4c00d4445242e98b6e9c846cc2736c;Produto_C;2011-07-09;-574.34;BRL
69cfa1bf32d44d14b297371bf3604056;Produto_D;2011-07-09;-805.86;USD
282de1ec983141a6962e3d4e0e61bbb1;Produto_E;2011-07-09;-713.3;BRL
57f703c006eb446985264e20e4496ebf;Produto_F;2011-07-09;-319.21;BRL
323fa879e4184e3e9939ba54ea11b825;Produto_G;2011-07-09;-380.92;BRL
97aa25a04d3c4590a5e11c41f69862b0;Produto_H;2011-07-09;-952.58;USD
41d415fbcd0f43d6a985ce710e2e0527;Produto_I;2011-07-09;-122.51;USD
b8919adee1c54f88ae49eb4db2103895;Produto_J;2011-07-09;-416.3;USD
8a220c1416d9477a92bd9f00fa8bdda0;Produto_A;2011-07-10;-460.48;BRL
ba74d14aa10e45e584a67c0b3f033418;Produto_B;2011-07-10;-996.23;USD
7fa4a15de51c4bb481ea1296ce04036e;Produto_C;2011-07-10;-548.09;USD
22f6f83dcaab47b5a21673a17cd1c4bc;Produto_D;2011-07-10;-384.72;BRL
caf7f8aaa8184afcbf9c9b91c963c6f5;Produto_E;2011-07-10;-322.97;USD
f0d2b5dfe35840eca32e10db0cf29e1c;Produto_F;2011-07-10;-803.7;BRL
870a5af9aeea4bbc875cdf5a91b9526a;Produto_G;2011-07-10;50.54;USD
faf903c6ac0a4ba8a5a1865e27ac167d;Produto_H;2011-07-10;-1000.0;BRL
c768afebf3814fe5a72b07ba30205ffa;Produto_I;2011-07-10;-1000.0;USD
905c9ee6d4c043fe95b113288c29d6e0;Produto_J;2011-07-10;-984.95;USD
e9c70e1d4b5e4759b003722869e61bfa;Produto_A;2011-07-11;-81.51;USD
f22eff0babaa49bc87129a8916455a0e;Produto_B;2011-07-11;-101.03;BRL
511aa1350bbc466e858128796ee802a9;Produto_C;2011-07-11;-442.78;BRL
149bc257a0c14dff93be7b21f0548dd9;Produto_D;2011-07-11;-87.39;USD
8a78c417a9544fb08b62b82ea94d0b9b;Produto_E;2011-07-11;-571.22;USD
afbae92aac16463b8bf69357c8f98188;Produto_F;2011-07-11;-399.49;USD
5e4ac280c2f141ff9c1d53ba60666c56;Produto_G;2011-07-11;-643.18;BRL
9801f827abb14b1ca240525010be0860;Produto_H;2011-07-11;-85.62;BRL
b4a6d95e016e401ca584ca7d44b8090d;Produto_I;2011-07-11;-780.84;BRL
a5b3b5a713f34ca6893bc285a36468bc;Produto_J;2011-07-11;-343.59;BRL
eaf23dde7a2b44c385312e5e15f2c77d;Produto_A;2011-07-12;-149.99;BRL
32dbddec0cc444c797508930411d1c87;Produto_B;2011-07-12;79.22;USD
179372cb80c24ff29d9e92592a6ba81e;Produto_C;2011-07-12;-356.92;BRL
3f133670bfd14e54965f196d76df045f;Produto_D;2011-07-12;-976.78;USD
1ce5d6d68aff4bbe818784e296deb79f;Produto_E;2011-07-12;-429.95;BRL
7d9e78bb1dd34347b40653e0f33717b2;Produto_F;2011-07-12;-274.5;BRL
729ed839a1a843a49e8d4227dbbd3f8f;Produto_G;2011-07-12;-281.38;BRL
bbfe6462adc24dd18cf1646d3fc2dbb8;Produto_H;2011-07-12;-800.79;USD
d4828bea35324ddd9bfbef0e6fa01d50;Produto_I;2011-07-12;-788.42;USD
bd514bdba69f45b29323544d0ebab840;Produto_J;2011-07-12;-908.99;USD
f35500b51f104ed69d41c19b4b5720b7;Produto_A;2011-07-13;-406.38;USD
b0356030450b435fb81ba58c39ec5231;Produto_B;2011-07-13;-433.97;USD
69ff62b241774282b52585054d65da57;Produto_C;2011-07-13;-69.42;BRL
0c14dd5b36bb4f32b9443788b427683d;Produto_D;2011-07-13;-400.2;BRL
9248dec862c748aea2f7e6ad69df0a90;Produto_E;2011-07-13;60.51;BRL
e39f69f7859a43fe81a5c44509e7ae51;Produto_F;2011-07-13;-562.51;BRL
354c55848b834a5fb64eddb714d1c8e9;Produto_G;2011-07-13;-701.75;USD
3de69596d3364e44956eee4840f9065e;Produto_H;2011-07-13;-185.3;BRL
ff4c28b4e9da440c9b5d1a10d3dd811b;Produto_I;2011-07-13;57.95;BRL
704e6c2b7dc2439db5f9a9590808c248;Produto_J;2011-07-13;-890.78;BRL
19b9356c995a4b2ead7abfaed3c736bc;Produto_A;2011-07-14;-211.34;BRL
c4214e7e6c6b490987bec466cc2daa2c;Produto_B;2011-07-14;-743.06;USD
2e019943cd8547ef96bfa21d9e4ff1fb;Produto_C;2011-07-14;-62.26;USD
a229748d85a546cfa0ef5ec710c82aaa;Produto_D;2011-07-14;-625.72;BRL
387be5a476114f0e884e1a1cf68ccd2e;Produto_E;2011-07-14;20.44;USD
547912036ed240ce9143af4f94a501b8;Produto_F;2011-07-14;-57.2;BRL
c0a4cba7776c4ebaaac2b6cf5430d1f0;Produto_G;2011-07-14;-389.57;BRL
acc3812efac54534ad08e9a1c514712f;Produto_H;2011-07-14;-75.89;USD
93608e290f0d4cdabbd0c9a6eecc2135;Produto_I;2011-07-14;-771.47;USD
18bf0937c34c4a53a5f7c4fc48110e70;Produto_J;2011-07-14;-1000.0;USD
39ff0649205b404a9887caf2ecce0770;Produto_A;2011-07-15;-474.88;USD
d1178fef06944bc991bbaba937a250f9;Produto_B;2011-07-15;100.0;USD
3c7fa48179b44e5c99f7e5c41dbcc9cb;Produto_C;2011-07-15;-560.9;BRL
a56e0e12c2f14532b1035a6d6379f208;Produto_D;2011-07-15;53.27;USD
f0807dd4767f4bb0818eaf939f056078;Produto_E;2011-07-15;-121.76;BRL
cb97af4927d74df5b97c48c51e1d847e;Produto_F;2011-07-15;-676.82;USD
63cf0744dcf244e3a2f0cb0891a7dbf9;Produto_G;2011-07-15;-650.62;USD
f3e7fb220ee149ae9401f93142ffd19a;Produto_H;2011-07-15;-567.3;BRL
35b666e12cf141f097c1d7eb05374737;Produto_I;2011-07-15;-787.01;USD
fde1145c961449019a0d671b825eb206;Produto_J;2011-07-15;-595.08;BRL
e21f53408b72407c8ba7411f70de26f3;Produto_A;2011-07-16;-618.42;USD
6ccc0e95d0f047f6ad07120388f3b61f;Produto_B;2011-07-16;-284.57;USD
10c59ba79b1f41f390b8547932455965;Produto_C;2011-07-16;-737.12;USD
558a7cb03ea34d3e9483f0739f310d02;Produto_D;2011-07-16;-1000.0;BRL
ade826ef3ba841eb8d6f7e3ba89eb782;Produto_E;2011-07-16;-292.72;BRL
6ecbd5942d534eb7ab7399ee4f465423;Produto_F;2011-07-16;-585.5;BRL
f947b272fead437788f3d1b39444e141;Produto_G;2011-07-16;44.91;BRL
8689a3466b164d26b3a6f0ec8d057e2f;Produto_H;2011-07-16;-933.43;BRL
3a66f44e06a04e15ad776b18bebbb9be;Produto_I;2011-07-16;-1000.0;USD
565517a7e49b46c599d93ad42756f01e;Produto_J;2011-07-16;-291.26;USD
920f54fa1e7648f993637e32affddae6;Produto_A;2011-07-17;-658.84;USD
8453ed46fd704d6d9631cc6956df4d04;Produto_B;2011-07-17;-1000.0;BRL
ddefa6c5b0e4468ebba996f57ea70e35;Produto_C;2011-07-17;-605.05;USD
56a1b6ef19d040489f6b0a18c5feaef3;Produto_D;2011-07-17;-370.98;USD
e31636383c7842419866b75a7fa7ad97;Produto_E;2011-07-17;-313.34;BRL
64da6748230144c5836c44bc76cb1c8f;Produto_F;2011-07-17;-545.9;USD
9b88ca9046374f41a53c6dd97081d7ae;Produto_G;2011-07-17;-105.77;USD
e965aa6b9cbf4e7cada0df2dea94b526;Produto_H;2011-07-17;-16.42;USD
95126fc1f2b9464684743da79e873952;Produto_I;2011-07-17;-247.61;USD
481a5218e727482a9223541e29c3701d;Produto_J;2011-07-17;10.83;BRL
7841555f498a4e9eb765647381d9d11d;Produto_A;2011-07-18;-791.27;USD
0c9d150263e54ba38d066f4ced43512d;Produto_B;2011-07-18;-958.71;BRL
83b16fcb6fa145e6b1ae9fd19e2515cf;Produto_C;2011-07-18;58.59;BRL
700c279fe6ee4e6db96fff7067c8b694;Produto_D;2011-07-18;-191.83;USD
dd49f6b0b7bd4b28b2d5764d2735eefb;Produto_E;2011-07-18;-6.93;USD
60a0bf60286942f4beae089b5875c8b6;Produto_F;2011-07-18;-342.83;BRL
833f7863f9754524a0dcdcdcbcca61bf;Produto_G;2011-07-18;74.14;BRL
8d4378c8ec644d338b07558ab2cb7bd7;Produto_H;2011-07-18;-1000.0;USD
067d18ab7e4b490a9c13aed51e2c4800;Produto_I;2011-07-18;-449.43;BRL
b7fea3db270e4f4b9ee3a3c17a2eb56e;Produto_J;2011-07-18;66.75;USD
ac0bb83be72c49d38d8e38d65368462e;Produto_A;2011-07-19;-710.32;BRL
b56e7409bac84b138f5ce5e87a2bb59b;Produto_B;2011-07-19;-1000.0;BRL
c0779da0bd534b5db99597cdd8885384;Produto_C;2011-07-19;-905.95;BRL
f72503a3a2664d138001341f31bb66e4;Produto_D;2011-07-19;-216.81;BRL
358ce23013274a48991d70f1afe2ef40;Produto_E;2011-07-19;-750.41;USD
12f03bcd2e7349f2b0f8beabf0cc7475;Produto_F;2011-07-19;-115.8;USD
d8daab25731149558f037405cefc67dd;Produto_G;2011-07-19;40.39;BRL
1f57cebdda2946358785c48336b0482b;Produto_H;2011-07-19;-545.4;BRL
51b5589333eb4a559c469845efb92735;Produto_I;2011-07-19;21.61;USD
16e26154a240462a96df89bba6a08206;Produto_J;2011-07-19;-719.66;USD
8e53ed2a083840568ef0642ce6e3e91f;Produto_A;2011-07-20;-147.77;USD
96389cd99bf842e4bdb39e51abbe3099;Produto_B;2011-07-20;-195.52;USD
9f3d213e7d444ad08ad01d02b118e757;Produto_C;2011-07-20;-831.71;BRL
a2df260d4d834e6eb3f68b38b42ef419;Produto_D;2011-07-20;-949.57;USD
02d3e99eb5f64493877ebe7ba8887362;Produto_E;2011-07-20;-705.02;BRL
de909e3233ca4b9994d309d89ec91c95;Produto_F;2011-07-20;29.19;BRL
18b315e3248746caadfa1ee23eab9c0f;Produto_G;2011-07-20;-619.79;BRL
2a0307d171a3447e9e0fd361fbaf909d;Produto_H;2011-07-20;-749.61;BRL
e7a10e59e8164e3581d5e27d50b72e6d;Produto_I;2011-07-20;-408.48;USD
bb600eab7e9e4c16bec8d879257b19b8;Produto_J;2011-07-20;-1000.0;USD
63cbb643f02c44be9d8e603012796453;Produto_A;2011-07-21;-499.62;USD
63bc065134bf4c8597830aed1e9aca58;Produto_B;2011-07-21;-404.86;BRL
cbdf0c778bab4140a3add90fb5c3b4d0;Produto_C;2011-07-21;77.51;USD
15eefce857db4eb1be7620530406de05;Produto_D;2011-07-21;-251.9;BRL
a5cb7826e4a046faafb9ba714093be7b;Produto_E;2011-07-21;-827.64;USD
36945cf0cab7471989c7fbc3580ac731;Produto_F;2011-07-21;-499.96;BRL
d560e4e91193411988917c2682540c6d;Produto_G;2011-07-21;-532.3;USD
e29d747db1cc460ba8113f6f2d2055c8;Produto_H;2011-07-21;-32.56;USD
8bef20db91a6477c825f3b86d65bcf97;Produto_I;2011-07-21;-227.07;BRL
5f87b73415fc4a5c97caebd0e598272c;Produto_J;2011-07-21;-1000.0;BRL
fe716fc5e3d244b5ab98fbee5422266d;Produto_A;2011-07-22;-677.25;USD
1abf9cf8112d4e2481e1209e0f908dcb;Produto_B;2011-07-22;-573.8;USD
635605771fcc436a9c0651aa36496670;Produto_C;2011-07-22;-554.6;USD
f2b6856918b54ecabd8d141582e398e1;Produto_D;2011-07-22;-861.44;BRL
dddd63c438fe4652871666098c1d3f3d;Produto_E;2011-07-22;-441.47;USD
ab0b2173da8942dba51625b73a4a2c60;Produto_F;2011-07-22;-225.63;USD
5bbb87e99c4c459381fdbdac5444b65b;Produto_G;2011-07-22;-318.5;BRL
234394dbbaea4637bba7b4a39ce818f7;Produto_H;2011-07-22;-275.17;USD
08c862d12ca7449b9ce460ff104d55ab;Produto_I;2011-07-22;-147.61;USD
d4449af4611c4bba90aeeed786d11eaf;Produto_J;2011-07-22;-348.76;USD
d63fad3288a74b2eb5e3a6388467c29b;Produto_A;2011-07-23;0.48;USD
93d4576c1b02417fbf800afd26430e61;Produto_B;2011-07-23;-699.66;USD
6cb04753b851422ebe79ea5a5a6e1ad9;Produto_C;2011-07-23;-149.45;USD
3a4edd871fab4bf1a03e18fff6e483c4;Produto_D;2011-07-23;-873.68;BRL
fd84bbbcf3b6482290467f8d432b4fb7;Produto_E;2011-07-23;-703.91;BRL
cfa217b4f6ee4fba8563b5dda8ec3225;Produto_F;2011-07-23;42.61;BRL
01e64e0da1d449dc80a20fa5cd9d5c2c;Produto_G;2011-07-23;-26.54;BRL
47fa9cff242841e5a962eb2db263881c;Produto_H;2011-07-23;-119.9;BRL
48377980f8a94b8898e7ed9626868311;Produto_I;2011-07-23;-121.14;USD
23fcfae442864df18aba682fe9de76a5;Produto_J;2011-07-23;-381.65;BRL
d0c6cee9be65461997fc438dcdf11f82;Produto_A;2011-07-24;-407.72;BRL
e5340cec355f49818fba2d161ab369a1;Produto_B;2011-07-24;-143.59;USD
fe05c3812f6c41a7978e0d9adabc0a92;Produto_C;2011-07-24;-639.54;BRL
0c1b1989d9b841c798df4b5748092f50;Produto_D;2011-07-24;69.57;USD
b4f91f19e29e4d149d52d48b1d5e2f86;Produto_E;2011-07-24;-745.09;BRL
c8db6ebcf7574d65a178ad97669023a4;Produto_F;2011-07-24;-767.98;USD
25299dab43ee410c8ed5d3b06c3d28d0;Produto_G;2011-07-24;-431.45;BRL
3f15a5c87b284314bb22ad28fae46ded;Produto_H;2011-07-24;-450.38;BRL
73aefbd7f5fa4ac7b90aad59f243f251;Produto_I;2011-07-24;-364.46;USD
56932f253a8f45f487af8177744d7e0d;Produto_J;2011-07-24;-791.94;USD
d623761bc7ed463b8520aa9b8b7b8cde;Produto_A;2011-07-25;-761.45;USD
6d4ce4f540fb41249e538712b53920f3;Produto_B;2011-07-25;75.91;USD
0998845aa1744f56a557917a5144e131;Produto_C;2011-07-25;-33.43;USD
e08043f3cc1d436d888035d1197460c3;Produto_D;2011-07-25;-711.43;USD
3ba803a5328a4ad78b20741eb892fe64;Produto_E;2011-07-25;9.06;USD
946a5fd8e42749b0ae8efd28dc7f94bb;Produto_F;2011-07-25;-541.48;USD
aca14880315b4c34b9d43b633dc441ed;Produto_G;2011-07-25;-543.89;BRL
5765b4605dd64d79b62a7659ebed59bd;Produto_H;2011-07-25;-605.28;BRL
1c6ec38029ae40738e9c554eb5d0cb7c;Produto_I;2011-07-25;-719.05;BRL
2e90a540780f47618972f7ac4ab41f2f;Produto_J;2011-07-25;-763.13;BRL
56ccf5fcceda41fbbeac68ef4b80f8ef;Produto_A;2011-07-26;-865.24;USD
3d3f1271c4e04949bc17c27c4c860cd5;Produto_B;2011-07-26;-782.17;BRL
54a16e9ffdb14bff93f5c955453396b2;Produto_C;2011-07-26;-693.08;BRL
6c8663e080334771b7ee716743b86a83;Produto_D;2011-07-26;-800.23;BRL
99eb9d68492e4e9f8b548cfd79f46fe7;Produto_E;2011-07-26;-128.12;USD
b5e5c963b7834c509959157551491abc;Produto_F;2011-07-26;-731.53;USD
fe58bdc71b12421e89c017d5dd33919c;Produto_G;2011-07-26;-381.81;USD
c164778a71af4146b20023f3b734d961;Produto_H;2011-07-26;-1000.0;BRL
c48f0cb5e8834922ad78a44a6b6c16ae;Produto_I;2011-07-26;-169.06;USD
7a7a12b319b444c78ac9d0009612639b;Produto_J;2011-07-26;-450.77;USD
955f81e703054f34ba5862936325161b;Produto_A;2011-07-27;-63.65;USD
7f42b037b96b4bd88ea443d6a4bed15d;Produto_B;2011-07-27;-232.22;BRL
163b347bf779427b974863c611f87fb8;Produto_C;2011-07-27;-2.27;USD
8b02f0e1fd304ee49134a5f96e470f4c;Produto_D;2011-07-27;-1000.0;USD
dbbf51e7a0b848bdab7003dd52fe5049;Produto_E;2011-07-27;-345.6;USD
626590ca66374b588aa9580e21a18957;Produto_F;2011-07-27;-493.91;USD
32bf12d996b1457299500418569df578;Produto_G;2011-07-27;-217.41;BRL
abf45b637a794731bbb2b958755dee8e;Produto_H;2011-07-27;-536.18;BRL
857a274e4fcd49c9b12461338b66d964;Produto_I;2011-07-27;-55.31;BRL
21055b65c4ff4221a0e3ad7c9dcc0d0e;Produto_J;2011-07-27;-36.06;USD
333853d518ef4db0b85b4846e329a6eb;Produto_A;2011-07-28;-516.6;USD
faabdfd1181d4d2a8c0b836fb30f0723;Produto_B;2011-07-28;-1000.0;BRL
c3708b8579e34ba09cd7ba4793a55b4c;Produto_C;2011-07-28;-330.03;BRL
5c1895476e8b4dee986e59440704ad11;Produto_D;2011-07-28;-622.66;USD
453b517444a64a0d97eb15c112e50d03;Produto_E;2011-07-28;1.75;USD
784de0cb260d4e1ca7fa013a98f95957;Produto_F;2011-07-28;-307.35;USD
2f0360606610496f8bb641d1c73b42da;Produto_G;2011-07-28;-579.33;BRL
9cedc3021255483fa2b94b4196219f4e;Produto_H;2011-07-28;93.75;BRL
5d3d1de86297483a9fd6886510c69cdc;Produto_I;2011-07-28;-937.65;USD
58b55e6a839846519173ebd2101e35b1;Produto_J;2011-07-28;-321.9;USD
675fbf7338ff42838191a9b387e44d05;Produto_A;2011-07-29;89.62;USD
8c05408b18ee479f8099f85cb8fd22fb;Produto_B;2011-07-29;-440.4;USD
0a7ba7b5b6e042b7a9156d67a2dcdbc8;Produto_C;2011-07-29;-74.48;BRL
eb10b61e2450433e957c00d74cea7c8f;Produto_D;2011-07-29;-86.55;BRL
ed440005dfaf4d6b8d8d3929d71a6228;Produto_E;2011-07-29;-575.69;BRL
050acd90a93f445c8f4f6ac00f575483;Produto_F;2011-07-29;-591.54;BRL
8342f1b226a84ca1a1966fb450302131;Produto_G;2011-07-29;-190.53;USD
6ea3bc4dc36f418a8f27751c5d43e602;Produto_H;2011-07-29;-870.64;USD
9f5bde8ede244ef1bf5a9ad65f6f0e34;Produto_I;2011-07-29;-1000.0;BRL
b1cb51e912834ce4a248a0cbea592d6b;Produto_J;2011-07-29;84.23;USD
e7993a689b73417c94f7935a509e9d0c;Produto_A;2011-07-30;-103.22;USD
69114ccd0d78475c8f9b9cc2ab4008b7;Produto_B;2011-07-30;51.15;USD
f2b90c16a5674f819d6db7addda2d4ae;Produto_C;2011-07-30;-371.44;USD
ad554b6364e144d982b7873bab8e7870;Produto_D;2011-07-30;-635.94;BRL
897b889f3eef4da5b79b75c8df241e10;Produto_E;2011-07-30;-440.91;USD
146ad19bcc1247bcab29d9d6a3e93694;Produto_F;2011-07-30;-330.13;USD
fafd66bd82bc4c8fb13a895c2a351e81;Produto_G;2011-07-30;-319.55;BRL
51ad2e225dda4da8bf0e96ae0a82df21;Produto_H;2011-07-30;-784.86;BRL
88cb36c81c40437d87d14a7165e2e11d;Produto_I;2011-07-30;-945.24;BRL
76f1b423e9b84238a06fa82f055ac1c0;Produto_J;2011-07-30;-608.86;USD
e43252c33cb640e39b496452d554af10;Produto_A;2011-07-31;-734.21;USD
e42ed995c5ae409bacb290937a8d109c;Produto_B;2011-07-31;69.6;BRL
5d2efa9ab3c240aea2a1248abc27b6af;Produto_C;2011-07-31;-399.25;BRL
bca478c265124254b62b56689afd420d;Produto_D;2011-07-31;-540.57;BRL
30d9523a629d4ce3b6c4655990f247ff;Produto_E;2011-07-31;-338.75;USD
2f8d718168934e8586fe496d2085d543;Produto_F;2011-07-31;-468.41;BRL
691a3144e82e42e7ac65a0dbbc2d665b;Produto_G;2011-07-31;-24.57;USD
d50ab73bdc764cacbe6913d133ace6a4;Produto_H;2011-07-31;84.19;USD
7c4ead43f38b49389157155577a096a6;Produto_I;2011-07-31;-1000.0;BRL
20865f8fc23148e2975bb36e2923fc93;Produto_J;2011-07-31;26.75;BRL
7f09f66c954848bc8650a8af20757955;Produto_A;2011-08-01;-361.11;BRL
3d26c4a851034e98829b2e103a88c68f;Produto_B;2011-08-01;-993.92;USD
4763d4f28b05469994f0a2c563c4a845;Produto_C;2011-08-01;-806.37;BRL
909c580d33f24671a9709a49968eef80;Produto_D;2011-08-01;-975.91;BRL
f602533fb201461994c2300b334d16c9;Produto_E;2011-08-01;-704.2;BRL
1274c8fa4e18450f86ea925c432a0b39;Produto_F;2011-08-01;-330.79;USD
5a2fd40e351e4efea2e5157225364d3f;Produto_G;2011-08-01;-727.56;BRL
74ec2c60865348e5805ae7a646ccc46c;Produto_H;2011-08-01;-532.77;USD
c1dcd7f6f75f47dcb806d9d4c986c82b;Produto_I;2011-08-01;-230.15;BRL
efd535bfc5da48dcb5ea230c9afaa34c;Produto_J;2011-08-01;-619.67;USD
173f2b8f64194330beb1fcdb3be347bc;Produto_A;2011-08-02;-927.74;USD
f35e30edbe0443048d30ec5e709f15c9;Produto_B;2011-08-02;100.0;BRL
53c7c265722a4604940cf2a96868fba0;Produto_C;2011-08-02;-371.81;BRL
3e31b2a88d7e40d6b841868fbeb30e59;Produto_D;2011-08-02;-256.84;USD
73065e37d1c948d5ad727974708cd49f;Produto_E;2011-08-02;-540.51;BRL
112321f3925d45498b035a7b0430df7c;Produto_F;2011-08-02;-546.17;USD
6f4e5eb0631a4fe7891db0c9a4d14026;Produto_G;2011-08-02;-617.89;BRL
8ccbb72fc514430eb9034d1356f9b8e0;Produto_H;2011-08-02;-1000.0;USD
1b157bda622245aa8e6b6b253a0d776f;Produto_I;2011-08-02;-745.7;USD
2fb9bb0ebb3e4815be1b01a6c3eb14b9;Produto_J;2011-08-02;-748.02;BRL
9cea3bbd160646409041d77b617b9475;Produto_A;2011-08-03;-312.73;USD
d2884064c70d49498c82e8c5371c7552;Produto_B;2011-08-03;-1000.0;BRL
fd407ab9e0c448b198f8125872e05928;Produto_C;2011-08-03;-537.59;USD
b898771072e64540b184bf95802f3d4a;Produto_D;2011-08-03;-518.95;USD
eabb930bb2ae459daf01a96baf0db68b;Produto_E;2011-08-03;-73.51;BRL
4b77dafecfe146518a5e520b4f242955;Produto_F;2011-08-03;-113.56;USD
937d4ab3a5634824bba913e78ab49cb7;Produto_G;2011-08-03;-553.98;USD
79e2e0bbf8d14a3ab00521e5d4c9502a;Produto_H;2011-08-03;-4.06;BRL
ece19bacd9f34d0cab74b895ed5715ee;Produto_I;2011-08-03;-469.03;BRL
7a344dc0cf674e7eb48e422750d3ceca;Produto_J;2011-08-03;-843.37;USD
19fab957436b44629ae3e6f3ef7dcc3d;Produto_A;2011-08-04;-106.32;BRL
dd4b7e6047124e11baa231e45bf9266b;Produto_B;2011-08-04;-258.62;BRL
1815ade6c1924e7eb80cc1a002ec1d50;Produto_C;2011-08-04;-592.31;BRL
8c404659f6984f80b8dc258da3db0f0c;Produto_D;2011-08-04;-72.18;USD
ede162407b3e45398958350821ddbace;Produto_E;2011-08-04;-349.44;USD
2fcb7fdfad0a48d7818d4f6e8de76aba;Produto_F;2011-08-04;-592.56;BRL
ffa5a1b7806b4ce7830ab303cf2d124e;Produto_G;2011-08-04;-354.24;USD
b6913d74cc3543aebe7220ae049c3ca3;Produto_H;2011-08-04;-294.59;BRL
8e313f1d16064193ae4e18cf0367fbab;Produto_I;2011-08-04;-796.25;USD
6ff1d55bd9eb4c55be84596c4c1bc319;Produto_J;2011-08-04;40.7;BRL
fd856219585547e2a4560f27c921d4f1;Produto_A;2011-08-05;-190.39;USD
93f53b44ae754cfdbdf93417a5b0ba39;Produto_B;2011-08-05;-328.04;BRL
f4dcce92cf5a4c0881ad7352898c3bd1;Produto_C;2011-08-05;-679.01;BRL
9781e5df771c4b4982331b03ed8b2258;Produto_D;2011-08-05;-559.14;USD
1bd1cd82629c454ebdb86dadbce53de4;Produto_E;2011-08-05;-150.97;BRL
bf1af5b1ae04459cad8b41ab6a0f911d;Produto_F;2011-08-05;-363.27;BRL
96da9370d47e453295a4aedb3cf0feea;Produto_G;2011-08-05;-448.38;USD
80154ae6b1d54a838ba7d07a90913df0;Produto_H;2011-08-05;-557.55;BRL
cefca8a0eb3149d4befbca088a1eab9e;Produto_I;2011-08-05;-958.13;BRL
6b9e9b3bf2224042a5bf2c491c0e1a56;Produto_J;2011-08-05;-586.54;USD
d55262625b144fcaa6d1397eaca767d5;Produto_A;2011-08-06;-319.33;USD
8053b50685e2447688b280dfc5698382;Produto_B;2011-08-06;-845.04;USD
691a270dd0df41e298a48e52fbb44869;Produto_C;2011-08-06;-1000.0;USD
7bedd9f786af4d169723e6c8bd31a8f4;Produto_D;2011-08-06;-1000.0;USD
9d80ac433e4f4aeb9c315bddd84a5cb1;Produto_E;2011-08-06;-691.8;USD
f8736a910d0b4b9c9cba36d7412672de;Produto_F;2011-08-06;-390.16;USD
8ac9f346f2784d6a95a7a5a9698e2dbb;Produto_G;2011-08-06;-692.47;BRL
b411f84d49904b6391931d1fc8390fec;Produto_H;2011-08-06;-209.74;BRL
4f60767979194f92a71f19e773740ce4;Produto_I;2011-08-06;-760.0;BRL
4832446b17be4c60bc6e9363b4190c12;Produto_J;2011-08-06;-93.51;BRL
94838ce6226c4dc8b278a10465fcc978;Produto_A;2011-08-07;-56.16;BRL
3ae831165bd84a5f9b3b1de1b5a96ba0;Produto_B;2011-08-07;-706.35;USD
1e8fecb4979841e4867ecb513e127888;Produto_C;2011-08-07;-858.33;BRL
39c7e2e75930477eae4aeb075682d658;Produto_D;2011-08-07;-199.04;BRL
35df9cebb697416db2f78fd6252acac0;Produto_E;2011-08-07;-216.52;BRL
0ae0a373a35447c494fad485b7c39b37;Produto_F;2011-08-07;-597.38;BRL
1870c5290e2840f69f6be0d940527da0;Produto_G;2011-08-07;-638.17;BRL
88c6b959f587451aac49de546b3f18d8;Produto_H;2011-08-07;-1000.0;USD
7ccd5144a2a34c168e3b5908beda48b2;Produto_I;2011-08-07;-903.59;BRL
e43fa5e64fe84185810045e4d3a7b4f6;Produto_J;2011-08-07;-450.59;USD
91ce180e012a45799b23dda1eb10645d;Produto_A;2011-08-08;-674.65;USD
eb3b21ac812f4cc685581f6f9c61ac29;Produto_B;2011-08-08;-564.29;BRL
867d628a7ed54f2aa559854f9e57ca2e;Produto_C;2011-08-08;-610.95;USD
ca0e4b7f7f7141b1b7a794f16e6f4233;Produto_D;2011-08-08;-235.81;BRL
b9d2ba44346142aba54fa00a4f9e2120;Produto_E;2011-08-08;58.84;USD
6cceb6dfc96346768daea4d82ee8eebc;Produto_F;2011-08-08;-574.28;BRL
74c907d8dc4e4f6990942318485a1305;Produto_G;2011-08-08;-488.56;BRL
5684208863ee439090ee7e3af1918e26;Produto_H;2011-08-08;-126.38;BRL
b40a6f14d8e2491096b23d38c797fc94;Produto_I;2011-08-08;-693.63;USD
04d40d3059ba405091c2fb16d49a3940;Produto_J;2011-08-08;-574.72;USD
515e1c58a67c4886a551c698b7564d7a;Produto_A;2011-08-09;-450.89;USD
26747324137c460e870c75ee831d1bf0;Produto_B;2011-08-09;-1000.0;USD
98d5dce7c00d4ff0983b5cf35981e916;Produto_C;2011-08-09;-1000.0;BRL
e229b2b974be467e9c425a9f11432ed3;Produto_D;2011-08-09;-655.12;BRL
c0e3c363defd4b0d8183985b749272ae;Produto_E;2011-08-09;-775.38;BRL
ad01e23599374fa99b7692bbb38d2d3a;Produto_F;2011-08-09;-256.42;BRL
d5a3fb4946fd407aa75063efd72c973f;Produto_G;2011-08-09;-404.32;BRL
fa92ff5a98a04177866d8d7b1c3aa78e;Produto_H;2011-08-09;-1000.0;BRL
9e9cf4fbd36c4a259069cb54837c625a;Produto_I;2011-08-09;-464.93;USD
21013eaa2d824933825e83b394fe0408;Produto_J;2011-08-09;-912.36;USD
0cc1dec6da9141fda4caec30f003ba85;Produto_A;2011-08-10;-149.98;BRL
2ba42e424ba44acfaf64359f015805bb;Produto_B;2011-08-10;-768.43;USD
e81c943172714d2f887e4bd42c00d670;Produto_C;2011-08-10;100.0;BRL
bf5f47cdb77548febcea86658a55aff0;Produto_D;2011-08-10;-180.38;BRL
abeb3bc9f3f4446ba654ea96865b75d4;Produto_E;2011-08-10;-450.16;USD
4150267999cd4b1e9daec38051acb9ec;Produto_F;2011-08-10;-352.62;BRL
109b507d08f543d3a213808c422e23bb;Produto_G;2011-08-10;-673.71;USD
60a8543530324454a328b5cbb64df04e;Produto_H;2011-08-10;-395.3;USD
fdf775e48c46434597b3a048c0852e7d;Produto_I;2011-08-10;-73.2;BRL
b6f0068404df47408f9f373af1d698e6;Produto_J;2011-08-10;-350.73;USD
e7e7f7b88bda4860a3b6c5ca76e7e6ff;Produto_A;2011-08-11;-205.97;USD
7fedd42a766c42dcaa4df3796d178aaa;Produto_B;2011-08-11;-201.73;USD
8e0ba52523a74c079f89a99f99626dbf;Produto_C;2011-08-11;-407.61;USD
328e281342ba4854b154499e1c811469;Produto_D;2011-08-11;-775.99;BRL
06b7cebe02be491d89249f96f85b7893;Produto_E;2011-08-11;76.25;BRL
5d72f8c0c1be4627a65fce17c443a5c7;Produto_F;2011-08-11;53.67;USD
e27d3f67ed56410c86b451c7b46e3d5f;Produto_G;2011-08-11;-26.19;BRL
cbd3d06c33ee4aaea102693fa188aa6c;Produto_H;2011-08-11;-640.8;BRL
08979cfc9b41492caf9844d726a057e6;Produto_I;2011-08-11;-670.35;BRL
be36dc5d6fc24d15b14aab9d31aa2e6e;Produto_J;2011-08-11;-81.56;USD
bc601b39dc054bc79418ed01d08b60d4;Produto_A;2011-08-12;-583.59;BRL
8c6fecf301f547368c08922f3d8de499;Produto_B;2011-08-12;-341.93;BRL
4ba1fd48dc5f4556934728ce16df936a;Produto_C;2011-08-12;-488.04;USD
d70c5b602e3a4e4799978f3fd24ac08b;Produto_D;2011-08-12;-279.86;BRL
4a3be8ac31cf4403bfe568381da78e97;Produto_E;2011-08-12;-369.81;USD
7c5ba35668de452ba9e0b555e5d92054;Produto_F;2011-08-12;-100.93;USD
1be94a9aa59c41f3b1f04dce396b763e;Produto_G;2011-08-12;-736.92;BRL
52a9483efc5842069fe5999a00fa292d;Produto_H;2011-08-12;-794.04;BRL
4fdc7a18d33147b893926cebbebca3b0;Produto_I;2011-08-12;-770.98;USD
4a66bc60873e4e2f92c872fb4fe988c6;Produto_J;2011-08-12;-1000.0;BRL
ec2868f6761d4b15a8a2ad3e435b4021;Produto_A;2011-08-13;-182.11;USD
8ab78fe095de4329b09f851f8bbacb80;Produto_B;2011-08-13;-535.21;BRL
b9ede1b9e8e3419cac2bf30c3f187a3f;Produto_C;2011-08-13;-577.05;USD
7c9be83981ed4908888c0ab8fda3cf77;Produto_D;2011-08-13;-978.57;USD
b196a35980fe45038405be21dc03dd7c;Produto_E;2011-08-13;-399.66;USD
485e5522fea841758ae1e122b910f61b;Produto_F;2011-08-13;-696.69;BRL
d492ae0388d545a9b16c6a385d79145d;Produto_G;2011-08-13;-366.13;BRL
b70d211463a44fe9ab61e5b2704b9e96;Produto_H;2011-08-13;100.0;USD
f26c5357cda14a09ac3156e030a8a44c;Produto_I;2011-08-13;-976.03;BRL
91b7a54a64944bc09d1967f9e2d5b036;Produto_J;2011-08-13;-976.81;BRL
e0eed930b7b349af9bc43ad4241de584;Produto_A;2011-08-14;-415.85;BRL
cb0e60d275f5496986eb60d2dd5fa2dc;Produto_B;2011-08-14;-99.11;BRL
b86a312400e146c6b622b4c61f0c0c31;Produto_C;2011-08-14;-360.26;BRL
517e36ee6f6a4235aee9cc9496c3b0f5;Produto_D;2011-08-14;-214.09;USD
e56b8fe8a49942bd82837fefb2e67fea;Produto_E;2011-08-14;-447.29;USD
5c967e7ea2d14724aeac7cb3a4ab4c08;Produto_F;2011-08-14;-416.28;USD
8be04eee36d340c2be533b3a1b34f1ef;Produto_G;2011-08-14;-478.91;USD
c2c6e9a84e25422ba6aef8592534be2e;Produto_H;2011-08-14;-250.83;BRL
026862ef300243869c7274d0bd6ba6ce;Produto_I;2011-08-14;-274.55;USD
35b31d16f9d34f8498d9f7c39969f94f;Produto_J;2011-08-14;9.37;BRL
45606bca72c7480c8240f776d19bad43;Produto_A;2011-08-15;-821.28;USD
5506590e13e5473cba74c2df5eaa659d;Produto_B;2011-08-15;-155.89;USD
568f68433ea24683a2eb64a09e82570e;Produto_C;2011-08-15;-657.41;USD
c7f1a0f71e6c42e883e1ae6080f72f70;Produto_D;2011-08-15;-105.82;USD
32b46aa467954a368a5a7ce8b9ae5b0f;Produto_E;2011-08-15;-424.6;USD
42f253a23145456ab3fbf032e7882e46;Produto_F;2011-08-15;4.61;USD
10c3c86b670742848e920200532e6082;Produto_G;2011-08-15;-84.54;BRL
1b31c9e8e669435d94ef713c91c519d3;Produto_H;2011-08-15;-1000.0;BRL
0e56283a17c34a10b5a9c19d0d56aec7;Produto_I;2011-08-15;-243.8;USD
59d90d3f67074ecaa53e501b5570666c;Produto_J;2011-08-15;-619.08;BRL
42d7b0135740454c81e1f2f74a07ad06;Produto_A;2011-08-16;-656.36;BRL
2c6edfe2e53943fa8e8155cd339b4efc;Produto_B;2011-08-16;-989.95;BRL
9d053455dc9c49a394a397bcf6471d2f;Produto_C;2011-08-16;-509.75;USD
3b01c9b5133e4d4dbc7341d3dd6c420d;Produto_D;2011-08-16;-358.43;USD
fafd0d0872cb4e73812abdd0946c0fc4;Produto_E;2011-08-16;-534.66;BRL
e7b81ef655eb4b40935726c5c96a725f;Produto_F;2011-08-16;30.19;USD
e5a68d87268c47338c4be871ce039786;Produto_G;2011-08-16;29.36;USD
200db22b8b494d1db28726626f1f683b;Produto_H;2011-08-16;-977.3;BRL
dd68fce381794e2db522182f69fd2743;Produto_I;2011-08-16;-148.58;BRL
99b93c42971348eaa38562ddebb38aef;Produto_J;2011-08-16;-662.52;BRL
32e119faa074412ab74ef33e582cd32d;Produto_A;2011-08-17;-291.06;BRL
01dfa77e53974f43b5086b08fbe9f807;Produto_B;2011-08-17;-298.85;BRL
0c438779046c43308736ea33d5efefdf;Produto_C;2011-08-17;-436.24;BRL
3edd1b1c14bd44ba897e16b4ca463558;Produto_D;2011-08-17;-555.16;USD
8b235015f7f14067822a676855cf0c7c;Produto_E;2011-08-17;-120.36;BRL
9e98e80b79874830a66f69718b77307c;Produto_F;2011-08-17;-94.79;BRL
129723a937384783b9a0275faff42d9d;Produto_G;2011-08-17;-707.23;USD
119a7078813341de965cc5a2f15813ad;Produto_H;2011-08-17;-995.55;USD
6f9e3b7f5c054361867277c68600bd5b;Produto_I;2011-08-17;-92.34;USD
14fe3574aa2c4f19b413b597c0b8f397;Produto_J;2011-08-17;-211.44;BRL
cb51ff7ff19d4a089fa2485f62b595a6;Produto_A;2011-08-18;-393.86;USD
46b370f99c2c423e8d48cdf017c71a6f;Produto_B;2011-08-18;-94.22;USD
c0545b867f1d4e2ea328201c99644a48;Produto_C;2011-08-18;-99.49;BRL
a7f0f7d14b244e1ead280fd288feacc9;Produto_D;2011-08-18;-216.54;BRL
49b8c7c60f5542e293480c0b03fae1ba;Produto_E;2011-08-18;-287.34;BRL
7cd80528b9d64b7aadc6197b176ed93e;Produto_F;2011-08-18;-56.18;BRL
a281ac0f4fa4438cb952427875e98da6;Produto_G;2011-08-18;60.81;BRL
0b07e250f17a418c8f3e113e6b61aa66;Produto_H;2011-08-18;-635.36;USD
0e2a60e0858948dc962b635291558f24;Produto_I;2011-08-18;-852.57;USD
a5121bf7820b4f18b1c50d5d57dbc9e5;Produto_J;2011-08-18;-853.8;BRL
7b9cd09fac1d4996b4786aef7da2b0e9;Produto_A;2011-08-19;-273.77;BRL
08bdfc4b6fe149b5b7e9a58b2477a079;Produto_B;2011-08-19;-1000.0;BRL
fa108e8a7c2a42cd9553aff407e18ddd;Produto_C;2011-08-19;-638.13;BRL
6f913a43e7a149aa839d7bb115f3f6be;Produto_D;2011-08-19;-176.95;BRL
a9fd9e5836114349b65903b9b6d1d72a;Produto_E;2011-08-19;-472.73;USD
a2a743a1383e4a53aa15ba51ad858add;Produto_F;2011-08-19;-541.66;USD
534afe17de2442639d9960525eeaa59a;Produto_G;2011-08-19;-519.0;USD
99e0947310704e61a5ffcc8d29bc9104;Produto_H;2011-08-19;-903.13;USD
6eedb6b4508e4288a01e5704988bc367;Produto_I;2011-08-19;25.1;BRL
053edd13f9474af9972aba93d461a91a;Produto_J;2011-08-19;-427.74;USD
c3ed74beb64f42b19f739d7f5d00c4af;Produto_A;2011-08-20;-654.22;USD
1d67883e840742b0a954b72c0294a397;Produto_B;2011-08-20;-996.04;BRL
6b890f798efb42308fd64480ca349158;Produto_C;2011-08-20;-422.63;USD
e9d59e04264b465fa43505c6c1b0b6f9;Produto_D;2011-08-20;-39.21;BRL
dd8447c18c7441bdab2ffa2ef2fe4b39;Produto_E;2011-08-20;-240.62;USD
cc965b1a50ee452d832ac297f6950cb9;Produto_F;2011-08-20;-632.85;BRL
6e2fc4bb65f24d928ebb9404a3b2f187;Produto_G;2011-08-20;-47.92;BRL
5ad04b44471e4fe8b648d92921ff53c9;Produto_H;2011-08-20;-933.18;USD
ed1ee96122f14014989ecf609868e8fe;Produto_I;2011-08-20;-529.91;BRL
3ca9e13a611d4d80becd9ba0bf1e0928;Produto_J;2011-08-20;54.65;USD
d8d07e8a663a45079c687ab01dcc19d5;Produto_A;2011-08-21;-255.24;USD
f3564dd1358b4d4aaf7d440a19f219d4;Produto_B;2011-08-21;-508.82;BRL
055ca4a3a4de4be39d7bba557530fcdc;Produto_C;2011-08-21;-414.62;USD
d01ce51a6ce14f82b0720654eb73ade3;Produto_D;2011-08-21;-415.07;BRL
91cdfcca35914639a6e5343636eaad99;Produto_E;2011-08-21;-284.73;USD
6558c799526249e1b2b7f7a55b33ebac;Produto_F;2011-08-21;-469.16;USD
5e85f555e5e94303a4cf0a9c25081dbb;Produto_G;2011-08-21;-410.9;USD
f2cd2fef592d4a4bbf276cd64c0c2c8f;Produto_H;2011-08-21;-280.12;BRL
675829029f7946108e7d37701fdbfec0;Produto_I;2011-08-21;-218.01;USD
a403b6e5d4a24dbcbba5a3179fd8b03c;Produto_J;2011-08-21;-651.62;USD
810ac539093a409389678ab03624b555;Produto_A;2011-08-22;-159.0;USD
07669000551d4b22bfca7f9c4d87585a;Produto_B;2011-08-22;-182.56;BRL
af0e4249db8e4a86a98b2fff49c37291;Produto_C;2011-08-22;-436.61;BRL
11e797a63ad34e5b955d207e9ff96da5;Produto_D;2011-08-22;-618.19;USD
706786e0bdbb4dd9b9231c7512b31301;Produto_E;2011-08-22;-485.51;BRL
8f33812dca014812909b2e47f92cfe7a;Produto_F;2011-08-22;-201.16;USD
1a5e2be3287f4084bb8eb73b265e81ba;Produto_G;2011-08-22;-275.42;USD
3a1720e02c9e47ba89bcf02c0363ea6f;Produto_H;2011-08-22;-347.18;BRL
1d00a3ab614642f59bf4390f3527e9f0;Produto_I;2011-08-22;-657.2;USD
c879e999d70942b98c70c274fb9a085f;Produto_J;2011-08-22;-345.08;USD
b2e428ffbf6e4f45bb3f16d22740f094;Produto_A;2011-08-23;-406.38;USD
bfe9d053d3dc4cbe9b98b0def2a4b6b0;Produto_B;2011-08-23;-159.48;BRL
c10e098fe9324677ac795d8258c8bf7a;Produto_C;2011-08-23;-983.51;BRL
9f31f493e9384eb4a8fbada62eb95b77;Produto_D;2011-08-23;-994.7;BRL
740b49456b834a3a8226b479e46cef06;Produto_E;2011-08-23;-349.51;USD
748985cbcdb147d48f8daf17825a370c;Produto_F;2011-08-23;-199.82;USD
4b583d48ab144da49ebbe23453507710;Produto_G;2011-08-23;-239.14;USD
fc9f5430d0984084a9687f4e14627361;Produto_H;2011-08-23;-490.57;USD
b25bcf658f9c4851b7ed5f06fe3459af;Produto_I;2011-08-23;-382.35;USD
0df4b3e642a44b07aa73d7ce0270bb63;Produto_J;2011-08-23;-960.3;USD
f94de19b62c34463a670c288c5c9190a;Produto_A;2011-08-24;-641.72;BRL
96e3613392e14d399af99c50cde9d16a;Produto_B;2011-08-24;-607.64;USD
fa373f9489b44a04a0fa43ea282789bb;Produto_C;2011-08-24;-1000.0;USD
01450972359d40e195f2cb9a10395f5d;Produto_D;2011-08-24;-945.31;BRL
192539c828274d34bc2965b81830a175;Produto_E;2011-08-24;-733.49;USD
7ad7fcd6d1554da9a93f302e180360af;Produto_F;2011-08-24;-282.76;USD
410946f8ae714f67ad5607d4732f5d1f;Produto_G;2011-08-24;-214.36;USD
401a1a3d5d894a3b84fb730f7abcc789;Produto_H;2011-08-24;-148.74;BRL
a4fa2694c38c47dbb16cd10575cb595f;Produto_I;2011-08-24;-490.09;BRL
eb0fbdfa5f6e47e697311e58e0e49463;Produto_J;2011-08-24;-981.06;USD
118e4a99a5804de388ad43e6ad1be8b1;Produto_A;2011-08-25;-543.47;BRL
cf049efd52e94a929a0fdb3845d535ba;Produto_B;2011-08-25;-136.31;BRL
2e16046109a14839a92d4cbe924a8d77;Produto_C;2011-08-25;100.0;USD
fe9a79801ba949f28821982edf6e9f09;Produto_D;2011-08-25;-1000.0;BRL
8d1f151dd83d47f5af890dde0febe3bc;Produto_E;2011-08-25;-181.14;BRL
1053102abe29402ba72cd9e8d73b1205;Produto_F;2011-08-25;-317.63;USD
b16a4bd782f8469597632d7032ef188b;Produto_G;2011-08-25;-389.76;USD
bdfe73ab052843f0928ee75368d5de12;Produto_H;2011-08-25;-673.24;BRL
67a028ea2eb3494fa86f2d57b8a7cc54;Produto_I;2011-08-25;-72.77;USD
843d2f64fe48407191e38b67a1e48c13;Produto_J;2011-08-25;-333.97;USD
afa1637596c744b781552238326163b0;Produto_A;2011-08-26;-787.48;BRL
791a9ef3570047ed8f2419a7c896b611;Produto_B;2011-08-26;-646.12;BRL
4fa5d15c59d2419bb776f2e4a197b537;Produto_C;2011-08-26;-800.71;BRL
906e2f9d1f314052847b13986da75ba9;Produto_D;2011-08-26;-283.13;BRL
b6fb65ebc0d34fcb90de3d508f8e5910;Produto_E;2011-08-26;-466.21;BRL
e810851b6b2a4c518cce961d02a4b883;Produto_F;2011-08-26;-434.21;BRL
1309ebe9b4ac47169f7d3cbb64d5d350;Produto_G;2011-08-26;-336.23;BRL
86baed0e15e5475ca9859c550513683f;Produto_H;2011-08-26;-782.62;USD
acd70007ff7841509c2b90178d262c33;Produto_I;2011-08-26;-1000.0;BRL
0638fba993204c4c96f42caacbb094cd;Produto_J;2011-08-26;100.0;USD
4e687b9fff144c3399514a3d73e0129c;Produto_A;2011-08-27;42.79;BRL
a0a15ac73967405695e35dc3499c668b;Produto_B;2011-08-27;43.86;USD
a3fae692aa7c4b8bbdd541f03c3d968d;Produto_C;2011-08-27;-845.79;USD
f3bd9498a3404131ade89e4888e15a4a;Produto_D;2011-08-27;-378.65;USD
fdef05f12a2b438fb55c31dc8ecc7deb;Produto_E;2011-08-27;-51.39;BRL
d9dd2d143e4244b6aa5e206e5988f250;Produto_F;2011-08-27;-152.34;BRL
e90a6435eb1b4c3aa35fa587d31566fe;Produto_G;2011-08-27;-346.81;USD
00fbc34b38084e5b8d2b50cd5dc73b52;Produto_H;2011-08-27;-109.85;BRL
c5c4c19e2d1440089858c25ed813bae7;Produto_I;2011-08-27;-466.94;USD
b36c39c8d8e9423fb3750e0e60af970e;Produto_J;2011-08-27;-661.2;USD
70952cd0b7a846f9aaedabe90aae245d;Produto_A;2011-08-28;-23.2;USD
38caba10bcac4c4d9132fa57ce6810cf;Produto_B;2011-08-28;-531.83;USD
49f8aa31fb504e94b300d6b7b77ab511;Produto_C;2011-08-28;-481.14;BRL
b690abef2b7c4c87a4a351c4e4a84d9a;Produto_D;2011-08-28;-84.27;BRL
12cc40b5a9d6469bb0076f9bae658c3f;Produto_E;2011-08-28;-113.76;USD
240e031aea6e45678d87515548721539;Produto_F;2011-08-28;-786.91;USD
9a0632fc60ec4a11a4898f0f4c7f1882;Produto_G;2011-08-28;-603.79;USD
d826f0da94464d14a5a5807e82cc3e3f;Produto_H;2011-08-28;-212.42;USD
07c8fa1643914dd497adf0049635728a;Produto_I;2011-08-28;-668.29;USD
5fb9b9c9d5e240dba8f1f79aeba80ef6;Produto_J;2011-08-28;-568.33;USD
2bdde980874f463c9a3cfa13e9be793b;Produto_A;2011-08-29;-794.75;USD
3c943776e2c54d97b464015aca0caf92;Produto_B;2011-08-29;-74.23;BRL
5df0ed3024c04ff89e7c5f8732faf030;Produto_C;2011-08-29;-838.71;USD
21df8f7183ea413a9e45e482c2ffd079;Produto_D;2011-08-29;-611.99;BRL
7a6f7d16843c42ea9e08db4e813411ea;Produto_E;2011-08-29;-763.32;BRL
7b68261f9bf04391b3f9abe767eef230;Produto_F;2011-08-29;-280.23;BRL
968626133aa94cc9a1e671af2622ed10;Produto_G;2011-08-29;-339.24;USD
f6a6a2a2aa914aa786054a98d47c526a;Produto_H;2011-08-29;-596.04;USD
0e7fa59e4f2b4d398ed4d69a087452a1;Produto_I;2011-08-29;-950.89;USD
99a0323ecb334e80ab2e43200e91c6c2;Produto_J;2011-08-29;-472.93;BRL
77c5098360274da8aeb0e5206e6c528a;Produto_A;2011-08-30;-343.0;BRL
9ab5459c34244173bcc1b24a7745bf9c;Produto_B;2011-08-30;-1000.0;USD
d0e21a2866e34a76826855fe101abe21;Produto_C;2011-08-30;-236.84;BRL
cf9f5dfa81724506acbf0f0762f628f7;Produto_D;2011-08-30;-644.27;BRL
4ac22f9bbb0e4de3b213b56056230b25;Produto_E;2011-08-30;-696.21;USD
96d71bcf24854e7380b2d6762a29dabc;Produto_F;2011-08-30;-433.8;USD
07cf2fc7afdc41c9989094f5d3926ce5;Produto_G;2011-08-30;-164.27;USD
022e74bef13b4a34b485f0f441fdb13c;Produto_H;2011-08-30;-266.45;BRL
0ad5e721e2134073b95e86181db2532d;Produto_I;2011-08-30;-426.49;USD
62dc25c864de4b1aa6835e44f62cd993;Produto_J;2011-08-30;-1000.0;USD
c682fad0ebb046b1b88d6106c51556da;Produto_A;2011-08-31;-446.87;BRL
7af052c19cfb45ea9251cf2fe463810a;Produto_B;2011-08-31;-683.33;USD
33137a64cb41475896b37e2aa5fb9c8c;Produto_C;2011-08-31;35.2;BRL
534dd6f315f549a7b4c76d3afde015b1;Produto_D;2011-08-31;-760.09;USD
ca3b4fefdfa548a7bad38e11317b978d;Produto_E;2011-08-31;-401.89;USD
94a3745200e04e58ab5c6db017bba946;Produto_F;2011-08-31;-26.27;BRL
23d928aa4ea74f36afd08442b5873eb9;Produto_G;2011-08-31;-442.3;USD
fe6bed885cf2422fa145889a54337985;Produto_H;2011-08-31;-247.15;BRL
e0a973adf27d499da7dd8ac1117fb58f;Produto_I;2011-08-31;-355.94;BRL
3364eb311a214a22a7b49f8f89c80ee0;Produto_J;2011-08-31;36.46;USD
c22bc2b72a0a41b79cf41698e40c661f;Produto_A;2011-09-01;-685.07;USD
494fac5fac3d4e56a2ca6b6544e38c74;Produto_B;2011-09-01;-295.84;BRL
f2e905d2311e435b9498b7eb072d1628;Produto_C;2011-09-01;-786.32;BRL
8c8985c9af9f47a4b2f2a0ae7826618a;Produto_D;2011-09-01;-372.09;USD
53bb45ddd5d0443bbda9f776d495b1d5;Produto_E;2011-09-01;-225.99;BRL
b596d6b1a0d94ff8a91cadc6ebac964c;Produto_F;2011-09-01;-105.46;USD
cfcf0f209ba94ce8aff46318e8d5837e;Produto_G;2011-09-01;-250.0;BRL
347215fdeac34d7d87c3c2d8f50d26d4;Produto_H;2011-09-01;-488.24;BRL
158bc75953884c7683556128bfe25a8e;Produto_I;2011-09-01;60.73;BRL
19f02d29083d4b2ebd9c2354a44c66da;Produto_J;2011-09-01;-897.25;BRL
6ed3a2b7b9354d3b9d2e390a672142f4;Produto_A;2011-09-02;-513.48;USD
72094e5e3faa499680aabd37b2255c3c;Produto_B;2011-09-02;-540.41;USD
3448b3ce786b441a98b3e98044aee050;Produto_C;2011-09-02;-613.67;BRL
45a0575169a840bcb64dc6eb20432cf7;Produto_D;2011-09-02;-143.8;BRL
d0ab5558c3e54c748925d3ec6428a152;Produto_E;2011-09-02;-375.2;BRL
d88359d905f9465d8c5b14d172b1da8c;Produto_F;2011-09-02;-82.68;BRL
099aa98b866b4cdf83b177c49f983e76;Produto_G;2011-09-02;-634.13;USD
25f9b539d926406c9353b7add4201365;Produto_H;2011-09-02;-329.23;USD
1082ff3164e945f4bc639e7df9600d92;Produto_I;2011-09-02;-351.47;USD
cc80b85015cd436f9c8de0b462e2fea8;Produto_J;2011-09-02;-812.49;BRL
5b29ed98a7834c76abf18e420861ddf6;Produto_A;2011-09-03;-0.11;BRL
21b54abe1ae047338971fc78b65a87ac;Produto_B;2011-09-03;32.65;BRL
0f7e79ebca3049e9ab459a8882a42cd3;Produto_C;2011-09-03;-663.55;BRL
1ea6b7f04957406d89cddcb86bed5322;Produto_D;2011-09-03;-476.18;BRL
9024edf81614468f961bee610a7997c1;Produto_E;2011-09-03;-50.22;USD
97bb44e9110e49d6b2a83c99094c0d8b;Produto_F;2011-09-03;-510.58;USD
2a4ca349d84845c087975a813d3c22dd;Produto_G;2011-09-03;-534.28;USD
dbc7179c370e4bb88078226e9b7cec6d;Produto_H;2011-09-03;-612.5;BRL
01d7b69acc374270a8f2d15df257e3a0;Produto_I;2011-09-03;-1000.0;USD
0eaebdb48bf94cc88c56722c48719656;Produto_J;2011-09-03;-348.87;BRL
9dbb905cb2a546358d9a2d78174bdea3;Produto_A;2011-09-04;-731.2;BRL
fa42fcd20aa34a6a8973eb0a4b0444a0;Produto_B;2011-09-04;-429.68;BRL
383347880b58458cb5eb5e40fe855b34;Produto_C;2011-09-04;-424.7;BRL
bf7f8d15a75e488d8bb121d90e4ffd09;Produto_D;2011-09-04;-994.16;USD
5897ce0adc414d25bb6434ca3e923976;Produto_E;2011-09-04;-456.5;BRL
7a7ca7d15d2b48b3b709d7a9c7f73eeb;Produto_F;2011-09-04;-662.97;BRL
148e505fa2aa4ab688cadd6f9d4c7e1c;Produto_G;2011-09-04;-177.38;BRL
41a578d388834a9ea4fcdd842da340d8;Produto_H;2011-09-04;100.0;USD
7a6ff648f0744ec89cb5b5ec443ecca0;Produto_I;2011-09-04;-1000.0;USD
466366f0f27f4085a7d91c92b9fd05a7;Produto_J;2011-09-04;91.26;BRL
15ea5cbe65c94cc9818d3b45c0ddec54;Produto_A;2011-09-05;-5.27;BRL
893d9f2142334ea9b888e2fe6a8d26fb;Produto_B;2011-09-05;-477.82;BRL
29e7380af2074bd2a87bd70dc643fa61;Produto_C;2011-09-05;-121.9;BRL
c9ec4c5e697e45688cc636d436075c00;Produto_D;2011-09-05;-811.52;BRL
2a56934a8ef5470e93bd6f74c4cb39f6;Produto_E;2011-09-05;-155.12;BRL
8d3a2f86bdba49d0b1394626dffb4808;Produto_F;2011-09-05;-688.61;BRL
8f9b1250cc44452991b086ee030ce33c;Produto_G;2011-09-05;-290.1;USD
2cbe47e7437d4ed4a75ca698898f403a;Produto_H;2011-09-05;-41.97;BRL
a1fad9b2ce9a47a49f7a01a7fb1d0795;Produto_I;2011-09-05;-358.01;BRL
676d3833f4d84f7c94578ca56e44dd3c;Produto_J;2011-09-05;-481.99;USD
c80118f90d724bbe8e5470f266865e40;Produto_A;2011-09-06;-858.83;BRL
df6ab578b25449729aecc1e5840241ea;Produto_B;2011-09-06;-280.73;BRL
ff4cfa808ba34e5fb1313553d8414832;Produto_C;2011-09-06;-143.86;BRL
2f1aefa671ec42d1a4952d26ad69a12a;Produto_D;2011-09-06;-770.48;BRL
57539d9d88ae435fa5954bbc38a89bc8;Produto_E;2011-09-06;29.97;USD
aff7a245482d40269032347c8f51cbb6;Produto_F;2011-09-06;-824.57;USD
68be9ad8cc0c468abd28d98f48a3fa90;Produto_G;2011-09-06;-758.94;BRL
19985e95f1da4431bac86f64bce09532;Produto_H;2011-09-06;-769.05;USD
d1e9446256f94487a0e36bc2caf4fcf9;Produto_I;2011-09-06;1.97;BRL
f2ba95acddb7426c94ff1ffaeeaac589;Produto_J;2011-09-06;-144.77;BRL
77ea69a3f76e4d1d904908c873816f25;Produto_A;2011-09-07;-841.36;USD
80c0ce1b571b4285b1abb55644d8ead0;Produto_B;2011-09-07;-696.27;USD
f5e7d54f67074a3b96a7e9ae5cbacfa7;Produto_C;2011-09-07;-788.99;BRL
4d52809a5c1c4a9dbaf86b42af92daa4;Produto_D;2011-09-07;-528.29;USD
9de25b89ab59447cb6de0d9c8d2c0fa3;Produto_E;2011-09-07;-461.31;BRL
9bd50b5c7abc448e8b01ae19d9ccc8af;Produto_F;2011-09-07;-419.63;USD
ede8858e13974e67ae98481e180f0e56;Produto_G;2011-09-07;-147.63;BRL
4d6d454965da4cab9326b85485ea59c6;Produto_H;2011-09-07;-1000.0;BRL
8c4da852b17949419c334d3c3bcf76e8;Produto_I;2011-09-07;21.78;BRL
85742cbda1424e609545b94d8a8bf256;Produto_J;2011-09-07;-1000.0;BRL
52fd142cb44741b781f00853d19978be;Produto_A;2011-09-08;-558.71;BRL
e5a50b52da7347549f0a291642a04c3d;Produto_B;2011-09-08;-382.73;BRL
03064be9e9714c5298d5af999c5de902;Produto_C;2011-09-08;-506.84;USD
9bbceb8c69f147138660467b7ba38791;Produto_D;2011-09-08;-570.91;BRL
3e23334fb67d4d21ad6b280e7ceed79e;Produto_E;2011-09-08;-194.55;USD
55ad9026a002462e95dc580382cd8be0;Produto_F;2011-09-08;-360.3;BRL
e1a1bee0bc734ce9915f3f16a30e4b5e;Produto_G;2011-09-08;-356.98;BRL
7749b88c5dd8405c813482b732e6afd9;Produto_H;2011-09-08;-600.09;USD
f8d2a1d1bb25481ebf8ab2c2f2384427;Produto_I;2011-09-08;-530.23;USD
867cfa646d9042b2b40f5021a1c05dba;Produto_J;2011-09-08;-455.06;USD
2bf9cea4b0d64227b055802588bc0a6c;Produto_A;2011-09-09;-893.62;BRL
fcf4919098114b388c5751d6b9d3bc10;Produto_B;2011-09-09;-258.95;USD
5c6b88a7a36844289478c11b039ff264;Produto_C;2011-09-09;-742.62;USD
758edde724ac40e8b1b5d5b68b04cd31;Produto_D;2011-09-09;-117.62;BRL
d69a239ab0ef4e48b5530a1ed2717fc9;Produto_E;2011-09-09;-607.41;USD
5436da92298f42ce809a38128342945c;Produto_F;2011-09-09;73.25;BRL
c94938164ab741cba8a21761edca13e7;Produto_G;2011-09-09;-667.89;USD
6eb690fc0b7c4603adf07c6a8e95404b;Produto_H;2011-09-09;-178.07;USD
daa6fa51627b46dd98d7e7b818ca004b;Produto_I;2011-09-09;-256.2;USD
7b5f0d4f519e4230a7d5ecbd542fee89;Produto_J;2011-09-09;-887.06;USD
35bcc8aa18d042488308886794b77e20;Produto_A;2011-09-10;-891.13;USD
153ef399975b47a485dcc35cc8d67a00;Produto_B;2011-09-10;-461.69;USD
60dcaaf92b624cf0a532a64a7b329ae3;Produto_C;2011-09-10;-936.75;BRL
bd8c6f3546da44c2a754b97cf13ffbbc;Produto_D;2011-09-10;-795.83;BRL
98e7d741bac94278944e83abf8b8a42f;Produto_E;2011-09-10;-352.67;USD
c808cd4195444f6d89e122aa46b376cb;Produto_F;2011-09-10;-623.15;BRL
f39b893b68784380b016bf112cd67082;Produto_G;2011-09-10;-162.49;USD
6f6255a963e44ed8aec4e41df6cc5570;Produto_H;2011-09-10;87.73;BRL
0fdaf548326e48e2a3bef3cf80f447d0;Produto_I;2011-09-10;-425.15;USD
c26fbc579c3242448ddaae57260fb8f8;Produto_J;2011-09-10;100.0;BRL
cb0fdcfb96c9418aa5a13f08133ae242;Produto_A;2011-09-11;-506.34;BRL
556451138a4f4b8eae3f06629286eb79;Produto_B;2011-09-11;-112.91;BRL
030e30d64daf4abe9a9b0dc736dc6a68;Produto_C;2011-09-11;-1000.0;BRL
d2927e22eb3048c68af156bb9ee29f1b;Produto_D;2011-09-11;-78.68;USD
4907779b209d432fa9705bd3862cc596;Produto_E;2011-09-11;-271.55;BRL
e6ff3b663fc148d2860405877c63a5dd;Produto_F;2011-09-11;-402.33;USD
1dad2b8d3df9455f937ac4a2a77289aa;Produto_G;2011-09-11;-589.23;USD
afc299aba838477b84e32edc11f76626;Produto_H;2011-09-11;78.01;USD
c8106f12259e41feacce05db95d71bdc;Produto_I;2011-09-11;-428.46;USD
cba48fee15c544c18660f3b33b992421;Produto_J;2011-09-11;-563.85;BRL
2e05d06c79a849148b6ad6b2309fa76c;Produto_A;2011-09-12;-7.06;USD
e292775ed6e24647969178bec8d6a1de;Produto_B;2011-09-12;-1000.0;USD
fbf9ae66ad47458cbe9d0dbb24936f13;Produto_C;2011-09-12;42.15;BRL
44f8af6bf14f434d98657466bea525cf;Produto_D;2011-09-12;-1000.0;USD
20b4652ac14742498450f741ef559eb7;Produto_E;2011-09-12;-377.11;USD
cf530c30bbdf43828b05168b7c97487a;Produto_F;2011-09-12;-517.73;BRL
dff4d2db0d364627866dda27fec30c58;Produto_G;2011-09-12;-138.02;BRL
67d773f74624474abb3420a2f323e950;Produto_H;2011-09-12;-186.73;BRL
1ea8c8f1f13d480cae088a3e37f974f5;Produto_I;2011-09-12;-204.91;USD
6a427a8125d441e79e54a3e4a934ebe3;Produto_J;2011-09-12;-621.61;BRL
ed31c3224eb249ce96d6ab2204cbebb7;Produto_A;2011-09-13;-664.19;BRL
27e6e7f99f7f4266928c95f98015ab37;Produto_B;2011-09-13;-264.62;USD
0c489054b06540da849daf30d1daece3;Produto_C;2011-09-13;-664.43;BRL
ff7d0853455f45159b9784c80f93fcb4;Produto_D;2011-09-13;-354.27;USD
6d97b37b79ff45649ea10c57693215b0;Produto_E;2011-09-13;-94.79;USD
9f8b5b95490b429aa21c0c074bad72d5;Produto_F;2011-09-13;35.01;USD
0d7097f933a1431a90d2e01c02188350;Produto_G;2011-09-13;-157.42;BRL
2bd91dfc4f8e44e3a4156c61f813e287;Produto_H;2011-09-13;-381.14;BRL
4fe8ea85f6fb4e6e9f90737660323849;Produto_I;2011-09-13;-338.44;BRL
4b28b38836ae4aebb6ea244436e0da4d;Produto_J;2011-09-13;-542.53;BRL
319991d88f12439bb6b51567d49e401f;Produto_A;2011-09-14;34.24;BRL
c5444e07c25a4be2afaefbd01ec02f71;Produto_B;2011-09-14;-88.29;BRL
f88a76dd194946a58016c3b90b2f239c;Produto_C;2011-09-14;-701.42;BRL
f06d33edae05403fb10cbe3bf3f4bf2a;Produto_D;2011-09-14;-656.11;USD
1639349443c7418ab126672ea68206a6;Produto_E;2011-09-14;-130.53;USD
d1323129d64a4acc877575332ab071a6;Produto_F;2011-09-14;-345.17;BRL
f43befb6b3f449e2bda1c082bb53cfdf;Produto_G;2011-09-14;-447.84;USD
9edb92a0957e47778182812929b93173;Produto_H;2011-09-14;-243.35;BRL
2e5643c0827f45219b7612cdafa01b52;Produto_I;2011-09-14;77.34;BRL
8710ff9be8fe4f9b971d49eed40da658;Produto_J;2011-09-14;-259.67;USD
d2b99b3161a646458bed7ceec97af86b;Produto_A;2011-09-15;-242.38;USD
586582eab84d44c68f1a018529ac3367;Produto_B;2011-09-15;-33.54;USD
2ac388b227eb47a786413334114679e1;Produto_C;2011-09-15;-180.88;BRL
67d0ce157de94134ad950f86331819de;Produto_D;2011-09-15;-759.43;USD
cb200b3a6d09479eab199fc8c4974974;Produto_E;2011-09-15;-142.71;USD
f808282d605d4de6bde462794af9dd19;Produto_F;2011-09-15;-532.3;BRL
8e511b0dbf2843a2aae940e4b241deb2;Produto_G;2011-09-15;-45.25;BRL
63448f584ad140e79fb45abdd280f46b;Produto_H;2011-09-15;-453.25;BRL
d41392c7600b42d2ac77d4a346661012;Produto_I;2011-09-15;-37.75;USD
8b23d7e3590741fdaa60553c97691134;Produto_J;2011-09-15;-745.05;USD
f5dab5dfe9cd4115bfe3b80b09efac74;Produto_A;2011-09-16;-124.72;BRL
4df47d66ca3d45cabf9b9bcb9f1ecece;Produto_B;2011-09-16;-435.63;BRL
dd22095c90544e2ca42471f566039d51;Produto_C;2011-09-16;-67.2;USD
78f5bd7382854e3fbc4f4befc97fac2b;Produto_D;2011-09-16;-831.61;USD
1bc582b0cb17440794b4afdb05eb3056;Produto_E;2011-09-16;-71.81;BRL
0ca2b2c3b1fd488784c3146912997753;Produto_F;2011-09-16;-181.97;BRL
1b8763b9f143473a80d21822e806ec5c;Produto_G;2011-09-16;-534.94;USD
ae9d98fa9e3f4cf29d05f47c05557980;Produto_H;2011-09-16;-138.48;BRL
9d1d454d5de44cad852b7e87064227ca;Produto_I;2011-09-16;-119.62;BRL
a27e4e085d8c4826ae97608ed794a7df;Produto_J;2011-09-16;-356.88;BRL
2b8fbeab102c40369745376b4d19e714;Produto_A;2011-09-17;-132.28;BRL
eb43d518105e48cbb98aadfe0e1a9f6d;Produto_B;2011-09-17;-62.29;BRL
e1fc58ca2da44d8880db605738ccb9be;Produto_C;2011-09-17;-43.53;BRL
dbaa4e2ab4ee4c1c9fee8f19ef1b66ac;Produto_D;2011-09-17;-480.24;BRL
4efa9215c3cc4cd3903383fa27ace3da;Produto_E;2011-09-17;-194.71;BRL
53dca7aec0034944a6245906ac9896bb;Produto_F;2011-09-17;12.33;USD
4f9b21c3028b4525b2d4a3e0d2e34559;Produto_G;2011-09-17;-523.69;USD
f5b11219b3e24775b8a9299f9e31887a;Produto_H;2011-09-17;-951.1;USD
1d18307a036e45ba874a721cbaab2b9b;Produto_I;2011-09-17;-382.53;USD
04a447cc5be24c9a891900dfd3b0bbb2;Produto_J;2011-09-17;-357.59;USD
54f95a6ace9e4521815b4b80cea6cba9;Produto_A;2011-09-18;-33.5;BRL
01c439d95d4c4c268021ae238d4a9b0b;Produto_B;2011-09-18;-129.85;USD
1dc30a1dc4124a58ba5a3d668091277e;Produto_C;2011-09-18;-548.67;USD
4f2cc2a85df242e19998c28472f2c550;Produto_D;2011-09-18;-967.95;BRL
3486a3a025fe4aa3827739c23e7e98e8;Produto_E;2011-09-18;81.54;USD
93c37df9a40f44f499aa11a3e416dd6d;Produto_F;2011-09-18;-742.16;BRL
55026f66be864e9380b89b9c429b9584;Produto_G;2011-09-18;-455.09;USD
faf956ce185648b1a69640037fc9c65f;Produto_H;2011-09-18;-188.5;BRL
4576046c9613485eb2de93de06ad7c1e;Produto_I;2011-09-18;-518.32;BRL
221c44c5d8a646279544629c48116717;Produto_J;2011-09-18;-464.61;USD
472bfd86547f4902aca981d1eeb8b572;Produto_A;2011-09-19;-229.05;USD
e132a9ed3d4c406699794c44edf21a73;Produto_B;2011-09-19;-91.08;USD
02873b7813d34595965f7cfacd5a7186;Produto_C;2011-09-19;-746.59;BRL
173c820fa73f41ea8d94a0937893d5c9;Produto_D;2011-09-19;-1000.0;BRL
05deffafec9b454ea57cb9f52f9c5f96;Produto_E;2011-09-19;-616.45;USD
9c56aa51c95f4f82b849fabed0f2ccaf;Produto_F;2011-09-19;-778.57;USD
ddf4a9ee1b1d41f594ac92901b588de5;Produto_G;2011-09-19;-343.37;USD
97bc7be160754bbe97ffd6bb65c747d7;Produto_H;2011-09-19;-269.88;BRL
a9f690ec8df4437b83c1ee8a29ca5c4e;Produto_I;2011-09-19;-179.3;BRL
27c8581b247d4a989d3e6a1ca8af3165;Produto_J;2011-09-19;-733.24;BRL
bafb3d4d089948e8bf14016df8df13d4;Produto_A;2011-09-20;-864.2;USD
a1b37a42c5904fecb559e15ae9f6965e;Produto_B;2011-09-20;-187.3;BRL
3e22a309b5584b43b3c2a3a7f3789c4a;Produto_C;2011-09-20;-468.29;USD
0f79179cc4bb452f858e087eebe44254;Produto_D;2011-09-20;-1000.0;BRL
99bb65b188e042a6be6c8041a91f08ab;Produto_E;2011-09-20;-327.9;USD
236db081e77d420b889ae192b7afadbd;Produto_F;2011-09-20;-486.22;USD
4e0a9554f739435ca2148b58716086db;Produto_G;2011-09-20;34.27;USD
aa6109f99065419c9d740f313cd0acb5;Produto_H;2011-09-20;100.0;USD
8f7395f942b74a9ea0ee389d1f35253f;Produto_I;2011-09-20;-74.98;BRL
e175fb782c37402ba84b6cdf2dea6746;Produto_J;2011-09-20;-1000.0;USD
3fd9f3cb95a543d786c429320cb58d71;Produto_A;2011-09-21;-88.87;USD
c7fe9f2b9f5e4bcd97dca2a736ef9243;Produto_B;2011-09-21;-747.87;USD
2b726268eaa443d3ad7739908a096e96;Produto_C;2011-09-21;-759.2;USD
1990aeeb67a9430b9eb1be7083d585d4;Produto_D;2011-09-21;-745.68;BRL
575b79c89a4546fea825fbd207df0e15;Produto_E;2011-09-21;-167.15;BRL
61d61ffcfb5a42f1bfcc25d0dc6bf746;Produto_F;2011-09-21;-678.06;BRL
1677582865eb4fa185980c28c7544e5a;Produto_G;2011-09-21;-166.12;BRL
338697593bdf4d2e96177e513ecf4d79;Produto_H;2011-09-21;-680.99;USD
eec7481576d4495abd7a6a47966c1fe3;Produto_I;2011-09-21;-776.08;USD
a98667d4081a459294ff348a4ed9f68a;Produto_J;2011-09-21;76.6;USD
674325d1ffba4b10b2651d7db796249a;Produto_A;2011-09-22;-891.32;USD
cab5fdfc0de44b61b14751de06ef6dcd;Produto_B;2011-09-22;-466.99;BRL
3c64121f6c9b4ea2a3454fbfdd2086dd;Produto_C;2011-09-22;-719.25;BRL
34528adfe95c40b882e91fe6eaff984c;Produto_D;2011-09-22;-134.37;BRL
4792515ce31546dabf5dcf89f5ecf71f;Produto_E;2011-09-22;-257.62;BRL
e309267d5d664ecbb2b030d29f145d1d;Produto_F;2011-09-22;-429.1;BRL
e1091cbaee0540c7b39bdd54783b8862;Produto_G;2011-09-22;-42.55;BRL
0a3e9900fc954bd5a9077aaeb3d393f6;Produto_H;2011-09-22;-306.98;USD
9a7b2255247f456f9c4024c0db42b78c;Produto_I;2011-09-22;-43.7;USD
3865c12dfb3044bebbb0ec96ed624b61;Produto_J;2011-09-22;98.47;BRL
d6af9f0ac12c407d8f3abe05101e41c0;Produto_A;2011-09-23;-232.38;USD
f7a9f8aff66e461ba98686382e086869;Produto_B;2011-09-23;-621.19;BRL
722df0265732484db5a48d37ce5fab6c;Produto_C;2011-09-23;-518.14;BRL
d826f8e7997b46f69d24d79ec9031fd7;Produto_D;2011-09-23;-750.74;BRL
3a310223cde94066bc08218a224f6712;Produto_E;2011-09-23;15.21;BRL
8bdbc703f5234d42b0206103578a7e85;Produto_F;2011-09-23;-570.79;USD
ac913764e76442ac8638f6e2c76e216f;Produto_G;2011-09-23;-470.42;BRL
2e060360c612400c90d98b2b1060760b;Produto_H;2011-09-23;-239.45;BRL
cbe04513ff114885a21d0da076537993;Produto_I;2011-09-23;-29.0;USD
872e4c444dd64f73b3c86f99c3a7214f;Produto_J;2011-09-23;-720.52;USD
25a613047d55406f8b3a6d98c3be0bcd;Produto_A;2011-09-24;-96.82;BRL
fb30453eea5145c098fd693b863666b3;Produto_B;2011-09-24;-691.11;USD
6ff5e09027fc441693e1744682310bca;Produto_C;2011-09-24;-772.35;USD
bef3feb35c6b47059e2d5a5b2f16cbfd;Produto_D;2011-09-24;-254.31;USD
cd7b0da3e6d24fd8a28e5d7950f90035;Produto_E;2011-09-24;-562.76;BRL
306656270f8744908b63fefb476d68ce;Produto_F;2011-09-24;-820.91;BRL
16131c280f914478929d97eb56780317;Produto_G;2011-09-24;-8.43;USD
c0cda62799a24957a17202ced509f773;Produto_H;2011-09-24;-1000.0;BRL
ab491324aae14dc8a1ce253367e19972;Produto_I;2011-09-24;-835.25;BRL
fc17084d07014cac87e5f417da5bab93;Produto_J;2011-09-24;-492.85;BRL
821566868c994ff48a365987817e5282;Produto_A;2011-09-25;-420.38;BRL
78ba058621c74909a16e9004557785f9;Produto_B;2011-09-25;-267.78;USD
9d3fd762cfc646138dfac26aac4a237c;Produto_C;2011-09-25;-896.04;USD
5a6d2bcd0e634091b43da32a312bb5a9;Produto_D;2011-09-25;-389.27;USD
c56b083a79dc432189a335a22ca26380;Produto_E;2011-09-25;-376.87;BRL
0a39d6f031344870a111c8f229388548;Produto_F;2011-09-25;-760.5;BRL
d1bdd7b88d734371b0e2016cf97fa329;Produto_G;2011-09-25;-595.03;USD
511dd1ad44e94400a27b0aff802948a8;Produto_H;2011-09-25;-1000.0;BRL
c2b40905913f43ac87f0593b1e17d583;Produto_I;2011-09-25;-407.06;BRL
93cf99d2169a4c21b508c1891f755e09;Produto_J;2011-09-25;-441.61;BRL
cf60314a2090421397af2a16706709e8;Produto_A;2011-09-26;-459.22;USD
aa37ac4fff274e78873ff37644e3395a;Produto_B;2011-09-26;-1000.0;USD
35213324d4f346fc9e9aab2281c00b79;Produto_C;2011-09-26;-762.19;USD
28beb0dd9c4040b09172bbe0dc4b06ad;Produto_D;2011-09-26;-978.18;USD
fb0d9039c0114d7daabfe75769280f2d;Produto_E;2011-09-26;-343.18;USD
005e35bb693d4dafa26e0266eff0dbe9;Produto_F;2011-09-26;-550.46;USD
fce6748f926a443c892cb12ee2f77294;Produto_G;2011-09-26;-244.5;USD
4b4c1d7a515448f6a124c5c08d529043;Produto_H;2011-09-26;-866.89;USD
eef36d5ed2ef4159a63ad279a01ce9be;Produto_I;2011-09-26;-218.14;USD
894d07a4e4f74b859cc890a581403c43;Produto_J;2011-09-26;-839.96;BRL
a625f24372e840db863a38101ac6a3a7;Produto_A;2011-09-27;-604.94;BRL
34e1ea88ebf44d2ca380e3a6ce6124a9;Produto_B;2011-09-27;76.84;BRL
72c99929629540f091472c6bb4300c30;Produto_C;2011-09-27;-291.37;USD
2b1689548d78400db456e673d05ea93c;Produto_D;2011-09-27;-629.9;USD
1e41f64c893b489ca9a25238227daf3d;Produto_E;2011-09-27;-16.64;BRL
823f7b8a35b146e3a7aecfa11a0191d8;Produto_F;2011-09-27;-670.98;USD
8948929be6b342a09deebd53b2a6275a;Produto_G;2011-09-27;34.26;USD
ef84993baf59497b870330e0fe24ba20;Produto_H;2011-09-27;71.39;BRL
a2c6bd57fbed4803b578e1d760283324;Produto_I;2011-09-27;-630.92;USD
fc338d8e2268443e812c43258d3cf82a;Produto_J;2011-09-27;-829.94;USD
78675712722443a5b0c3911bbf2db7f9;Produto_A;2011-09-28;-482.75;USD
c4a72e6648f14d669f5c00134a19fd31;Produto_B;2011-09-28;-321.32;USD
2d99b84245e245c6a8ac1acf36947376;Produto_C;2011-09-28;-1000.0;USD
8823e128832249dc9b1ae3946235022b;Produto_D;2011-09-28;-969.42;BRL
ff9742231d204a949b5b406843a05632;Produto_E;2011-09-28;-512.91;USD
5618ebb95e3d4e22895da9bf6db5cd1d;Produto_F;2011-09-28;-111.62;BRL
bdbfdfaf2d14464b9c66c279215dd7e0;Produto_G;2011-09-28;-492.7;USD
22ec841ee06e42d7b711d2dd60bb4710;Produto_H;2011-09-28;-670.35;USD
b439141fb10f4cb692487f183c8ca991;Produto_I;2011-09-28;-1000.0;BRL
0405d1700ac34472aba6a215f395e40c;Produto_J;2011-09-28;-99.81;USD
b6be9cab9da249b6b8fef92cb64ca237;Produto_A;2011-09-29;-818.01;USD
fa4096e61aea4b2280003aea4e7a3d87;Produto_B;2011-09-29;-769.84;BRL
bde015e56df9451998cf857a25bdd458;Produto_C;2011-09-29;-333.41;BRL
f6deaf1a6cc7419295b212ff27540f22;Produto_D;2011-09-29;-762.53;USD
f249fa6bce9f4856b7b2056db00df3cc;Produto_E;2011-09-29;-730.63;BRL
ac23a400bf944f0993ad16323341c83d;Produto_F;2011-09-29;-366.09;BRL
95207d070dfa48f6853c2327575a6c48;Produto_G;2011-09-29;-276.17;USD
81668fbbad434cd98ceb195b1e783d1f;Produto_H;2011-09-29;-91.61;USD
fac4d4a6c0f34b099d73be14562f8603;Produto_I;2011-09-29;-252.37;USD
30c2f37368e649ee9c2584c57e6cdbe0;Produto_J;2011-09-29;-301.01;USD
a57edbf592ca4b2ba0faed667fe15512;Produto_A;2011-09-30;-586.45;USD
2adfb3a56a924653b0a106e4641ac4ec;Produto_B;2011-09-30;-633.35;BRL
3b837cd0f9b54dc4a1b576d88b9ef758;Produto_C;2011-09-30;-506.89;USD
392939c9acd8457fa94c794bb88e6ccc;Produto_D;2011-09-30;-689.92;USD
73553d53551146eab59ccbda23be8abf;Produto_E;2011-09-30;-734.75;BRL
e830845659534dec874d3658241fab87;Produto_F;2011-09-30;-639.97;BRL
1c2f594a35b144a08d84936ba86619a6;Produto_G;2011-09-30;-453.27;BRL
36a72662ff8a479397e1e832a8325839;Produto_H;2011-09-30;-255.17;USD
daea0ceadd4f445ba7a3ac9376971aff;Produto_I;2011-09-30;-192.14;BRL
8f5a3b5cdd804a3f892ade4135c5948a;Produto_J;2011-09-30;-913.8;BRL
639054c188e14c96afa679f5fd10b989;Produto_A;2011-10-01;-654.51;BRL
7a85dde377f3422fb734634aeda6c5eb;Produto_B;2011-10-01;-770.82;USD
489fd91a6f764cc190d8c533d8618025;Produto_C;2011-10-01;-951.57;BRL
22455ae0504345ce9d05b18e1139d804;Produto_D;2011-10-01;-563.23;BRL
79b3c4ec95984702a7d009a277031fef;Produto_E;2011-10-01;-663.47;BRL
f576519cba1649c4b7b634e7bca82b62;Produto_F;2011-10-01;-413.57;BRL
077469e583154a33b28cec7823186ef8;Produto_G;2011-10-01;-101.19;BRL
ed400022b9cd402a99961e160e7231f2;Produto_H;2011-10-01;-602.73;BRL
2cff143a7254430e80e7992055dd251f;Produto_I;2011-10-01;-196.57;USD
54947c1e05e8448eb91f28c808d31f13;Produto_J;2011-10-01;-244.38;USD
746afd731c7349e980df9e5fae6eb9c7;Produto_A;2011-10-02;-550.13;BRL
bb7550c2ba07410184452d0a693c8fad;Produto_B;2011-10-02;-1000.0;BRL
e1c9f98cecb541d6bafe7edc9a0b32b1;Produto_C;2011-10-02;-819.03;USD
da06a28382cc40c7b4f36b6fac8c1e7e;Produto_D;2011-10-02;0.43;BRL
422b7a85e73549cc80c6575f1619926c;Produto_E;2011-10-02;-124.41;USD
edbdc298750d48a98f786f4fc97fbf09;Produto_F;2011-10-02;-620.48;USD
41a9bac5a1a2459b9b88e6c0cfb52a08;Produto_G;2011-10-02;-218.86;USD
546c8f6611144c6bb481c61cd5fb0f81;Produto_H;2011-10-02;-105.75;BRL
7a7c611c6ccd430081cd11279070797a;Produto_I;2011-10-02;-480.25;BRL
2ed50ab8588d4f8f94b0abb1a9338bc6;Produto_J;2011-10-02;-918.74;BRL
d5a3ebd7c7e8424eb6a527be431c415e;Produto_A;2011-10-03;-215.87;BRL
ddcb4c99ea9d41a49595c4235b7369df;Produto_B;2011-10-03;-680.51;USD
eae863f34da043be9d2e60f93427181e;Produto_C;2011-10-03;-987.87;USD
0649373cef484a2fb5b2c5b7b5d025b0;Produto_D;2011-10-03;-67.9;USD
0a4c996b81374faf82faec388542b6d6;Produto_E;2011-10-03;-201.46;BRL
93efcdf881e54f468de1c2b5a30235e2;Produto_F;2011-10-03;-677.56;BRL
eb4c4611c9804e3d9124acabefe8fd12;Produto_G;2011-10-03;-615.83;USD
b202211a242e4b9b9c33014ea8d945f5;Produto_H;2011-10-03;-820.32;USD
8a69706e2a0d43599a8b981b1ca07c64;Produto_I;2011-10-03;-600.26;USD
e68784ffe3ab437a8f9e20cba1eb2975;Produto_J;2011-10-03;-633.97;BRL
43544ad5dc694b45844efd7bc906a843;Produto_A;2011-10-04;-596.74;BRL
d31416ca065047eda739f6306de44abe;Produto_B;2011-10-04;-649.63;USD
2eee1bc0cdd040fc95e4af7ec44a799f;Produto_C;2011-10-04;-1000.0;USD
d0f70e5567914c098811ddeb396f762c;Produto_D;2011-10-04;54.8;BRL
0bcbe5b6a3a04d8bb5991ba13ca6391a;Produto_E;2011-10-04;-194.67;USD
978507150c3443a29c77e308924cd045;Produto_F;2011-10-04;-559.43;USD
a1c7925f9d9a4367b5e515f2ebef4225;Produto_G;2011-10-04;-533.8;USD
8e15f68d20e44106a3cf389ea26aa1ec;Produto_H;2011-10-04;-140.92;BRL
c6e1fc6d7bf54108bb4f03bd036a5cd0;Produto_I;2011-10-04;-1000.0;USD
4d6f2f8d5c02435e8c56f322cc7f9b9f;Produto_J;2011-10-04;-128.77;USD
c9281821dbb647e2a4817191fbdfc6bd;Produto_A;2011-10-05;-438.69;USD
5454dc338c874becaf3fd539ebc39d1c;Produto_B;2011-10-05;-325.07;BRL
99d45e5f0dd347ad9dcfe2b42baa0166;Produto_C;2011-10-05;-953.76;BRL
171def1bad214130817231da217695d6;Produto_D;2011-10-05;-862.07;USD
099ef0a098e7468e99525b9c283bc165;Produto_E;2011-10-05;-115.4;USD
1ae0ad7a19964387971df3397afe3392;Produto_F;2011-10-05;71.11;USD
b609fe19c492458c889f646908e95c21;Produto_G;2011-10-05;-607.12;USD
7837116102f341f38a93d769943d5609;Produto_H;2011-10-05;-517.69;BRL
9b1bc6c616aa45419e9d0069c527fbce;Produto_I;2011-10-05;-762.47;BRL
827f81a7876d44749f478d1e353489cc;Produto_J;2011-10-05;-255.01;BRL
af5fa48b67de45449f6b7ecc4b24d060;Produto_A;2011-10-06;-357.14;BRL
c713c9ccc9884c09877b570cdde145a7;Produto_B;2011-10-06;-9.39;USD
c388773f2a614f409a5417a3d1f9b445;Produto_C;2011-10-06;-328.28;BRL
e2ca4836d81743b4a2b5c5c072529f85;Produto_D;2011-10-06;-737.16;USD
dc272cdefbb349ff8dac61de10973677;Produto_E;2011-10-06;-595.75;USD
d407cc76fb874f42a2e79d549003531f;Produto_F;2011-10-06;-500.87;BRL
82dfa826ef7a422597827aff6df41f4b;Produto_G;2011-10-06;-517.29;BRL
fb80c6af9ebd446f9ebbcb185fd8cd82;Produto_H;2011-10-06;-1000.0;BRL
860b35a57dcc4350bdab5a5f133f718c;Produto_I;2011-10-06;-797.14;BRL
c9d12805d9e14c33b8e4b57a703b4890;Produto_J;2011-10-06;-627.13;USD
5315419588da48c0a34e0e6d718d48c6;Produto_A;2011-10-07;-467.84;USD
5e705bca780246f89bf93f7fdb5aa60f;Produto_B;2011-10-07;-301.1;USD
5ae0667497c540e38aa15b897ba7a590;Produto_C;2011-10-07;-919.69;USD
980d3b17ddaa4469a1cbc5df0ddd606d;Produto_D;2011-10-07;-558.77;BRL
53f0c9bc6a904bf0a87fecd3033475ee;Produto_E;2011-10-07;35.49;BRL
c80e5fcc3e764b0b92845c8cf31ee49e;Produto_F;2011-10-07;-293.2;BRL
8c6525d930a24fe08fa051f4a0c635db;Produto_G;2011-10-07;-497.18;USD
19933fb434654a118e513a43da09a90c;Produto_H;2011-10-07;-243.94;BRL
0ff713d2b95f430d8c6b105046370ba0;Produto_I;2011-10-07;-688.82;BRL
4587708f548642cf8e4127ffc46ebac6;Produto_J;2011-10-07;-1000.0;USD
98ffcc03dbbf4680882e052c23dc6f48;Produto_A;2011-10-08;-472.72;BRL
e369dd7649d34be68a2d60e8de04fc31;Produto_B;2011-10-08;-669.12;USD
f708e93c9a9646ad9ed5ffbe48bfeb50;Produto_C;2011-10-08;-645.7;BRL
fdfc1a8e17bd40fd9653931fca5b1fd4;Produto_D;2011-10-08;-732.15;USD
e49c662b59244102b5479893021361db;Produto_E;2011-10-08;-428.48;USD
7a00a0268b644d578ddc8d3885ba79f8;Produto_F;2011-10-08;-537.38;BRL
6c049f9588994a769f79565904a4ab1c;Produto_G;2011-10-08;-413.21;USD
e51ccf4c8da246e48f74dd554f3a1525;Produto_H;2011-10-08;-11.53;BRL
e12c1bbb487c40e4bcd4b91adcb56c50;Produto_I;2011-10-08;-191.36;USD
f416046ea3134e0ea1b3793ca8e3d165;Produto_J;2011-10-08;-617.23;USD
2c657f67e8e74bb395f5d9216886fa74;Produto_A;2011-10-09;-132.34;USD
ac7f780fd1b9441c891cfca83a7ba0b8;Produto_B;2011-10-09;-542.82;BRL
772ba26f994949eeb013a24d7469fa51;Produto_C;2011-10-09;-133.85;USD
f62364de2bac40fb98bcbcb26e8fda1b;Produto_D;2011-10-09;-469.7;BRL
679c629f06e74a1e8f51aa5ddabf38ad;Produto_E;2011-10-09;-825.61;USD
c578fbc1c9784249a0e5326fcaca4280;Produto_F;2011-10-09;-40.1;BRL
b8807077940f4835a3f2f96028e6baa7;Produto_G;2011-10-09;-303.51;BRL
f80f006bea6742f4957f40f4f40a5cb2;Produto_H;2011-10-09;-899.51;USD
6c56fc2413fc49cba18075bb95aec9c5;Produto_I;2011-10-09;-752.69;BRL
f7a72b9fbb05442db0eb8f73c55a57eb;Produto_J;2011-10-09;-925.75;BRL
4655e28f624d486db79030ab82382be0;Produto_A;2011-10-10;-422.96;USD
8910c99f03f948ccb2e78fcec5ccaf48;Produto_B;2011-10-10;-236.14;USD
d6fad0daee424b818019b3b2db2f814f;Produto_C;2011-10-10;-907.67;USD
ee2afce63ccf4f48a86dcd2273f5dc2a;Produto_D;2011-10-10;-133.99;USD
9829900d900b4490adedb38ad8edf034;Produto_E;2011-10-10;-406.92;BRL
16e893efcf7f44679c464dc704b5eee2;Produto_F;2011-10-10;-118.42;BRL
00982d798b1d4b6e9665f13988c13090;Produto_G;2011-10-10;-660.55;BRL
7661e20c1bd64af498b3cf1de232e6f5;Produto_H;2011-10-10;-744.75;BRL
acaae629974946e182210c66417772a0;Produto_I;2011-10-10;-814.25;BRL
f628cee055df4567bb15f55cd3a85746;Produto_J;2011-10-10;-945.09;BRL
d6a738c093c545c1b27f443e1d1a6128;Produto_A;2011-10-11;-794.6;USD
ae352f57b25044649d8a64b142bbbbf2;Produto_B;2011-10-11;-90.4;BRL
21c9f60fa757454dbaa89922bc362b11;Produto_C;2011-10-11;-154.87;BRL
55299ed4b08140f18cd69ead2ea76a99;Produto_D;2011-10-11;-554.65;BRL
657a25eac91e4e1c83d038ed88e44d44;Produto_E;2011-10-11;-202.86;USD
71b4267c1b094c2988ba6c070d0a26cb;Produto_F;2011-10-11;-261.52;USD
ce790dd8b2244a61a4465293fdc1a1e2;Produto_G;2011-10-11;-232.46;BRL
b21a71059507495b8d2939588ec2236d;Produto_H;2011-10-11;-629.75;BRL
72cd6ab791c846e8a6c2d7a3214f0a6b;Produto_I;2011-10-11;-66.1;USD
6e082283b9cd48a088e3a288083530e2;Produto_J;2011-10-11;-93.84;USD
ca97aa65cdb44065988262e2bf3ca5a3;Produto_A;2011-10-12;-227.98;BRL
215b0cbe9e4c4d5fbb229abc9cb541be;Produto_B;2011-10-12;-321.84;USD
ba68724c7225425098f0183418497424;Produto_C;2011-10-12;-1000.0;USD
9de34b3808d04208a9d898a70850a67f;Produto_D;2011-10-12;-78.11;BRL
67c8c98a9d334ae9bddedb42397b704f;Produto_E;2011-10-12;-731.02;USD
3ef3ff06191a4915b9e89be63712c385;Produto_F;2011-10-12;-117.96;USD
4a96d7d03b1847c9a2415d850430bf27;Produto_G;2011-10-12;-589.1;BRL
b19d00089ec5451c89325b6dd326c9a4;Produto_H;2011-10-12;-860.98;BRL
fdfe78843d794fd09cdd002df48472b1;Produto_I;2011-10-12;95.43;BRL
8b7ade5dba1e4df6aa60e1b33a8469ae;Produto_J;2011-10-12;-326.76;USD
8673a585f591471db6f8b44034a12cfe;Produto_A;2011-10-13;16.68;USD
f5a50591286f46a5a8698c9a228bf232;Produto_B;2011-10-13;-247.1;USD
2f1996bd21074bd7a36d070a1a101def;Produto_C;2011-10-13;47.12;BRL
82dca74046c14bc89d7e111d9180cc82;Produto_D;2011-10-13;-639.1;BRL
30a1160624004dc09b7c51829d292ec2;Produto_E;2011-10-13;-250.51;BRL
147774d101d84521bc86bd424922c39f;Produto_F;2011-10-13;-139.95;USD
1f7795dfb07a44af9550a09124057518;Produto_G;2011-10-13;-624.43;BRL
01628fcfd1e042eebc718e63f9185a11;Produto_H;2011-10-13;-112.51;BRL
4a604b1ebec54e6a98ece2ee0e9a7f99;Produto_I;2011-10-13;-847.6;USD
bf731805c83842aa9b060f5bb1aca1ff;Produto_J;2011-10-13;-276.62;USD
b9f77e61ccfd4caaa65f45a620df9721;Produto_A;2011-10-14;-458.01;BRL
adda4db3935e45c5981618dc46bbc2b3;Produto_B;2011-10-14;-879.26;BRL
9d605712a6ad4af3bc2f68ab587da8ae;Produto_C;2011-10-14;-626.05;USD
773b6069be1c4980824ba6dd659b8ff0;Produto_D;2011-10-14;-926.33;USD
0a6d6e58ecdc47bd9c97e23a6130cbc9;Produto_E;2011-10-14;-470.26;BRL
807c9a39ed3e46f0b9e62ce09ebf935f;Produto_F;2011-10-14;-434.85;USD
ee55360148444e698408c2390057e60e;Produto_G;2011-10-14;-314.27;BRL
71837461dd9943cab4b3486a9d6a33cf;Produto_H;2011-10-14;-325.64;USD
21ad27efdc574fe89bb1de22b55e5501;Produto_I;2011-10-14;-806.54;BRL
2117ebeabb5e4b4eaa960ef9f1df76d3;Produto_J;2011-10-14;-1000.0;USD
98e97ecbfbce4381b4b26e1e7ef6c46a;Produto_A;2011-10-15;-676.58;USD
4715859973084000bdc06f259cfa9844;Produto_B;2011-10-15;-437.41;BRL
815c24e4cb564c0080083b9d7d66b906;Produto_C;2011-10-15;-791.24;BRL
a3918ae01c0548f28a1f6af119c9fbcf;Produto_D;2011-10-15;-227.46;BRL
4c32b272ae024a1397a66e1abcabdcb9;Produto_E;2011-10-15;15.17;USD
0f4235fa351e4cb6ba489e65fc6de50c;Produto_F;2011-10-15;-529.77;USD
09784442ee7f447eab03efcc6f725b6d;Produto_G;2011-10-15;18.22;BRL
0d752e81b23f4016ad264b20efd278e0;Produto_H;2011-10-15;-172.98;BRL
dffcd3348c5a49df98934d5d51503df5;Produto_I;2011-10-15;-899.35;BRL
ecc04f5eac8e4b92ae3d90c5d28335cd;Produto_J;2011-10-15;-733.2;USD
43b256ca495c40d7ad435727aaa19336;Produto_A;2011-10-16;-123.12;USD
8f0ac91aa78b4129aec11da9bcc3d514;Produto_B;2011-10-16;-879.64;USD
6f68219a87e24aef9900388d4869f4a6;Produto_C;2011-10-16;94.88;USD
cd061b3d7bff4ab1be743b533866044e;Produto_D;2011-10-16;-749.74;BRL
ee4521fd17a34002a1c918c8b5372213;Produto_E;2011-10-16;-73.61;BRL
03964ef85bd84b1dab619b12c6aae848;Produto_F;2011-10-16;-752.22;BRL
9f31e7f31aaa48ca8982e52d816ec4a3;Produto_G;2011-10-16;41.15;USD
02033ec8c6ac4cc9aa75837cc5700f88;Produto_H;2011-10-16;-187.67;USD
b332b428f7ea4698bb102f96199bc8e0;Produto_I;2011-10-16;-518.53;BRL
af916a92af8d45febdd6d7bd79db85b2;Produto_J;2011-10-16;-770.44;USD
a12d17bfe1454317a3ebafe5bd4e9b7a;Produto_A;2011-10-17;-281.17;BRL
e80e157412ee4f1f9aacaafae35b72b0;Produto_B;2011-10-17;-62.31;BRL
26dc9ac82dbf4db8b625df6d1c2e1bb2;Produto_C;2011-10-17;-872.43;USD
a460120be11c41359c14e6d58e1aac8b;Produto_D;2011-10-17;81.83;USD
c3063df3d58842ba8b8633b69bd0aaa0;Produto_E;2011-10-17;-394.73;BRL
93c4958a80014a0984a349563b40bdc5;Produto_F;2011-10-17;-465.49;USD
7e076e70a9f440b0840aa565cb1497fb;Produto_G;2011-10-17;-212.37;BRL
82e9fd01a5c84861b5ec84cca3d32a4f;Produto_H;2011-10-17;-858.81;BRL
18268d4741cf42b8b3a86eeca93010aa;Produto_I;2011-10-17;-862.69;BRL
36a49e9f1c35471d84f1b88d3fb0a48f;Produto_J;2011-10-17;8.9;BRL
367007755abc4ea4ae488a97bf9fafea;Produto_A;2011-10-18;-921.86;USD
685603421a6c40699079a50df25782c2;Produto_B;2011-10-18;-161.54;USD
4af633c185194f0facbb5d778ecfbfe4;Produto_C;2011-10-18;-220.22;BRL
9274a873668f414ba1312de04a3187ae;Produto_D;2011-10-18;100.0;USD
fdcdd8cbbc2e44898956fcbba0ad0ca6;Produto_E;2011-10-18;75.14;BRL
d5eb13b3ee634c5a898ef1e1e81236dd;Produto_F;2011-10-18;-78.09;USD
82d70443ad6d4cb0b36903fdfd8a57dc;Produto_G;2011-10-18;-680.15;USD
408aa50d7f9645d3bf1f9b6c3d5cdca4;Produto_H;2011-10-18;-122.18;USD
29fda32ca7964c3aa22ce87f27487299;Produto_I;2011-10-18;-625.69;USD
93030db9f55149369f4eb46918c5537f;Produto_J;2011-10-18;-1000.0;BRL
af2c95b590fc4a5b84546aae3b417b06;Produto_A;2011-10-19;-271.3;BRL
52bf9f8881114dfca20f28e87387b407;Produto_B;2011-10-19;-514.26;BRL
8ea8956db08c4cc3ab2735a7321f75d0;Produto_C;2011-10-19;-411.4;USD
abbc5e23720c458c8a56d173607db8e1;Produto_D;2011-10-19;46.74;USD
5d484d8ef8714301bf1918c2d9874934;Produto_E;2011-10-19;-756.49;BRL
d49768957ec74e0783e6677f55c495ec;Produto_F;2011-10-19;-522.0;USD
04b77ef9800f4b14971e3e6a9c8397a4;Produto_G;2011-10-19;-646.27;USD
43f5948cdda2459cb624d0f13c91e14f;Produto_H;2011-10-19;-706.13;BRL
ddc351b7a0834a7dadd3e6d93b32a85e;Produto_I;2011-10-19;27.95;BRL
8730f85518534eb692ecef27733ac958;Produto_J;2011-10-19;84.08;USD
110ed455352b42508d5f097ac80d4834;Produto_A;2011-10-20;-932.09;BRL
def233c438034249b3e5342819735c8f;Produto_B;2011-10-20;-773.69;USD
f8cad02772ea4f368b31984099bb872b;Produto_C;2011-10-20;2.1;BRL
72bdb4882a66411698853d596c58d265;Produto_D;2011-10-20;-162.34;BRL
2eed69c4122d4a40ae60965539064934;Produto_E;2011-10-20;-357.27;USD
3df2840b224c4e3ebf9acec6d2987983;Produto_F;2011-10-20;-299.94;BRL
2f8022cddda240e98c955a7dbc9e842a;Produto_G;2011-10-20;-265.65;USD
cd4a5ae31e0e43389104e9f9deed659a;Produto_H;2011-10-20;-537.2;BRL
93777dd5c70245a8993c8cc40e21e5ea;Produto_I;2011-10-20;-620.39;USD
e4a8db7b7be64b9fb82a10b7b68b7268;Produto_J;2011-10-20;-212.15;BRL
4b8fc39ad903490aad8351323a8fe14a;Produto_A;2011-10-21;-501.29;BRL
57c69feb32fa4bbe93f00d089c31ab52;Produto_B;2011-10-21;-466.94;BRL
0e401761184947c1a266f873eb015579;Produto_C;2011-10-21;33.21;BRL
aaf1ad6c8c514e1f9b8280291018bff2;Produto_D;2011-10-21;-225.03;USD
7591850b8b3040ed8419f91a9110691f;Produto_E;2011-10-21;-16.22;BRL
a86957cc3d614ba6abe5c992c101edec;Produto_F;2011-10-21;-663.7;BRL
431d4db0bded41d385898033d969cc41;Produto_G;2011-10-21;-525.45;USD
9da5551ea5644b3fad831df9848530e7;Produto_H;2011-10-21;-922.35;BRL
a322c35585c34b358f7fdd7e535d467a;Produto_I;2011-10-21;-112.36;BRL
263bb227bb554d6cb4c81d07c32c548c;Produto_J;2011-10-21;-195.3;BRL
2a852e47d52d42e79c0b8d8057fd5c14;Produto_A;2011-10-22;-833.92;BRL
b72953288e644811b0e6df8015f60de8;Produto_B;2011-10-22;-452.64;BRL
6ee9c488a6be48d5bd111ae2b6b52043;Produto_C;2011-10-22;-95.96;USD
7d2bf85106144f1faae4c6ef9fa4e1f5;Produto_D;2011-10-22;-192.02;USD
4965a41b090c4b00af92096118e5971d;Produto_E;2011-10-22;-488.27;USD
284ca7f5b0014ff6ad1b5ac4f4eefd33;Produto_F;2011-10-22;-453.43;BRL
0cc929c6a38e43f3a6da8dc3bc3725a4;Produto_G;2011-10-22;7.08;BRL
afad84cc4ed847a5aca9f2893d8ccd8b;Produto_H;2011-10-22;70.79;USD
a072b4a9759e41aa8066b36b693ba543;Produto_I;2011-10-22;-1000.0;BRL
48f6d9ba0190408d84b5610091fae620;Produto_J;2011-10-22;-399.88;BRL
6dea9e50cbc34607af57cd9980a899bd;Produto_A;2011-10-23;-598.95;USD
fb0f394b2c534bc9be87976db4e14aad;Produto_B;2011-10-23;-1000.0;BRL
c4c1ddff9e5a4565b442a64ba095aa13;Produto_C;2011-10-23;-371.57;USD
0477d66ede804d5d8e07fad7a641cad8;Produto_D;2011-10-23;-876.38;BRL
53bbf4797bb0493d9eb4a5ffb25e213a;Produto_E;2011-10-23;-716.42;USD
a001f8f37391449cba9d8fff71166681;Produto_F;2011-10-23;-493.61;USD
047850210b594e4082996f3bd68cafdb;Produto_G;2011-10-23;-407.18;BRL
5f33fc5aaf7e4639b668ae594e6444bb;Produto_H;2011-10-23;-476.14;USD
38d3e5f59cd448228308eb4608381c58;Produto_I;2011-10-23;-351.48;USD
6eedc7610ec941359ecd8eebce020b17;Produto_J;2011-10-23;-330.51;USD
20c015a685ec480cbe526951a977101f;Produto_A;2011-10-24;-842.57;BRL
6f3250cdb44648be9450d3f021e6569e;Produto_B;2011-10-24;-353.04;USD
51dd8d74a2e8479db738cccf80d0399b;Produto_C;2011-10-24;-90.67;USD
c0847b9046074d2aaf8860b79ed69959;Produto_D;2011-10-24;-689.96;USD
f4c8a8da597548ae93de05d9e0cf9362;Produto_E;2011-10-24;-734.16;BRL
6bce15a1b4bc4122b60d257654a381cf;Produto_F;2011-10-24;-9.97;BRL
47fa56a72a064d6d8f9969e18cfd2bca;Produto_G;2011-10-24;-518.95;USD
12255403b3c641bf977f44f99dec7096;Produto_H;2011-10-24;-158.98;USD
8c690a2c5c8b4e2c886bec8afaa8a597;Produto_I;2011-10-24;-268.06;USD
9161bb9dfc784fa3a709d39153125623;Produto_J;2011-10-24;-103.36;BRL
07c182611e4848669ca20a36ea638f0b;Produto_A;2011-10-25;30.41;USD
11bbae26523e4a61a69140308654533e;Produto_B;2011-10-25;-1000.0;BRL
12e6043409cd4aee8296dc3ed30c093c;Produto_C;2011-10-25;-304.14;BRL
b827a4fbf30f4cbe8325a8e7104940a0;Produto_D;2011-10-25;-943.88;BRL
22987b7c51d84660952e658656f2af70;Produto_E;2011-10-25;-526.63;BRL
0c23881f8a4f4490ace73303284ec5aa;Produto_F;2011-10-25;4.17;BRL
eac8464782d4475bae172d3e14af1e39;Produto_G;2011-10-25;-401.86;USD
823367d1d6e7422689482728a8195ab7;Produto_H;2011-10-25;24.75;USD
1184667134ff49f6a3052c67ca0c9101;Produto_I;2011-10-25;-603.18;BRL
d13205fb39144a0b854e37968709e117;Produto_J;2011-10-25;-135.94;BRL
aa69bf2c75da498bb6fe18a40fb839e6;Produto_A;2011-10-26;-576.96;BRL
b68d11f503684b3d872ad890bb9689a6;Produto_B;2011-10-26;-250.52;USD
e08353866e7641ccb89945c45e4b04c9;Produto_C;2011-10-26;-297.31;BRL
57c5991753d64161a5d6169d15d513fd;Produto_D;2011-10-26;79.16;BRL
4a6460f608ef42189091d0c13cd5c5c3;Produto_E;2011-10-26;-308.22;BRL
479f0c9a6ed9481586c6e52cc3e3ee40;Produto_F;2011-10-26;-47.0;BRL
9fe2c59ef30c47dfafac6e7908cd9c7d;Produto_G;2011-10-26;-357.6;BRL
ade44dba162e45a783fba68f828b6892;Produto_H;2011-10-26;-223.17;BRL
082e1122fd144a32bb717976c8dd8a3e;Produto_I;2011-10-26;-923.87;USD
4be6adb4ff714d198ad1e6eaba8f110b;Produto_J;2011-10-26;-735.17;BRL
646c324e2e1549fc930eda43276c2297;Produto_A;2011-10-27;-868.58;USD
35ceab8508e44c47b4fc4a391402d7f4;Produto_B;2011-10-27;-104.45;USD
b20ef5d96d9f43f687a178e7d538e1ab;Produto_C;2011-10-27;-1000.0;USD
0f93de2ddd044054a673288c9e87a9eb;Produto_D;2011-10-27;-76.34;BRL
1c8e3523c52f42e5af32a6b46fe1c308;Produto_E;2011-10-27;-385.95;USD
972762512df346f78888afafe5c55004;Produto_F;2011-10-27;-470.32;USD
618cd031d7cf49cbae70680a66adf4b7;Produto_G;2011-10-27;-235.52;BRL
62ffcbd634cb43439f2136b5ae5b999e;Produto_H;2011-10-27;-428.94;USD
2922e09b98904aa89eac92140239f503;Produto_I;2011-10-27;-690.0;USD
ef254e3920d0493d9620e98a9d988f43;Produto_J;2011-10-27;53.53;BRL
f6d266c317ca41e1be20c1cf40682a4f;Produto_A;2011-10-28;-361.73;BRL
d30b8deeb2b6434b96a3cab31be3b930;Produto_B;2011-10-28;-579.42;USD
993939872ee9435782caff9f6a30c9f8;Produto_C;2011-10-28;-1000.0;BRL
22a2da396330426a92cdaac067d7b596;Produto_D;2011-10-28;-957.4;USD
1fccb86079b9495c8a1b877565ae5f3d;Produto_E;2011-10-28;-531.87;BRL
f58066132a0f4ebebcd2f2d6aae26532;Produto_F;2011-10-28;-386.2;BRL
2708abb29379468aa18cae996095a13b;Produto_G;2011-10-28;-672.25;USD
01651f04a68e4c57b9efddacf82861ec;Produto_H;2011-10-28;-991.25;USD
e3c75a419c644f2c9de34129dd0d4254;Produto_I;2011-10-28;43.47;USD
00dac9d4472b4e7787dcfcb3387ef318;Produto_J;2011-10-28;-800.13;USD
e0f9fb61cd524fd2826b40722de88ff6;Produto_A;2011-10-29;-552.05;BRL
e89175abcd2d43d3a237342ea62c756e;Produto_B;2011-10-29;-982.88;BRL
627b14e26fcb4acf83fb96fe4b2d5eaf;Produto_C;2011-10-29;-370.52;USD
ce26be1b2cf5405cbc820987be86d283;Produto_D;2011-10-29;28.03;BRL
153cb848c3be4207b4ad4da579dc9f6b;Produto_E;2011-10-29;-798.76;USD
f5512ad9689b46e1b80c2df8063429b1;Produto_F;2011-10-29;-492.35;BRL
b5af0057a69647aebdfa8b5bc0bc60f4;Produto_G;2011-10-29;-128.2;USD
6111cb43e336407d99cc69e7b1566a5d;Produto_H;2011-10-29;-267.54;USD
5bf2c8e8a6624c22bcd728fb8f741f4e;Produto_I;2011-10-29;21.63;USD
d7905cdac44645c4971ed51c14712714;Produto_J;2011-10-29;-1000.0;USD
b0bce998e66b4ad6843760ec3c03b629;Produto_A;2011-10-30;-922.75;BRL
869fb7fe814f4d52a3098861ac16cfa9;Produto_B;2011-10-30;-470.25;USD
6ca5c04ae09a45639e11a4aa3e448df6;Produto_C;2011-10-30;-992.25;BRL
13e2a5297b0f4ddf9374bffb8c468f97;Produto_D;2011-10-30;-352.03;USD
893124ced3c74b00a693b78731247c30;Produto_E;2011-10-30;-802.03;BRL
3894c5fb84254294a9ad2151c4106311;Produto_F;2011-10-30;-289.17;USD
68f7cbf91c0245bd9191b2cf6993603a;Produto_G;2011-10-30;-148.26;USD
06d9ef05247e42a4a1916da6864d3d3d;Produto_H;2011-10-30;-269.07;USD
a588fb7c10d14f40a42356d70436e361;Produto_I;2011-10-30;-18.83;USD
6d27c2c6f2ac43d3b4d2ef32c5df3874;Produto_J;2011-10-30;-858.38;BRL
96162113dc3a49a3bb757137f93ec15e;Produto_A;2011-10-31;-931.77;USD
b072528ea2b34e0c86e510644a207026;Produto_B;2011-10-31;89.61;BRL
a8eed85a80ad4a4ca6eedce5c74cfd8d;Produto_C;2011-10-31;-17.17;USD
7dbdb5161fac497a87df1879140bca59;Produto_D;2011-10-31;58.05;USD
62835a195b2d410abc4ed2791312b229;Produto_E;2011-10-31;-14.06;USD
f7305d31ebde45dca9a3889d68920921;Produto_F;2011-10-31;-126.69;USD
275015e2d1ce4e2d9d8bce51f1ae772f;Produto_G;2011-10-31;-693.58;USD
89bbd64057a1400eb71a8c9fbb07c2c1;Produto_H;2011-10-31;100.0;USD
b0cefda9feaf48d88655736864b5ac18;Produto_I;2011-10-31;-790.66;BRL
634c223434c54399b9c744b2b55fdeb8;Produto_J;2011-10-31;-347.24;USD
692521d7b3c541cc849a9443d2a03546;Produto_A;2011-11-01;-298.72;BRL
8520d73afa1b4fad96c82339f223c3c0;Produto_B;2011-11-01;-729.62;USD
5ea15da34250472197ccc0c7d0ca4e20;Produto_C;2011-11-01;-186.52;BRL
c757d88f9caa49adb3bcda261ad8918b;Produto_D;2011-11-01;-18.87;USD
bc368c0a8d284a468370c49dfcf0ade7;Produto_E;2011-11-01;-408.85;USD
ddd6f83553214171ae931d64ec1c573e;Produto_F;2011-11-01;-403.78;BRL
19bbeed7f185439eb9cd5179b68d48f1;Produto_G;2011-11-01;-329.2;BRL
e18886a33c604bdaa8b4aeccdc4dfa7d;Produto_H;2011-11-01;-739.29;BRL
651fa2d28a504cf0b00663de5a8bf1d8;Produto_I;2011-11-01;-154.74;BRL
947ca7acad094f64987fb584f615cf39;Produto_J;2011-11-01;6.88;USD
f478f083081048d7b26a932708d5d3f7;Produto_A;2011-11-02;-671.11;BRL
c8d9e7124a1c4d518f6c36befc2c05a8;Produto_B;2011-11-02;-1000.0;BRL
ebb1450877544659ab71439e7fd6cb40;Produto_C;2011-11-02;-833.7;USD
ca8450adecfe499ca9c70c752e4345e8;Produto_D;2011-11-02;-526.72;BRL
63c91755e39e400ca64ad3f562b40db7;Produto_E;2011-11-02;-207.56;USD
8cdc1fc14be7496ea57e8eef7f5288f0;Produto_F;2011-11-02;-151.36;USD
6bdd4fdba7ca4dfb8e187c392ee6b1b7;Produto_G;2011-11-02;-12.89;USD
1be036c7d9f74354a1b552b4c28ddd6d;Produto_H;2011-11-02;100.0;BRL
bc201e899006445e9dddbde595183097;Produto_I;2011-11-02;-316.06;BRL
d86c7862c61f4387a3143516dcf9b8cc;Produto_J;2011-11-02;-694.77;USD
92f3723305aa41e6941c3966bd61be64;Produto_A;2011-11-03;-654.64;BRL
82f973fe5fe84a1b92a2d507b6a73f4d;Produto_B;2011-11-03;-372.1;USD
40881432bacc4805b689740153cee308;Produto_C;2011-11-03;-1000.0;USD
f725bd46fae64199a52b61185cb9a9cc;Produto_D;2011-11-03;-0.31;BRL
ca6a922ab883466db46aede1aa3fe12e;Produto_E;2011-11-03;-320.73;USD
49891d36c894446584890ae63846c40a;Produto_F;2011-11-03;-173.14;USD
1a81c109dae24c8f9e3b31712721a531;Produto_G;2011-11-03;-751.57;BRL
8ac6c5b902b7443db253a0e819081ddf;Produto_H;2011-11-03;-1000.0;USD
045ba475b2734719b10994fb468c0f5a;Produto_I;2011-11-03;-568.96;USD
ee460b36609d4ebcbde045e283d69985;Produto_J;2011-11-03;-973.05;BRL
393a50f92e5347d297284f625d7d949c;Produto_A;2011-11-04;-709.13;BRL
99795f25a62b4a3bb813d485884e1365;Produto_B;2011-11-04;-756.25;BRL
c5bb484fd27942808ad1a4f9d4e88701;Produto_C;2011-11-04;-76.21;BRL
00c0e32ef81b4a73ac9fd5b263f7a300;Produto_D;2011-11-04;65.04;USD
a4cb5836a3994b13a4369cbb2408ec55;Produto_E;2011-11-04;-291.43;USD
427e735a75d24595b40b07c2ac6101cf;Produto_F;2011-11-04;-552.4;BRL
9cadbfcb780b40ef86556b4a45bb8982;Produto_G;2011-11-04;-634.95;BRL
893691b9d3664e8c8b7816cfacea1deb;Produto_H;2011-11-04;-393.32;BRL
8e670bb3b73b448e8decd27252c591ed;Produto_I;2011-11-04;83.58;USD
d9bbe612260d43578c01513cf39408df;Produto_J;2011-11-04;-847.44;BRL
167efcdf34214f3781939905144c4e15;Produto_A;2011-11-05;-707.77;BRL
5ab2c2305bb943b28d47cc29cd8dc1bd;Produto_B;2011-11-05;-495.34;USD
229cb9cf51884abb9bb8fa415b718738;Produto_C;2011-11-05;-723.63;USD
b9b97aeb0d714d71a3669ade010fad18;Produto_D;2011-11-05;-515.49;USD
eb58d7e127fa42538d16c32feda3be52;Produto_E;2011-11-05;-795.45;USD
5ca8f57595cb4a7d80d941ef0199be57;Produto_F;2011-11-05;-805.92;USD
daf339d038c94452831eb9533468cc5c;Produto_G;2011-11-05;-698.28;USD
0adc2502408141edbd9d2443be93000d;Produto_H;2011-11-05;-312.51;BRL
cb33242b430a45519ce84c3fcd71de34;Produto_I;2011-11-05;-342.64;BRL
f47554cb4907491f909ee86d4013641c;Produto_J;2011-11-05;59.55;BRL
b01ce72b2efb4e7d82cac2d84f58b069;Produto_A;2011-11-06;-916.12;USD
c63e887550c7441bb644fb849c075d66;Produto_B;2011-11-06;-304.72;BRL
b542b292bd0c40fb9dd8e382012f5a25;Produto_C;2011-11-06;-233.93;USD
672f5220d96a46739fd1925fd1788824;Produto_D;2011-11-06;-55.24;BRL
54e40443b7114df68142b20dddf541cc;Produto_E;2011-11-06;-378.95;BRL
51b887ad6818486f92ad520a9b1130ed;Produto_F;2011-11-06;-813.82;USD
5a81f2c361e846f5af814bb221c48be7;Produto_G;2011-11-06;-194.75;USD
3329c2491bd141b2ae80c0642766a814;Produto_H;2011-11-06;-921.81;BRL
2ac8b9481d0e4e269861c6b007f23b61;Produto_I;2011-11-06;-329.52;BRL
7f00757a0f7547faae956c92c6bf13ac;Produto_J;2011-11-06;-954.29;BRL
08157c97a05f43bea90300007ac04609;Produto_A;2011-11-07;-922.35;BRL
f1b62dd95f5a4d0fac62d200d35c8be0;Produto_B;2011-11-07;-110.13;BRL
dc56b125fbed4932bebef37e1fb72706;Produto_C;2011-11-07;-419.75;BRL
f5ae3d7acd2e4901b735c5b6a2760c59;Produto_D;2011-11-07;-694.47;USD
452a8a665e8a4254bfd58a8a8a5eabe5;Produto_E;2011-11-07;-400.56;USD
10544b225b414c73a2257372b68aed23;Produto_F;2011-11-07;-37.62;USD
ca1a0aa7984340e3bbbcf73ee600f57f;Produto_G;2011-11-07;-243.52;BRL
b1ed2161d471423789eeb353319160f9;Produto_H;2011-11-07;-19.5;BRL
163470f654394701a5bae766046e6985;Produto_I;2011-11-07;-450.47;USD
ac69ca096c004c51819dc11385d58e37;Produto_J;2011-11-07;-77.74;USD
4f48ab92618c4c26961562527dab1129;Produto_A;2011-11-08;-21.03;USD
b7725a1f6b54496e994ca13876a90a1d;Produto_B;2011-11-08;-581.75;BRL
52f251e1793542429e849e46ddfffb7d;Produto_C;2011-11-08;-1000.0;BRL
cdfd3f71a7b245c89db4747b7de3c497;Produto_D;2011-11-08;-427.44;BRL
35c855efc1e743ce8c16d50745e5c5c7;Produto_E;2011-11-08;-619.33;BRL
c5e36e1d9fb54c819df147c88d85b289;Produto_F;2011-11-08;-432.54;USD
19ce9fbe8a2247dfb577399f4ed7bb27;Produto_G;2011-11-08;-64.42;BRL
29bd70666b1347878bd0cb364d0400ce;Produto_H;2011-11-08;-128.35;BRL
e9e7c53b9cca4e398c1292637203678a;Produto_I;2011-11-08;-502.42;BRL
78b577b4a7bf413ab77199b080e027d7;Produto_J;2011-11-08;-473.97;BRL
bb29c9f819be4f48979235a4b3a933c6;Produto_A;2011-11-09;-807.76;BRL
3bf50fcbc59f417cba3f624be92028ea;Produto_B;2011-11-09;-679.99;BRL
0156c83c86044abb8d93064185fc7afd;Produto_C;2011-11-09;-504.47;BRL
0e35554250d44473b46a1437962f9ca8;Produto_D;2011-11-09;-516.25;BRL
002487c2009d44b9baecdeed25af93e5;Produto_E;2011-11-09;-700.57;USD
1dd0fac3d85842bc86e18c6e112a207e;Produto_F;2011-11-09;-394.8;BRL
909bf1033bd7473a9aaa34b6bc143ad7;Produto_G;2011-11-09;-621.08;USD
ea8ff0bea70d4edea7e5ccf548055143;Produto_H;2011-11-09;-477.55;USD
c01a9ac56a5d4019b1b5c36fa1ab97db;Produto_I;2011-11-09;-556.6;BRL
90b7565a266647adb7b577318f08b30b;Produto_J;2011-11-09;-570.1;BRL
54c90482576b403a95dba9e2532319ba;Produto_A;2011-11-10;-236.9;USD
24475c5eb74c4021ba222f0ca57d8e3e;Produto_B;2011-11-10;-499.4;USD
601dca19a4b14a2385f6e463309f68ca;Produto_C;2011-11-10;-654.47;BRL
69af895e38614a388f3c9eeff12442f3;Produto_D;2011-11-10;-664.86;USD
bc162273a2fe48f084d4e5db9374d061;Produto_E;2011-11-10;-54.61;BRL
650f9e0d8cf9434a89f8b5ead26d18b5;Produto_F;2011-11-10;-815.77;USD
dcf3e5b6e794492ea70ff3829f1286ef;Produto_G;2011-11-10;-662.3;BRL
76c34ccc8b4441b1ba03f42a6a03eb1b;Produto_H;2011-11-10;-1000.0;USD
7708ff8d58214eebb643e93a653c43d7;Produto_I;2011-11-10;-1000.0;BRL
d58e5e4121b5441fba29e49722181037;Produto_J;2011-11-10;-999.9;USD
8900ec0c714a450d94080062d6426ec1;Produto_A;2011-11-11;20.82;USD
59aecfe869684f5dbb2ab1b68a29304d;Produto_B;2011-11-11;100.0;USD
7d74a79850654611ae915fb65d0ea70d;Produto_C;2011-11-11;-868.68;USD
3c224642bb774287bca082042fe8289d;Produto_D;2011-11-11;-222.24;USD
469860ad4216415eb46751947777ff62;Produto_E;2011-11-11;-671.26;BRL
fcefecade2b847f89e586df769cf6b6a;Produto_F;2011-11-11;-52.81;BRL
096cdd6525f34d52a3ccf2b84d5e010b;Produto_G;2011-11-11;-642.25;USD
c1c5eb3540934bc8803e8137915acdf5;Produto_H;2011-11-11;-242.31;BRL
84cb0cf76e48442baa0993f0ee40fef1;Produto_I;2011-11-11;-857.34;BRL
7d8e6812d40c4200bb77722f85f55c2a;Produto_J;2011-11-11;-523.42;BRL
d1441efc0a6c4dbf977d9b672500acb3;Produto_A;2011-11-12;68.97;BRL
b025739169b14648ab2928e483215543;Produto_B;2011-11-12;-307.54;USD
3a1cc36b45774c45b2598700adb9f799;Produto_C;2011-11-12;-415.79;USD
499b82ef4dbb442aabb6aaf4af7febc4;Produto_D;2011-11-12;77.8;USD
24eeb928e19b4c4dbe8cedba4ea07d14;Produto_E;2011-11-12;-261.02;USD
a076e001a08949c88242f571131fd52c;Produto_F;2011-11-12;-676.52;USD
b240791fcf914e499f8d9a8fe65d7dc8;Produto_G;2011-11-12;-700.85;USD
b43737bca4ba44c3984120dee197b4de;Produto_H;2011-11-12;-814.86;USD
b9914f8f84964365b409107c1747ea7e;Produto_I;2011-11-12;64.65;USD
76d7b18e0ab44f2fae4a0c020b9609b1;Produto_J;2011-11-12;-49.95;USD
024b77bdd3e847ef85679c3c7b15a0bd;Produto_A;2011-11-13;-374.75;USD
f355a10fd3ef4662b9872a4845184c59;Produto_B;2011-11-13;-319.42;BRL
58bd876b2040454c9409c399608f6eaa;Produto_C;2011-11-13;-878.16;BRL
38ba8c08f90245088fbd471cb05de102;Produto_D;2011-11-13;-611.14;USD
328f094d4e8640418ebd6a9a4d490e8b;Produto_E;2011-11-13;-526.89;USD
acebabcc882c438bb6151df36f400298;Produto_F;2011-11-13;-238.1;USD
7dfe441bf7794043bdf6a95b7091547e;Produto_G;2011-11-13;-93.85;USD
b868ae48604e4af0a401a5440f08eff6;Produto_H;2011-11-13;-1000.0;USD
a83714363e3041808933ba6433424f19;Produto_I;2011-11-13;-666.12;USD
a06d617efb034f4886005f6f67e16e6b;Produto_J;2011-11-13;-1000.0;USD
0b749c8ab8174d41a657128507e809db;Produto_A;2011-11-14;-374.24;USD
9cfed36857a34677b3b7f8fed4c8d5fc;Produto_B;2011-11-14;-543.27;USD
ded48477fbae451f8d64ec87b484667f;Produto_C;2011-11-14;-725.41;BRL
c9fe79f1231b44ac93758d96c09505d5;Produto_D;2011-11-14;-460.73;USD
86a6a0af430743a2b7b32b2f4a9a6299;Produto_E;2011-11-14;-682.21;USD
c5f768d9b1ab4d0b9a705c7464399637;Produto_F;2011-11-14;-737.62;USD
9a6c12ec0621497ea1b1a16a57e137b2;Produto_G;2011-11-14;-761.99;BRL
7ed1ee484b104a939ca2922e957aa77d;Produto_H;2011-11-14;-763.46;BRL
1f834fab1f9a4b72b40ec362f24295c0;Produto_I;2011-11-14;-1000.0;BRL
1ec211ff41294f4bbe630c6fb86629f5;Produto_J;2011-11-14;16.21;USD
f16363b14a5242ab91eb4b1b6c00e07a;Produto_A;2011-11-15;-925.14;BRL
cec38a17673f40eda32cc9cd7f67b210;Produto_B;2011-11-15;-19.64;BRL
c0578c8ecfcf41ef87c165cfc04194dc;Produto_C;2011-11-15;-43.83;USD
46a80119c2db4e8c8faad3d2f7e34779;Produto_D;2011-11-15;-736.45;USD
9f33c789886c4c4bb6e1b737e0c11d5c;Produto_E;2011-11-15;-208.56;USD
bb8d6120d1004da583362e281b0973a7;Produto_F;2011-11-15;-178.18;USD
a2e1787e4c334542a3e305783bf5168e;Produto_G;2011-11-15;-73.7;USD
1f6edfb53f5342efb775b7e81b8a433d;Produto_H;2011-11-15;58.93;USD
77a79ccae0ee4c648273c7214bf4edbe;Produto_I;2011-11-15;-590.68;BRL
2d74b84531e3495b9a0d5ea49cc04388;Produto_J;2011-11-15;-666.45;BRL
7bf79a13cb134a0a8a36463cc24f6e50;Produto_A;2011-11-16;-541.17;BRL
708c8b18a1c14096a84956412e14ec0f;Produto_B;2011-11-16;-175.22;BRL
dac072ff23cd4e49982155af0bfd5849;Produto_C;2011-11-16;-1000.0;USD
62fe66dbcdb743119cf85c8e7bb37d37;Produto_D;2011-11-16;-1000.0;USD
3d84a21807874134bf9cc1a76269dc6e;Produto_E;2011-11-16;-259.9;BRL
39d30313fee64ca7ab0bc8f6d163cfdf;Produto_F;2011-11-16;-278.12;BRL
0b602fb681ce438fb98c7e7df2bd6b79;Produto_G;2011-11-16;-410.19;BRL
6531e1419a24474cae6cc1d3589f88ba;Produto_H;2011-11-16;100.0;USD
49c8c1baa8d24bd3ac453ddac65f762c;Produto_I;2011-11-16;19.0;BRL
57a408e60b2b4f49b0dceaff99caf69e;Produto_J;2011-11-16;-293.75;USD
4c4e357f00134d78b8e0658170f5767a;Produto_A;2011-11-17;-825.8;USD
7aaed0ea5fea4d05aac506e8387c411e;Produto_B;2011-11-17;-1000.0;BRL
65e2f05510864ac0b70a6f6769aea2b4;Produto_C;2011-11-17;-356.0;BRL
b259dd6f1f34469980dbc8293af7bb29;Produto_D;2011-11-17;-980.84;USD
13a599e86c254fe7afc0f0d31bd73733;Produto_E;2011-11-17;-821.43;USD
1d4ab25db6bc47318c8971d56e76db97;Produto_F;2011-11-17;-302.43;BRL
a5c7cc44ac33422eb45039844398e989;Produto_G;2011-11-17;-364.25;USD
2d8dd2028f4c456ea17aded70f6bc88c;Produto_H;2011-11-17;-164.73;USD
daaea4d984c945318a265d7053f72867;Produto_I;2011-11-17;-635.61;BRL
50246f2d94a5460aaa0a1ef8cf18464d;Produto_J;2011-11-17;-799.23;USD
d27aabab95bf424fb899aadaa0e72026;Produto_A;2011-11-18;2.21;BRL
a8347108ece44931ae6c1dfbe63aa833;Produto_B;2011-11-18;-848.94;BRL
2c41058a3b874db9892af6d0b05b3edd;Produto_C;2011-11-18;100.0;BRL
286f5eef645f4d99b540995e88aae3de;Produto_D;2011-11-18;-225.81;USD
60146a334ca3460fbb6b3e2ec446eeef;Produto_E;2011-11-18;-0.96;BRL
b650078c6b954938a1510ae005b072db;Produto_F;2011-11-18;-824.04;USD
8fc9ba8c49dd4ec981e1d11507c62e89;Produto_G;2011-11-18;-513.83;BRL
e896b1d72bd240a1ac899e22da5c062e;Produto_H;2011-11-18;-795.86;USD
a5c43bf3e532419d98386a428bf5b37f;Produto_I;2011-11-18;51.25;USD
effbebf43d844592882bd0aad4b6b467;Produto_J;2011-11-18;-631.17;BRL
8e4923c3ebe54112b3c385bf57a50f39;Produto_A;2011-11-19;-388.67;BRL
48cd1c44880b4ab1aed78c4caae272a6;Produto_B;2011-11-19;-477.69;USD
0306b405d69f4217b0e8193d0f2feb20;Produto_C;2011-11-19;-249.81;USD
460fd6715a8c4b6d91ef78fc2c78d4e9;Produto_D;2011-11-19;-561.35;USD
ee506e333e084d5d874eebad5aaca6b3;Produto_E;2011-11-19;-597.35;BRL
f3527b5202c34198bf3f5e5b7b3fd98e;Produto_F;2011-11-19;-443.2;BRL
5b3382b4cdab428cbdde9b144a96fc09;Produto_G;2011-11-19;-607.89;USD
697da991f5a64f549f729bfd86c85da3;Produto_H;2011-11-19;-1000.0;USD
6ba7883731494dd881791b2144fd2c4d;Produto_I;2011-11-19;-781.61;USD
dc5520952726467b9f9035ef2f4bbc3b;Produto_J;2011-11-19;-435.19;BRL
d36c8df65130427abe28932633b9d4bf;Produto_A;2011-11-20;-203.13;BRL
4d140e7115a74c50b1e58cb527ab1602;Produto_B;2011-11-20;-748.47;BRL
82a5513cfab745229cbad704dc64a207;Produto_C;2011-11-20;-264.05;USD
26d470c475f14e99929c800fdeeb2250;Produto_D;2011-11-20;-879.7;USD
ae7cb168348c48b5888094e8a3f43189;Produto_E;2011-11-20;-600.26;BRL
60c628af47d649dc9320c10914815b36;Produto_F;2011-11-20;-117.1;USD
8ed8cead02de44c789a3933415485694;Produto_G;2011-11-20;-43.08;BRL
4c0c46ffa71e4b209e90fb425d43ab25;Produto_H;2011-11-20;-220.7;USD
f57fd9e17ded4badb90810ac37a55015;Produto_I;2011-11-20;-886.39;BRL
8d495b6e419a471097f464e511cd0ff2;Produto_J;2011-11-20;-96.63;USD
5689cd4b4c49491ba8432817ad489657;Produto_A;2011-11-21;-489.19;BRL
1dc075b01f9c47fba46536b28f20e43b;Produto_B;2011-11-21;-919.18;BRL
6291617ef13a4d36bcc46d641d2d6feb;Produto_C;2011-11-21;-476.43;BRL
d10e9b1975e8444bbf9acd52d3cdb39a;Produto_D;2011-11-21;-436.0;USD
a395c4859f464118a09aa195c309ab4a;Produto_E;2011-11-21;-200.25;USD
0b1d196d12504019b2f2afc6ea2a5abc;Produto_F;2011-11-21;-131.1;USD
2235d43dfdeb4f5e880dacf493fdbecb;Produto_G;2011-11-21;-405.84;USD
b4a49761562046afa7a1520df3992550;Produto_H;2011-11-21;-372.8;BRL
6da3bfc628144ad3a5058b7d30c081d6;Produto_I;2011-11-21;-614.95;BRL
b1b968f47b3b4d759b660f61183d2a59;Produto_J;2011-11-21;-913.72;USD
fd232a1b4e0a4a35b98e3d9e0b52d6a0;Produto_A;2011-11-22;-29.86;BRL
1939b09aaeb94f4395155732e4e85307;Produto_B;2011-11-22;-1000.0;USD
171bbf5c485040258afaf017bbb08b53;Produto_C;2011-11-22;-50.8;USD
851a80cfb72b44c1b32c2a0cb1396e51;Produto_D;2011-11-22;-667.98;BRL
1193f91920ee45ae81ac40eed5cf9831;Produto_E;2011-11-22;-82.47;BRL
d2460a9d985f40039f6092d95c64f744;Produto_F;2011-11-22;-519.89;BRL
5df1108ef9994d3cb4b038a59e713993;Produto_G;2011-11-22;-259.46;BRL
ec07318f43404d44929cc5cbda052b04;Produto_H;2011-11-22;80.05;BRL
a2c67af2cf4e4ee9a2929e3d6eecbb38;Produto_I;2011-11-22;-469.02;USD
92f543b92f87474e8521359592748733;Produto_J;2011-11-22;-944.68;USD
ddc3186739b2422397a58d05d384d78d;Produto_A;2011-11-23;-428.47;BRL
0d5aaf11f1f34b57a801f31426871517;Produto_B;2011-11-23;-1000.0;BRL
a8862488d2384af7a6691d92285f7eb2;Produto_C;2011-11-23;-116.71;BRL
6f12736a856b428aa2fcc66cbee673bd;Produto_D;2011-11-23;-992.05;USD
381633b9907f4a5fb8800ef753d5e5ce;Produto_E;2011-11-23;-183.13;BRL
8026f28cbbb74f85b885b0d893a2d201;Produto_F;2011-11-23;-432.33;USD
0dd849e180c740058b96f13f2bb71d7c;Produto_G;2011-11-23;-13.41;USD
832f190ccc7742e4b601fa2ee3d603c1;Produto_H;2011-11-23;-109.16;USD
f3afb45dc6d94ea88b044178b0a3b3aa;Produto_I;2011-11-23;76.86;BRL
881cdaf099304fc4bceed453ff99d17b;Produto_J;2011-11-23;-412.89;USD
c1d22b940f7747e99c83a86705e22198;Produto_A;2011-11-24;-23.42;USD
7f152921664b4a148d7ab5ea0bd41fce;Produto_B;2011-11-24;-134.45;USD
817cc2f12dca4f1dafa7d80e5bb686c5;Produto_C;2011-11-24;-446.51;BRL
5bbad22dac3641c387b85cc32ab94d97;Produto_D;2011-11-24;-71.09;USD
90b6c73546d345759fc2c54c2bf2ee27;Produto_E;2011-11-24;-367.75;BRL
92527795670d406c8e238816efcf783b;Produto_F;2011-11-24;-442.43;BRL
730d15d879ce4f66b47c64179b60893e;Produto_G;2011-11-24;-357.59;USD
d6b478abffea42a6b4e1e6f54620e05d;Produto_H;2011-11-24;78.29;USD
3eacaf2d9f3745e0b993648fefae9b45;Produto_I;2011-11-24;-866.99;USD
146d3597a3fb445ea13dc521ebd4c224;Produto_J;2011-11-24;-320.71;USD
8a0b333418c048efa10169b75de0a02f;Produto_A;2011-11-25;-779.41;USD
bccd12773aff44d58f0a040d259fefc3;Produto_B;2011-11-25;-459.97;USD
30700ed051c24a37bfb0e701182f3dd8;Produto_C;2011-11-25;-366.94;USD
57f9f85ef5a3436f8c45b6305283438c;Produto_D;2011-11-25;-50.9;USD
314c7bb5b5104211983f7d9f910d400c;Produto_E;2011-11-25;-112.84;USD
f514ec36976149758a8d90678dc45287;Produto_F;2011-11-25;-762.04;BRL
d0e2ce8b0fe54523a0f3635bfc1731ac;Produto_G;2011-11-25;24.76;BRL
ab627f0cc175439197ea1701ba343782;Produto_H;2011-11-25;-462.32;BRL
e06d8dbbea4548668687ab7798eb35b7;Produto_I;2011-11-25;-955.53;USD
69a1bd7d157744109866bab47c9e0d27;Produto_J;2011-11-25;-323.45;BRL
10666533cb2941eabb752bf16a86dd57;Produto_A;2011-11-26;-744.05;BRL
2039796469dd4530835b5ffdc9ac9a7b;Produto_B;2011-11-26;-578.68;BRL
1d26fa88e4424d468edfd968e0229279;Produto_C;2011-11-26;-714.11;USD
2414dfe74e494bbd8ae711cc3a8f9b0b;Produto_D;2011-11-26;-711.24;USD
6259af40d97845dba85c2dd04c7254d6;Produto_E;2011-11-26;-533.26;USD
9e329ed20b1f4140bf21832b131c9d43;Produto_F;2011-11-26;-56.62;BRL
1e9ee9a0647e4d2e8ffd18985a3dd238;Produto_G;2011-11-26;-61.15;BRL
dd6a181243f640fab7fd4a8b34c3fbbb;Produto_H;2011-11-26;-25.56;BRL
13c85dcc1d124f0785fb20d5e52dee80;Produto_I;2011-11-26;-308.91;USD
b89aed1957e04818aad54759c7592912;Produto_J;2011-11-26;98.24;BRL
c5278651a108419aaebf85d0de9b1832;Produto_A;2011-11-27;-562.82;BRL
a6897f4c89134b35ab6595ce54937876;Produto_B;2011-11-27;-701.49;BRL
29778f9956eb423f8905775b810bb6cc;Produto_C;2011-11-27;-556.28;USD
a8e519b76900420582d991540ba15263;Produto_D;2011-11-27;-99.66;BRL
f47a183f2862492ea008c3202acae667;Produto_E;2011-11-27;-136.19;BRL
77dc0c295f134f1794d0a84db5ecfa35;Produto_F;2011-11-27;-515.0;BRL
85f8affef7684a138bea6aa4f65b0627;Produto_G;2011-11-27;-550.53;USD
ae19abd7bc9f421e942e10c46847df43;Produto_H;2011-11-27;-850.7;USD
000b6b3bcc744be585a636917eb3df67;Produto_I;2011-11-27;-268.11;USD
5910d16271e640d19ee96f9f3c3c642e;Produto_J;2011-11-27;-1000.0;BRL
beb1d13239364dfb83d80f946dd5af42;Produto_A;2011-11-28;-185.77;USD
62f4b9c44c3440f49e1d04743acb1660;Produto_B;2011-11-28;-842.47;USD
9674988e180946a1b4454f4ddecbacb9;Produto_C;2011-11-28;-7.6;BRL
9dd468f78c0e40aeb24a8b5d5cdf13f7;Produto_D;2011-11-28;-714.9;BRL
d1a6c19f136243748fc006455eb4e080;Produto_E;2011-11-28;-598.68;USD
aba753e777a24a70b151076cd7e76e60;Produto_F;2011-11-28;-298.34;USD
8ee136ddf6bb4103b56ca76b14c1f3e2;Produto_G;2011-11-28;-330.01;USD
061d048a9ddd4be3a1eb5f6c4c93db86;Produto_H;2011-11-28;-583.18;USD
7567d6a32b034a1483fc72d10e85d070;Produto_I;2011-11-28;75.05;USD
04cf7f136808405db304271f349f0228;Produto_J;2011-11-28;-472.27;USD
9ddb2651ff844325ab3241fef20bb396;Produto_A;2011-11-29;-556.95;USD
96df79b1f2c54f7d86b7453ba73b954f;Produto_B;2011-11-29;-983.92;BRL
f00c7d67d86a4c3ea1cca7f8571daed3;Produto_C;2011-11-29;-135.77;BRL
c700cc3ce5264825b3ddcaf825f49197;Produto_D;2011-11-29;-546.02;BRL
7c8a808ff5534b308563f4f91bc35a79;Produto_E;2011-11-29;-51.08;BRL
50d186337c6049b199a299d757cb053a;Produto_F;2011-11-29;-206.25;BRL
11d5767c0e4e42ae847770ca5f818163;Produto_G;2011-11-29;-167.26;USD
b12290b1f91c454682a512f7aa4d46a5;Produto_H;2011-11-29;1.63;BRL
4f65f57c22234e6eaee6c6098447a2f8;Produto_I;2011-11-29;-992.76;USD
56d67df0b6f34b6798de11fa2947befe;Produto_J;2011-11-29;60.08;USD
514b8c300fd24ede9eef116f0774470c;Produto_A;2011-11-30;-677.96;USD
42f01b5b34f54de1881c92da260c6387;Produto_B;2011-11-30;-885.24;USD
0b81dd8f40c6429f923426601b66aa2c;Produto_C;2011-11-30;-815.49;BRL
5505f3110f96466e850dd6eb62cffeac;Produto_D;2011-11-30;-349.24;BRL
87ba6cd01da544ed9b3331f53c1baaea;Produto_E;2011-11-30;-818.94;BRL
92573188eb9b47dcad672888fcbfb18b;Produto_F;2011-11-30;-86.1;USD
ccffd8f842094eee9b504b6e26e06801;Produto_G;2011-11-30;-503.24;BRL
d5dc644996a3424594429854e1d32750;Produto_H;2011-11-30;-1000.0;USD
a17dc992c490401e83dca8155ccd9e7a;Produto_I;2011-11-30;-778.44;USD
b715c699899d48f4bdb823d775642364;Produto_J;2011-11-30;-240.65;USD
3918338f77884eabb3ba4f6d10762ed3;Produto_A;2011-12-01;-765.56;BRL
070424b6ff4b4b50a7d6a03f25b0a837;Produto_B;2011-12-01;-218.25;BRL
db4932465b694f599e435b5b1c3302dd;Produto_C;2011-12-01;-750.12;USD
4e60460b7d484004bf74d578d84d2233;Produto_D;2011-12-01;-137.78;BRL
0abdf39aaa80479b9365f2ab65d068ff;Produto_E;2011-12-01;-804.01;USD
47851f3ff6c346bda71b1b92d5c8d5c0;Produto_F;2011-12-01;-343.61;USD
2953e0f8d9694c95ba2431e1baa20a93;Produto_G;2011-12-01;-96.66;BRL
5716ceba40d141f7a96ff5cbb95eb15b;Produto_H;2011-12-01;-247.11;BRL
a530ad1f4c3a4ef4bcd71342553d3f13;Produto_I;2011-12-01;-457.86;BRL
d987e45de71a49b8a85622ac1347f815;Produto_J;2011-12-01;-1000.0;USD
5932e3cec3e6479a9ea3e35f81830d31;Produto_A;2011-12-02;-811.91;BRL
375924bcff83443b905dfd0aa7ecc0c4;Produto_B;2011-12-02;-1000.0;USD
6e518ce3f46445aea8c89d5678ae23d4;Produto_C;2011-12-02;-572.8;USD
50c85b3cd81f4d9baa54c454db7e9810;Produto_D;2011-12-02;-668.29;USD
abe3444476d04416a63c55b81216cef2;Produto_E;2011-12-02;-263.05;BRL
0b95c320e1eb4cbf9334f64b0e8fd1cf;Produto_F;2011-12-02;-43.54;USD
4849139bc43b4bfaabdf723addc2393b;Produto_G;2011-12-02;-174.09;BRL
c8bdbb104ea341c699b18e61bb2adcbd;Produto_H;2011-12-02;-403.4;USD
7ef74b0bff1445e48314f1d2b253ef81;Produto_I;2011-12-02;-41.06;USD
e2b894c9015644b795ae59b2a4f3f990;Produto_J;2011-12-02;-950.33;BRL
0f1e82cc7f6248418fab7ab94bf8b260;Produto_A;2011-12-03;-149.34;USD
0b0317982ddb48efa311c1b6a2255c4f;Produto_B;2011-12-03;-624.93;USD
ead4d2067c564e1f99574c96c204f1b6;Produto_C;2011-12-03;-20.84;USD
3cb7eb46775b4c94a3e36194ab75713d;Produto_D;2011-12-03;-999.55;BRL
bc56538133f24b468db10461829d829f;Produto_E;2011-12-03;-136.89;USD
9d460b1904f8493f8dc97a977070cd3b;Produto_F;2011-12-03;-465.36;USD
71a4718195db4925a80af953237054f8;Produto_G;2011-12-03;-267.57;BRL
793a30e36a2f4057862c2b5fe78ddedf;Produto_H;2011-12-03;-746.1;USD
36938997292349d7b7cef35e4ffdd2e1;Produto_I;2011-12-03;-946.18;USD
5e9ed4f4bb5647d8b475fb565664ba4e;Produto_J;2011-12-03;-384.94;BRL
87b500a4be714bdca3734fb499587de6;Produto_A;2011-12-04;-829.47;USD
dff6c2ee69c54e3fbea1c89a3125ba3b;Produto_B;2011-12-04;-1000.0;USD
ca72cd6faf6d4ea485c840dae42151e8;Produto_C;2011-12-04;-174.09;USD
76511ce56181431989cc2d59175a465c;Produto_D;2011-12-04;-679.16;USD
56814386355e41b897cc5f59c89ba877;Produto_E;2011-12-04;40.06;USD
fcae085a389c45ababa69c39c2b6d06c;Produto_F;2011-12-04;-377.53;USD
38af0faa1c724516961dfe031adab98b;Produto_G;2011-12-04;-642.54;USD
c66c6f4c5abf4475b34a36e5d1810a33;Produto_H;2011-12-04;-475.66;USD
a4eb39cd97b44109b8761157f06b32ee;Produto_I;2011-12-04;-385.25;USD
3912b9b530284465ae03decad5d3dc50;Produto_J;2011-12-04;-315.24;BRL
7e3b2f338d82416cb0130631548a2c9a;Produto_A;2011-12-05;-411.58;USD
c082868bc75047eb985f7bf6339475a8;Produto_B;2011-12-05;-268.31;USD
63a78a07a8be4b0296b844bd726bbbd5;Produto_C;2011-12-05;-735.73;BRL
561e086d6df64133bc54fb50e91131f7;Produto_D;2011-12-05;-663.2;BRL
f4b09a701f3d478db899557f9e485438;Produto_E;2011-12-05;44.78;BRL
f332b9c6ea2a45ec80ede14fd8817329;Produto_F;2011-12-05;29.01;BRL
a74c0f2760e84cf38ca8b8fbe00f9626;Produto_G;2011-12-05;-739.13;USD
ec69fd151fe940aeb46d71a897a80089;Produto_H;2011-12-05;-500.09;USD
7e0bd0115f0e49849ad1a69ed2ea39b9;Produto_I;2011-12-05;-548.94;BRL
93f86e4fe27b49cfb61b7503425b8c76;Produto_J;2011-12-05;-727.51;BRL
94bbb2e60608419290422001ffa39bb7;Produto_A;2011-12-06;-287.73;BRL
9714173f0cd04a1ebfa951b48bc6c478;Produto_B;2011-12-06;-605.53;BRL
3a7535ea3a8840418517917134afe562;Produto_C;2011-12-06;-681.1;USD
2aeb1ea696004c2aa05c51d1db15b22e;Produto_D;2011-12-06;-735.9;USD
ef356bb6f0874eafa331c85061f2ff3b;Produto_E;2011-12-06;61.38;BRL
c47227aaca19471b8fd292ecccf817f8;Produto_F;2011-12-06;-48.22;BRL
2e53a370b0e74345827fe9c9a392de79;Produto_G;2011-12-06;-73.15;USD
66e61fa9eb81472d97c6fbd7320990ec;Produto_H;2011-12-06;-690.06;BRL
19f5c27975e1435eacb6c2d3e4718f98;Produto_I;2011-12-06;-504.78;USD
29dc39608f9d4a5b849b31e1dac68409;Produto_J;2011-12-06;-280.81;USD
b3ade9915304440cb9159f61ecca84df;Produto_A;2011-12-07;-605.56;USD
e32fd74baaa44f5892e991702b1dc347;Produto_B;2011-12-07;-792.65;USD
72a7d7e581de4802848a583fdd32fe56;Produto_C;2011-12-07;-130.63;USD
f8e1c95b2c0642fc8c341f396eb0bb6e;Produto_D;2011-12-07;-493.12;BRL
8bf1cc9e8b334124adb0e5ca44bd41c1;Produto_E;2011-12-07;-257.98;USD
41d9a75170a74b7e9ae1a613a0f107d1;Produto_F;2011-12-07;-245.44;USD
034668001ea04c4c9bcbde0329e041b5;Produto_G;2011-12-07;-42.3;USD
f5b2230e7d7142318ca45e9982718472;Produto_H;2011-12-07;-747.48;BRL
a9724bef2db5461694da0e324130e7da;Produto_I;2011-12-07;-346.13;BRL
26883f563fb54fd6a8e1f0eb6a1d6d2f;Produto_J;2011-12-07;-1000.0;BRL
3a93378392574099acfe9f848abc5fa1;Produto_A;2011-12-08;-737.57;BRL
fee7c8d3484243ae96edddec89cb1921;Produto_B;2011-12-08;53.59;USD
a4a2f7d92ee54ceaa8d5f5f499cb7d04;Produto_C;2011-12-08;2.66;USD
7f31983bf0a04ca9846cdf9aee4d082b;Produto_D;2011-12-08;16.5;USD
cadb5e06230f495a9b3d91abd0d7e196;Produto_E;2011-12-08;-237.12;BRL
92260cf2413e4a4b9dee22976c03ac0e;Produto_F;2011-12-08;-805.98;BRL
3a9da018f007444b90aa0a435926792c;Produto_G;2011-12-08;-34.56;USD
33ccf8d200ab4a0988d0997ec77ab70d;Produto_H;2011-12-08;-23.73;USD
4f12770611f84f79ab413ae9018f348e;Produto_I;2011-12-08;-888.7;USD
bf5258d031664b74a1d1442cbe74dc01;Produto_J;2011-12-08;-382.51;BRL
173a7c6efa864b4abe22e5e6a679b508;Produto_A;2011-12-09;-410.13;BRL
0585bcd11ed44612818d411185267fb6;Produto_B;2011-12-09;-939.36;BRL
160b6e1a0f8e47718d188b3e8f40048d;Produto_C;2011-12-09;-950.85;USD
45721b9156d34a4489d4dc2dd350677a;Produto_D;2011-12-09;-475.0;BRL
8f07d1b5644f4d79a5ca8a9e9e534c2b;Produto_E;2011-12-09;-563.2;BRL
c2e3e0f2f0e14c019e507892f80876e0;Produto_F;2011-12-09;-306.09;BRL
3ca48f5a0d314e0e8ab7283affa130f8;Produto_G;2011-12-09;45.59;BRL
6d97f9913c0645ab9c1bd68f6ef3460c;Produto_H;2011-12-09;-788.28;BRL
5f31f1fed15f46f988328b83072d950a;Produto_I;2011-12-09;-443.63;BRL
7b6c7704e2a84c5f881663dc7af12d2b;Produto_J;2011-12-09;-510.5;BRL
202f04192d62402ebd5dd3642b127110;Produto_A;2011-12-10;-364.98;BRL
95790595b1da47ce8c3dd65f1e8be330;Produto_B;2011-12-10;-679.25;BRL
a86b80f2df184eada6e36b7bd4ed5418;Produto_C;2011-12-10;-663.86;BRL
d3862a1c5477448298ba6f9cffb41af7;Produto_D;2011-12-10;-71.01;USD
6bc0291afcb04a15b35d21df0ad11094;Produto_E;2011-12-10;-423.66;USD
e24b31eddc0c45c496085c6fef5f1eb5;Produto_F;2011-12-10;-174.72;BRL
65edc9c22c214fd695f4689888c4a947;Produto_G;2011-12-10;-551.48;USD
b92202785c024477a693a819e82915cb;Produto_H;2011-12-10;-637.1;USD
d74e6296f382414c89f6b1aae15ea4e8;Produto_I;2011-12-10;-501.41;BRL
6de22addd5274c4cac51776366bed6a8;Produto_J;2011-12-10;-462.16;BRL
0996d4a1d1f64fd2adaf7d0c085a6bd7;Produto_A;2011-12-11;-860.81;USD
d97374aefba746ec936f7c882954d073;Produto_B;2011-12-11;-591.46;USD
a194b39e688b444f8d280a546d942270;Produto_C;2011-12-11;100.0;USD
9b0c3324aa624fafa4c9b34952d78d2e;Produto_D;2011-12-11;-596.35;USD
2f1b4b52dab74a13991abbb00ef3ee87;Produto_E;2011-12-11;-74.82;USD
ac232c5910304b0c98b5861496a750e3;Produto_F;2011-12-11;-13.06;BRL
bcf8b70e2d234ff99213f442c65fb778;Produto_G;2011-12-11;-451.38;BRL
554cd01ae42747ee9298f3e94d19460f;Produto_H;2011-12-11;-947.77;USD
d6a6443f62f04b87bfb43cbf12b21294;Produto_I;2011-12-11;-427.89;BRL
60cf96c6bfd241c2bb8eede347e6c7c0;Produto_J;2011-12-11;-216.72;BRL
49eb95299e6f45e99760369860ede5c6;Produto_A;2011-12-12;-452.18;BRL
79d17b7bd0964fca82fc2ea39ab9d07e;Produto_B;2011-12-12;-241.07;BRL
87ff6ff5a23e41dc8ac7c1ccf71d53a1;Produto_C;2011-12-12;-570.46;USD
0f8b75ec7e974691bbfb94deec33ba70;Produto_D;2011-12-12;-561.44;USD
544b1ee30d844f79a12c3e1489897c67;Produto_E;2011-12-12;-824.92;BRL
cc355b12259542da81e61a8d943afa40;Produto_F;2011-12-12;-764.46;BRL
34077aa72211451eaf3107af15c383e7;Produto_G;2011-12-12;-694.04;BRL
c44f5ee9ebc24d40a4c833a59e37ef6a;Produto_H;2011-12-12;-849.4;BRL
e2ffe5e6ec844572a57796c451f2a03e;Produto_I;2011-12-12;-814.13;BRL
d0af70d7f3a14b2fba4db78623d6156a;Produto_J;2011-12-12;-833.52;BRL
1120477c881741c99e57bf770518bad7;Produto_A;2011-12-13;-141.54;USD
9848069c57994de5b635bfe54cfb23da;Produto_B;2011-12-13;-274.71;BRL
cc8c3673f77d43a1b1a80da565821ce5;Produto_C;2011-12-13;-884.96;USD
f4897d7fb511472daed861efa7079c20;Produto_D;2011-12-13;-359.32;USD
49eb6e46fe884add9f4f06dfe6071f11;Produto_E;2011-12-13;41.22;USD
3f977b68838447bb87934edb99286423;Produto_F;2011-12-13;-697.7;USD
cf11359283eb4b35af7102367122baac;Produto_G;2011-12-13;-402.46;BRL
ed44c198686e4a8c948c32c09fb9bd53;Produto_H;2011-12-13;-678.53;BRL
d97640a85c1849558e5f58e2e66fc74e;Produto_I;2011-12-13;-968.27;BRL
c0a862ddef1c431fa041794140a35124;Produto_J;2011-12-13;-729.3;BRL
f15913571af044c59473aa2dede28aaf;Produto_A;2011-12-14;-189.37;BRL
2edf0157773a47c0a0e1e03fcb4b728a;Produto_B;2011-12-14;-1000.0;USD
238b214396b54f65b3bb6e1c479c74c4;Produto_C;2011-12-14;-879.05;USD
add96428f57e4250bc61729021d6cb4f;Produto_D;2011-12-14;-35.29;BRL
d23e76ba51224147a4a30e336c607d42;Produto_E;2011-12-14;53.53;BRL
d27076ca95f6486aa934ec999d05eb27;Produto_F;2011-12-14;-149.86;BRL
22c80c92e5414a918de6f008a877bad8;Produto_G;2011-12-14;-461.36;BRL
420be79bf94e4165873f4c2d8253a9d2;Produto_H;2011-12-14;-1000.0;USD
af60ed21adb94c779e1a605d78219bca;Produto_I;2011-12-14;-859.02;USD
c5f599aa7ca04db1b243afb94cbb2a47;Produto_J;2011-12-14;-1000.0;BRL
3719394ca78e46a88e063bc325506f5a;Produto_A;2011-12-15;-329.79;USD
54ba0b0c03eb4a448dbbcae40ad16284;Produto_B;2011-12-15;-785.51;USD
11abb21071604147b97d7d10fabe8e52;Produto_C;2011-12-15;-303.1;BRL
a75bd1635fae4646baacdbc857b89afb;Produto_D;2011-12-15;-288.24;USD
c070f97a284f4989bfad3919ae675001;Produto_E;2011-12-15;-566.41;BRL
c42879317198445ea43cad4033fc5641;Produto_F;2011-12-15;-703.9;USD
cff49f27d8584d4caafd19e40c07c1a0;Produto_G;2011-12-15;54.35;BRL
573074642f3d423583dcf58d045c39fe;Produto_H;2011-12-15;-723.52;USD
b6462e68547443c7b411165be3d3c448;Produto_I;2011-12-15;-824.72;USD
e131e46676dc4a0f9480d8eb8eec096e;Produto_J;2011-12-15;-659.83;BRL
c9ddfc6925af4f2ca069c7a79133159f;Produto_A;2011-12-16;-237.45;USD
9223e37b91dc4f9386e2771a95ea98ab;Produto_B;2011-12-16;-1000.0;BRL
184429a205f84d41a1174702ae464fd2;Produto_C;2011-12-16;-26.11;USD
1d46d2fbd2c24b6eab7c6d7936201569;Produto_D;2011-12-16;-66.75;USD
2be86d7dc1974df68b139c5dbe78bcb8;Produto_E;2011-12-16;-488.76;BRL
9eb3d26e39fc48e6a8880ccc8011f3e9;Produto_F;2011-12-16;-350.33;USD
c1aacdd921024fbe9efbe92270413844;Produto_G;2011-12-16;-235.74;USD
58fff8bfd7394cae8fa816ed2113bdea;Produto_H;2011-12-16;-1000.0;BRL
215e2838fc924f499c4947409a006216;Produto_I;2011-12-16;-176.28;USD
c0114477df794e9d883dd67bb4b203fd;Produto_J;2011-12-16;-134.26;USD
f1d0d423e2db4ceb88f933ddb31fc54d;Produto_A;2011-12-17;-720.83;BRL
e9f2c70288334fa18f34030cc34e2fa7;Produto_B;2011-12-17;-169.66;BRL
9e969f77a8054bbd835f9491ef8eef64;Produto_C;2011-12-17;-840.09;USD
403ed05b186b4d21a3c3de0494f2a99e;Produto_D;2011-12-17;-594.61;USD
d2b8a9da282742f2a5eddf8257bfae31;Produto_E;2011-12-17;-120.16;BRL
b870b3a837bb46b0b2b066dab1eec7d4;Produto_F;2011-12-17;-142.97;BRL
8b9f2d8c70464057a43e2255c0aea079;Produto_G;2011-12-17;-392.09;USD
0055a5b29e574046931566b96a1eee71;Produto_H;2011-12-17;-1000.0;BRL
b532d9ec159a425e9436b054701be955;Produto_I;2011-12-17;-47.78;USD
209e5832b9b947308146908845e4d4fb;Produto_J;2011-12-17;-478.0;BRL
98b7824bdb87479bbed4dbcbe646543d;Produto_A;2011-12-18;-497.61;BRL
b3368a97d63347819d5465371a3bb67a;Produto_B;2011-12-18;-792.21;BRL
5648a503e20245cf987f55acf680df87;Produto_C;2011-12-18;-316.42;USD
7cdbd960be384ba0a49b712e28ec8fe0;Produto_D;2011-12-18;-180.78;BRL
3a5f8120677b4c5c9f60273999e70128;Produto_E;2011-12-18;-661.65;BRL
82d8b3d17de24f5380db3a477daad065;Produto_F;2011-12-18;-373.84;USD
29b788c8e0df4663916f8e3914f5b18a;Produto_G;2011-12-18;-170.7;BRL
793e0a3022e04fd6b5c9d3a820e712bf;Produto_H;2011-12-18;33.12;USD
23a0cd9df7e547b49956c3f686ed8100;Produto_I;2011-12-18;-235.81;USD
a7ffe55a4b0d47eb8ad3082afebd79dd;Produto_J;2011-12-18;-797.75;BRL
fbf30a90d2a04ac9be370907c243dc60;Produto_A;2011-12-19;-286.94;USD
2bacc4862efd45178d5c63519a2a52c2;Produto_B;2011-12-19;-1000.0;BRL
7a3827c084b34a96b802ffda1e41de35;Produto_C;2011-12-19;-523.74;USD
f1ac14a082aa40b7bc41111c01d3c0ba;Produto_D;2011-12-19;100.0;BRL
0e3bbcd7d3924db69627f8f13cb2e168;Produto_E;2011-12-19;-191.98;USD
77a405eb37ae4511a36ce4747f0c2fde;Produto_F;2011-12-19;-826.01;USD
b8e64bc206624746a7e67fcd5c4644a2;Produto_G;2011-12-19;-595.71;BRL
2710a4b901464a92aa675e1acf2c3758;Produto_H;2011-12-19;-313.84;USD
4261bc29b7c24e5299b691551e6d658b;Produto_I;2011-12-19;-185.1;USD
eda89094db384f7bac4ea34e053a4a94;Produto_J;2011-12-19;-566.64;BRL
6a5e4134c5ba40dc8d3bd4d06db95725;Produto_A;2011-12-20;51.5;BRL
1d58b50bdb9d4318a559b557b095bfb2;Produto_B;2011-12-20;-576.0;USD
f71f4a82bc8d48e8875e1faef89fc404;Produto_C;2011-12-20;-248.37;USD
092f3da9fc9f4c6bbcf05dcabf30b320;Produto_D;2011-12-20;-276.75;BRL
fa38b4e8c4654b418227fd23d2ccb0fc;Produto_E;2011-12-20;-627.64;BRL
5bb21f6c03264252995c050318d8084e;Produto_F;2011-12-20;-10.57;BRL
b33d9170edaa4b3a846c08e30255fd8c;Produto_G;2011-12-20;-483.88;USD
5bd41a2d53c44df4a7ba16b4e54e9f08;Produto_H;2011-12-20;-619.26;BRL
f337a6cf11484e2fa2b2c693efd2f818;Produto_I;2011-12-20;-103.72;USD
ff58a8bfb7844ab2b274ba15dd99c158;Produto_J;2011-12-20;-288.34;BRL
d9c69e70656a4a9a890be09a04155477;Produto_A;2011-12-21;-585.83;BRL
2b44ee101ddc476e9bdbe461eddd2dc3;Produto_B;2011-12-21;-885.11;BRL
2720a0f52fbe4a4d8b2c05d3218f44ec;Produto_C;2011-12-21;-178.55;USD
d9f7a1cc14c94645a6b2e9bd6445bcc0;Produto_D;2011-12-21;-305.07;USD
ce45e73b2b454169ad8d4fa176ceed3b;Produto_E;2011-12-21;-65.44;BRL
410a99e9ff7744fda77e2bb09c52bb45;Produto_F;2011-12-21;34.68;USD
db76656899394814a37466a1c52b3f05;Produto_G;2011-12-21;66.18;BRL
0d4363fce1bb42d699e4eaa98ce741df;Produto_H;2011-12-21;-1000.0;USD
5f2f9d0641e5490eb55e6e9bb6f65410;Produto_I;2011-12-21;-620.21;BRL
24b884569eaf42b782bb19b43c4b6239;Produto_J;2011-12-21;-448.99;BRL
64a68361f04948d6b614a85ece2f2ffb;Produto_A;2011-12-22;-272.93;BRL
460eb4c26c424197b59a2073262d7d48;Produto_B;2011-12-22;-744.99;USD
4cf44e8e12654478a913c0ef71ea3f61;Produto_C;2011-12-22;-93.15;BRL
468ae6c3cd2348b38a5090f6a0b6349c;Produto_D;2011-12-22;45.91;BRL
7042e41b06524a05bccea854bf9af189;Produto_E;2011-12-22;-17.63;USD
56d9cf8f3d5e4e19bc044d3a36d3308c;Produto_F;2011-12-22;-170.18;BRL
d39d6dde844b433e8cde4cc6e64b4837;Produto_G;2011-12-22;-410.77;BRL
8ea25ef473a84655a5e9f52884ebcc83;Produto_H;2011-12-22;-1000.0;USD
38209347b01b4abdba65b467beaee6a5;Produto_I;2011-12-22;52.63;BRL
f6bca7f6f04045c9871f6dd2a4c5560e;Produto_J;2011-12-22;-112.3;BRL
10bef577d9ea4d6bb0c4456ed7f4240d;Produto_A;2011-12-23;-415.35;BRL
19a1dc60cc684102a5cb0d6e290d0688;Produto_B;2011-12-23;-763.01;USD
315cbd3e8fe1423f83110e23b75bf1b8;Produto_C;2011-12-23;-70.28;USD
f8e15c21e9ce4e28b8f7c3a576adf391;Produto_D;2011-12-23;69.43;USD
0e166e07dbe2403eb63ac351f003da76;Produto_E;2011-12-23;-717.23;USD
eb4884064b914b80a4daa2e3ea28f648;Produto_F;2011-12-23;47.89;BRL
5bd0346d83a74fd1816b794651f94452;Produto_G;2011-12-23;-344.83;BRL
a42dc461b1c04888be80415dd9d9d1ce;Produto_H;2011-12-23;-1000.0;USD
f4c5520471f34abbb7166764cb50a1dc;Produto_I;2011-12-23;-22.14;USD
da7c24a024ca42939125c4a03f23b500;Produto_J;2011-12-23;-166.53;BRL
4eaef1c9d026474fada9e7b7cfef029e;Produto_A;2011-12-24;-56.17;USD
0580e4d57de44d6280118bfa0f19de14;Produto_B;2011-12-24;-148.29;USD
bcbf09ed43ec4ae6bbf320defee8ce57;Produto_C;2011-12-24;-758.06;BRL
63aa7c40c3074417a118565a7bc70d13;Produto_D;2011-12-24;-937.18;BRL
520d68998b8c4670a4e0a4b86a690481;Produto_E;2011-12-24;-292.99;BRL
44734991eb284f66863404d75a0f3819;Produto_F;2011-12-24;-213.17;USD
85f281fa48e24669a3076875524c6723;Produto_G;2011-12-24;-733.09;BRL
a8c6410b093b45ee91b5165f1d349d67;Produto_H;2011-12-24;-541.18;BRL
181311f543dc4ce9894b3323360de150;Produto_I;2011-12-24;-327.31;BRL
ba4395dd08334bd7a92cc5e4d02a42fe;Produto_J;2011-12-24;-558.39;USD
3fcf8d3cc3fb4dc0ac733212e74a8260;Produto_A;2011-12-25;-363.21;USD
23a28dd4ad7b4257af3018a19a2a3481;Produto_B;2011-12-25;-196.24;BRL
e3bfe99bb62548fa97e959daf7c5dd13;Produto_C;2011-12-25;-116.65;BRL
b62fa71eca4144a38ca62a3e296feeda;Produto_D;2011-12-25;-574.63;BRL
b85bc65b1aa44201a10a9c3bd41a5026;Produto_E;2011-12-25;-518.76;USD
303c54dd2b3847339eee900c6e038849;Produto_F;2011-12-25;-215.11;BRL
0e4634587b0f458e9189231d31c809eb;Produto_G;2011-12-25;-705.51;USD
785d0ce73894474f9ce2025bb86896b9;Produto_H;2011-12-25;-927.64;BRL
d4df104d9e484a538d4373a0ed80f538;Produto_I;2011-12-25;-179.8;BRL
2c87ec8a62aa499e9fb38bee199243fb;Produto_J;2011-12-25;-76.62;BRL
224f3dd24ac4476a8a25fa402242284d;Produto_A;2011-12-26;-869.39;BRL
8634387d618b45e799afa33bbfc080ef;Produto_B;2011-12-26;100.0;USD
fedbfae68f73442abcdc68e97f4555f8;Produto_C;2011-12-26;-771.19;BRL
227d9e33950148eaaf7827d048e537ec;Produto_D;2011-12-26;-195.65;USD
3bfa234b6c884d68ac1ab4c6a6cf2eff;Produto_E;2011-12-26;-418.39;BRL
286c7ab98fc545799978e18657d057c4;Produto_F;2011-12-26;-459.03;BRL
275ef47aa25c4d77b54d2e109ce49834;Produto_G;2011-12-26;19.77;USD
b4f1a943e4b84d03a49fd381b3aa02f5;Produto_H;2011-12-26;-615.89;USD
74f23041dcc24d6ea63a8bf54ec1031d;Produto_I;2011-12-26;-603.0;BRL
2be1d2e7fee14ce4bf45e8d3d7fede67;Produto_J;2011-12-26;-848.3;USD
dfca13028854441c93aeb01ac603fcb8;Produto_A;2011-12-27;-221.2;USD
19a643f3fdfd4a9389f730ea0043c79b;Produto_B;2011-12-27;-356.18;USD
07c8cb3c359b441689a18952ec17b88a;Produto_C;2011-12-27;-110.31;BRL
fcdffafc759e431088d1922cb1041b85;Produto_D;2011-12-27;-752.8;USD
5dfb65882b1148ceaa089f99f6cea7f4;Produto_E;2011-12-27;-744.31;BRL
b8ad7244d27d49d986c594768b40f58f;Produto_F;2011-12-27;-60.39;BRL
afb81a84332a4cd0843ce2e4298a8636;Produto_G;2011-12-27;-254.41;USD
39c75a153ea24fee925b7bc5aa9dcdd0;Produto_H;2011-12-27;-789.09;BRL
a7aa2e5b1eff4e0f94b83c6886f26384;Produto_I;2011-12-27;-801.02;USD
25c439595598422294e0cc053aeba692;Produto_J;2011-12-27;56.76;USD
ea93e8009e834fb593cae74aca62bcb0;Produto_A;2011-12-28;-406.94;USD
cfdcb8d5d57a4f63915d6ddfe5553222;Produto_B;2011-12-28;-499.93;BRL
05aea557c027415aa441e6bae192b0fd;Produto_C;2011-12-28;-310.4;BRL
e5c8f8f5df98409983f959defa4574cc;Produto_D;2011-12-28;-703.08;USD
a424793f90c14072b335daf92aa862dc;Produto_E;2011-12-28;-396.46;BRL
29b4f6aa94fc40cab39cf3c5bf5d9d5a;Produto_F;2011-12-28;18.52;USD
68580400908a4c24bb40ff9af68ae4f2;Produto_G;2011-12-28;-581.94;USD
c6a87bd6462d4eea8bf384e053e94635;Produto_H;2011-12-28;-618.79;BRL
243af8fd90da421991ee410923dd1bdd;Produto_I;2011-12-28;-816.59;USD
4323941caac44ad0a4442b08b5469178;Produto_J;2011-12-28;-795.67;USD
5e9729e59d15443da2c3b423ba1476e7;Produto_A;2011-12-29;-858.16;BRL
8be8a2cd9be940bc9e03ef2402574cd7;Produto_B;2011-12-29;-1000.0;BRL
54ede7d7b3a64a3388e46234bd580d0a;Produto_C;2011-12-29;-368.12;BRL
c6d8e90ff5014d539cd590704644e268;Produto_D;2011-12-29;-512.45;BRL
40b554d45c93406b88a6fbbe99690251;Produto_E;2011-12-29;-286.15;BRL
b43c2f2565a3436b91c462cd0da5d257;Produto_F;2011-12-29;-818.82;BRL
0305cf49230e454ba4068e5f380a0262;Produto_G;2011-12-29;-136.2;USD
9007f4c9038e4165b4a82cc6a1764f22;Produto_H;2011-12-29;-1000.0;USD
dfca97d67c3543b4807da9f122849974;Produto_I;2011-12-29;-564.86;BRL
fa38a84f829e489d9b61c6b928045355;Produto_J;2011-12-29;-824.61;BRL
cebdbc51d2b4483d8ea2b599b3a4f017;Produto_A;2011-12-30;-46.88;USD
274ba67e9e30441e83351af89de95159;Produto_B;2011-12-30;-825.41;BRL
cc14621eda734a8f9cfe7a2616118557;Produto_C;2011-12-30;-164.43;BRL
e01d8224515c40aab90c0cadb9b50a69;Produto_D;2011-12-30;69.45;BRL
c9b40c89784e4003bed08281e8b4c26a;Produto_E;2011-12-30;-4.25;BRL
4528f8f72977444693d481f037c42bae;Produto_F;2011-12-30;-46.25;BRL
13421302a4dd43b38ac7f111cc1d10f1;Produto_G;2011-12-30;-761.66;BRL
61814081bb7843f9af935d229b1d1e00;Produto_H;2011-12-30;-867.11;USD
012c27265fd24c2e812cc0f5a26c6524;Produto_I;2011-12-30;-691.11;BRL
ff6c3ddc12c146a59ec05f90ec507faf;Produto_J;2011-12-30;3.26;BRL
fda533c313c945c4ac1754e7cc26699d;Produto_A;2011-12-31;-236.03;BRL
90afea99148d47b98f04f8f7b32547ae;Produto_B;2011-12-31;-751.37;BRL
aafcf235ea68400485b8f9b5f92b93d8;Produto_C;2011-12-31;-842.83;USD
1a4e2a5ce2a24f49a9d64cc106f6a04f;Produto_D;2011-12-31;-645.26;BRL
dc8de639171d4c02bd7a919cea8f5c64;Produto_E;2011-12-31;-125.28;USD
0a68f5182f0043bcabd2302819c36347;Produto_F;2011-12-31;-657.54;USD
91e737d373074b268697eee5772ef8dc;Produto_G;2011-12-31;-29.27;BRL
a50b007d0bbd41b49c2e4f8d4fc7f798;Produto_H;2011-12-31;21.67;USD
172bb353d8684182acaae670eb413418;Produto_I;2011-12-31;-238.86;BRL
a400f0bb639f443ba1fef6d4b08cf7c1;Produto_J;2011-12-31;-94.79;BRL
a78f38b66b634058a4930811d29aa7a9;Produto_A;2012-01-01;-612.45;USD
5954735634c94f8f9b835eb99dbeab32;Produto_B;2012-01-01;-222.29;BRL
95d83ee1a7104c58922d65d128f36f5f;Produto_C;2012-01-01;-681.54;BRL
935ada18696442ef92c2e3abeabbaadb;Produto_D;2012-01-01;-612.04;BRL
2b1cffdcd79a4221a7cf3ce3ee6886fb;Produto_E;2012-01-01;-691.84;BRL
376ba041115842dd8c5c7987404693e4;Produto_F;2012-01-01;-743.7;BRL
0ae25b8b6cd84ec391ac146180805dba;Produto_G;2012-01-01;-612.26;USD
04b5ae7400fd483ebeb02dee0fc0360b;Produto_H;2012-01-01;-676.34;USD
1ce1a1e038614034a2be30310556d3fd;Produto_I;2012-01-01;-765.56;BRL
03dda684e7ca45a7872104f2dfbff99e;Produto_J;2012-01-01;16.5;BRL
bb5a2604fdd34866b277a12f1101f32f;Produto_A;2012-01-02;-475.25;BRL
8fbc57eb93a24d849d18e6692fa17580;Produto_B;2012-01-02;-34.05;BRL
a6e0b6d43b93484eac950b726e32749a;Produto_C;2012-01-02;-553.85;BRL
48fd6904eef94459929a0d22d1df0542;Produto_D;2012-01-02;-757.52;BRL
d5fee36e2824444bb900c0a431fc4465;Produto_E;2012-01-02;-288.64;BRL
bf2f32933140431785b3a0eea775b025;Produto_F;2012-01-02;-554.55;BRL
cfd97a888bb84608a526879e5c619698;Produto_G;2012-01-02;-522.06;BRL
6f88fce7748b411f9f23e7d66ef9264c;Produto_H;2012-01-02;-3.9;USD
358caae5d7a74b4cb00b432783320bef;Produto_I;2012-01-02;-1000.0;USD
4522a4b7118644058221f75a880facf2;Produto_J;2012-01-02;-795.9;BRL
3eb7a39583cf44f28d8bf70216ac1427;Produto_A;2012-01-03;-256.26;USD
16e09359a3b84cfc842ab66c937bbba5;Produto_B;2012-01-03;-296.72;USD
4b988d294539472a82a92af1ddeb103b;Produto_C;2012-01-03;-526.42;USD
f937d8663fa8499c822faddee7246462;Produto_D;2012-01-03;-84.72;BRL
ec786cbd8ed24269969de3546d0de52b;Produto_E;2012-01-03;16.05;USD
56de003eb517491f80c4083258a0d263;Produto_F;2012-01-03;-356.35;USD
6750f651aa4c41848dfd7713301ab38c;Produto_G;2012-01-03;-295.65;USD
4f9583fa86b445c8940c84d5b1e8cf30;Produto_H;2012-01-03;10.97;USD
923257af14bf42b1930f7396576b5f76;Produto_I;2012-01-03;-367.31;USD
f9b13a3fb1ee4dcba1014448fdfbb7a2;Produto_J;2012-01-03;-834.0;USD
7aef9fbe8c4e4b88a13210e0a206bda7;Produto_A;2012-01-04;40.79;USD
e37eb60c29154629adac1e4d0cf6c016;Produto_B;2012-01-04;-53.11;BRL
9e0b9fbe11a246548087f5beee89194b;Produto_C;2012-01-04;-286.07;USD
674507d5581b47cca55dee78d302fc36;Produto_D;2012-01-04;-943.02;BRL
6c3b8c243d1f44e4b0534abc5482c620;Produto_E;2012-01-04;-212.53;BRL
d10f53ca731941ef83ad1ba4af686e01;Produto_F;2012-01-04;-468.0;USD
8dbce8cc61ee40d984a9039bd54358c5;Produto_G;2012-01-04;-29.23;USD
764b679b4ea142dd87f6a19d20559af4;Produto_H;2012-01-04;-503.99;USD
efeb8d4d9c8f494ca206d0dfa8eefd0d;Produto_I;2012-01-04;25.63;BRL
4221860564e14292939d503a22b0891d;Produto_J;2012-01-04;-1000.0;USD
f3490ee23e0144fcb3363548ebb65717;Produto_A;2012-01-05;-212.7;USD
a92d12d6a8ea406c8d1fd4d36b10d87c;Produto_B;2012-01-05;-327.86;USD
52a8031d607247a29f5862d3532ae27d;Produto_C;2012-01-05;-521.26;USD
23ad17b7f10346dbbcc2815afb6e1c0a;Produto_D;2012-01-05;-1000.0;BRL
cd9ccb0bffe54ee8bc24d0b06fea1d5e;Produto_E;2012-01-05;-691.95;USD
bbc2dc6e3cd0443d8f7b9ac77bca71b1;Produto_F;2012-01-05;-742.88;USD
90f1ab03471c402d8a1aa1a71aab4f0c;Produto_G;2012-01-05;-765.77;USD
3c435f4746a342a6b0cc7bce425c6d49;Produto_H;2012-01-05;-934.59;USD
d0cb2a226e9241428cc8293263041160;Produto_I;2012-01-05;-570.16;BRL
3c50542324c2477fbeab239c414e9943;Produto_J;2012-01-05;-1000.0;USD
b90a59dcb11242e98176bf49c8c8f2ae;Produto_A;2012-01-06;37.22;BRL
1eeb8b1fe49340dd9a2615c20f3573ca;Produto_B;2012-01-06;-375.57;BRL
961fc6d4cb114b509cea692b3d521fb0;Produto_C;2012-01-06;18.48;USD
e47f05831a07496faf13d454db87fac9;Produto_D;2012-01-06;68.49;BRL
898f280853b94d46b859e95f75f1d09d;Produto_E;2012-01-06;-194.41;USD
39ff7d99b401419d88d2c6034a48dfc7;Produto_F;2012-01-06;-716.57;USD
18d6c611eade48cb9c5968e4852704b3;Produto_G;2012-01-06;-463.36;USD
3badffeb871c442896ec85c39951bdd2;Produto_H;2012-01-06;-778.14;USD
483bb0dbdd98408e8fc61029eebd5f79;Produto_I;2012-01-06;-604.01;USD
2c54967360e8433db310e6508fb0e94d;Produto_J;2012-01-06;-899.54;USD
84c41342eb4b43bcbc5efabfe3edb7fe;Produto_A;2012-01-07;-913.47;USD
07760aae96df4dc1b59a54e7977cab8c;Produto_B;2012-01-07;-498.37;USD
1882b7975b924512988d32ca23aa0a84;Produto_C;2012-01-07;-131.11;USD
0e61aca8c19f4fdca1f351ed7760b5d0;Produto_D;2012-01-07;-361.99;BRL
86e699dac12645b6a4422706a8aa049d;Produto_E;2012-01-07;-282.09;USD
55a05d989c20429cba0cc4a44969871c;Produto_F;2012-01-07;-597.97;BRL
2b6b7a5b2c1b42528d7c8c75bb089357;Produto_G;2012-01-07;-164.06;USD
1c912dad23774cffa945cf817897e370;Produto_H;2012-01-07;-855.66;BRL
d00a98b9628348c6a45566b700ad3ba5;Produto_I;2012-01-07;-55.29;BRL
38fb69df27524b65a5dd5fb88b769e3f;Produto_J;2012-01-07;-1000.0;USD
ae5691fe14fa4442abbbb4aa15ae55e8;Produto_A;2012-01-08;-843.36;USD
8e06fdacb6384e6c90847b83468ea193;Produto_B;2012-01-08;-1000.0;USD
a0a7003782d84089919bf832b5a02e2f;Produto_C;2012-01-08;-490.8;USD
4d5c551d8f924a19af2ee92105c0aedf;Produto_D;2012-01-08;-412.14;USD
e638db580d22444088f2e794b1102e8c;Produto_E;2012-01-08;2.28;USD
5ab266b2f64646c6a7dff55dfb3dd70e;Produto_F;2012-01-08;49.6;BRL
797853c2e7974ceca782440b2f08d92b;Produto_G;2012-01-08;-521.76;BRL
ea091ab332a14a4c86736b9c1de413b5;Produto_H;2012-01-08;-1000.0;USD
2a59129bf65b42538d2ed9a65644e260;Produto_I;2012-01-08;-734.1;BRL
c39789c6d1b3484b898654026800b2dc;Produto_J;2012-01-08;-840.57;USD
d2c3999fa4284cd6ab3a26aaea119af3;Produto_A;2012-01-09;89.75;USD
024ad1dd2dc14024b82d831035d270a0;Produto_B;2012-01-09;-629.79;BRL
5267468f4d584b32a9249ea8e6bd8dcc;Produto_C;2012-01-09;-357.3;USD
4aa4003494ae46be82ed5f9af37bdb38;Produto_D;2012-01-09;-541.48;USD
9330482639334e5e9af2fca0ff3952f8;Produto_E;2012-01-09;-3.79;BRL
41b0b29a74c145fc9781680e09ce4021;Produto_F;2012-01-09;-732.14;USD
d402becc278a4ff79909c745ed9b7c4d;Produto_G;2012-01-09;-224.88;USD
5b5d4eb7b42d46d1bfb93a3e0682d0a2;Produto_H;2012-01-09;-217.89;BRL
525d04f6de684fd9aef0dddb700ace22;Produto_I;2012-01-09;-1000.0;BRL
6f1c967ecfaa4737a31ec5c71e4e4fa4;Produto_J;2012-01-09;-847.3;USD
0dcb43b2d4864b2a9404ec28c6636f84;Produto_A;2012-01-10;-613.0;BRL
bf027173c010462a8a29601710b5c16e;Produto_B;2012-01-10;-432.09;USD
76dd01763d26414cbbfe556cab02a6cc;Produto_C;2012-01-10;-218.2;USD
65c8222ee0bd4f828e813a832b5d7fde;Produto_D;2012-01-10;96.7;BRL
fa70a0378faf4a2fa88838dfee7b2203;Produto_E;2012-01-10;-31.06;BRL
34ae3e814f354a2b9eb843ed8259b461;Produto_F;2012-01-10;-506.46;USD
fad9387e443c4c0d9dce1315d53d447f;Produto_G;2012-01-10;-149.94;USD
f20055b68ec74806852a939dfce385a0;Produto_H;2012-01-10;-649.67;USD
bd5097aafe3a4e8fa400226cde7b26d8;Produto_I;2012-01-10;-435.39;BRL
ee8a632727c04c4a805b90b0e681aaa1;Produto_J;2012-01-10;-13.76;BRL
bf8f5661f8ea4835b15e395b6872869d;Produto_A;2012-01-11;-275.76;BRL
3f5cdabd710c4dd2b53df38c46ae374a;Produto_B;2012-01-11;-65.19;USD
a418a44b660e4276add6407110449db2;Produto_C;2012-01-11;-583.68;USD
9ec8c7ae94fe4d52af277878dd831023;Produto_D;2012-01-11;-850.29;BRL
f68d58fe2bbe43268f084138e9fb3661;Produto_E;2012-01-11;17.42;BRL
a422ef95d8904ed0b6efda9308deae70;Produto_F;2012-01-11;24.09;USD
c22abe4f9d2f4d11bbe895bdd52b24e8;Produto_G;2012-01-11;-402.58;BRL
82b975431455476f891b0ac86c11cc17;Produto_H;2012-01-11;61.77;BRL
0bbf526b4c8844738cbaf8a6a514fdef;Produto_I;2012-01-11;-621.75;BRL
7732afd7377c4821909397a5fba03226;Produto_J;2012-01-11;-1000.0;USD
81d4aee2ce2d41eb81d2d48705cd3395;Produto_A;2012-01-12;-192.41;BRL
bbb4717eea97438282cc44f04db1ca8b;Produto_B;2012-01-12;-357.91;BRL
2ec9428f0905440d92723a1bcee4bc20;Produto_C;2012-01-12;-566.1;BRL
6b7f399a8dbb4ae6b02ebaf1af5e575a;Produto_D;2012-01-12;-575.49;BRL
321080750f5b4c13929ea7b8b71a9b20;Produto_E;2012-01-12;-565.56;USD
d1f0d207de3f454c93d097da150b980d;Produto_F;2012-01-12;36.33;BRL
4da28f302353490c81753fa0b9247cac;Produto_G;2012-01-12;-296.41;BRL
22ca7733e9984a6fbccab4cacda2861d;Produto_H;2012-01-12;-601.38;BRL
9739a57e29aa43a8830d14d99575abca;Produto_I;2012-01-12;-10.52;BRL
dc72c74548fe47119637fe2131fe7358;Produto_J;2012-01-12;-661.32;USD
31cf43a96bf94903a382123a4d65b6b9;Produto_A;2012-01-13;-146.48;USD
972237f56e7745d4962790fde205f2e0;Produto_B;2012-01-13;-1000.0;BRL
c17045b3937c4712937ecce3ec174fbf;Produto_C;2012-01-13;-168.92;USD
52ebde003f81494881714d6c70dafeac;Produto_D;2012-01-13;-333.65;USD
b46bea8de3c840679128008b006797ae;Produto_E;2012-01-13;-400.58;BRL
348ab72de2144ba486e533af4cf20121;Produto_F;2012-01-13;-815.04;USD
527897d1bf2c4f4fa0eb8ba2615dc77b;Produto_G;2012-01-13;-46.98;USD
780a6c3314e3475dad6cef60d675ed11;Produto_H;2012-01-13;-972.23;USD
669bac3a25e74f3a81393bb234a0be98;Produto_I;2012-01-13;-625.49;BRL
b0bfad2ae2154317a34af7e03ce7bd61;Produto_J;2012-01-13;-813.06;BRL
0640351c87a64107b53cd2c40b98d056;Produto_A;2012-01-14;-617.83;USD
f11f48d13603469dbc36446f7c7250c2;Produto_B;2012-01-14;-205.16;BRL
356693f6516d444fb68955567f2831e1;Produto_C;2012-01-14;-302.44;USD
39d6daa3a5ab40f8a2f783271d1d88f6;Produto_D;2012-01-14;-966.37;USD
be8a9396c343448da4264bb270371edc;Produto_E;2012-01-14;-532.22;BRL
5cd3b26d478348739851709fbdb38f2d;Produto_F;2012-01-14;-817.15;BRL
0f95148225e548b19376efd643e806d2;Produto_G;2012-01-14;-497.02;BRL
6cc0af30f3fc4c5eb3a374eda74e1be3;Produto_H;2012-01-14;-427.85;USD
628e71510f804265ba8ffb3dfff1548f;Produto_I;2012-01-14;-809.33;BRL
933616d783304ff99ff8d17f03fe873c;Produto_J;2012-01-14;-343.88;BRL
552b2101a8f042da93b3030dc8407a09;Produto_A;2012-01-15;-67.8;BRL
6ddc6543c7a6437d900822358f7b8a20;Produto_B;2012-01-15;-941.57;BRL
441e30f16d0b4afe81a824ac5ec4c1e0;Produto_C;2012-01-15;-264.7;BRL
13641c5c5f1746eebc4bee167d31d5d2;Produto_D;2012-01-15;-364.72;USD
47a22bd8e3d14ee8867d3cd46fed9edf;Produto_E;2012-01-15;-281.32;BRL
83e10c97942e4b609f4db32d57b91880;Produto_F;2012-01-15;-578.71;USD
636d0c77411d4976850d85b388e13d4a;Produto_G;2012-01-15;-752.66;USD
353c4a34128042c6a7fc87c7649dc001;Produto_H;2012-01-15;-923.54;BRL
6b37384e85e84471a3c593cf3f6a4ad3;Produto_I;2012-01-15;-131.17;BRL
f54f88f1e9a548cda5580b5eda133622;Produto_J;2012-01-15;-639.41;BRL
48ec30d6e521407ea89e87f256a05677;Produto_A;2012-01-16;83.61;USD
d9f97ef25fd546edbb72dfd6f3581177;Produto_B;2012-01-16;-503.62;BRL
fb6e05ebc0654c378d15ee0792b1ba65;Produto_C;2012-01-16;-768.1;USD
6a2e25902bc445c4ad261811d0818d23;Produto_D;2012-01-16;-190.08;BRL
07a412179bf4421f8a36774720b56054;Produto_E;2012-01-16;-688.24;BRL
94504a4e12234baf9186076c8f15d1ee;Produto_F;2012-01-16;-770.73;BRL
565a633e997649f19eb02d7044adc101;Produto_G;2012-01-16;-669.16;BRL
57390a9b08b34b6dab9da6a2bbc911d6;Produto_H;2012-01-16;-442.54;USD
22469c39a6414265ab46922f2a27ef29;Produto_I;2012-01-16;-672.57;BRL
571ff67dbcba4da1ae4c1a908520e8ad;Produto_J;2012-01-16;-737.47;BRL
501975c33106448a9d71306a9e686364;Produto_A;2012-01-17;-703.08;USD
66ae8aebb84a47fc97f45f6333b15a8d;Produto_B;2012-01-17;-120.78;USD
947f87c460b84f619974fb5f10ba8a41;Produto_C;2012-01-17;-188.75;BRL
47b35fec9bc649b6bcfab19801ca7304;Produto_D;2012-01-17;-1000.0;BRL
73b334f18e30444a8c89a95a37aeda11;Produto_E;2012-01-17;-120.64;USD
29af9f210fe9487abba47b94e8e3dae7;Produto_F;2012-01-17;-718.8;BRL
b825791685964b778c069c826161620b;Produto_G;2012-01-17;-450.17;USD
54ea374971f34edb9e8f3b27f8af2f25;Produto_H;2012-01-17;-948.06;BRL
635f7c6f1a6b421e95f60fd7ecc94f0d;Produto_I;2012-01-17;-286.55;USD
5ecda8075a56401db3c2a4f5b40fb030;Produto_J;2012-01-17;-90.15;USD
98e8f4f3016e4e1f9304011822da4603;Produto_A;2012-01-18;-680.82;USD
59b6db5c78444e1689243003b0f3029d;Produto_B;2012-01-18;-1000.0;BRL
2494564440d6462eb8544b09ac00dcc0;Produto_C;2012-01-18;-588.84;USD
d39e35e8a6214dc29caa956c0f676d6c;Produto_D;2012-01-18;-719.3;USD
df6a42f1cc0f4d058eddc4d19fef9de4;Produto_E;2012-01-18;-462.37;BRL
8d5943e5c61a4db1a56fb06364271e70;Produto_F;2012-01-18;-378.45;BRL
033eb7439ca44cd2bc16dd4947b8d74f;Produto_G;2012-01-18;-424.7;BRL
b7e2a523b70248ea9b82b3d422da6fd5;Produto_H;2012-01-18;-796.95;BRL
56fc2ba33f30409e91525905ee7a5260;Produto_I;2012-01-18;38.92;USD
cf57ec0b7fcf412b9126ce3d81c402ba;Produto_J;2012-01-18;-331.08;BRL
b86e993a3cc243caa5d7d2f52e1a1b5b;Produto_A;2012-01-19;-116.62;USD
26667944fb31484aaca35fbbf1a77ae4;Produto_B;2012-01-19;-338.99;USD
6977b539ce3a45fcb0d054a9c5258559;Produto_C;2012-01-19;-345.39;USD
d6e6cd3cb4b3446787c44612c580c315;Produto_D;2012-01-19;-1000.0;USD
6bc4df000b1145fda123bcf99b628231;Produto_E;2012-01-19;-346.1;USD
eb6f4a9c7eaf4ad9bdd4888250c43343;Produto_F;2012-01-19;-332.71;BRL
f94c1c51f63d4b7e8b21a4cc364dc248;Produto_G;2012-01-19;-539.57;USD
ff1be7886e6745869ab30317c01a4587;Produto_H;2012-01-19;-529.77;USD
8910cefbd6ee4a3dbd4a2e9fd536f569;Produto_I;2012-01-19;-852.94;USD
c6a91420c5f54cb882403dea91f8c886;Produto_J;2012-01-19;-292.35;USD
6d21d9d3c64c4555a399c48087cc0c5c;Produto_A;2012-01-20;-140.0;USD
a9b21f255e684b30a03ef69dc850405b;Produto_B;2012-01-20;72.33;USD
282e700ff946442c8d27020e66c15c7a;Produto_C;2012-01-20;-672.71;BRL
c0dfcd4b0e7f4467ba937c337225eead;Produto_D;2012-01-20;-361.76;USD
e2743f6784e846ff9898af96703ec4e1;Produto_E;2012-01-20;-174.17;USD
ba78c601cfd24ea6a191ced22eb8d643;Produto_F;2012-01-20;-300.05;USD
e5881d94cd724ffe9fb5c0057cc3fc7a;Produto_G;2012-01-20;-497.53;BRL
c580c5e7cf994049a145a3a756da5d57;Produto_H;2012-01-20;-440.98;USD
d05e0a929cce49ac93154cd0e51f3fb4;Produto_I;2012-01-20;-615.08;USD
40dcf9240597439d93fe99d9f84e4d28;Produto_J;2012-01-20;-618.46;BRL
e401f9192557415db40f6e9ee5e77ce9;Produto_A;2012-01-21;-655.72;USD
a7d4022046164f05965e5e611eb26a20;Produto_B;2012-01-21;-489.6;USD
c4e1bb1873914576998d3b6f8be26dc3;Produto_C;2012-01-21;-577.9;USD
19921c841ef8441aaefb7a6c2496e80a;Produto_D;2012-01-21;-363.93;BRL
de7e89b0b6de45b5b187e5e82c441f3e;Produto_E;2012-01-21;-213.94;BRL
f824f1df7a6c4e13915898434152ad18;Produto_F;2012-01-21;-248.25;BRL
d71ac95e727440a19a31b8e26f93f92f;Produto_G;2012-01-21;-552.39;USD
d0ba2322f370467d8107e3a808d1600e;Produto_H;2012-01-21;-195.19;BRL
69c539755e644a479fa5ef5344c8952d;Produto_I;2012-01-21;-399.5;BRL
b946cc57ff024dbd9e72ba4f4d473740;Produto_J;2012-01-21;-805.48;USD
84333cc2405b433898dfc0767559f0cf;Produto_A;2012-01-22;-627.94;USD
7d9d0e8187cc4c53aa2bb3d534f4b6fc;Produto_B;2012-01-22;-1000.0;BRL
c1883ed53b374edd863b79c86ae9b391;Produto_C;2012-01-22;-113.36;BRL
50bd37ed76034356a565055387fdcece;Produto_D;2012-01-22;-969.53;BRL
811b0af7e52c41c1b5d12a68a78a3f0b;Produto_E;2012-01-22;-604.58;BRL
a7a82f9b6c984377b37e8e9dfc8587be;Produto_F;2012-01-22;-15.02;USD
89d6703c6cf04c7fb80968b541f3f709;Produto_G;2012-01-22;-25.17;BRL
e6261e40dc0e40e5b38d549550b6c722;Produto_H;2012-01-22;-1000.0;BRL
fa0967b19e244cf4aab4de419cf91e3b;Produto_I;2012-01-22;-654.98;USD
c8e5ec5833f047c7a5fa27e0f0a45717;Produto_J;2012-01-22;-359.92;USD
eb52c8136bab4890919f724bec03dcb4;Produto_A;2012-01-23;-331.38;USD
8167605b82bc47d9aa6daf0c52cee7d5;Produto_B;2012-01-23;-584.98;USD
6cc0432371b04d40acb6ce9d332a5e67;Produto_C;2012-01-23;-218.98;USD
5e47e9e3d83d472989ec348ee7da4a54;Produto_D;2012-01-23;-756.11;USD
d41625b645564d8a8da9b312a9507ab4;Produto_E;2012-01-23;-410.8;USD
4667936a35614a79b8fa6641c3fc03c8;Produto_F;2012-01-23;-546.75;BRL
11ceb84181bd42219859609a907f2ac1;Produto_G;2012-01-23;-595.61;BRL
76b41d501a4249b4b2b7cda51f233bb4;Produto_H;2012-01-23;-1000.0;BRL
ea1678192803404a91084f242630bf74;Produto_I;2012-01-23;-416.72;BRL
16bd690c3bcd42cea518129349dcb5df;Produto_J;2012-01-23;-320.56;BRL
4fd6fcd2eec04f48a6f4815423375152;Produto_A;2012-01-24;-884.55;BRL
54d3ac36406648d59cd7d47b7b297f2a;Produto_B;2012-01-24;48.41;BRL
f4769483dbcc44f7b42920c5ff4e2037;Produto_C;2012-01-24;-246.27;USD
9c89a494fad4431ca59959948225ea8b;Produto_D;2012-01-24;-123.09;BRL
656b9041a27e4fde8cae505c45e3ebae;Produto_E;2012-01-24;-364.52;BRL
2d102167e3c44d9b8432b888caa31a1a;Produto_F;2012-01-24;-774.66;USD
93e274f328324896a5072ddf87d38a98;Produto_G;2012-01-24;30.63;BRL
934b5e88579c498ba445a79ed2a5f206;Produto_H;2012-01-24;-231.49;BRL
45239d070c3143308c88d7cee2fb11af;Produto_I;2012-01-24;-524.8;USD
7999332a1c9744ca8d81a747f98f4c0d;Produto_J;2012-01-24;-326.88;BRL
c694d374c7a7417bad8b0d919cc11de1;Produto_A;2012-01-25;-315.67;BRL
eb46726084184a3fb487f35599511c9e;Produto_B;2012-01-25;-1000.0;BRL
1e369c0615dd4c2f93ec63dd84d086af;Produto_C;2012-01-25;-1000.0;USD
ee3319e5ca714aeabfc66842e4ae92cc;Produto_D;2012-01-25;-233.41;USD
ad45d4aab1c84d7a8315e5d38ce2f773;Produto_E;2012-01-25;-424.89;USD
120b31c1b3f34e93a5ccaf7c6989ee25;Produto_F;2012-01-25;-130.22;BRL
1170583e23f44c128c03d1ae7e651263;Produto_G;2012-01-25;-755.36;USD
eedd03372c274f19b9fd27733a87d7b4;Produto_H;2012-01-25;-842.21;BRL
2e0cc83a68c94c1aa25ff585a3d1d636;Produto_I;2012-01-25;-26.03;USD
31558e2bdd1541aaaf91fc8f3fc396c8;Produto_J;2012-01-25;-691.34;BRL
3b621e823af74466bad1f53d7b80e603;Produto_A;2012-01-26;-353.91;BRL
22e8743425db4cee9255d60b8ca19a66;Produto_B;2012-01-26;-1000.0;BRL
bda67e17a27841df95c2aed722f40fad;Produto_C;2012-01-26;-61.27;USD
e8d09d152581477495255f94ccf62561;Produto_D;2012-01-26;8.98;BRL
39f1026325084abbb4f4aa8c112201c4;Produto_E;2012-01-26;-673.27;BRL
32f6235d245d45e7b693a02a7961e8d2;Produto_F;2012-01-26;-173.12;USD
176e3206ef4b4b7b9bec4455d66e6e60;Produto_G;2012-01-26;-467.86;USD
200cb99176334cd39a2b5c40a6a7f743;Produto_H;2012-01-26;-1000.0;BRL
7097107a572349de94c4a1a30b259e28;Produto_I;2012-01-26;-883.11;USD
f4d4ab4b8f734734b9d87fc3a42f313c;Produto_J;2012-01-26;-379.45;USD
389cdcac41ba4f6c91954bb92c4ba10a;Produto_A;2012-01-27;-532.33;USD
64f0712eee96486e95d878d1a2694ae4;Produto_B;2012-01-27;74.47;USD
2fad8ae112014a25a52338c590ba1c92;Produto_C;2012-01-27;-382.35;BRL
7be2d5118d7a42828b97c45e432e4b65;Produto_D;2012-01-27;-1000.0;USD
503eab042ad64d87adbe34abd4370f8e;Produto_E;2012-01-27;-727.33;USD
45c919f6a4784f239ade3b1d06eca6ee;Produto_F;2012-01-27;53.63;BRL
d481d89ac38942e0951ec746e36d6667;Produto_G;2012-01-27;-273.63;USD
725b06c1bda84a8fbe1f6e862cc4ac91;Produto_H;2012-01-27;-713.46;BRL
a222f3cbed504b6ea3673eb318483b62;Produto_I;2012-01-27;-174.08;BRL
2a3a36d0649c43a6a0d3cd180cf6b1bd;Produto_J;2012-01-27;-190.2;USD
c8587f33e65d499e909656189e9fdc38;Produto_A;2012-01-28;-185.66;USD
04ddabb44fcb4ede89e0a8f0b35c2a4b;Produto_B;2012-01-28;-473.37;USD
a27281e5a51244dcbf0806e4dd9dd9ff;Produto_C;2012-01-28;-686.97;BRL
2b4ec8400a8840bea4c9f3c903778ea6;Produto_D;2012-01-28;-796.57;BRL
2adca250e0bd4e098cf986561631392b;Produto_E;2012-01-28;-607.73;BRL
0e90fa9dc2dd414cafee5bedf1919039;Produto_F;2012-01-28;-432.51;BRL
be88dbb8ded64e7dbb9525588e501e15;Produto_G;2012-01-28;7.23;USD
241688d565014a1dad700fa9e5a15724;Produto_H;2012-01-28;-934.84;USD
7800a67076534794ba530d4a15f9a6e0;Produto_I;2012-01-28;-510.92;BRL
49bff7aeee3c4220966f939829e9ec68;Produto_J;2012-01-28;-49.34;BRL
cfcf35a0fa6647ba817e8e3acfd23d09;Produto_A;2012-01-29;-498.65;USD
e9de791c733b46999f15e3a3d31b018b;Produto_B;2012-01-29;-712.37;BRL
671e6abe5c57449595802f02f00d8f3d;Produto_C;2012-01-29;-270.64;USD
c69e364937bc4a6d9f1554afd2490c8e;Produto_D;2012-01-29;-645.6;USD
6d0ba3a10cd14cf5829c39d623b8c3f4;Produto_E;2012-01-29;-787.57;BRL
b133371c6cb14deb955a6c6a589fe375;Produto_F;2012-01-29;-430.66;USD
e5d13ec723784d619198e38b7d60ce35;Produto_G;2012-01-29;-430.37;USD
dde617f1ff1147e1a5305ec34b2be04e;Produto_H;2012-01-29;-384.17;BRL
6fc4434e73a543ec9e6029fdc39636ce;Produto_I;2012-01-29;-296.49;USD
e685a34971304efb9541875bbcacc1e4;Produto_J;2012-01-29;-563.48;USD
0c68c94453e44063ae6d39f238bc2b27;Produto_A;2012-01-30;-675.52;USD
7a95626c340a49abbbaa420f1baf5e5c;Produto_B;2012-01-30;-237.32;USD
675a72faa91d401785a2b474639a3703;Produto_C;2012-01-30;-719.71;USD
2ff5fc513b314eb9848ebfe3a3c6013d;Produto_D;2012-01-30;-29.96;USD
83da25781d604f95b3a56cd8b5b47cab;Produto_E;2012-01-30;-415.81;BRL
ca77698c99e4400e86d28e6530735d2a;Produto_F;2012-01-30;-67.66;USD
4ada0413e0eb473a9c754b3d8e523fea;Produto_G;2012-01-30;-59.58;USD
387c57f32dc74894a519048b22621547;Produto_H;2012-01-30;-363.85;USD
14e14169bbf248d0ab195711e1bc5cd5;Produto_I;2012-01-30;-379.02;USD
c075903af0384bc39c3abf22ab503ce4;Produto_J;2012-01-30;-77.43;BRL
960e2d0947504f59926bc359177d9865;Produto_A;2012-01-31;-813.93;BRL
668f9cb6a3a244e0ac0a0f27d9e9cf34;Produto_B;2012-01-31;-1000.0;BRL
2b178852a83c49ccba1736d90f898395;Produto_C;2012-01-31;-994.75;USD
2d1da964ad2d4778be39600662f8a786;Produto_D;2012-01-31;-947.91;USD
a107571c79684bcba83b8278af458141;Produto_E;2012-01-31;14.99;USD
6eac68283f544c2da41b93a179dc7026;Produto_F;2012-01-31;-286.48;BRL
b77ef94b424b4b1da4ef8ab3cf378c6a;Produto_G;2012-01-31;-324.65;USD
cc2aaa0f6476441d9cdc0a064c0ef06a;Produto_H;2012-01-31;-190.73;USD
9034443b98d54aec857dd030847afacd;Produto_I;2012-01-31;37.92;BRL
49949d49d9c041dd89b1d7270bec00d7;Produto_J;2012-01-31;-260.26;USD
b209a3ad615f4f0a90df63f1611e869f;Produto_A;2012-02-01;-560.91;USD
4de7eb7762a8407b8960b9d698aae30a;Produto_B;2012-02-01;-430.94;USD
8e1e89dfba284bc7a7bd1b2f2b3edcc1;Produto_C;2012-02-01;-1000.0;USD
398968a6e28b4bc5885766e975408623;Produto_D;2012-02-01;-531.09;BRL
72eae4a0b94c445f97fe8b5a86732090;Produto_E;2012-02-01;-256.59;USD
31d2cdb9651246ea8e42d9ad09aec7c3;Produto_F;2012-02-01;-709.04;USD
7ce068f744324c5cbad8b8ea744c3548;Produto_G;2012-02-01;-78.49;BRL
4a37198d42e24e979a36d05ed795942e;Produto_H;2012-02-01;-28.87;USD
898c9680bf8348a79f30c230d3ec1503;Produto_I;2012-02-01;24.65;BRL
c38322d735c64095be241b8347a5b8ee;Produto_J;2012-02-01;-10.16;BRL
729a9bce0c4a4386bf75b6cc14e0c0e5;Produto_A;2012-02-02;-631.83;USD
702d76e1c6254a32a699a06530c6a232;Produto_B;2012-02-02;-821.87;USD
d7462155cba842ffb4e33a1dc1031db5;Produto_C;2012-02-02;-571.05;BRL
f2f61f6ced9348c9940bf8ae09733b2d;Produto_D;2012-02-02;-409.64;USD
2f34f037795f4ceaac7f93e60fc62a16;Produto_E;2012-02-02;-11.9;USD
0f384d717f424d70bec5d4a046193502;Produto_F;2012-02-02;-137.55;USD
dacc8b3033b64a7d8f53ab1bada1c924;Produto_G;2012-02-02;-40.55;USD
434091c37e5349c3b5ea28230a90d994;Produto_H;2012-02-02;-835.23;USD
7c47d9e2a0b346c193e13890b9a382ef;Produto_I;2012-02-02;-1000.0;USD
dd7dcc96ab7b4bc7a215eb0ddc5eb95b;Produto_J;2012-02-02;-580.9;BRL
33e3ec39375f4e44ab7b66a23f6ae96d;Produto_A;2012-02-03;-833.46;BRL
8b69e4e523e84bccba2428c3b839703e;Produto_B;2012-02-03;-914.6;BRL
0dc4760a538d4adbace3f2586106ee71;Produto_C;2012-02-03;-4.91;USD
0d9ae8081f5d4eafb43b4625700bef3b;Produto_D;2012-02-03;-884.73;USD
cebd5aa66e8c4497bd58dbdc1549749a;Produto_E;2012-02-03;-754.06;USD
19233cf10d4d42d88c2c0ca14fce254b;Produto_F;2012-02-03;-470.55;BRL
fcab117f5b1f4bbdbec4552c9a0e61b4;Produto_G;2012-02-03;-203.1;USD
5c450c438a2e40c99ab15a1d57e116c6;Produto_H;2012-02-03;-293.8;USD
d5d7eae68227472aa1d2b9b8521cab1f;Produto_I;2012-02-03;-257.38;BRL
afe2626c5f954434a822248d493ab75b;Produto_J;2012-02-03;-73.5;USD
5356c3b939304cd4acad2e8e9b940419;Produto_A;2012-02-04;-876.86;USD
f51d4759c5324afc9af323904a66a2bb;Produto_B;2012-02-04;-1000.0;USD
c0dc67a2b8334e8aa7407b74f0c47134;Produto_C;2012-02-04;-584.35;USD
9e0f14c8c4964eb1a9180623e1dc1d4a;Produto_D;2012-02-04;-791.96;BRL
b078937a422d4e0ab96c58906c28dc86;Produto_E;2012-02-04;-272.53;USD
b779cbe607124b29bbf54b3f0cb9d0ca;Produto_F;2012-02-04;-114.34;USD
72813725b5bd4781bbab258dbeaeec71;Produto_G;2012-02-04;-68.72;USD
66790b119a414de19f988e3db4785366;Produto_H;2012-02-04;-639.35;USD
c36265d262f04d3fb083cac54392986c;Produto_I;2012-02-04;-406.14;USD
455401b178da4074b35db4df2612978d;Produto_J;2012-02-04;-445.56;BRL
ab52f66a0fbc44b8a3122dd3d9485a5b;Produto_A;2012-02-05;-522.05;BRL
bc943ade7c7c4ff48ebd1fd0eb666cb5;Produto_B;2012-02-05;-888.81;BRL
5284d0b42ba64f40b9366f754c93d2fb;Produto_C;2012-02-05;-181.66;USD
f0083dd362e54d1f822b1c3f7e2a2189;Produto_D;2012-02-05;-214.9;USD
e553b505a25d431c81efd388ab24c8d8;Produto_E;2012-02-05;-560.53;BRL
27e51fa4d20444a4bd0a9df05f579f10;Produto_F;2012-02-05;-100.39;USD
a46cf5541759452980afbf84abeb088e;Produto_G;2012-02-05;-311.13;BRL
92667a6a5ddd44bd92d6c31d1ff0e83d;Produto_H;2012-02-05;72.94;USD
4522b3b0b83f447cb2dbd64e7a975859;Produto_I;2012-02-05;-589.93;BRL
0a548140d767414794cbaf50b5c04348;Produto_J;2012-02-05;-547.09;USD
d1a6be48d86941119ab9d8f726cd66bd;Produto_A;2012-02-06;-619.36;USD
117a715f9bb04292ba2f2fd3e5b8b1da;Produto_B;2012-02-06;-788.77;USD
c81ee28dc749405ea75eccae798139fc;Produto_C;2012-02-06;-697.49;BRL
7d41463a23d44f28bb91069ca81642fe;Produto_D;2012-02-06;-639.26;BRL
65af84d6e3614ad187a37f17cfe7ffd4;Produto_E;2012-02-06;-23.43;USD
cdc0602bf564474db27005161aa44099;Produto_F;2012-02-06;-383.13;USD
4f88a959ce7d4bae827dfc27ec26784a;Produto_G;2012-02-06;-491.77;USD
e92f9f74220b4a14a48538df54ee7114;Produto_H;2012-02-06;-1000.0;BRL
fb30566b696b4399968065fc1e31c8fe;Produto_I;2012-02-06;-62.72;USD
95e4f12897674540bebb2424e4cee370;Produto_J;2012-02-06;-621.99;BRL
8618dd5914404866b7e73151a98ce866;Produto_A;2012-02-07;-290.11;USD
a9e86b21d00d4bfd8536b6d2e09b175e;Produto_B;2012-02-07;-141.73;USD
cb0f4243424f4352adb6c2bde5c621d9;Produto_C;2012-02-07;-245.23;USD
32716ad4bff14d0e847e2a7eb50ae0cb;Produto_D;2012-02-07;-583.9;USD
7ca03affb3a74d4fa7a3a8e90e47f031;Produto_E;2012-02-07;-811.73;BRL
7f56b007f10042e787ce6fc6e95217fa;Produto_F;2012-02-07;-95.7;BRL
8e3657c540b641ffb3f201e38b3a11c6;Produto_G;2012-02-07;-290.25;BRL
bab9067099414b24a5e996fc223aaf25;Produto_H;2012-02-07;-744.94;USD
331ca230115c44309e3d552ad9406521;Produto_I;2012-02-07;-81.76;USD
609fbb1014794960a15818c1ab91ccec;Produto_J;2012-02-07;66.49;USD
2a516049ab7b4b5d8638c9c453fafbb6;Produto_A;2012-02-08;64.24;BRL
2a4d3de9d3b5406582e578925d7ab3c6;Produto_B;2012-02-08;-1000.0;USD
a824e2ae67224635b9ba1b1f7b13f178;Produto_C;2012-02-08;-961.19;BRL
94805ae725b9410c9ad3844d4e9dab96;Produto_D;2012-02-08;-790.35;BRL
38fd5dd66e274181afbdd40637c1126f;Produto_E;2012-02-08;-2.58;BRL
1f1e8d5942e843d9bebf66cbd09b4e14;Produto_F;2012-02-08;-329.99;BRL
1add7b90c45a42a39c7ad242e94e09ae;Produto_G;2012-02-08;-172.2;BRL
02ab75c696df4ceaac7f6ce702268d36;Produto_H;2012-02-08;-594.82;USD
4b3abf40e7d34d7f86bc87d00585e259;Produto_I;2012-02-08;-114.43;USD
603cf4c1e4ec4a4085daf3d0e2c4b08b;Produto_J;2012-02-08;-542.66;BRL
38f30edf90df4e49ab9fdacebee8ad13;Produto_A;2012-02-09;-500.23;BRL
0631b6a943c9470db7fdded32e3b5dd1;Produto_B;2012-02-09;-1000.0;BRL
9c2b9c17ed1b4905948337f738da1c6e;Produto_C;2012-02-09;-443.02;USD
b10af601846346bc812db5d278214442;Produto_D;2012-02-09;-395.66;USD
45d64e7ff0a54764af48e183c7182ac7;Produto_E;2012-02-09;-168.46;USD
2cac2a23d13c416a81cb0e81f901c547;Produto_F;2012-02-09;-405.54;BRL
6f63298a146a4161abcf873ec369a0e3;Produto_G;2012-02-09;-258.94;USD
1da63db81bc342ad80b4106f95094dbb;Produto_H;2012-02-09;-893.2;USD
1b8064b2a50c4fadbb4d391baa38a28e;Produto_I;2012-02-09;-101.05;BRL
680b0147bcb84499bf91485bce9da8b3;Produto_J;2012-02-09;-719.2;USD
db8c0e27dc4c4739b22cb11154ea8b57;Produto_A;2012-02-10;-510.37;USD
a7436d3c217542baa4629eb0fb05d1e1;Produto_B;2012-02-10;-1000.0;USD
0df1fc99ce22445bb874883f3bae89f3;Produto_C;2012-02-10;-585.64;BRL
fb20c2e6d64e4c778225749a9f245899;Produto_D;2012-02-10;-921.26;BRL
e76a579d24944286823d694ec3f1e7dc;Produto_E;2012-02-10;-824.43;BRL
125dcd60913d44bbaaa047859a433797;Produto_F;2012-02-10;-656.63;USD
234066def70a46f3a29e2ab3ea410b45;Produto_G;2012-02-10;-132.58;BRL
2485b5f7b48c461eac72fe2d51255a4f;Produto_H;2012-02-10;-505.68;USD
954854ac723f4861a9b150736c7c8627;Produto_I;2012-02-10;-949.98;USD
bfb8feced936473d89ccbc84d08d4613;Produto_J;2012-02-10;-1000.0;BRL
aa9c2c1cd1e3455cb18c819dc2dc4577;Produto_A;2012-02-11;-780.98;USD
e4d8ef9c016b4f9abe6359ea311a184c;Produto_B;2012-02-11;52.36;BRL
84315d0ab2b14ce4a0703b0666965dea;Produto_C;2012-02-11;-281.43;BRL
dafbbb561e0b44ca9b89e5baec8d7e87;Produto_D;2012-02-11;-477.36;BRL
17d05b45bf19442881d2d61648b2ffe0;Produto_E;2012-02-11;-599.64;USD
be680e3dcea040f59fc8fdd90dfb3ec3;Produto_F;2012-02-11;-504.25;USD
c408ec1bccc34ecb97a6fc2d2508681c;Produto_G;2012-02-11;-230.98;USD
9332cbf6db924ad0a742e2aa11f5b397;Produto_H;2012-02-11;-865.25;BRL
127ba6af975d44a599e361cdc18792a7;Produto_I;2012-02-11;-999.07;BRL
7a490181d6a248fcbf5c4d3bf6a8d371;Produto_J;2012-02-11;-465.79;BRL
56a6470aea9345b583de57ff4da23e85;Produto_A;2012-02-12;-449.81;USD
db72d3a283414ed9bcd2ca83f0e3e7a2;Produto_B;2012-02-12;-792.84;USD
7d97099ab92a40c4843b6fa414cb64a0;Produto_C;2012-02-12;-754.69;BRL
110e71da3a3f4d3a8a43c153b9491499;Produto_D;2012-02-12;-173.35;USD
2ad66a0a482c4b34adf59efc804b0078;Produto_E;2012-02-12;-358.96;USD
2ea908dec7fc4f8ab19d647c209f762f;Produto_F;2012-02-12;-189.8;BRL
a25457505e714aba8273b421f439fd0f;Produto_G;2012-02-12;-216.69;BRL
b6c1c57619e84ebcbe130a189a3990de;Produto_H;2012-02-12;-1000.0;USD
7990f00c002945b1bc07ccb9becf083b;Produto_I;2012-02-12;47.22;BRL
4ad65026ed6c4cf890c15c1396ba88e6;Produto_J;2012-02-12;-249.91;BRL
6ab75509cb3c46a29cccfb3368b9a8af;Produto_A;2012-02-13;-124.14;USD
3b2b3d221c2a43fda0df4d128654c4bd;Produto_B;2012-02-13;38.63;USD
52b15b22a80745838844868bfafcaf92;Produto_C;2012-02-13;-1000.0;USD
53ff7c3be0cf473aad14800f622fb0fb;Produto_D;2012-02-13;-81.58;BRL
8456816c788d4677adf842bebdf39051;Produto_E;2012-02-13;-610.34;USD
2d8c0411dfe342f5827116c46b6f014b;Produto_F;2012-02-13;-100.3;BRL
c01a8d21bce740ef9f85e4334ba1eb0c;Produto_G;2012-02-13;-757.61;BRL
a67c7de74c2944ef963b24b3baabaf67;Produto_H;2012-02-13;25.65;BRL
ccc3ac0382954ccf900631cd8f4c9eb8;Produto_I;2012-02-13;-1000.0;BRL
74f4eee21b7e4ace88450397ef9d216f;Produto_J;2012-02-13;-254.46;USD
315c284f0cc6460f9a9fd6311cc9e37a;Produto_A;2012-02-14;-368.39;USD
6aaec65eab4f4399a804bdf07b6775d9;Produto_B;2012-02-14;-1000.0;BRL
c9567fe09d9046c1a27edeb25a51783d;Produto_C;2012-02-14;-1000.0;USD
c3fc25b5543c49b5b38d21606a05ad97;Produto_D;2012-02-14;-387.94;BRL
a5da5baad2c44711bb6cbebbed0f9960;Produto_E;2012-02-14;-135.29;BRL
f507c947b7ae4d4383a2a1fdc7ecf1b0;Produto_F;2012-02-14;-405.32;BRL
245a1c034d5f48068bec334791dd02e9;Produto_G;2012-02-14;-420.52;BRL
1fc56435316f4b06b23b1d0c05f6d9b9;Produto_H;2012-02-14;-816.65;BRL
9487f71669764d7f8011a64d7f2fd1df;Produto_I;2012-02-14;-223.51;USD
bbb7bb428c53432bab38d7719c764244;Produto_J;2012-02-14;-254.93;BRL
8a416b3d4108422c90bc370781557b16;Produto_A;2012-02-15;-544.35;BRL
aab1960d10444b83aa749fcd8f231bb8;Produto_B;2012-02-15;-289.38;BRL
aa5f92a8110a4d4ba59e39a7492ccdad;Produto_C;2012-02-15;-524.66;USD
e457dbfd37f74413a19540be5a321eab;Produto_D;2012-02-15;-907.69;BRL
56a8a99aaeff4c6199354bc7616fffc9;Produto_E;2012-02-15;-80.12;BRL
7e7bafed4b024454833d86a6b0a0ee3a;Produto_F;2012-02-15;-21.46;BRL
6e25eda6199942d6abe8965cd6ec605a;Produto_G;2012-02-15;-548.04;USD
93d2881b046c4018b2f2662681a9c750;Produto_H;2012-02-15;-684.83;BRL
d441520bb87b441fb4f96d77779f8d04;Produto_I;2012-02-15;-584.88;BRL
eb39aceb13e041cc85f5f18f613471ef;Produto_J;2012-02-15;-756.48;USD
b02a61c6bb0e4c0d90377fc0bbc92f93;Produto_A;2012-02-16;-566.94;BRL
be3f994dc3734e79be07092377c2ac01;Produto_B;2012-02-16;-550.15;BRL
68db533a79b34fe99acadad24a2a85b1;Produto_C;2012-02-16;-901.17;BRL
a3e0548f3dd5428498729cc1774745c9;Produto_D;2012-02-16;-553.78;USD
7efa483206144bfb8d919735d2a73c7f;Produto_E;2012-02-16;37.52;BRL
6cb98fc6b95a493e8ec5559617d2dc56;Produto_F;2012-02-16;-412.74;USD
aa0043a211c64002919e8584b8840221;Produto_G;2012-02-16;-522.98;BRL
53c904ef82fd4b579ea6ad1eb6234a55;Produto_H;2012-02-16;-482.29;BRL
63c232d0af434747891676465470e5cd;Produto_I;2012-02-16;-322.94;USD
f5dd4bba111d4bc5b524678d4a1176a5;Produto_J;2012-02-16;-841.99;BRL
32b9e8b53f3046bb9383d83a18903cd5;Produto_A;2012-02-17;-570.92;USD
8dce9629cb21457a8be9d197543ba6bf;Produto_B;2012-02-17;-287.49;USD
a0d9bae7ccf94e6bb625e921bfe439cf;Produto_C;2012-02-17;-271.27;USD
0857e6c29f66480c9668cecf1ceb2b46;Produto_D;2012-02-17;-1000.0;USD
2f498b829bcf4c2bb60c62635e14ff01;Produto_E;2012-02-17;-696.42;USD
d3e23e2a4924484db34938a380a2eaf2;Produto_F;2012-02-17;75.74;BRL
c3259aa7e08240d79a89b07a5d0facbd;Produto_G;2012-02-17;-747.43;BRL
0a50a350b68b4052897676a0399f61eb;Produto_H;2012-02-17;-958.84;USD
a6307621568f4f188e0f0444615f4e2d;Produto_I;2012-02-17;-337.68;BRL
9f3dffb371934737b54e4c783819b416;Produto_J;2012-02-17;-661.63;USD
6606a274b6dd498e8f880bf5421d5243;Produto_A;2012-02-18;-767.94;BRL
225315b4d15647e5a32eae1bf597f6d1;Produto_B;2012-02-18;-957.99;BRL
704cae9213cd4344b9760852b28a60ee;Produto_C;2012-02-18;-783.1;USD
0f949a3a785f439f8e52e936d6904e92;Produto_D;2012-02-18;-111.02;BRL
dcf81e6ace044f5bafdbc3e6cd952abf;Produto_E;2012-02-18;-774.46;USD
ab86796c9c174edfa7c418de1fe7c8b7;Produto_F;2012-02-18;-738.63;BRL
9c1fee2dc4df4b3ca4f3d0eec331bbd6;Produto_G;2012-02-18;-219.04;USD
359578784c10475889a6f314f54851de;Produto_H;2012-02-18;-957.66;USD
47ca7af8431b47468811692f6a601c76;Produto_I;2012-02-18;-158.25;BRL
3d333d4c9b524f548aeb8ee0cb7b9fda;Produto_J;2012-02-18;-29.11;USD
9e774faf51e840caa17cf1638b86a214;Produto_A;2012-02-19;-592.03;USD
a44121e71c85479bace1fdd0e7387a8a;Produto_B;2012-02-19;-1000.0;USD
9c8433872af64e6c8b0fcbcde6b21c4c;Produto_C;2012-02-19;-9.46;BRL
d2d0f2b12b224d0aa6b584110fb06dd3;Produto_D;2012-02-19;-412.57;USD
8a70eceac9e449ca8ee38dcdcb0641f9;Produto_E;2012-02-19;-376.69;BRL
9db21a1b15cb41cc9c71164e074fe4bd;Produto_F;2012-02-19;-320.72;USD
2dbb7f4c139e417dba9beeba361dca38;Produto_G;2012-02-19;-651.88;BRL
a27a4efb609a4fc4ba4b37f9a08bcf8f;Produto_H;2012-02-19;-685.8;BRL
8c876592ec6b41619fea91fe84907f6c;Produto_I;2012-02-19;100.0;USD
f89bf9320ca24edbb8d74bcab2bfbb9a;Produto_J;2012-02-19;-793.28;BRL
3996ded05201433e940f773e20409f6f;Produto_A;2012-02-20;-54.46;USD
9d30bcc257874c65a28c898c6f0cfb5a;Produto_B;2012-02-20;-501.67;BRL
0bb782915e5246b39bc92e1b4acb40a7;Produto_C;2012-02-20;-614.1;USD
7ae8e578a4254c058d14456f15266f88;Produto_D;2012-02-20;-739.15;USD
4d161c14d14a4022a7bcf1db8e6b4c62;Produto_E;2012-02-20;-758.82;BRL
25cc58350d1548d29d15dd048871a643;Produto_F;2012-02-20;-355.64;USD
410b2d6cd19649209b0c40c54dfe4324;Produto_G;2012-02-20;-512.18;BRL
ae1fe34ee5884287a9b29f1762b6befb;Produto_H;2012-02-20;-202.8;BRL
5a77fec072b642aa8dc074beb0113e31;Produto_I;2012-02-20;-480.33;BRL
0e5f7416996b4c71bcc4bff4aa52f2c6;Produto_J;2012-02-20;-1000.0;USD
b922ea82ddf54d619fc4609181f28fa6;Produto_A;2012-02-21;-514.05;USD
486a5ede605945088e305ba7294251c7;Produto_B;2012-02-21;-117.2;USD
90111a32490f47529e1c4f9e31e5db06;Produto_C;2012-02-21;-960.02;BRL
bce3f5495569470a9fd4b6c0956adedf;Produto_D;2012-02-21;-899.31;USD
ac3fb42ad52948728f568de1bacbadbe;Produto_E;2012-02-21;-637.8;USD
020a8c5674cb411cae0896c18fd432a1;Produto_F;2012-02-21;-191.45;BRL
86f2259a2228452fbc46b9da7fd7da1c;Produto_G;2012-02-21;-393.97;BRL
ffe702097a2340c29015b3323a38c411;Produto_H;2012-02-21;-825.92;BRL
2a2a50358a59416681aa7cbf654252f9;Produto_I;2012-02-21;-305.88;BRL
6c63d8b1361d4d0ba43bd14d303c2adb;Produto_J;2012-02-21;24.34;USD
1b4e239274814ad2b7ed2200b841eb30;Produto_A;2012-02-22;-604.95;USD
a22b604ef6c24dbeab1420c37a7d8d46;Produto_B;2012-02-22;-427.87;BRL
74d4840967384cda83f71b6da1695f0a;Produto_C;2012-02-22;93.11;USD
ce3562755ef441b3af2c4ee577147e98;Produto_D;2012-02-22;-1000.0;USD
025c4dcb49c24904af1b9961d93ce896;Produto_E;2012-02-22;-822.91;BRL
b24a02cf92fc4900a6569d63345b62f2;Produto_F;2012-02-22;-772.84;USD
6a64581428ec4df6a62086a61ac416e3;Produto_G;2012-02-22;-681.1;BRL
aadeb3b208bb4d44831a8fbd006582e9;Produto_H;2012-02-22;-1000.0;BRL
a89629df90c64f6c9ec2fea7f396bfc8;Produto_I;2012-02-22;-199.16;USD
4d264130a2fc4f4b8d9f2afba761612a;Produto_J;2012-02-22;-395.9;USD
1d7cc568085740f4be74dcb2501be231;Produto_A;2012-02-23;-413.63;BRL
08b5b89f4b9b43acb89f783af1d1cfb1;Produto_B;2012-02-23;-776.98;USD
294d9065597d46adad57ce0a57884598;Produto_C;2012-02-23;0.77;USD
382f7bba3b364a66922cd23dc6e57190;Produto_D;2012-02-23;-452.24;USD
8ce72f47f9cf4813b7210ab0788371df;Produto_E;2012-02-23;-726.18;USD
3310f999504c45b4815fcd5544686b2a;Produto_F;2012-02-23;-36.96;BRL
7cd1186256c943e9bbbe4c169431d21d;Produto_G;2012-02-23;-409.08;BRL
48820e4916fb4d5e8b59c7199ec64a8e;Produto_H;2012-02-23;-321.34;BRL
cad6992cf896490b828761a780964a2e;Produto_I;2012-02-23;-990.25;USD
6764304cbadd42bba7f081a680716fd4;Produto_J;2012-02-23;56.8;USD
269c7840cf694aabb6cb383ba5c17cc8;Produto_A;2012-02-24;-928.66;USD
6c4fe08852954c9395580c8f988eefe9;Produto_B;2012-02-24;74.7;BRL
4b55f8ccd69f4bd788595f6c0fff5e77;Produto_C;2012-02-24;-844.43;BRL
abbed1d40765410488c9fd793c495c09;Produto_D;2012-02-24;-46.32;BRL
928d202955ef43f3a1e6438107fbe01e;Produto_E;2012-02-24;-711.95;BRL
4518debd5df342549c94f1e1666017f0;Produto_F;2012-02-24;-682.18;BRL
5d558ba62f8b457fb29852b48094bdbc;Produto_G;2012-02-24;-197.98;BRL
3f2e393dbe214f0d8be1cc596cb4177b;Produto_H;2012-02-24;-785.83;USD
49ffc47e3afa45dd9816d3a9a3bacea6;Produto_I;2012-02-24;-224.46;BRL
b625de982ffa41c69cfad7d72b497290;Produto_J;2012-02-24;-239.12;USD
c98af400c9cd4c828e8f662406bd7de2;Produto_A;2012-02-25;-39.47;USD
7330befe985c4a3fac8c254908ac8083;Produto_B;2012-02-25;-228.8;BRL
0bf56cac6c27473a9f9966aa7445b93f;Produto_C;2012-02-25;-588.31;BRL
55d27365de0d43c1a3b00d702a3dda38;Produto_D;2012-02-25;-561.03;USD
15ab9388eadc4e21bd4e110fcd97db2f;Produto_E;2012-02-25;-822.86;BRL
9844e2a4fcc546eb9397061d5210a46c;Produto_F;2012-02-25;-160.59;USD
7d18ffc3daf54168a9e732c11bc32ab2;Produto_G;2012-02-25;-376.06;BRL
064ba14368e147a7872a28d70c34edd2;Produto_H;2012-02-25;-195.26;USD
94079b4db97e4c739856f73e40a1dafe;Produto_I;2012-02-25;-499.57;BRL
593a98281d874bcaa5e1afa9015f0550;Produto_J;2012-02-25;100.0;USD
d863156dcd80494ea4663b5754431b13;Produto_A;2012-02-26;-754.64;BRL
2a681973f85d478795bc1e0ee4ab3ca2;Produto_B;2012-02-26;-850.89;BRL
9c82b8b1164749ed91d2a3fac1569da0;Produto_C;2012-02-26;100.0;BRL
a1287be838c24220b70b5fe5bca55865;Produto_D;2012-02-26;-382.22;USD
417978d6c1ab4ac5bb1cc0c9c0f6b743;Produto_E;2012-02-26;-166.79;USD
1baf58686a8a4294af6223aaaa04d484;Produto_F;2012-02-26;-176.36;USD
dc2348e1b10246f9b9316ac93500dfdc;Produto_G;2012-02-26;-688.78;USD
bd725c7670c640a2b3959545836eefc1;Produto_H;2012-02-26;-792.42;BRL
b774100982d74770a5f485084d5276cf;Produto_I;2012-02-26;-826.45;BRL
dfae78faf2b84e3e815761436c24fe89;Produto_J;2012-02-26;-425.8;USD
bea550d5c16140d98bd25b54b9ca3712;Produto_A;2012-02-27;-405.74;BRL
3fea0f09b6604f0b8460e3095570fb2e;Produto_B;2012-02-27;-763.21;USD
c86411e8d8aa42e08ce8c711d3a3fac2;Produto_C;2012-02-27;-187.17;BRL
a69e217c9d874f5f9bdf69c095a89081;Produto_D;2012-02-27;-942.65;BRL
6fbc787d5f3a4cfda5fe1965f12076bf;Produto_E;2012-02-27;-229.86;BRL
0f7eed5c80ca4e73a9d95071cb09dce2;Produto_F;2012-02-27;0.39;USD
8d9e3612e03549fc9409fc16b9a9dbb1;Produto_G;2012-02-27;-78.13;USD
2a61a2517de4407a88a47bf2c561b350;Produto_H;2012-02-27;-1000.0;BRL
ab320b28fa914771b08d23ed74c0844a;Produto_I;2012-02-27;31.04;USD
81ec663f3938455aa94e6c961358493e;Produto_J;2012-02-27;-38.39;USD
697212d72a494a4b94c3a14154b0212b;Produto_A;2012-02-28;-469.14;BRL
931b163ebf9145ea8ddf88051a74d5fd;Produto_B;2012-02-28;-602.89;BRL
8ac1c391bd3e43bb9afc526b2d06a3b8;Produto_C;2012-02-28;12.82;USD
3d2bb8f39cb4413d960b88a623846b39;Produto_D;2012-02-28;-195.52;USD
69de37f9467e442db9ee6c139898a56e;Produto_E;2012-02-28;-291.83;USD
5f9ee307cb4540acafc64282ce332555;Produto_F;2012-02-28;-59.6;USD
31ef405bab2d43af808b73f60d783079;Produto_G;2012-02-28;-631.08;BRL
6aeeb9fb128b430f8f988f73218e2476;Produto_H;2012-02-28;-381.52;USD
4008b76af738471198f3a7bafa560db0;Produto_I;2012-02-28;-25.84;USD
91836194941643608b698b77a7e02d1e;Produto_J;2012-02-28;-464.33;USD
300c8f3390db40afb0a2e66f7cc29c35;Produto_A;2012-02-29;-872.28;BRL
119030dafd1b4ae99f803ee2557ea393;Produto_B;2012-02-29;-1000.0;BRL
72bcd6c297a14d7982c5f05775e5f74b;Produto_C;2012-02-29;-730.24;USD
5618a68fcf9f403fa83f3f1ea279a0f7;Produto_D;2012-02-29;30.22;BRL
edd59c8d335648fbba2c885eef29756e;Produto_E;2012-02-29;-18.02;BRL
a3a0ce90d5f945ab981b3a4b2fb16a25;Produto_F;2012-02-29;41.02;BRL
19dadc84aa4a43bb9525c32fb5c56726;Produto_G;2012-02-29;-296.18;USD
97f6da2a05ea44bb945398b50bd6e049;Produto_H;2012-02-29;-652.99;BRL
fb9d39a675dc4b2495d6123037e12793;Produto_I;2012-02-29;-638.24;BRL
d734bfc7560d44ee875eca2b4970f80c;Produto_J;2012-02-29;-772.48;USD
ba3f733d27314479a18494a3b042d725;Produto_A;2012-03-01;1.57;USD
afbd53a4f2424d5ea65ef2445e7f54ff;Produto_B;2012-03-01;-271.78;BRL
ae204e20e5f6419592eabcaa9ea0ee4a;Produto_C;2012-03-01;36.06;BRL
396171b80d8449e3b08198d1d8364148;Produto_D;2012-03-01;91.86;USD
71dc3c56be034bc2a96d1200da86e5e1;Produto_E;2012-03-01;-753.98;USD
49b678c39bb2492d831ac8aab11df826;Produto_F;2012-03-01;-166.21;USD
3fa3ad8aafe94840897611247bc30faf;Produto_G;2012-03-01;-239.45;BRL
a427c994f4ef4546997f90082cf60d67;Produto_H;2012-03-01;-591.72;USD
817cb3b8be42407fa39923dd9b9d1738;Produto_I;2012-03-01;-667.0;BRL
ef4c67feb1b541da9ba8e05ca4bce397;Produto_J;2012-03-01;-1000.0;USD
02f98df047a048a6bca8eb5b378b7c46;Produto_A;2012-03-02;28.54;USD
6ae3247e64a54aa88da4c3d189ebfcfb;Produto_B;2012-03-02;-30.52;BRL
5f922fd83d6242ce9b5ee88f85f0eb65;Produto_C;2012-03-02;-336.58;USD
9118da778cb74798801843dbc5100bf1;Produto_D;2012-03-02;-911.09;USD
55a1cbc191524fb8ac994d66b17524c0;Produto_E;2012-03-02;-630.65;USD
4d1288b4aba7433899854d05bd58a53c;Produto_F;2012-03-02;-398.73;BRL
1dd3c5e60be44f0f845efa813a2d76c2;Produto_G;2012-03-02;-163.55;USD
d4e38f49fe5d4afbbc1174a5f498276f;Produto_H;2012-03-02;64.24;BRL
b3397e2b23444f678e7cbe87407fbad5;Produto_I;2012-03-02;-706.33;BRL
24c687688cc04d988ab144186899f372;Produto_J;2012-03-02;-321.31;USD
3c28165103184d16b147618e8c1ac395;Produto_A;2012-03-03;-241.68;USD
b90bc0aa1bbc4660b6ea95f429f1d07f;Produto_B;2012-03-03;-626.81;USD
7bd48cff7abf4989ad726477c97b7eec;Produto_C;2012-03-03;-503.17;USD
be3086f2185e41bca6e1cd6e95a5a51e;Produto_D;2012-03-03;-771.38;USD
d4395fe0cce74259af19b5ef9c0e53ae;Produto_E;2012-03-03;-766.96;BRL
025c37c04ce342628e8ee4d92b4b4675;Produto_F;2012-03-03;-317.3;USD
fdca116b58de4172ab4b1c2aa7122ab2;Produto_G;2012-03-03;-674.82;BRL
3195a969f8194864a648e6aa3c9b08c4;Produto_H;2012-03-03;-320.18;USD
27c7a8cdc3664be297ac6059ee3c2659;Produto_I;2012-03-03;-263.39;BRL
ce5b2bb0605a4acf8525fde0147c6839;Produto_J;2012-03-03;-615.82;USD
ce6875774d4142a3a56c857de72d50d0;Produto_A;2012-03-04;-157.49;BRL
37b1dacb589b44d4a9850f78c85fcddf;Produto_B;2012-03-04;-240.72;USD
b998dbda4e4c457db005b495789757f4;Produto_C;2012-03-04;-588.27;BRL
75d96aab80ce42d6a26ee42d120eb3e7;Produto_D;2012-03-04;-570.58;USD
cf2b69ea6fc1434397c75c28fa58c9af;Produto_E;2012-03-04;-278.51;BRL
1d1382c2df87471fa1243ea27dbd6e7a;Produto_F;2012-03-04;-22.95;BRL
4d3cd23907884b62beb0ad5527ff831f;Produto_G;2012-03-04;5.01;BRL
bd37692ff7914c9a8a05c3ad5f498bbf;Produto_H;2012-03-04;-1000.0;USD
b2da98a7d0d646c3a3edc3182a1fc59d;Produto_I;2012-03-04;100.0;BRL
67e6302b918d48a4990c942e653326b0;Produto_J;2012-03-04;-809.07;BRL
c10f5c09e05445fa83dbaccdb925f1b1;Produto_A;2012-03-05;-88.73;USD
7b60ecf0066e4c5b8b8d568619096b87;Produto_B;2012-03-05;-796.58;BRL
df07c54434394be592e7d0494b98aafa;Produto_C;2012-03-05;86.34;BRL
e8ae3fa3a7d9467faf799f54253e521d;Produto_D;2012-03-05;-198.27;USD
a076ff1629d64d8db65aa05daca64938;Produto_E;2012-03-05;-824.25;BRL
83131847dd924b2fa77d13125da29ea3;Produto_F;2012-03-05;-47.76;USD
6592d7095293451ea64abf8220d00525;Produto_G;2012-03-05;-574.48;USD
569e1bcd020c44679d4134e914aac886;Produto_H;2012-03-05;-215.66;BRL
346bd4c060cd48a8a7e12e2bc0ab9dd7;Produto_I;2012-03-05;-961.01;USD
a7fd6730a48d4018a6805c5a5b283c77;Produto_J;2012-03-05;-569.68;USD
71bd6419c291464d8581968640fad85c;Produto_A;2012-03-06;-745.91;BRL
fd588ee11da6455ca061b41690cdb1f0;Produto_B;2012-03-06;-527.27;USD
c2f4d9e88fd04b27b7653334110fc58c;Produto_C;2012-03-06;-1000.0;BRL
a57fefb248124b0f9efce943ea28925d;Produto_D;2012-03-06;7.85;BRL
f99219affc864708b0b7f73586b12058;Produto_E;2012-03-06;-710.57;USD
5a106d8eb5e54104b87c00795419e201;Produto_F;2012-03-06;-590.02;BRL
3f35e62d95fa4ef080dfe26d498bb03d;Produto_G;2012-03-06;13.3;USD
6a73044a53bd4624a52adf45a14547b5;Produto_H;2012-03-06;-957.44;USD
d6c283637b6e45038cc16fd91af52d12;Produto_I;2012-03-06;-735.71;BRL
d449c37d07894c58a50a8012ffbc5300;Produto_J;2012-03-06;-938.71;BRL
0168cc2642f3462198bf1384a8bb8a04;Produto_A;2012-03-07;86.89;USD
875cc5f59d084fb098f7a7403db970cb;Produto_B;2012-03-07;-1000.0;BRL
e181517b4f344200af42c8bbd620a617;Produto_C;2012-03-07;-263.61;BRL
8b15b6ae43ab46d2a38ffab9f546aa72;Produto_D;2012-03-07;-74.08;BRL
6dcba341b99d408b8327da8853fabe8f;Produto_E;2012-03-07;-210.06;BRL
5bd9d7dd559640c7a8116fb799292b0d;Produto_F;2012-03-07;-185.91;USD
614318ad4f1645989ee3ad39894a029f;Produto_G;2012-03-07;4.05;USD
8955e5d311be4e2bae13b09f53e4982f;Produto_H;2012-03-07;-977.69;USD
29c9245a19824681b2f2750c19666026;Produto_I;2012-03-07;-692.6;BRL
074b78c9d05345c58d3d9be06a0c52a8;Produto_J;2012-03-07;-13.33;USD
656d064796924e85828e1d1986166b68;Produto_A;2012-03-08;-470.21;USD
bd7866aafeef4d6bbbe762e27bfae506;Produto_B;2012-03-08;-656.34;BRL
692767874de24f2bbc9a977a81ec5c57;Produto_C;2012-03-08;-799.6;BRL
fb813810d70844099dc7f5701a4d03b1;Produto_D;2012-03-08;-765.27;BRL
0ebdfda840ba4933bdd7aa97c573315a;Produto_E;2012-03-08;-535.85;USD
8ecff6e4ca6d46fe91de6d1b8ef62642;Produto_F;2012-03-08;-488.39;USD
b16d85f390bd4c07af27d62a316bfafb;Produto_G;2012-03-08;-643.53;BRL
afa335cb977947bb9b119a50945c4f91;Produto_H;2012-03-08;-660.79;USD
7f468b636f1f4ddcaf12e389790504dc;Produto_I;2012-03-08;9.16;USD
7e10d94188474c95ae6654b43474bada;Produto_J;2012-03-08;-123.37;BRL
ac9c49df03dc4097b337ebde95e2fa27;Produto_A;2012-03-09;-791.04;BRL
fa208dec17e84849af9e0f3bea6fd1df;Produto_B;2012-03-09;-1000.0;USD
e587a85e3bb34acaa74d168b30579da4;Produto_C;2012-03-09;-984.45;USD
83ef78c3e2ab44b4b59524531a83d21a;Produto_D;2012-03-09;-554.04;USD
f7c5da6292904beb97012897880beab1;Produto_E;2012-03-09;-576.91;USD
e59e54d7592745f497a3e9644c70f9e1;Produto_F;2012-03-09;-452.94;BRL
e65d81fe839b4792943e2aa93b305f0b;Produto_G;2012-03-09;32.31;USD
46943f421ac74ba787a999b04c1558d4;Produto_H;2012-03-09;-291.89;USD
67260570b11e4f2d8201bbed5edec797;Produto_I;2012-03-09;58.85;USD
d10c067ffe11463c88339c9492bec576;Produto_J;2012-03-09;-611.11;USD
197d2c2e6fbc4ac88159e8632d728b80;Produto_A;2012-03-10;-932.48;BRL
3857c9955b164ef682a1b119226d4468;Produto_B;2012-03-10;100.0;BRL
c2dcb340a3ca4c4eb1c2af69029b5cec;Produto_C;2012-03-10;36.21;USD
ac1142ace196482f98b11dc886d280fb;Produto_D;2012-03-10;-424.91;BRL
907f8baa81e543c28c70639f31553e22;Produto_E;2012-03-10;-755.11;USD
c46c372df96744e4aabe46149ad48ab9;Produto_F;2012-03-10;-172.23;BRL
82a15b2b5f1a4a9486d2d5419b63a9d4;Produto_G;2012-03-10;-325.99;USD
00e0287bef63424ebea68839018ddbd3;Produto_H;2012-03-10;-1000.0;BRL
b1652cce3bbe436eb5cc71cf424c8907;Produto_I;2012-03-10;-45.39;USD
d07bb130ca854563939977535333b339;Produto_J;2012-03-10;-142.72;USD
b9c41e2f2616443a951b38fa075b74d6;Produto_A;2012-03-11;52.32;BRL
2404dcaec22e493680c2c97fb96120de;Produto_B;2012-03-11;-118.55;BRL
0bef602196bc48c8910be56038f8f8c3;Produto_C;2012-03-11;-75.47;USD
249c37be4eb5438a93bb6ad58e18e110;Produto_D;2012-03-11;-745.25;USD
4c31c57c26834041a222dc5e6e5336b1;Produto_E;2012-03-11;-761.81;USD
019138e21d224159bdf89455ae634e36;Produto_F;2012-03-11;0.79;BRL
ba367fea17844c64baadb5fdafc2945b;Produto_G;2012-03-11;-718.36;BRL
44cba933793b44d1a78b285c71d5a204;Produto_H;2012-03-11;-265.04;BRL
9b6f809e409d41799d3005b665616ae7;Produto_I;2012-03-11;-62.6;USD
7e2df88a95594d1aa7d1bcedbcf300b5;Produto_J;2012-03-11;-743.94;BRL
daa3b79eff7f4af5aefb70eefa1d3570;Produto_A;2012-03-12;-874.95;BRL
3aef44910acc4f45854681c80725da6c;Produto_B;2012-03-12;-1000.0;USD
200b891eed68471fb9deabc4619fea46;Produto_C;2012-03-12;-566.17;USD
5d0a662588ed48c6af8f19c452aa1177;Produto_D;2012-03-12;-757.77;USD
c1d31793030849e4a390a15658173c3a;Produto_E;2012-03-12;-519.54;USD
ddcb4c7caf2f448a89da2d4a4ba83957;Produto_F;2012-03-12;44.63;USD
ec5a0149e1e94abe893c020ec9722141;Produto_G;2012-03-12;-27.63;BRL
6ddd33ebe5d44b4aa7b90e0d07a548b4;Produto_H;2012-03-12;-802.46;BRL
9dfff4b628674110abf4f4cfccb7e822;Produto_I;2012-03-12;-67.02;BRL
425056a57590415997fa7307d41939a6;Produto_J;2012-03-12;-850.41;USD
2bab3d7035374e92a8bd3eaaea11d79c;Produto_A;2012-03-13;-294.44;USD
5d972ddc34c1458e9d39e6d7962181d8;Produto_B;2012-03-13;-607.91;USD
6b56c346ea0f421faafd46155507bb0a;Produto_C;2012-03-13;-559.53;USD
bf6bec61ba6545d79ca07d0781ed1225;Produto_D;2012-03-13;-344.75;USD
b81cbeafdcd44390bcfd645613a9b4e0;Produto_E;2012-03-13;-467.31;BRL
6fdf157bf9a44feb930c9bdd93ff3843;Produto_F;2012-03-13;-209.76;BRL
6c9b189f07aa4f359461d55eb0c3224f;Produto_G;2012-03-13;-641.98;USD
2ce9ef2d8f924301ae55884cf45e39e6;Produto_H;2012-03-13;-349.0;USD
60f17298d268461b81131de50fcb9fe8;Produto_I;2012-03-13;-298.99;BRL
d2a5c8bbfe5940e58b2a1d396f079ccb;Produto_J;2012-03-13;-221.61;BRL
509d4fd486b5450b820a90d011d4034b;Produto_A;2012-03-14;-411.59;USD
c254594e857242e98507420d15ad0a4b;Produto_B;2012-03-14;-680.3;BRL
a003da486ced4bfaaea3b15f8c45faaf;Produto_C;2012-03-14;-963.92;BRL
abaf1f4fa62a4919a104d43ebddcd2a6;Produto_D;2012-03-14;-385.73;BRL
ec714630388d48e094ba5beeaab3caa5;Produto_E;2012-03-14;-105.74;BRL
6582c2e140bc416bbfb823afb3bd1d77;Produto_F;2012-03-14;-713.8;USD
3ff1fd03773e4019848738e3ab88c08d;Produto_G;2012-03-14;18.4;BRL
38a90245fc0140f1a677a434c6d0dbb1;Produto_H;2012-03-14;-305.65;USD
ccef3deec9624e35ad6eadf475144820;Produto_I;2012-03-14;78.76;BRL
a1a936f358c942c18a782429fc202f55;Produto_J;2012-03-14;-330.49;BRL
60c06b1d0da047668237eb27e3e1719e;Produto_A;2012-03-15;-459.11;USD
8e2185a92d7543b1890f89917d9901bf;Produto_B;2012-03-15;-662.05;USD
4e817a956c9f4c01a1806b2357e72f24;Produto_C;2012-03-15;59.82;USD
ff5a21ba4854485e9465a3f7c2088521;Produto_D;2012-03-15;13.14;BRL
6c8826e3417848b68fa82ed24b4a6abd;Produto_E;2012-03-15;-655.54;BRL
7a2fc2b9e754474ea4a9108dba550c8e;Produto_F;2012-03-15;-426.11;USD
166e227752144b6ab0bd55aa8a84a8a7;Produto_G;2012-03-15;-124.15;BRL
cba4ed1235724d30b1c71d25ace8cf57;Produto_H;2012-03-15;-420.16;USD
cbc1a8a69b63490887bd3de96299eb02;Produto_I;2012-03-15;-990.79;BRL
d7d1b0b6470c4e06ab5060b76d9776f4;Produto_J;2012-03-15;-859.31;USD
ae4e26e8b06b445f9ee25ba7643c9f3b;Produto_A;2012-03-16;-639.4;USD
117d249edb474ca0af696b6a98d0ac97;Produto_B;2012-03-16;-1000.0;USD
98704f9e9915408b9af59fa6a361fd51;Produto_C;2012-03-16;-364.52;BRL
56c1f2802193448c89f1314211a6a49b;Produto_D;2012-03-16;-188.88;BRL
c74b0cd59ee14e75aa41fb086c2eba92;Produto_E;2012-03-16;-605.31;USD
5a7e9082f1084b2dac4dfb81f971cb19;Produto_F;2012-03-16;-532.28;USD
4aa3567aee9642cea472147118fa2ea1;Produto_G;2012-03-16;-250.75;USD
e07eb8aeb6374d7aa6f0f551e2762ce0;Produto_H;2012-03-16;-733.75;USD
442410c87ae844d4b0e078a32766e4f1;Produto_I;2012-03-16;-41.67;BRL
07268c2e70674527b8fdc50842e0673d;Produto_J;2012-03-16;-1000.0;BRL
931f3f0eba97454abfbb34898a030b07;Produto_A;2012-03-17;-517.79;BRL
23c819470b2f416fbd633edcf1d9e0de;Produto_B;2012-03-17;-1000.0;BRL
5ac97555066e408883e1207f61c75859;Produto_C;2012-03-17;-137.31;USD
886c31cab0094a50adcefda13b36d0d3;Produto_D;2012-03-17;-256.4;BRL
943a441be579452d943e994d13d3c8e0;Produto_E;2012-03-17;-136.77;USD
5be5647b62bc4ea5b363f27c0c2f1c61;Produto_F;2012-03-17;-429.42;BRL
b1d39b240d764f16aadb556a8bd3d73f;Produto_G;2012-03-17;-619.69;BRL
809edbcf13554fdb9564511ed3b27dcc;Produto_H;2012-03-17;-176.75;BRL
37fa482fec9f4818b46f30e7aea23953;Produto_I;2012-03-17;-741.42;USD
d77b6da984a9494ab7057ad8f0102caa;Produto_J;2012-03-17;-16.4;BRL
79ad469e13cb4dcaa9d12737cdb36182;Produto_A;2012-03-18;-858.28;BRL
597f631df39b4c75b5a9c723519a0899;Produto_B;2012-03-18;-210.49;BRL
044266c170b348c9a07b006566ec1f81;Produto_C;2012-03-18;-147.48;USD
e80f996bf4bf4794a039fea9fd316c3f;Produto_D;2012-03-18;-36.3;USD
95dabee57e69457490ee60dd9d28c2db;Produto_E;2012-03-18;-414.64;BRL
225d45e400774bebadde6b615fbc92f5;Produto_F;2012-03-18;-687.49;USD
33c25e16347147619598b7a02ab93878;Produto_G;2012-03-18;-498.35;USD
1819c701799b48fa87beea309eb6aea6;Produto_H;2012-03-18;-888.39;USD
8f7cd34ae218429997e9546c1b59b5bf;Produto_I;2012-03-18;92.43;USD
7e36d0e9b70a48acb6f7310bb4692072;Produto_J;2012-03-18;-852.77;BRL
09db8cdc9ef04a789fc224ad27e3369d;Produto_A;2012-03-19;-304.87;BRL
09f536a82e644ac1948cf7be49c02dfa;Produto_B;2012-03-19;-797.05;BRL
ecc6061ff7fc4b5ab579f45eaca97dbb;Produto_C;2012-03-19;-976.6;USD
cd5ecbdd071a4edf96e3ba6d3af19231;Produto_D;2012-03-19;-84.66;USD
57de88b0c51940c681a539fe88519caa;Produto_E;2012-03-19;-133.19;BRL
bab87daff8aa4457bbe4ffcd52a38f6e;Produto_F;2012-03-19;-95.23;BRL
40708af001814b2c8782b46c0b5cac44;Produto_G;2012-03-19;-48.72;USD
a0b166854cf841c7871ae9697863340c;Produto_H;2012-03-19;-418.7;BRL
4fd3921b5f7a4f21b82c263724d4a16a;Produto_I;2012-03-19;-276.08;USD
2ba9ae3df12f4009b3748cce7cab9f85;Produto_J;2012-03-19;-850.12;USD
ae47aa9eb52440529b0b8fa0b051a4ba;Produto_A;2012-03-20;-268.67;BRL
4b897228948e47a8945b7ca53bdae5d8;Produto_B;2012-03-20;65.29;BRL
1752779523e4482dae5130a1c3222d45;Produto_C;2012-03-20;-957.14;BRL
3802e6f5513b457ebe22f1bc51b386bb;Produto_D;2012-03-20;-252.65;BRL
6f214232b0214d85bb1b42f01ee78587;Produto_E;2012-03-20;-384.04;USD
79f513cfb04245b2acc38557d4084072;Produto_F;2012-03-20;-761.58;BRL
b47a6ec3be384a9485a5f4dae0556aa9;Produto_G;2012-03-20;-268.18;USD
d75795d2d3d949e2829936a2410cd166;Produto_H;2012-03-20;-761.4;BRL
07ffe32a1e2d4072be4bdc519adc05c7;Produto_I;2012-03-20;-960.83;BRL
f7e93aea518c4505bd6d9b5ba2436296;Produto_J;2012-03-20;-85.69;BRL
1181985b3ba64936a3a4de6345ee0621;Produto_A;2012-03-21;-548.77;USD
71d620e467434967b54245a6d969a57c;Produto_B;2012-03-21;50.43;BRL
35f32c85b2054d899e6b06337d099247;Produto_C;2012-03-21;-832.21;USD
6dbecc78c81a47d99eccb4841dc8dc9c;Produto_D;2012-03-21;-342.86;BRL
63715a8444df44d9b6e4fbabf2fd64f3;Produto_E;2012-03-21;-43.93;USD
eaf45ab481ac433ab097039139b9fec3;Produto_F;2012-03-21;-421.24;BRL
6b83c6dd8c8540c59e5716852ca3ab35;Produto_G;2012-03-21;-468.58;BRL
b0621ef4890342568532ce1e3313c89e;Produto_H;2012-03-21;-1000.0;USD
ae3f2f949505490cadf67857ef7d5b37;Produto_I;2012-03-21;-1000.0;BRL
ab44d3609ee64d378a7085684dece4c6;Produto_J;2012-03-21;-86.92;USD
817dfa6d03a049eb9c4a48794d96b0ea;Produto_A;2012-03-22;-235.02;USD
f2b58ce44a6c4b9db321bdd3099498fb;Produto_B;2012-03-22;-697.04;USD
7f52474aa70b4f60ba1b7b167d03f69a;Produto_C;2012-03-22;-520.89;BRL
f0e8049d327949d599ac185c94f035b7;Produto_D;2012-03-22;-410.28;USD
ba5d1c67db934c5f8ffe63a8a7ca176b;Produto_E;2012-03-22;-17.1;USD
cc9426acdcb04ac18cec527031ed7b7a;Produto_F;2012-03-22;-278.01;USD
d0d16e87e4a4453f9bd93bc2d5e39179;Produto_G;2012-03-22;-716.76;USD
47c8c11dbcc64f28b3718c9500d94262;Produto_H;2012-03-22;19.18;USD
39969f70409140dd94b15b5dad939e7a;Produto_I;2012-03-22;-340.96;BRL
dbaf2d8fdfd5475fb0d790daceb42ce7;Produto_J;2012-03-22;-1000.0;USD
5d3be22c7dd74557b564853add147b92;Produto_A;2012-03-23;-325.61;BRL
785a5d1b7be64517bc4929b9dac69460;Produto_B;2012-03-23;-879.6;BRL
3fe9379723af452eb3ea5272ad438816;Produto_C;2012-03-23;-393.19;BRL
df795adfdff141d69bebd0d8c99025e4;Produto_D;2012-03-23;-65.89;BRL
21878f8423114300b517f3c557a6957d;Produto_E;2012-03-23;-94.18;USD
d48c1269aba84a819c455b7906eb1112;Produto_F;2012-03-23;-391.24;USD
ac393e23db734bb19c90dd21475d5e94;Produto_G;2012-03-23;-196.74;BRL
4eb79265bdfc454694f58040e07ba0ee;Produto_H;2012-03-23;-529.05;USD
4154add5e0c74d0992f17a049eaf2704;Produto_I;2012-03-23;-899.8;BRL
405446fe777e451cb3532886d9734fbb;Produto_J;2012-03-23;80.57;USD
b4e1ecd1e54a4e10b7040cb97d7590fb;Produto_A;2012-03-24;-924.29;USD
49f7d0aa282c4cd0a5f31e6b83fa2318;Produto_B;2012-03-24;33.33;USD
927391532bc446b58609d010080fda22;Produto_C;2012-03-24;-684.1;BRL
61111b56aecb40178f02787cda54566c;Produto_D;2012-03-24;-220.25;USD
470094849adb44d58c0b8fbc2d169eae;Produto_E;2012-03-24;-364.4;USD
51d4460787524c4ebef14f2a19816f91;Produto_F;2012-03-24;-353.03;BRL
865e89021f7d46ee86667401c338fb0f;Produto_G;2012-03-24;-234.86;USD
3b26e05274ba414eac6d0cfbc8ec7c80;Produto_H;2012-03-24;-1000.0;BRL
e01ecfab87da4ab4bfec3df1eb3950d4;Produto_I;2012-03-24;-261.88;USD
9a671ca5829947f3a6224539ef714433;Produto_J;2012-03-24;-436.21;BRL
20968c3c7e684cbaa14194d9ec8c5869;Produto_A;2012-03-25;-859.66;USD
17e54a21dbe944f5abcf404e3f82f9c5;Produto_B;2012-03-25;-596.27;USD
b180ac20025b41feb2ac9eba9431ae24;Produto_C;2012-03-25;-520.3;USD
f264bfb77ebb4deb9dd47b0b8fc05b9d;Produto_D;2012-03-25;-611.62;BRL
16081128785a406c95abf6e6a19910d3;Produto_E;2012-03-25;-522.45;USD
eb48be0312d34d0cbf193f40a71361be;Produto_F;2012-03-25;-593.92;USD
fbd8990d03e9482ebe23360927a074c9;Produto_G;2012-03-25;-546.58;BRL
98e808350142488fbd168a2331f84a2b;Produto_H;2012-03-25;-884.3;USD
0b668a49f4424cb79608ff5ade03ef9f;Produto_I;2012-03-25;-921.92;BRL
78e0208009ed4d43a9f03132b2fde6c4;Produto_J;2012-03-25;-1000.0;USD
a47ab17388ff4dba8819c0a6fdd50f9f;Produto_A;2012-03-26;61.37;BRL
3ffbb87fd7584b41bc00654baf875506;Produto_B;2012-03-26;-390.81;USD
ada7e58da7f34777a446bc59766a48b5;Produto_C;2012-03-26;-706.33;BRL
945fa149c6be409e95e868a887b17270;Produto_D;2012-03-26;-1000.0;USD
e9052c2719ca45bca1f50a15fa6394c9;Produto_E;2012-03-26;-779.76;BRL
33af5f7973694c7c8466ba8f3fb55a20;Produto_F;2012-03-26;-214.1;USD
59c71708b7ab46f3b4a7588cb5420668;Produto_G;2012-03-26;-701.42;USD
4c61c7f0a80948d4b95f5b5aa77437d9;Produto_H;2012-03-26;-518.45;USD
b186120f245f4c80a228b1f8c9ee0a5c;Produto_I;2012-03-26;-929.79;USD
077e126d554c469291bb06744a255061;Produto_J;2012-03-26;-1000.0;USD
4b74ed60cfe24566a11bc64d98646267;Produto_A;2012-03-27;-248.71;USD
409b493672424313b2491e04deab04c8;Produto_B;2012-03-27;-938.76;USD
4b772e5b3ced435689e7291d4895ddf5;Produto_C;2012-03-27;-459.14;BRL
cfc244c209ce4427b485e1f0ea684228;Produto_D;2012-03-27;-248.64;BRL
82eff3a758bd463798dcbb6f7fbc9d4e;Produto_E;2012-03-27;-541.52;BRL
5607d32377cd4f5d833e7ba2ff03fe87;Produto_F;2012-03-27;43.39;USD
4e45cb3b0dcb4822bd91c5940d3c682d;Produto_G;2012-03-27;-73.39;BRL
de126ad794a846c6961616d6ee7da267;Produto_H;2012-03-27;-359.66;USD
d803d7a798c8484e95fbbdcec303ddc5;Produto_I;2012-03-27;-168.37;USD
099b60437c654c019b0ab644c29e9aed;Produto_J;2012-03-27;-204.8;USD
7dc7b2d65bfa44c5b617f81a08e9836e;Produto_A;2012-03-28;-554.34;USD
544f5fe82ba34bec9c680b1086f202a5;Produto_B;2012-03-28;-998.1;USD
3ef4c2f617d54247aaec7dbe4524d258;Produto_C;2012-03-28;-366.37;BRL
3e2f243d63dc4ba7a69c7701bfbd172f;Produto_D;2012-03-28;-391.6;BRL
91c7f522c0f0444a98208969cb5c5591;Produto_E;2012-03-28;-757.26;USD
f593f3598f564038a8b993327f5c1f60;Produto_F;2012-03-28;47.04;USD
6faee4cd70844cf19ef54860bf41b936;Produto_G;2012-03-28;-496.5;BRL
8166a2d4e4f54d8b8ba01881eacd5952;Produto_H;2012-03-28;-31.71;USD
a30997512b4f4cd68edff17f1f29ee6a;Produto_I;2012-03-28;-355.49;USD
6c9ebf836d0443f88f99bd11ad190234;Produto_J;2012-03-28;43.57;BRL
e93bd4e67cc84b77a9c7300a3fa2f4da;Produto_A;2012-03-29;-434.34;USD
2489892ca9a94df2ad19bee7602dedde;Produto_B;2012-03-29;-243.23;BRL
e463d7f194144105afd074de5b16a263;Produto_C;2012-03-29;-603.04;USD
94a6f1a8669f47709d6d3b6d5dc97719;Produto_D;2012-03-29;-802.44;BRL
1e6b4871df6347d8a242c6e85bfe642a;Produto_E;2012-03-29;-132.14;USD
c037beb0d14c40889feb7bdf0ecba4a3;Produto_F;2012-03-29;-519.25;BRL
846f1da777db4d1fb8b7589802c946ed;Produto_G;2012-03-29;-769.24;USD
f8363b6cab464312aca7814a376f99cf;Produto_H;2012-03-29;-657.07;USD
6f6ae98ca3fd4d51b0d699187c1a4904;Produto_I;2012-03-29;91.64;BRL
22f3b29d7d1e4f269d8eb3fb7364f303;Produto_J;2012-03-29;-849.21;BRL
141016814a324386b07563bb2cd0d253;Produto_A;2012-03-30;-18.42;USD
b65ee404a0b149c6b2d77638960ab23c;Produto_B;2012-03-30;-556.64;USD
c2f0c58ec775468eaa3ea9de1940f00f;Produto_C;2012-03-30;-998.55;BRL
6ce6d1eb0dd04d2ebab6a20e3d74904a;Produto_D;2012-03-30;-811.87;USD
b0f32006b63d46ae8a57aa67f79e7ff0;Produto_E;2012-03-30;-291.08;USD
96549c4a596946f89d8d7e4ef487c2d3;Produto_F;2012-03-30;-564.77;BRL
fabae33f9942412ca2e4ccf94822c7a5;Produto_G;2012-03-30;1.13;BRL
044c3895ca8841bb9cff377f14e7f142;Produto_H;2012-03-30;-26.42;BRL
abe44df65e9c426a91c40f7655269143;Produto_I;2012-03-30;57.32;BRL
aea633a438f2468695fa4e1761265a65;Produto_J;2012-03-30;-290.99;BRL
e0f3723d15a14f30b2a31acf0cb62417;Produto_A;2012-03-31;-303.74;BRL
ed7b2ecd8edd4095b05b9c5902da672d;Produto_B;2012-03-31;-39.48;BRL
d6f77340621741faba567fa633d1963b;Produto_C;2012-03-31;-730.68;USD
f2d56fa7daf541478354b9d86ed1bbae;Produto_D;2012-03-31;-516.06;USD
77184ad4696a4134b56c17729b2812c8;Produto_E;2012-03-31;-445.78;USD
d5531eb8630c493da08f847da28368c5;Produto_F;2012-03-31;-408.64;USD
5536825e04d446cc893e5453baf45a39;Produto_G;2012-03-31;52.24;USD
87143f302f834f64b1fba6707f37675f;Produto_H;2012-03-31;74.19;USD
65af3ccbd13a45b9ac786c5c352598f8;Produto_I;2012-03-31;-888.4;BRL
67b5c064b1274eb38767ec899e3d22ce;Produto_J;2012-03-31;-325.02;BRL
a4f121eccbe14bf99bb2026a9a516bfd;Produto_A;2012-04-01;-122.71;BRL
7ccb1acc4c504ef1982b45a72232054a;Produto_B;2012-04-01;-445.86;USD
a4ed069d0f124ee7816db74e205a85aa;Produto_C;2012-04-01;3.65;USD
0a00acd2b58f4aec8114ab60a19da2ca;Produto_D;2012-04-01;-992.7;USD
b950f4f48d7f4f6eb2b6d3e24cf86bcf;Produto_E;2012-04-01;69.72;BRL
372ed4788dae4f3489946764950f49d6;Produto_F;2012-04-01;-744.74;USD
2d85c497388b402db29dbce2ee08e398;Produto_G;2012-04-01;-485.45;BRL
cb4b11e28c8c42e7aa9579d715521735;Produto_H;2012-04-01;-101.84;BRL
9d4f087e04a84b12926e4506602a51ad;Produto_I;2012-04-01;-472.18;USD
bd142cd50ac24b669dfc63103e64a6e9;Produto_J;2012-04-01;-861.13;USD
d29c0fc82b7f48babaf9990007a8005c;Produto_A;2012-04-02;-257.09;USD
caea92b9d66d4b08be3103cd3d67edd2;Produto_B;2012-04-02;-85.22;USD
bec41e12a1d845949beb93f840a79f2d;Produto_C;2012-04-02;-303.43;USD
8bbb30f7f58949fcb7e6c3619f1f4466;Produto_D;2012-04-02;-971.92;USD
3740325394f24eeaaf1b2b249ecd9ae9;Produto_E;2012-04-02;-686.0;BRL
a9c3299f7d10423884c4ec3d488a1c30;Produto_F;2012-04-02;-822.84;BRL
36d3d589bce04f698571b0c64786a8d5;Produto_G;2012-04-02;-612.75;USD
38fe169bd884435b981ae622967555cd;Produto_H;2012-04-02;-0.82;USD
015b0d08e74141b98a1fd609167ab64f;Produto_I;2012-04-02;-758.56;BRL
e0845d608d51412f845281ae287655e8;Produto_J;2012-04-02;55.79;USD
31ba29c7df2e49f9bb7e118318f719d1;Produto_A;2012-04-03;-719.14;USD
08ae73672184407cb5e2efcfdd0f9d06;Produto_B;2012-04-03;-573.99;BRL
6a9cbb9aff6d40ce934aabe15d21c746;Produto_C;2012-04-03;-937.64;BRL
cdad161935f840ec84ab3c413b30c47c;Produto_D;2012-04-03;-145.22;USD
7336a1464d634dc0b9651e4a47fa3dbe;Produto_E;2012-04-03;-520.77;BRL
c8824987114c490798ba5a996f721242;Produto_F;2012-04-03;-530.65;USD
70610eb6b31e4571aea756ab55366ca5;Produto_G;2012-04-03;-257.43;USD
1c38e01798c44052868fc7daf9baa198;Produto_H;2012-04-03;-990.34;USD
99eaa831d25f459a9fa40633a48bdb74;Produto_I;2012-04-03;-639.8;USD
49cbc1d7af5a4cbf9e36630760de45f3;Produto_J;2012-04-03;-174.99;USD
35fbd2ce85624f5f9bbb7fc59370cfc0;Produto_A;2012-04-04;-885.57;USD
0f02166256004aa399355161d252619f;Produto_B;2012-04-04;57.11;BRL
d583e7569f4148a3be652d9d5d4739c7;Produto_C;2012-04-04;-766.38;BRL
50fc6398c7444f14a3fdeb2b3a90b86e;Produto_D;2012-04-04;30.36;BRL
d40951815ee049e0863181b359d2cfd2;Produto_E;2012-04-04;-769.79;USD
359e03eeb0614ad9911a77c9e2868f29;Produto_F;2012-04-04;-196.57;USD
ade83ffb33f54d93b8d8233154f33a66;Produto_G;2012-04-04;-7.05;USD
b3f22759a97544fb84076cfa2592d408;Produto_H;2012-04-04;-209.57;USD
83b46828aad6409492de791a75b11f13;Produto_I;2012-04-04;-471.88;BRL
4b4bb2cb89d84208a522c1c6bd9fe2c2;Produto_J;2012-04-04;-434.28;BRL
48308e3d4c364d97888f5db205fdf8b9;Produto_A;2012-04-05;-725.27;USD
01e588e1a2924d25aea1b9c13d4b9f7d;Produto_B;2012-04-05;-114.71;BRL
8fdbd82eef5f4aba91bbb10db2076104;Produto_C;2012-04-05;60.67;BRL
157d76f18d8e4e25a0b9f3f427cc6c5f;Produto_D;2012-04-05;-424.8;USD
794b0baa0bf3444b9addbaf16136db37;Produto_E;2012-04-05;28.81;USD
5db8616929db44de9e671396211e13bc;Produto_F;2012-04-05;-155.91;USD
9d55fef0e18e43819a5cdb7980968600;Produto_G;2012-04-05;-69.94;USD
7ab5e815973645e2b91598598e300c9c;Produto_H;2012-04-05;-421.14;BRL
95888250a6f44648a226cd592e1f4133;Produto_I;2012-04-05;-869.98;USD
7363706295cb4c92991b41c0119ddb81;Produto_J;2012-04-05;-787.56;BRL
4ab691eab97244d29053424a48c4deb2;Produto_A;2012-04-06;-170.48;USD
0b1b9ebde1f04b1e9db1e8b37c14559b;Produto_B;2012-04-06;-365.91;USD
81bbd4cda5e24d33ae310077aae09f45;Produto_C;2012-04-06;-786.02;BRL
200428c2509240a78a1fbad4cddda2b3;Produto_D;2012-04-06;-830.27;USD
86158081083b448689c33299ce78b9c1;Produto_E;2012-04-06;-788.33;USD
b196b30aa1324fb1b404af1803c1fa2a;Produto_F;2012-04-06;-203.67;USD
856711048e6c41bf84747113c4cfa898;Produto_G;2012-04-06;60.11;BRL
cf55e1ea4c364559894bb7d7fd597a54;Produto_H;2012-04-06;-447.4;BRL
bb00b34b60fe4eebb5bc452590c952ce;Produto_I;2012-04-06;-803.3;USD
d37220e19ee24ce79ff8808e3ae5dafb;Produto_J;2012-04-06;-617.35;USD
8a9d2296431845d19893c6a305394b37;Produto_A;2012-04-07;-833.01;USD
8a4941ba523e49b29569477c26fcacab;Produto_B;2012-04-07;-75.4;USD
2ed06ef896c44cdf9d3dcb0fb6586b3f;Produto_C;2012-04-07;-157.28;USD
7b5c2f035c294707a240526e90535bb8;Produto_D;2012-04-07;-418.52;USD
1cbe050be86945f99a8d0cada6cc5343;Produto_E;2012-04-07;-432.34;USD
4249c1643ebb4da787e5a54e57494ad7;Produto_F;2012-04-07;-221.7;BRL
cfc0d44b022d43b59d4402a3ca7ccce2;Produto_G;2012-04-07;-197.14;USD
f521fc3935d44776aba21fe6e01b37ce;Produto_H;2012-04-07;-607.45;BRL
c160ac1ed571432f894f2063c901cceb;Produto_I;2012-04-07;-364.58;BRL
7f80946c740148a2a39c56bea92662ce;Produto_J;2012-04-07;-61.11;BRL
8fed5f9dd5d1457987d9b929fff22209;Produto_A;2012-04-08;79.26;BRL
4ff7d3d7737143cbb3097c8b2c1a5fec;Produto_B;2012-04-08;-1000.0;USD
4314c1a4f25a42ad90dc71ef5b6ae396;Produto_C;2012-04-08;-425.74;USD
c3941048bdfb4779ab2d0af9c8436407;Produto_D;2012-04-08;-681.93;USD
c9412d1f0b6440fa854d5f18718cb7c5;Produto_E;2012-04-08;-387.77;BRL
fedf131a89064b2eba1b69e89f41128e;Produto_F;2012-04-08;63.99;BRL
23d78536ffc84001bb052bf0f973f2a5;Produto_G;2012-04-08;-569.56;BRL
5b2adb9838d94f70a0db8880eb125d78;Produto_H;2012-04-08;-1000.0;BRL
2ef29e1a3d844645ad2ff2d806af3d56;Produto_I;2012-04-08;4.8;USD
87562a48fe3349e696e8e5e2540db2e8;Produto_J;2012-04-08;-355.58;USD
7b452412e48143a9ae2b72344fd5d788;Produto_A;2012-04-09;-930.99;USD
f88aae7107434f888ed7b4fa582dd2e4;Produto_B;2012-04-09;-111.63;USD
fab555625cee4d1e9cc45067eaaaa89a;Produto_C;2012-04-09;-262.86;BRL
d6ea7fd67d4a4bd98b147b16154a2a18;Produto_D;2012-04-09;-517.16;BRL
e354c8122b934e82a20c354b312a4cca;Produto_E;2012-04-09;-116.01;BRL
fa6107e3fce74bfeb1c6d5b04e3bc78a;Produto_F;2012-04-09;-311.09;BRL
e6023e56c8e7481b9bae9c50a6568cfe;Produto_G;2012-04-09;-521.51;BRL
dfc9c4cd4842474e91e9a636dc220c6a;Produto_H;2012-04-09;-716.8;USD
a06dcf6ff4dd41558411a1849362170c;Produto_I;2012-04-09;-509.06;BRL
5a14d77217d44acbb839a3bd4cd9ff6c;Produto_J;2012-04-09;-46.09;USD
8b42d638f46c4f0688ec9d505443eef8;Produto_A;2012-04-10;-759.71;USD
b1bacd61458a44d9ae2297bd3d96af0d;Produto_B;2012-04-10;-150.52;USD
e965f7a828b343d884d4d6cb7d9cfed0;Produto_C;2012-04-10;-161.18;BRL
af2f859619e04135b4521308b817cf19;Produto_D;2012-04-10;-550.59;BRL
7b6cfd6267d144eebb7d08497cd7b64c;Produto_E;2012-04-10;-629.76;USD
2911de44c96243deb936e984d93d797e;Produto_F;2012-04-10;-530.43;BRL
05c22704425247c2a37560d4ac75a1d5;Produto_G;2012-04-10;-260.25;USD
2b251fa82b72463f9ebc752d2b2237d3;Produto_H;2012-04-10;-906.98;USD
fca5c43a198c4e5abc48ba79caeb511b;Produto_I;2012-04-10;-712.73;BRL
f772403ac94947d1aaf6d9600d7f5f03;Produto_J;2012-04-10;-280.94;BRL
2c2363cf2e9b40b5955f2ca8a792f9df;Produto_A;2012-04-11;-576.99;USD
bde8be936a2140198fed23e2ea3d3b1c;Produto_B;2012-04-11;-644.66;BRL
65f361316e4c443bb53d8c11afec811f;Produto_C;2012-04-11;-781.99;USD
0a24cf80983749efbb902c3db6d0b583;Produto_D;2012-04-11;-131.17;USD
17e42104cb6b4cd0a14a5928e2e01c1c;Produto_E;2012-04-11;-50.99;BRL
05b5672dd4e348769ea3ec3676d52ee7;Produto_F;2012-04-11;-813.68;BRL
da484c2f642b4e43b5831dea905f3040;Produto_G;2012-04-11;-145.91;BRL
7b4fa62bc5e04b28aecf0a43723cb03b;Produto_H;2012-04-11;-440.84;BRL
898aee6474044361a382aeb1cff57da2;Produto_I;2012-04-11;-976.44;USD
8361f7c70a054674b4e70070429ae411;Produto_J;2012-04-11;-397.5;BRL
94dc67c2bae44ac9a76b080e1e7c35e3;Produto_A;2012-04-12;-107.94;BRL
b8e197cf306f4552a8f59e0d088748b1;Produto_B;2012-04-12;-282.23;BRL
cc82c39758584259bb42253840f8089e;Produto_C;2012-04-12;-951.21;USD
6a1f588edf754d7cb975e350fac5b3dd;Produto_D;2012-04-12;8.7;USD
b508f26e60fb4e5dbcd260c0fdbc7bf2;Produto_E;2012-04-12;-230.89;USD
3f8dad1041604f01a6c1e1e43dd38892;Produto_F;2012-04-12;-79.93;USD
a7e65cfaa0ca457688a723e2382818c9;Produto_G;2012-04-12;-59.14;USD
b89334e42684454390b61773ebd87e28;Produto_H;2012-04-12;-778.34;BRL
fa4c2ef2b1944e78841a9a1d50bc3123;Produto_I;2012-04-12;-834.68;USD
732c104d3e384b11af40d1868ce41e2d;Produto_J;2012-04-12;-247.36;BRL
72134726a3ef400da61bec198ed6e615;Produto_A;2012-04-13;75.67;USD
a4ae3be0b17041aca3de9f915e0c604c;Produto_B;2012-04-13;-594.25;BRL
ae2bc35bff6444db89b0033e519041f5;Produto_C;2012-04-13;-868.7;USD
4d56553a213841a5880c22c29b2eab60;Produto_D;2012-04-13;-583.9;USD
f2e95966a8734663934e58a25fce5a49;Produto_E;2012-04-13;73.3;USD
10a64fd4713045cba881aed640f756c1;Produto_F;2012-04-13;-557.5;USD
2051799ef81649a4a8d867146001e0e3;Produto_G;2012-04-13;-99.62;BRL
feae6a1dc75a403c846bed08a39ca8f3;Produto_H;2012-04-13;-164.15;BRL
9589709153924d63b3937aa19adac2e6;Produto_I;2012-04-13;89.29;USD
620d929679654ba285b6bb9e7cd276f2;Produto_J;2012-04-13;-334.93;USD
78f92d9e505243b883b01c1c92d9da3a;Produto_A;2012-04-14;-881.04;USD
0216bd5010b1406a92528f572c841c44;Produto_B;2012-04-14;-599.24;USD
b8db478231f04c8b83913cd3f7808e04;Produto_C;2012-04-14;-620.02;USD
a0b1587761a542aa83f4ec2838c0b3e6;Produto_D;2012-04-14;7.4;BRL
fb50a458326d4daf90eecd7d9c9117da;Produto_E;2012-04-14;-816.48;BRL
0b107f56d2324a38ada26310b0f31023;Produto_F;2012-04-14;-532.66;BRL
7a55f19ffda145a9a072e70b7a6b23e8;Produto_G;2012-04-14;-617.06;BRL
0680d6c591c64c3db4a876c81bb6d6ce;Produto_H;2012-04-14;59.29;USD
c2cc6536f13747cba1e412eba573a470;Produto_I;2012-04-14;-988.5;BRL
a734857b0a6a478db7c65eeb9c93dc12;Produto_J;2012-04-14;-613.79;BRL
592c021d6eca4b218e5b9ab58391d2c8;Produto_A;2012-04-15;-339.11;USD
26dd33bae6a2461696be1a3d375adc17;Produto_B;2012-04-15;-501.43;USD
4ee2aeb0fa464a0b8a09620a3bdb3028;Produto_C;2012-04-15;-802.68;BRL
ed1ec8f7e1c144eb85ee31c000e4788a;Produto_D;2012-04-15;-22.93;USD
e0a09b2a65364f0b9c47c6607866465b;Produto_E;2012-04-15;-439.87;BRL
e9d794024c8c4ae3aa18578672dc4346;Produto_F;2012-04-15;-257.93;BRL
cf2c9d2f17d94fab82418384b12d8729;Produto_G;2012-04-15;-559.03;USD
a92a916d6c284e92ba1447b504add859;Produto_H;2012-04-15;-142.89;USD
8af82dfbdf8b45dbb5d7d50890bb5901;Produto_I;2012-04-15;-264.89;BRL
57ef50d8651047ad816253e645889897;Produto_J;2012-04-15;-1000.0;USD
4428a16d2de8432a929009c51c510c70;Produto_A;2012-04-16;-435.77;USD
27d21f6342c041f7b46e56fedca6d10c;Produto_B;2012-04-16;-517.23;USD
a743a5acb3874793bfc05079d115827a;Produto_C;2012-04-16;-302.8;USD
b82f80b36ef54df59d2b77e76335ab63;Produto_D;2012-04-16;-700.2;BRL
b458bff696ee47c1b3855bc4221b35bb;Produto_E;2012-04-16;-205.96;USD
a8bbcd6e590c41c2b1301d7dc653942d;Produto_F;2012-04-16;-112.94;USD
255e7d03b8ef498daebd40deeb0ab105;Produto_G;2012-04-16;-276.86;BRL
6e05ba3c211b4a74b3f8d809cdcb1e6b;Produto_H;2012-04-16;-685.3;USD
9b243893ba824b3babf7603d5bccd1a6;Produto_I;2012-04-16;-266.84;USD
f0d5ed9fa0bc4f1188d23e06925b89e1;Produto_J;2012-04-16;-151.57;BRL
b835b0428829450cbae2b56ae02c61b6;Produto_A;2012-04-17;-134.02;BRL
b831f434e20b4738a9014b4b2d026961;Produto_B;2012-04-17;-840.99;USD
e9b2b63f62c945b0966f6615a0cb5bf3;Produto_C;2012-04-17;-402.14;BRL
1a44e8136cce4e7c9b38e9ef3b84a4e5;Produto_D;2012-04-17;-288.06;USD
a31dbaf2f6eb4ff2a2a13b8052965ebc;Produto_E;2012-04-17;-88.97;BRL
b4deb43324be45ffbd7175635e99b0a4;Produto_F;2012-04-17;-544.82;BRL
0c258e8d6d8a4083bfd322c5b237f258;Produto_G;2012-04-17;-269.61;USD
1f5b712d1bf9408786a9a7b9765ff27c;Produto_H;2012-04-17;-702.45;USD
c2b0537769684e8f893e565acafc07f8;Produto_I;2012-04-17;-424.63;USD
6424192a63624176bb3a47f389780337;Produto_J;2012-04-17;-987.73;USD
d1a6f29ace1b4b378822279351aa7118;Produto_A;2012-04-18;-110.49;USD
78b5c0ac48d14d2babc3831cb79917c9;Produto_B;2012-04-18;-711.39;BRL
6c23288942ef4cb0b3ace4614546145e;Produto_C;2012-04-18;-106.39;USD
af898afafad648a6abd29710c8c0bf50;Produto_D;2012-04-18;-966.35;USD
08f6a346d21f4ffc83978873bf5a36a7;Produto_E;2012-04-18;-638.08;BRL
a3227e98cbd64682a259a74365c0b17d;Produto_F;2012-04-18;-341.84;USD
f3968d260af84491a6546a65aff2a91b;Produto_G;2012-04-18;-164.75;BRL
b43ef457bce24dd880f68c89ab6d5576;Produto_H;2012-04-18;-545.87;USD
99ee2a67a01d433d81f0e8ccee23f33c;Produto_I;2012-04-18;-602.57;BRL
c2b0db0bc56f4a29a843a4fac9f2eb70;Produto_J;2012-04-18;-344.34;BRL
feea443227df45db94b3bceaee440977;Produto_A;2012-04-19;-904.84;BRL
f8e2e81eb7fc4fefaf610258acea090d;Produto_B;2012-04-19;-586.88;BRL
d4b5d2aea2a741f487b08009ccf3a97c;Produto_C;2012-04-19;-438.1;BRL
02f7ac1fbf204cf3b5a12fd2b5dffdb0;Produto_D;2012-04-19;-299.61;USD
a94ea5361c6746578271f7e7eaa1d212;Produto_E;2012-04-19;-394.56;BRL
3d4423031d47499784ec2b89d9531040;Produto_F;2012-04-19;-477.33;BRL
c859974906b54e5abd123af556fa6c2d;Produto_G;2012-04-19;-75.77;BRL
e5ba547a6a6445d7ac63ce2242031710;Produto_H;2012-04-19;-492.91;USD
83157c0e8b584e3294a84ef3144d58d3;Produto_I;2012-04-19;-15.68;BRL
83b3b5f78f14473fa58df7de2513b5e1;Produto_J;2012-04-19;-160.01;USD
8d99e1a2fbe54e0c949deaa263a1c119;Produto_A;2012-04-20;-658.9;BRL
5018694a23ad4341b8c0a4265c61d71b;Produto_B;2012-04-20;-1000.0;BRL
183bd80932da47b08e3459c137a97946;Produto_C;2012-04-20;-773.86;BRL
2b74772c1e4b496889577db574601920;Produto_D;2012-04-20;89.19;BRL
e2d6dfaa6e84478c84a9c1840ee1251d;Produto_E;2012-04-20;-753.59;BRL
437c4f085c35419f82581d4c9032d498;Produto_F;2012-04-20;-302.98;BRL
0727346c73b84ac9870a57c313d10304;Produto_G;2012-04-20;-238.8;BRL
95387e240b3a4bbd8b907a159ae3df91;Produto_H;2012-04-20;-346.44;USD
c21f82ce48154c55b1cd28065dc40066;Produto_I;2012-04-20;36.45;USD
35751ac542be4bb09e1da3ea18bd95ee;Produto_J;2012-04-20;-594.39;BRL
27f1abf2e9e74637aad3d4932d2f3fba;Produto_A;2012-04-21;-689.5;USD
cdb15f4284cd47b5ab98a53af459f18e;Produto_B;2012-04-21;-579.68;USD
09e8883cc3e2428293109e9869c919eb;Produto_C;2012-04-21;-409.99;BRL
d667ed1c02e64827a5d9d82954197e9b;Produto_D;2012-04-21;-718.17;BRL
149f5f03606c4f9cbbf62b69e549f0fc;Produto_E;2012-04-21;-801.73;USD
fe783492b54e40939546003e5a262715;Produto_F;2012-04-21;-574.36;USD
46a8287e3fde4b2e8fb85a29c17913bd;Produto_G;2012-04-21;-163.08;BRL
26974ba1c2644d3bbc4548bc565095c8;Produto_H;2012-04-21;-956.71;USD
e95df4e089bb40dbb8e0e85b5a977b36;Produto_I;2012-04-21;-113.74;USD
3f38cddb91924213a5714ee575646cc0;Produto_J;2012-04-21;-236.09;USD
d405cd8786524953a9eb6ea0178dc266;Produto_A;2012-04-22;-520.72;BRL
70a275813ddf4ff4adf13716538b3126;Produto_B;2012-04-22;-857.62;BRL
f8a19a72417e4b42bdab2d33dad4151f;Produto_C;2012-04-22;100.0;USD
5854f7785134478d8de022bb9023f86a;Produto_D;2012-04-22;-771.2;USD
c68ce5241b894873ada1d255d7c84c06;Produto_E;2012-04-22;-677.16;BRL
0f8fbf6a32754345bf65c7206ba5524f;Produto_F;2012-04-22;-605.12;BRL
85197049b36b46d7bee09388fcc9977d;Produto_G;2012-04-22;6.82;BRL
d12b083d496f45bbac99722d8e5752a4;Produto_H;2012-04-22;-1000.0;USD
6ff2b2243dac45008f2099f6edf03f46;Produto_I;2012-04-22;-721.09;USD
1ffaea3950f748e78cf008ed2bcd9d12;Produto_J;2012-04-22;39.81;BRL
e8fc9a62dac748d788a0944b16dc0ec2;Produto_A;2012-04-23;-696.45;USD
c276563984c543fd82561646ea3d20d1;Produto_B;2012-04-23;20.39;USD
631a550b22e64644817401100bffcd42;Produto_C;2012-04-23;-454.04;BRL
dbc5b341bb0248ee839c0bb6523ae091;Produto_D;2012-04-23;-586.07;USD
84085802978c4399adca105ef7d14a26;Produto_E;2012-04-23;-278.53;BRL
b1d0b5c32cba47d2a3976d0863f33894;Produto_F;2012-04-23;-431.72;USD
ace7ce82b85246dfbe18c2a6298d4ae1;Produto_G;2012-04-23;-396.97;BRL
17f721d924524fc784c32e7103d9cd37;Produto_H;2012-04-23;-1000.0;USD
e973577ea69d4613a2a7756d3a438099;Produto_I;2012-04-23;-174.09;BRL
4743aa6c23bd426ea43a8813072f98ff;Produto_J;2012-04-23;-516.42;USD
821c9c4bc95641d1b45f0a91b837dfe1;Produto_A;2012-04-24;-863.24;BRL
5ec5192021914a709b1d66f3200589ff;Produto_B;2012-04-24;-472.46;USD
0c7a3a78f203476d8f8f83b0552ae880;Produto_C;2012-04-24;-1000.0;BRL
1dfac259155d4895a94b03614c43e3d8;Produto_D;2012-04-24;-287.73;USD
f64d4fa2838f4949950da545e84e29bb;Produto_E;2012-04-24;-559.91;BRL
415edb233c9e42ddb1bcc2dc7249a21f;Produto_F;2012-04-24;-23.61;USD
bb4f6c9f87a94dc48c2550e5fe77ac39;Produto_G;2012-04-24;-568.38;USD
8b881ce5d6b44dc593a1da829cc0e214;Produto_H;2012-04-24;-1000.0;USD
463cd16d30694c6aa72e36ad70c30709;Produto_I;2012-04-24;-591.25;USD
50067732bf424516a9595b77ab5cb7f0;Produto_J;2012-04-24;-797.45;USD
710e4346d6f74626aa8374fa6fe8d98d;Produto_A;2012-04-25;12.69;BRL
e203202fc76249f98a17633f82acc977;Produto_B;2012-04-25;-392.61;USD
9b95277ef88d427695262793dbe8b3cf;Produto_C;2012-04-25;-277.85;BRL
45577feef4ec43858821ace7d33670ee;Produto_D;2012-04-25;-222.31;BRL
859720d30a98417aa083d0c1f48acd94;Produto_E;2012-04-25;-159.42;BRL
5138518575584d8f9ba5afe2c4d6ca10;Produto_F;2012-04-25;-318.05;USD
ab89a75eb44f4e16bc7efd579c822472;Produto_G;2012-04-25;-160.19;USD
bb92c2aebe114190bdad5bce7ca4cbe5;Produto_H;2012-04-25;-856.89;USD
8bb3766ed88c4580950e176298efe377;Produto_I;2012-04-25;-84.52;BRL
8b5a9fc98f8d4cd4a6e6abc74a99b8e5;Produto_J;2012-04-25;-758.97;USD
fef211384eec4c528ff61826e1a8c306;Produto_A;2012-04-26;-433.89;USD
a74990723f89435e8b87701bd62c128e;Produto_B;2012-04-26;-211.66;USD
3931830937e1449c932635c45b0dc381;Produto_C;2012-04-26;-230.13;BRL
6f4d145a6ffa4b2788b057573d620556;Produto_D;2012-04-26;-135.19;USD
2bf68e3ae0ed4f6784b88d690b42fd07;Produto_E;2012-04-26;-663.18;BRL
95c2563c1e9045be864301cefdea5c0b;Produto_F;2012-04-26;-782.47;BRL
491e1e03438d421da6ab5dcf0be9c32f;Produto_G;2012-04-26;-497.73;BRL
6e6dc342d9a64799a02a8f40f9202602;Produto_H;2012-04-26;-771.16;USD
222b7e74990c4bd3b25fb84b0178a85c;Produto_I;2012-04-26;-285.67;USD
a83d2b9a565a4f078964dd8f9cf0406b;Produto_J;2012-04-26;-991.8;BRL
4c02f541063c4413bacc843ab7a76d15;Produto_A;2012-04-27;-821.08;USD
d062b516a97843c894b10d08e8f756da;Produto_B;2012-04-27;-1000.0;BRL
f2b0d96f5faa44db94cb57c8fde88f60;Produto_C;2012-04-27;-242.09;BRL
5e031ed248b642b0ae75d6dbd8066a06;Produto_D;2012-04-27;-82.88;USD
b85bc4ed408a479cbdc6ebc2827efc53;Produto_E;2012-04-27;-750.89;BRL
9f7f422c357d4347b138417e825e6e30;Produto_F;2012-04-27;-809.11;USD
770f129fe30849e880b7312231d5e27f;Produto_G;2012-04-27;-180.69;USD
f5899775cf0e4ae4a73a97344f274f7d;Produto_H;2012-04-27;-227.38;BRL
ff78f8b7cb1049b09a51c78777ef22c3;Produto_I;2012-04-27;-93.09;BRL
e5e8e39d4e50412e998c193db4bf6890;Produto_J;2012-04-27;-706.6;BRL
1b52dde312444c1ba536061586977ebf;Produto_A;2012-04-28;-712.72;USD
60aa8ab629d74291a26c495a418394c8;Produto_B;2012-04-28;-471.06;USD
042cbe4f4078415c90817025ac101c08;Produto_C;2012-04-28;-904.04;USD
abad63a3865c4320948724db797010e5;Produto_D;2012-04-28;25.11;USD
a3b56af8b33f4e74ab2231ec46d83fe8;Produto_E;2012-04-28;-615.74;BRL
9365853741c046e087eae600c89637c5;Produto_F;2012-04-28;38.05;USD
c76ed5b896ce40088e933e9fcdd31392;Produto_G;2012-04-28;-137.97;BRL
65ef88700d66469d847c1a4dee8c7e9f;Produto_H;2012-04-28;-1000.0;BRL
5049290b0fc543f4abf9ccc2b35f3912;Produto_I;2012-04-28;-486.68;BRL
ddee6945436549ef9d8c16038c61adb5;Produto_J;2012-04-28;-658.25;BRL
c7e374f7e1b64fa2984b884d811b1025;Produto_A;2012-04-29;-681.03;BRL
8527b715f9324d1d8721f7beb6bef7a5;Produto_B;2012-04-29;-1000.0;USD
91842eba3c524813931c54e3ca4ea927;Produto_C;2012-04-29;-900.41;USD
732442e3480c4ddab22fba49ccb151d2;Produto_D;2012-04-29;-921.55;USD
6abc8368f11d4fcb802748acc3149ae2;Produto_E;2012-04-29;-703.17;BRL
5ae162672c0d45918f324211cfd67243;Produto_F;2012-04-29;-97.59;USD
a55aaab833744e5f8c6c9ef1d9dc026f;Produto_G;2012-04-29;-216.32;USD
52bd8fad11734f869a0e728a3b6489fc;Produto_H;2012-04-29;-309.87;BRL
68dc401fbdf046908eccecb957208d81;Produto_I;2012-04-29;-39.89;BRL
8badb551e2e14d6b99da5f435ea2e3b8;Produto_J;2012-04-29;-479.76;USD
a930ca8e19cb4bc09649a04b4ad16479;Produto_A;2012-04-30;-781.86;USD
fc8814f6cfdf4ef0b9c3a06c0ba5c36b;Produto_B;2012-04-30;-822.81;USD
351724046c944251a63fb924e736a6da;Produto_C;2012-04-30;-363.13;BRL
634ea6c907004d0fb3f0151fb2359ee6;Produto_D;2012-04-30;-730.03;USD
29a07bca33df4b6eae8e166ac5ec6685;Produto_E;2012-04-30;-256.36;USD
a6be554d557a472eb36921966917688a;Produto_F;2012-04-30;-546.29;USD
41ac903ccee74080a5f3af122d3d55a5;Produto_G;2012-04-30;-471.26;USD
6e87cc49b5784fe08b84f34eda831fbb;Produto_H;2012-04-30;-419.7;USD
1b25d173531b4037ad9995938439d9ed;Produto_I;2012-04-30;-844.24;BRL
690ec946332b43308d024aaabf5c0ec7;Produto_J;2012-04-30;-687.58;USD
779ac792377a4b1fab01ac27bc4d4705;Produto_A;2012-05-01;-504.88;BRL
20675714fbde429ea80c3f669dd9b419;Produto_B;2012-05-01;-237.86;BRL
389f134725114da6bfe365f80bd76ea3;Produto_C;2012-05-01;-180.18;USD
1a3e0abcac2b4365bec36cb2f0594763;Produto_D;2012-05-01;-881.89;BRL
79555759039d47c8979b030175a4e11e;Produto_E;2012-05-01;-10.76;BRL
b2400cea594948ac84c23c1f3a73ad81;Produto_F;2012-05-01;-827.89;USD
a470fb12fef941fa8392fe4776b27934;Produto_G;2012-05-01;-313.98;USD
c6f0a4b67df04356a31342d9f423c24d;Produto_H;2012-05-01;-283.37;USD
ab27029a02fe449c917296fb4a8b53b8;Produto_I;2012-05-01;86.59;USD
f6e78ad2b3ca4dd0869784cb91ca734b;Produto_J;2012-05-01;-264.77;BRL
37b32f774db741b6a069b0a301f9635d;Produto_A;2012-05-02;-635.47;USD
b32be8a036b542889ae34ef336dc3a2a;Produto_B;2012-05-02;-1000.0;BRL
8b8fb00019f34a4989fc10a9d48abd9a;Produto_C;2012-05-02;56.87;USD
3872f96a32a245be94c85b42d42e554b;Produto_D;2012-05-02;-824.86;BRL
fbf314af983c490b95546790b00efe38;Produto_E;2012-05-02;-77.69;USD
26a2e29067ee4e83985b561d188f20fd;Produto_F;2012-05-02;-480.34;BRL
58c0a8f2d43b4271b20d52fdec117426;Produto_G;2012-05-02;-406.28;USD
4f1e17ebe826494eb1fd6c0a2f9e0e0b;Produto_H;2012-05-02;-622.57;USD
8cf40ecdfc7346b8a1e186f3224f5fbb;Produto_I;2012-05-02;-245.95;USD
cb639fb2cb3442fab740fb6f5bbce109;Produto_J;2012-05-02;-174.91;BRL
8862b1ea96c347fe99dc1935d8e5584a;Produto_A;2012-05-03;-86.75;BRL
776433c7c9734f85b38376713fe60a6e;Produto_B;2012-05-03;-17.38;USD
3777489ac3144895a04bd1dc687b513e;Produto_C;2012-05-03;-525.14;BRL
a7f0bcff17e249de8f825ff93b1fcb43;Produto_D;2012-05-03;-183.23;USD
fa096bf2bcd6437fba1dab5264cad136;Produto_E;2012-05-03;-288.37;USD
4a8446d1a2904879b313fc18e1521596;Produto_F;2012-05-03;-466.77;USD
af956143882b4ea7a2b9e2f5f023b5d3;Produto_G;2012-05-03;-776.88;BRL
cf91c1e6436e411cb7f19f545526a579;Produto_H;2012-05-03;-950.65;BRL
bc95677c4b7a4c3abff4d8f7b6cfb6de;Produto_I;2012-05-03;60.49;USD
8bd52fe345fe49e49939c4e592792509;Produto_J;2012-05-03;-860.76;BRL
3c51088113d3495da063d7289158cabc;Produto_A;2012-05-04;-785.87;USD
12df0bf8052140c790976ad74a959024;Produto_B;2012-05-04;-937.59;BRL
a4a46d12893442b48428c184204b217e;Produto_C;2012-05-04;-365.67;USD
0a1478d7611c4b418fa3854cdbdaf7f6;Produto_D;2012-05-04;100.0;BRL
b7b7f7cdaf644a628a81619dd053b49c;Produto_E;2012-05-04;-131.64;BRL
f859a3c1a8c54fb6a6d29ace7848e143;Produto_F;2012-05-04;-105.58;BRL
e6d0e1c3fbe54da396de2ba5f7adbe4e;Produto_G;2012-05-04;-684.14;USD
3bc9a93a776a4557bd5bb904da289ef9;Produto_H;2012-05-04;49.04;USD
ba35667ba0de40fc9a599ea46ebb99a9;Produto_I;2012-05-04;-619.16;USD
4c9e45efe30c4c389006a064d969a566;Produto_J;2012-05-04;-589.19;BRL
924bd0a6d73347d089fbbdd96b6dd58d;Produto_A;2012-05-05;-260.29;USD
327afcf7c68e4cf7932498cc5645259e;Produto_B;2012-05-05;-297.86;USD
7bf29cd21dca4f998c6fa0af4bb880ef;Produto_C;2012-05-05;-879.88;BRL
48e710e72c78418695f5a2e906c12687;Produto_D;2012-05-05;-445.7;USD
9587163a3566441a8462f6e67d38ff67;Produto_E;2012-05-05;-307.35;USD
2bf7c2eb655d4ca7842063eb84b3d98a;Produto_F;2012-05-05;56.55;USD
6d02b8e828b540ba8227752686e0a389;Produto_G;2012-05-05;-393.65;USD
c4fd2b6f6f39492b9a735c9083c61d5c;Produto_H;2012-05-05;62.08;USD
296518d187b84f3bb872d32b7965b986;Produto_I;2012-05-05;-28.91;BRL
37e851bd4d6446779ede9da78c35b811;Produto_J;2012-05-05;-451.15;BRL
f23e6643e92c45e2ab5b3c8a485bd607;Produto_A;2012-05-06;-705.24;USD
394a62007931479693471691bb22f400;Produto_B;2012-05-06;-321.73;USD
76d46030aa0445fc9f3216888ea39297;Produto_C;2012-05-06;-468.42;USD
e6a4538525964bb78463064ce68bbed2;Produto_D;2012-05-06;-657.95;BRL
514f73ba930d402eab11619aef50fed5;Produto_E;2012-05-06;-99.07;USD
992b019c119a4a989404fff6a87317b2;Produto_F;2012-05-06;-721.19;USD
1e5d19e3e9c544478ae6206e35250596;Produto_G;2012-05-06;-592.67;BRL
595183cd43ce4b11b41ab5855108a1cc;Produto_H;2012-05-06;29.3;USD
a4c9b86a7cbd45d7a26adbc89c955bcb;Produto_I;2012-05-06;-449.53;USD
a4dd0c7874dc446585f0d624137c9075;Produto_J;2012-05-06;-934.38;BRL
4c4e4755f6d249dc9cc1184dd0ffeea9;Produto_A;2012-05-07;-134.14;USD
3d4be0bdc623438a83632b45423e179b;Produto_B;2012-05-07;-241.51;USD
dbbb6df679264abebf22f5f47a42f5c6;Produto_C;2012-05-07;-397.93;USD
3db0038feca444bc80f979d18fcfe538;Produto_D;2012-05-07;-558.18;USD
6d0ae010eef340cbb7aeccada37049c3;Produto_E;2012-05-07;-24.69;USD
3f33a99d92274a438ca92986d7c8679d;Produto_F;2012-05-07;-671.99;BRL
36087f25800b47b7980859032cb9e25a;Produto_G;2012-05-07;42.21;USD
7122784e1a3b4791a8e61cbb00176c54;Produto_H;2012-05-07;-462.69;BRL
f880faae2a514f9597ad2890f8b71bd3;Produto_I;2012-05-07;-280.57;USD
a94fd5591de0456b901a8f3bf637a3b9;Produto_J;2012-05-07;-736.39;BRL
d558bfb8aa2340de8c1580c7bf0ad922;Produto_A;2012-05-08;-158.72;BRL
0403cacf3ec747d5ba76a66f69aee080;Produto_B;2012-05-08;-57.26;USD
20219c3d9795473abc8a7a66862cb17c;Produto_C;2012-05-08;-516.24;BRL
772ab2cbba334cac98b93ba3b86d4b65;Produto_D;2012-05-08;-966.35;USD
3edb206be44e4d09996c309944636816;Produto_E;2012-05-08;-518.73;USD
473557e0e27c4969b0d7846e747d8104;Produto_F;2012-05-08;-143.92;BRL
1499dd2df3bb49f5b3802438e4ec16e1;Produto_G;2012-05-08;-107.52;USD
8f032400a866415ebf6f77340df89e11;Produto_H;2012-05-08;-452.13;BRL
dbf6eb8848f249eb8ada2d19e127942d;Produto_I;2012-05-08;-857.15;BRL
990868cfb6794b518ef1ae2e8bb44418;Produto_J;2012-05-08;-512.59;USD
1624e515786b43b58641bfd23a1d0e22;Produto_A;2012-05-09;-827.03;BRL
ac2feb39bb4e4af59386775dab12785b;Produto_B;2012-05-09;-50.16;USD
c6346564f7964963bd8ef4cb202a4ac3;Produto_C;2012-05-09;-26.76;BRL
b3d9e117006e4fc4a7ad8d82888eb701;Produto_D;2012-05-09;-658.57;USD
2831aa2b73db4d2796a8dac6b2bd6991;Produto_E;2012-05-09;-580.74;USD
9225708372a64f8fa714de04f7de1d4f;Produto_F;2012-05-09;-694.45;USD
eff5eb9a2ab24b8db2c8dfc9b7124cde;Produto_G;2012-05-09;-38.75;USD
65ff7d34acbc441fab2bb8997011166d;Produto_H;2012-05-09;-12.58;BRL
8371871d4c604f4aa8779c3f51e92f37;Produto_I;2012-05-09;-110.9;BRL
0f3fa3c856f341bd9a2eabce4517438a;Produto_J;2012-05-09;-291.01;BRL
921b52496e5b434193527b469379ccee;Produto_A;2012-05-10;-367.39;BRL
40e7064e62124fa38aeccd1500e51a68;Produto_B;2012-05-10;-831.23;BRL
a7f6f3715eb946b0bb3af923a797270f;Produto_C;2012-05-10;-972.93;BRL
af2370b379f84db6b04e7e1de96e6bfe;Produto_D;2012-05-10;-767.77;USD
cec7eea8679d4399b269ab52a70844ca;Produto_E;2012-05-10;-475.01;USD
0fd891c3c50d4a318a0787faf7c76d0f;Produto_F;2012-05-10;-343.3;BRL
588d5d24ba17432f847f09bfd811f372;Produto_G;2012-05-10;-345.03;USD
646fcac620054237aed0d64e290be235;Produto_H;2012-05-10;-342.9;USD
a4e8bde81b424d338d5d8a9f522aecf1;Produto_I;2012-05-10;-557.82;BRL
5a404dbbe6874c8cae6eb7f3d9f2bb3d;Produto_J;2012-05-10;-802.23;BRL
c99545e0f6a945ec83b27d249cddce2e;Produto_A;2012-05-11;-567.79;USD
f82943eb83c44776bc934650abe432c3;Produto_B;2012-05-11;-1000.0;USD
d5905771a33049c1aa6b870b4042dffa;Produto_C;2012-05-11;-340.17;BRL
a04d0ab20ea147debba972a8efa567a7;Produto_D;2012-05-11;-397.17;BRL
f3a7ac988a0c406a8c4f796c9ba176fb;Produto_E;2012-05-11;-83.44;USD
e2488f810f454d6b8b357604998c208e;Produto_F;2012-05-11;-324.02;USD
8cb7de0ede374483ad8a77e42437755e;Produto_G;2012-05-11;-215.21;BRL
a07e1c2c24fa4fe899e0b75fc85ab577;Produto_H;2012-05-11;-705.85;USD
d7a3269b9e3f44128bfe62dc6796ab47;Produto_I;2012-05-11;-985.13;BRL
5984431392f144018444fab9faa856d5;Produto_J;2012-05-11;-460.15;BRL
5280cf8206ac4ff7a1d06c0dc2ebb6ec;Produto_A;2012-05-12;-645.88;USD
12fa0142b84e41da937a6ee76d2b47a5;Produto_B;2012-05-12;-150.98;USD
30a58dd5e91445a18862af852d5eea0a;Produto_C;2012-05-12;-188.32;USD
646a7aa2c9dc44f085422a6c56af4992;Produto_D;2012-05-12;-921.8;USD
15f23794ac664a29923a0afe31046c46;Produto_E;2012-05-12;-347.18;BRL
8f11ef0dddf6463abb07ee9d3e6eda7d;Produto_F;2012-05-12;-304.23;BRL
eba57ca4e4b74734b7114d326131de83;Produto_G;2012-05-12;-705.89;BRL
2d3b7c3476b0472082f78e68f69b4ea9;Produto_H;2012-05-12;-1000.0;BRL
76c40e163cd24cc980fe79d928c4fae7;Produto_I;2012-05-12;-338.88;BRL
4bfab7af278d429e82cb77b688798c02;Produto_J;2012-05-12;-565.14;USD
657690dda874411189140a98858a95c7;Produto_A;2012-05-13;-208.67;BRL
cd634f528fea42788242fdce588a30ff;Produto_B;2012-05-13;-246.93;USD
e460e55f97854daeab3d477da133b48e;Produto_C;2012-05-13;-695.63;USD
bd890afe559b4418a204dbfaf3dd2dc5;Produto_D;2012-05-13;-527.1;USD
a7a2a2e7bee84342948549cbbf52c86d;Produto_E;2012-05-13;-802.84;BRL
7cff6068ef2d4bc1838653c24560acd0;Produto_F;2012-05-13;-663.48;BRL
b1e3d45513e046f5a1dd6541966e3d35;Produto_G;2012-05-13;-726.97;USD
1cf1abf3e2eb45f6a35d1d6568ba3c0d;Produto_H;2012-05-13;-416.07;USD
16d4cd06c2ba44a0bdb57eb114f54f71;Produto_I;2012-05-13;-206.31;USD
e60a70f9a9914b089e814335915f17f9;Produto_J;2012-05-13;-31.22;USD
19d692ae27094f4b87e560217a5feb34;Produto_A;2012-05-14;-418.4;BRL
6fefcbf1f3084067b109f94590dc0815;Produto_B;2012-05-14;-55.19;BRL
2b4ceb7c655246459aa1bde9ebeed746;Produto_C;2012-05-14;-719.25;USD
f4126b447adf4b14a20e32c6e17f568f;Produto_D;2012-05-14;-218.17;BRL
a98be9344a014cc28a85f0923aa9ac69;Produto_E;2012-05-14;-771.13;USD
5d72f6319cd54a35bb9aefb4e670c654;Produto_F;2012-05-14;-780.22;USD
eb746b52968649109bdd85dae094355e;Produto_G;2012-05-14;-155.31;BRL
3782660c1320435481c8231fbc3bc8b5;Produto_H;2012-05-14;-959.6;USD
97d8ed1b75c542e68b0fb8e27fa69ff0;Produto_I;2012-05-14;-942.78;BRL
5cf31736b9ef42ed9bf7902a193d2f25;Produto_J;2012-05-14;-71.01;USD
7267d8e853704aababb440c9114ae2be;Produto_A;2012-05-15;-0.99;BRL
f60727acd1ee40ffb6f6ab220aab4da3;Produto_B;2012-05-15;-12.56;USD
50a5d2a5ac4a4278801d13237bfba1a4;Produto_C;2012-05-15;-546.23;BRL
1cdef9a19f404a569001b1021e607802;Produto_D;2012-05-15;-150.83;BRL
d8aae220cb234676bd3ab2e9fc23ddeb;Produto_E;2012-05-15;-355.84;BRL
488341536cc34bffa1a87dc2891456fe;Produto_F;2012-05-15;-726.36;USD
20f597e044b24e52a6d27397c1511743;Produto_G;2012-05-15;-450.4;BRL
b05b5493148e42db91cbeaa93cfd3bcb;Produto_H;2012-05-15;-980.96;BRL
638ff893545345b38a37a29cbc95abae;Produto_I;2012-05-15;-47.93;USD
0482ff4d12824db987579c30d0c781de;Produto_J;2012-05-15;-518.37;USD
141cd8458a6e427bb2cf63eb662da627;Produto_A;2012-05-16;67.25;BRL
140e04576b9d4615821eca4aac794f5d;Produto_B;2012-05-16;-160.97;BRL
56742a988ed342208c032156df3242c0;Produto_C;2012-05-16;-663.41;BRL
76fe03e3e7e54f7ebf806e2ba8f682a1;Produto_D;2012-05-16;-776.19;BRL
749921b442fa49c9879b820c552d74b8;Produto_E;2012-05-16;65.08;USD
70d55c9727e44888b62209ab14754e5e;Produto_F;2012-05-16;-265.47;BRL
441cc845c82244ffb729896b1c8d9627;Produto_G;2012-05-16;-623.72;USD
cdef7fd977f8409884094ccb2c07df43;Produto_H;2012-05-16;-902.2;USD
12953c6487584de9951bf0c47d6ec013;Produto_I;2012-05-16;-196.08;USD
d3eb4e52adec438ca3c0a2cde76c5dbd;Produto_J;2012-05-16;-1000.0;USD
266cf2325ab54c4698c765ec6942d847;Produto_A;2012-05-17;-278.73;USD
1cedaf1e10dd44089d694bcb54f63148;Produto_B;2012-05-17;68.9;BRL
b4084aad35a9412d85a3b29b9036e17a;Produto_C;2012-05-17;-607.43;BRL
1f8566b71f9a48bbb12a3327f032cb1b;Produto_D;2012-05-17;-398.77;USD
e3a0212c145f4d4fbc056a0bd6aeb974;Produto_E;2012-05-17;-38.45;USD
5353ec261e4a4309991d28e70df58dc5;Produto_F;2012-05-17;-317.99;BRL
e90d25a3959c4ba4a2cd44ca7287d424;Produto_G;2012-05-17;-308.63;BRL
91b675c0492a4ad78b43a59c74ff7f63;Produto_H;2012-05-17;-620.14;BRL
933811d6fb024bcabe310db27585a24c;Produto_I;2012-05-17;-818.45;BRL
206b062c39e141439b5d7f12055f5083;Produto_J;2012-05-17;-967.35;USD
171cded162d24716bb7cd388b1d8cf82;Produto_A;2012-05-18;-622.88;USD
0119fa61eb764fac936fbce1060d1e1b;Produto_B;2012-05-18;-584.33;USD
ccf9dbc2cb7442a09e2a6628aa0c27cf;Produto_C;2012-05-18;-994.63;USD
210348df55b94b749459eb4a79f7f5c1;Produto_D;2012-05-18;-748.77;USD
8c000171f647498a9988ce55355cfd15;Produto_E;2012-05-18;-338.6;BRL
5a945c92dbda491689edbe81b7342b1b;Produto_F;2012-05-18;-166.43;USD
53e76c17a3da451499acff02af756fb3;Produto_G;2012-05-18;-69.77;USD
2e2dc6cc50164fe9866f22c515768b7f;Produto_H;2012-05-18;-476.06;USD
49cf7524abb24d16bca627ded7210e33;Produto_I;2012-05-18;51.4;BRL
f5e3302d3b3542ab9d01e8bf2bdc8aaf;Produto_J;2012-05-18;-851.82;BRL
057e4e53c447483090aca7a9e090271a;Produto_A;2012-05-19;-272.57;USD
dc1e161540ba48e892a6224f4aeace48;Produto_B;2012-05-19;-100.64;BRL
7ecf21970d5c4c38a1d78ddeb662e466;Produto_C;2012-05-19;88.68;BRL
b0a96a1f744248bcb3bb04a081991be2;Produto_D;2012-05-19;-875.57;USD
026381c15ee443fa9a13b0c3746fcdfc;Produto_E;2012-05-19;-457.0;USD
7f076793e80249f29d78d218a7d14cec;Produto_F;2012-05-19;-528.1;BRL
1263541a184149d88ce93bfe1469b804;Produto_G;2012-05-19;-742.82;BRL
0974b8c610ca49799baf2c9227e9b81d;Produto_H;2012-05-19;-265.58;BRL
43845843f39d4f65b0e00f1df9b40e1f;Produto_I;2012-05-19;-1000.0;BRL
dda2ab036ea5415cacce72d283894f6d;Produto_J;2012-05-19;-402.81;BRL
49251dc0f46e4432a57f738273afd8a3;Produto_A;2012-05-20;-116.03;USD
570d98f0cd394bf98e357f56e05e733e;Produto_B;2012-05-20;-1000.0;BRL
3b805938056844ceb4cd7b9e4a76153d;Produto_C;2012-05-20;79.6;BRL
ecf8bb73b96443068fb0683c1601a922;Produto_D;2012-05-20;-780.28;USD
2f9c304580a6433ebdcfd52b63131e13;Produto_E;2012-05-20;-272.43;USD
851ccdf59f704ee5a41f884af1fef2d8;Produto_F;2012-05-20;-480.46;BRL
3b87825dedfd4f69ae4d31ca9ea5fb73;Produto_G;2012-05-20;-201.08;USD
8a47cda8170b42c487b794db5951fbd9;Produto_H;2012-05-20;-493.9;USD
a4ad7b166b7b4e0fb7d70cabf14b9e06;Produto_I;2012-05-20;-841.32;BRL
8255bde33e2b48c0a4385e828c9d2956;Produto_J;2012-05-20;-981.92;USD
6a6fd89b945340d2a9db3a52633aef47;Produto_A;2012-05-21;-292.49;BRL
a66af8d6391e47cb8d75dafe584c28dc;Produto_B;2012-05-21;-860.86;USD
3c99e5933ce246bfb9b8b26767dd504d;Produto_C;2012-05-21;-85.59;BRL
6b5afb6132d944279a0e2f37a28873c3;Produto_D;2012-05-21;-637.99;BRL
43956607775a488b9a429300e6f375de;Produto_E;2012-05-21;-673.48;BRL
f8608686abc04293af2273544c210d65;Produto_F;2012-05-21;-24.08;BRL
1b06e193d46344ee83a8b0038248f745;Produto_G;2012-05-21;-584.35;USD
97bc5674b96b4e87a91ef57a6b2cfa38;Produto_H;2012-05-21;-716.87;BRL
b5c9b28d578d4f929f0f38b440020c3f;Produto_I;2012-05-21;69.07;BRL
0b07027e39f14a2d916d12a0cb88b93c;Produto_J;2012-05-21;-379.69;USD
fa274b3a139e46888a838bd3d021064d;Produto_A;2012-05-22;-738.72;BRL
c808c7e41b3a4209a11cb5824bc6da50;Produto_B;2012-05-22;89.68;USD
eff7adb80c0b45c59aea9a6b811ae9eb;Produto_C;2012-05-22;-985.5;USD
957934eefb42470e94d84960b40a1e43;Produto_D;2012-05-22;-901.56;BRL
13de8573f10e474b8e94188cb6d9320f;Produto_E;2012-05-22;-678.53;BRL
ba604bd5f790455aaef9d1d277c78632;Produto_F;2012-05-22;62.21;USD
889c9f3af3d34e41a7a2eec0de5b02be;Produto_G;2012-05-22;-383.42;BRL
b0d11990e5c44cc0b4f64c3b4aa2c4f3;Produto_H;2012-05-22;-625.25;BRL
23dfd5f8f048411ca356a572d57448ed;Produto_I;2012-05-22;-818.43;USD
359f0fbf80e64deaaaee79078f6a2457;Produto_J;2012-05-22;-648.63;USD
7b06001e62ae481eb95abab528c5a4f9;Produto_A;2012-05-23;-282.64;USD
224117a44fb148bb823203d81317467f;Produto_B;2012-05-23;-1000.0;USD
06c84e461a5e4c568e625a014140b864;Produto_C;2012-05-23;74.2;USD
a5e3f8fabc294be1b8eb6f993b31cbf9;Produto_D;2012-05-23;-1000.0;BRL
752d3acd7dda47e9b2fe591e07b9cae3;Produto_E;2012-05-23;-349.26;USD
8ecaa32f965847c2b865f0093d2666bf;Produto_F;2012-05-23;-748.06;USD
a729fa46c6af4043aa88f1531ae8d7f9;Produto_G;2012-05-23;-280.48;USD
cc3b399af2df48c9bc15e406e5c0c4d6;Produto_H;2012-05-23;-445.33;BRL
27c1073f984941c4adad86bba32b2f9d;Produto_I;2012-05-23;-423.7;BRL
46ab67a83d124d41b73a5fb4e389449b;Produto_J;2012-05-23;-272.32;USD
2b89c0769e9d49a0836437d4286050e7;Produto_A;2012-05-24;-262.14;BRL
8051c16607354621aba8bbda106730bd;Produto_B;2012-05-24;-292.16;USD
c355d543db03436e8b4be858faa4aa9b;Produto_C;2012-05-24;-438.57;USD
cdfbacf7208e4056b32b8d6cec96c247;Produto_D;2012-05-24;-631.72;BRL
c161c0fa027f4b9a9cd4e2c4a89fe296;Produto_E;2012-05-24;-671.79;BRL
82c39c9956374177bf1dbd660d2048be;Produto_F;2012-05-24;-468.92;BRL
b0e008291fda4869824cad67017c72d4;Produto_G;2012-05-24;-605.53;BRL
514a867a967c4d239d547f22d3405c3a;Produto_H;2012-05-24;-692.93;BRL
703d3db83b8645778ec75de66e81a1e3;Produto_I;2012-05-24;-341.64;BRL
3702ec079e104df08c706c0ca5c01ae5;Produto_J;2012-05-24;-784.37;USD
3e6814dcb0bf40c9a4b65abc18dab11c;Produto_A;2012-05-25;88.63;BRL
57e373b050664ba191c8a1b10b78cb11;Produto_B;2012-05-25;-749.05;USD
dce7e4dde50a4c02a79cd151e9e776d4;Produto_C;2012-05-25;-29.04;USD
ae9e2374de2743d8979645da0a6ece0a;Produto_D;2012-05-25;-516.9;USD
f737361d68a544f5a741f01e89749302;Produto_E;2012-05-25;-571.32;USD
2863a2e3e486450db952273101d9f7f7;Produto_F;2012-05-25;41.51;USD
f88205561cc14d5f87f4016f2b98a0f1;Produto_G;2012-05-25;-682.83;BRL
b94828d2642d45ecafd338838b40d0db;Produto_H;2012-05-25;-518.71;BRL
15220cb75535435f8ac1de975e784335;Produto_I;2012-05-25;-344.77;USD
c23199c5ba0c4adf8db382f4f4ca3548;Produto_J;2012-05-25;-286.99;BRL
22a7e538d02848da9c35ab9fa0fe2ab6;Produto_A;2012-05-26;-666.31;BRL
bff6db35f7f84b09968526cedbb2eb0c;Produto_B;2012-05-26;-820.46;USD
dace7a43dc724d9db0cf3c5f40fe42f9;Produto_C;2012-05-26;-685.54;BRL
3ceae6d72064478899b04f816dab9132;Produto_D;2012-05-26;-931.4;USD
04946a4a67c54e9a8ac6ba42eb02d924;Produto_E;2012-05-26;-664.49;BRL
9c58fe483b3c4e38b157dce839e7a46b;Produto_F;2012-05-26;-587.52;USD
ebf430a1ad294751a1a8e6a631cb416a;Produto_G;2012-05-26;-658.84;BRL
ddcd60e11f5a4860ba07e6e48eb50bc9;Produto_H;2012-05-26;-793.82;BRL
27c41d69bc6f40bea383e86f21740680;Produto_I;2012-05-26;-422.49;BRL
a3d974732f924b0293a577dc57f1fa30;Produto_J;2012-05-26;-443.08;BRL
8c1e465ef8b1473689e753f5c70240c1;Produto_A;2012-05-27;-884.41;BRL
e6bef137ca5d41d995b4d8770a4d6d9d;Produto_B;2012-05-27;-1.52;BRL
241eb907185047f2a599b94fd4056be5;Produto_C;2012-05-27;-426.54;USD
2316e38c7e46441cba2497e98c3ae68d;Produto_D;2012-05-27;-400.92;USD
1fab1c0da91c49ae89035cf92d5b5e8d;Produto_E;2012-05-27;-432.5;USD
f5339e01c43444ebbb0dec43c9f5871f;Produto_F;2012-05-27;-166.89;USD
f5c70271aebc44cc9d465b4764d660ba;Produto_G;2012-05-27;-591.06;BRL
6cd4c2a63dfe4d258e2c74659383f426;Produto_H;2012-05-27;-678.8;USD
6bf1056310114aa6a01928eb24050c04;Produto_I;2012-05-27;-566.12;USD
938931e78de1457d888f3a4b03fb79fb;Produto_J;2012-05-27;63.17;BRL
9e04453f758e424999d421c2aba73d9b;Produto_A;2012-05-28;-841.17;BRL
9f2160183e5941b399ac1a0975625a06;Produto_B;2012-05-28;-453.34;BRL
9cefe85edd8b496fba134a6c97e733b3;Produto_C;2012-05-28;-886.26;USD
14577bb7cddc4ba5bf3fb5197e5962d1;Produto_D;2012-05-28;-661.46;BRL
c2318a5b5c864b7f93660400382b3bbc;Produto_E;2012-05-28;-613.38;USD
0fcfc8fb1fc642128d7c6e4a88700a62;Produto_F;2012-05-28;-468.83;BRL
19cbee3549dc4cd28cae03bf35d78f44;Produto_G;2012-05-28;42.69;USD
5ef9c70624c14eeba47a238cbdd78d72;Produto_H;2012-05-28;-785.22;BRL
1c7597ecbb1d4f79acfddb5c75f1c3cb;Produto_I;2012-05-28;-966.56;BRL
93aa0133b2474e3ca2a185a470b92b95;Produto_J;2012-05-28;-106.32;USD
647a0146483641c8b5ac4a78cf97439f;Produto_A;2012-05-29;-60.95;BRL
5a3e58bcac474d09bdff959ebec47761;Produto_B;2012-05-29;77.14;USD
c789b95141754183b81ba0e9ec50d1ec;Produto_C;2012-05-29;-692.23;USD
cd470aecb0824d55a03c8d0c4c851d89;Produto_D;2012-05-29;-637.96;USD
83218c94fd3d4a75b6d3236bb44bc4bf;Produto_E;2012-05-29;-364.3;BRL
952e4406a7964cdda9b9fd41f538ee2f;Produto_F;2012-05-29;-548.92;USD
b984d790dbfb42ea9dd610382afe9dae;Produto_G;2012-05-29;-346.65;USD
e4981251bf8344309777acb4a6fb750c;Produto_H;2012-05-29;-477.9;BRL
04170a3bff6645bd8d01d4b8e16d806d;Produto_I;2012-05-29;-79.45;USD
390b511e62e644ff97bc454f236d45fa;Produto_J;2012-05-29;-5.75;BRL
5b4266b5b4304b8087e66e8473504e72;Produto_A;2012-05-30;-241.2;USD
5184aaed41ad408ebcbc6a1abf7be7f8;Produto_B;2012-05-30;-87.17;BRL
ef8c5c9ee42c45fa8c4a68a7e9c54ef6;Produto_C;2012-05-30;21.37;BRL
8206a8bd4b0e4c4dbe0803c79ea98246;Produto_D;2012-05-30;-487.95;USD
e06dec5a9c2740ff9ad2418fd8bbd102;Produto_E;2012-05-30;-542.49;USD
d459ad2f9ce44dce838713dbabb3d8cd;Produto_F;2012-05-30;28.74;USD
ec5781b3dc0f43c284776e0f5e536ec5;Produto_G;2012-05-30;-470.22;BRL
2a4c7eeadcd74e22bc49533fcd1adc6f;Produto_H;2012-05-30;-872.15;BRL
19d8f7835d0646c7b066e2ca724a8a85;Produto_I;2012-05-30;-144.65;BRL
08ebb83b0dbf4f96942c8986053d09b1;Produto_J;2012-05-30;-1000.0;BRL
033c6a5ce96a4383a8fb6a24a5376bc3;Produto_A;2012-05-31;-695.94;BRL
c33a25c9114a49ecb65aacae27fc6e44;Produto_B;2012-05-31;-456.55;BRL
31413b9efd9b449e99b6f243d08e5066;Produto_C;2012-05-31;-981.66;USD
b9aa7fbf13964801b28bd5b79c5d0610;Produto_D;2012-05-31;-68.16;USD
9e5221962975496ea6b10a8771e588c5;Produto_E;2012-05-31;-434.22;BRL
bdd33c80e8f149f48d714b7f62fc84e9;Produto_F;2012-05-31;-166.33;USD
d95124cabab04066904866b1532cf1bf;Produto_G;2012-05-31;-200.33;BRL
311c164929074b43af5bda67d3b383af;Produto_H;2012-05-31;-341.6;USD
361643d3092c44868c3cfdbe4be46b9a;Produto_I;2012-05-31;-248.98;BRL
b56dac22ff4f4125a8ebd830a0efb23e;Produto_J;2012-05-31;-212.46;USD
3bf559be71d3417591dac22d05a98b27;Produto_A;2012-06-01;-695.06;USD
14d660167e8b47909355cac3e76a56ed;Produto_B;2012-06-01;-1000.0;BRL
e12bee9eeb144bccbcfa052c2e8759e5;Produto_C;2012-06-01;-254.18;BRL
c54574ae5c3d4d34a46997beafb96d58;Produto_D;2012-06-01;-657.83;USD
4a903c7451064328a4dc07ecd8fd213b;Produto_E;2012-06-01;-521.91;BRL
ec1e3af624b24c0a98c76c6f8dd0d5c2;Produto_F;2012-06-01;-717.67;BRL
7fa7d028a6d8429faab5c4386874de35;Produto_G;2012-06-01;-364.55;BRL
04a95e1baf9f498c910c95176b9c635f;Produto_H;2012-06-01;-772.4;USD
ad4efce1623a4427bc5886afcd21273c;Produto_I;2012-06-01;-659.22;USD
e9ffb4b5a79649358f6496c558efe380;Produto_J;2012-06-01;-47.72;BRL
32fc374ac27b4be7ac295127f1c9e603;Produto_A;2012-06-02;-663.29;BRL
8886bc445f594a51ab9a8cd6226b76c1;Produto_B;2012-06-02;-1000.0;BRL
dde8c0e3347c4e218791305630c30098;Produto_C;2012-06-02;-1000.0;BRL
def07b3d3819410583607af6e46da143;Produto_D;2012-06-02;-1000.0;BRL
f2ce472ef45c4f7d9d3452a86a217304;Produto_E;2012-06-02;-531.57;BRL
93271d252b3046738b043c9783199cbd;Produto_F;2012-06-02;-660.23;BRL
47c16acd3f7d453a9325ea3b7e0cdfe2;Produto_G;2012-06-02;-281.0;USD
ef0762d3b711475cbf179b728e4a1afa;Produto_H;2012-06-02;-291.9;USD
00075644d6924258b2e992f1787dd48c;Produto_I;2012-06-02;-196.96;BRL
6f9d9fe51aa7428aadca0c720428ffea;Produto_J;2012-06-02;93.92;BRL
102ea10bf807487493e5442679752acf;Produto_A;2012-06-03;-764.17;BRL
62def4c266224dd2b486cd0132511e0f;Produto_B;2012-06-03;81.25;USD
008fb4a664a7498ebe504d461e8e7449;Produto_C;2012-06-03;-377.83;BRL
1a51c89d4d2d49c2a09abd4932bf994b;Produto_D;2012-06-03;-67.98;USD
52f7aea6de07452fa4ee30b705a69dc7;Produto_E;2012-06-03;-336.62;BRL
c6d47f1b544d4e5d8541b69a828be4e9;Produto_F;2012-06-03;-697.37;BRL
63c1e02f127d425c9ca09f63919bd824;Produto_G;2012-06-03;-47.2;USD
eb03bb7b6a424c8d9ab481522bf2b0f9;Produto_H;2012-06-03;-723.85;USD
ddf4528aac2541be8dad20b007a592c1;Produto_I;2012-06-03;-332.78;USD
edaaeff328734b57b2d0509dd4c032b8;Produto_J;2012-06-03;-144.43;USD
f7b93bacab2f4c3397c2e5ddd9524040;Produto_A;2012-06-04;49.28;BRL
59b6c6e67a2c4fc98c1d456f605337fc;Produto_B;2012-06-04;-1000.0;USD
7ff73db8ff0a48339c66b053e5a0239e;Produto_C;2012-06-04;-758.14;BRL
414138336a61435f8858eea077d324de;Produto_D;2012-06-04;-536.12;USD
dcc58a1f9d6a46d3b6fdc91701e52652;Produto_E;2012-06-04;-723.95;BRL
804ebd4563d64caf9c600f069867251f;Produto_F;2012-06-04;-246.77;BRL
f04a0a3c13084257bfab40bfb44cbb8a;Produto_G;2012-06-04;-501.52;USD
c70fda21bb6f4804b7a2829f6e57a613;Produto_H;2012-06-04;3.24;USD
b8119928860e4cf6b48783c29f530073;Produto_I;2012-06-04;-210.15;BRL
7bd45d4fc33840d5a82615657ec4ea34;Produto_J;2012-06-04;-723.72;BRL
1b84cf612dc1406b849505ecc011ad4a;Produto_A;2012-06-05;-404.45;BRL
59366826005d4d38aeaf8018b883b3e6;Produto_B;2012-06-05;-311.49;USD
0b1c265a334e44ef911f0549ffc32c20;Produto_C;2012-06-05;-90.51;USD
5cd1f2272063436896c93cf6268ea563;Produto_D;2012-06-05;-746.49;BRL
ee59e4f73317483b9f7004cc3d970e04;Produto_E;2012-06-05;-335.23;BRL
051ba01d16b64853a4747952ef0882c8;Produto_F;2012-06-05;-405.14;BRL
835b9140f119470dbc9b502873eb044b;Produto_G;2012-06-05;-339.67;USD
0260d25d94ec45059c9bd353c66437fd;Produto_H;2012-06-05;-299.64;USD
4af0a516307d48fc86bd49b2e5945932;Produto_I;2012-06-05;-834.97;BRL
2015686c92bf4672b5da0dae23863e50;Produto_J;2012-06-05;-827.5;BRL
47f81d89e6ab4fb4afaced42dd9ad6c4;Produto_A;2012-06-06;-830.77;BRL
6aac4a4cfa974885a8492331c5ef2121;Produto_B;2012-06-06;-1000.0;USD
6b617c7f2549462c9a289b67d147fe37;Produto_C;2012-06-06;-26.4;BRL
c1a6f9ae3755492b8ee2bbe6b3d651a7;Produto_D;2012-06-06;-260.52;BRL
175805c5448d42d396085c72500a8b72;Produto_E;2012-06-06;-519.22;USD
0d9ba6de69954d14990ca0075c4a75ac;Produto_F;2012-06-06;16.96;BRL
71b47363f4cf4001be3f51a4c93f432e;Produto_G;2012-06-06;-214.2;USD
a8131e94fe6640c6bb218961b6053099;Produto_H;2012-06-06;-439.42;USD
0856ffb19de94c9eb9b633f00c44b54e;Produto_I;2012-06-06;-708.5;BRL
e0ba2d08179d49d985587cdba6341b06;Produto_J;2012-06-06;-93.3;BRL
e326e8ef956c47309954d985cfd1a931;Produto_A;2012-06-07;-748.91;USD
b5eb8724408442d7a85da4ab8b01541b;Produto_B;2012-06-07;-346.69;BRL
1d7c6c45f88943b285306305fb8e0d4f;Produto_C;2012-06-07;-56.55;USD
9486c9b48fd04dbabae9a656bb2e2844;Produto_D;2012-06-07;-17.96;USD
995300531bf341ee83c457bad7b02dba;Produto_E;2012-06-07;-48.02;USD
0e2ad01d71ef4138bd496c4ea9ea1ede;Produto_F;2012-06-07;11.07;BRL
b2b2938707af4cde95759c42d7936cc2;Produto_G;2012-06-07;-473.49;USD
fc1e95f4f8ad462a8da44ccb6f2cd936;Produto_H;2012-06-07;-682.96;BRL
47630366a7ca4712949348cd968f75df;Produto_I;2012-06-07;-694.14;BRL
9c4519fd2cbd4383b079f76e93f461cd;Produto_J;2012-06-07;91.19;BRL
6a4b3e5c29f84ca3a31f8c10343ec37c;Produto_A;2012-06-08;-487.46;USD
9a2213fb2cf64898b3dd47e59eefeece;Produto_B;2012-06-08;-827.35;USD
c6881453bed1474ba12776a388717c90;Produto_C;2012-06-08;-587.25;BRL
30088b68e14a448a9585bddcd7f92027;Produto_D;2012-06-08;-279.47;BRL
4dca843388524bf98890e27520ebd1c2;Produto_E;2012-06-08;-590.44;USD
20c48312bd2d4da3b15cb0c23975add3;Produto_F;2012-06-08;-49.98;USD
95c025d79cfc4d7d8175e11e63e25ab8;Produto_G;2012-06-08;-761.61;USD
b022df76a8c24f03a578d8899412f25d;Produto_H;2012-06-08;-303.03;USD
c8b3365409594d56923162679431b1f4;Produto_I;2012-06-08;100.0;BRL
205bd021a28d44bdad35da5db93b5f05;Produto_J;2012-06-08;-385.87;BRL
803f103ee54c44b7aabaa317cebe5dc9;Produto_A;2012-06-09;-671.88;USD
3b048d42ddf0445ab42d91c28c6a5566;Produto_B;2012-06-09;-678.01;BRL
a0b4c6019d4c447d8012c6a5a944c016;Produto_C;2012-06-09;-658.92;BRL
46c31faf22964634ab75837703dedacd;Produto_D;2012-06-09;-15.29;BRL
290d8d15a109440197d79021b58cf017;Produto_E;2012-06-09;-678.4;BRL
f8db578ed8df4a178ffe6c0a58fdeed1;Produto_F;2012-06-09;-825.62;BRL
013b8987499c4ca3abf426ee49ba61b7;Produto_G;2012-06-09;-370.72;USD
edd3ddf583ee40248bc3463645c9aba5;Produto_H;2012-06-09;-483.97;BRL
a65fa23eca5a4e748c8b3e3d60ca16ad;Produto_I;2012-06-09;-1000.0;BRL
0076202933b54e9f8377556ccf182fcb;Produto_J;2012-06-09;-63.14;BRL
1f16ac4b081c4ab8b418921bcdddf2fb;Produto_A;2012-06-10;-352.53;USD
696cfb35e2cc43a99b0557724d165e6c;Produto_B;2012-06-10;-983.66;BRL
033f69bf1f8f4c44ab3b384296e6d832;Produto_C;2012-06-10;-337.14;USD
9bf2a5c188114e8f82543810c820c450;Produto_D;2012-06-10;-661.85;BRL
4108d311f44047d98f93ab055343238a;Produto_E;2012-06-10;-681.63;BRL
9a04d0c23cc84a9f9d67abe65b79b195;Produto_F;2012-06-10;-755.61;USD
7af1848f34e2453fb17947b7f2f878ff;Produto_G;2012-06-10;-396.87;USD
6deaddd61f99426a92e61b408f5cd4ee;Produto_H;2012-06-10;-47.68;BRL
3954de2c944a4b40b4c384d931d7fff0;Produto_I;2012-06-10;-836.58;USD
62e7d231f70c415fa5ec6a7d7096f418;Produto_J;2012-06-10;-307.7;BRL
792859aebb9b49309c39432b5c94e27a;Produto_A;2012-06-11;-871.47;USD
20a5217daf9747d9a33fe71df4a8e892;Produto_B;2012-06-11;-680.11;BRL
66c1e2735e0a4019aa189553a7209228;Produto_C;2012-06-11;-24.67;USD
a9bed610beb84b138d605bac6e9c00b4;Produto_D;2012-06-11;-213.64;USD
8df427fdaadc4fb6961f84c883992e93;Produto_E;2012-06-11;-328.23;BRL
211710e8f6714cdfbce4c5f016098a58;Produto_F;2012-06-11;-490.19;USD
eb00234a52e34fde94604b531149f09c;Produto_G;2012-06-11;-772.83;USD
87b6703e9ef54e28af302f3e078ed36e;Produto_H;2012-06-11;-819.14;BRL
c09a6659f3ca45b2929ff42a7e93ff31;Produto_I;2012-06-11;-628.29;USD
5769c7805463469986acffe18be19d36;Produto_J;2012-06-11;-546.25;BRL
cd043e3e05a74b8683a130d7dbda4c7f;Produto_A;2012-06-12;-581.71;USD
77d5e0fa402a4f76ba429f94cbce7a10;Produto_B;2012-06-12;-190.57;BRL
a55dd158f8104aa38c738adf66c76ee0;Produto_C;2012-06-12;-889.96;USD
9ec2c0419c154213b2d2f5e4e73e1f6c;Produto_D;2012-06-12;48.92;BRL
4b39053d15df47e68ca8cab8ed9f29cf;Produto_E;2012-06-12;-632.19;USD
73850f52f41044c0a4a56fdb9be852b5;Produto_F;2012-06-12;-190.65;USD
f05daacaad4a434aa5873485c1f19fd6;Produto_G;2012-06-12;7.04;BRL
da080564327443c4834cfc07ee40eef5;Produto_H;2012-06-12;-237.9;USD
a1be242d03b6497cb26ae7f6740245d6;Produto_I;2012-06-12;58.52;BRL
750e81a15e094e2fb097d80f965b118e;Produto_J;2012-06-12;-524.94;USD
9094da6ae8b345f19969a4a77eb9eda1;Produto_A;2012-06-13;25.14;BRL
4dada5f22a9e4719aab30f4eacc38d71;Produto_B;2012-06-13;-240.68;USD
ce4371ed529d4f17970bb790abf59e85;Produto_C;2012-06-13;-268.97;USD
fdd11b16085e46578d72534670a1b5ea;Produto_D;2012-06-13;-606.14;BRL
2b573f495b314fb09a216067697bac94;Produto_E;2012-06-13;-512.42;BRL
5923960cd71a46e29295a29a852e3f1b;Produto_F;2012-06-13;-641.3;BRL
e83961e20ac84a48afab84e4f80a1038;Produto_G;2012-06-13;-497.46;BRL
52c223950b0a447fb10d5446c798bfa2;Produto_H;2012-06-13;-917.76;USD
9b0a2c7bab184807a752010b902a85ba;Produto_I;2012-06-13;-714.27;USD
84b34aa2dfcb4e868584a5077d5fae89;Produto_J;2012-06-13;-592.67;BRL
326dc9bb0c2248e98bf1875c86195ebe;Produto_A;2012-06-14;52.41;USD
ca91a9d5b7264626ab21ff522694332b;Produto_B;2012-06-14;-562.67;BRL
c273da7b51cc4ba9b7389903dabc568a;Produto_C;2012-06-14;-65.89;USD
696ef11a534e4f6eae3d621fc04834ef;Produto_D;2012-06-14;-594.63;BRL
81a9062858ef45d588aa1faf6fe955ef;Produto_E;2012-06-14;-146.95;USD
0c9168451c4b4f9a9c97190120782dfd;Produto_F;2012-06-14;-484.59;BRL
483eb5bd1922489090f9b26505015c68;Produto_G;2012-06-14;-584.41;BRL
dd38dd82ba1f49738586976f11f5eb56;Produto_H;2012-06-14;-368.56;BRL
853f143f269b4253b4daa144d47a78ec;Produto_I;2012-06-14;-384.66;BRL
4b81530751fd498d956a8753b32e2ee4;Produto_J;2012-06-14;-132.8;BRL
b51f83bb35c84263bf1e2c69784a241c;Produto_A;2012-06-15;-128.44;BRL
a9ce51bf723a4c90993c320d0a4a4afb;Produto_B;2012-06-15;-883.4;USD
a9398a376aae4a72b56026f3bc2e799d;Produto_C;2012-06-15;-904.89;USD
57242011e5104c2e8e7fb5d513c5796b;Produto_D;2012-06-15;-973.62;BRL
fb3dc6470a394a919c2b90a56346cc4a;Produto_E;2012-06-15;-810.49;BRL
7dc2517ff5f3471ebfefc392907886f2;Produto_F;2012-06-15;-349.12;USD
9c620bb6872740f1832934bb1928f436;Produto_G;2012-06-15;-538.76;USD
3523669e16314a0c9db2cb913d06c2db;Produto_H;2012-06-15;-1000.0;BRL
7d8f981e6f9e4b7193e187d69bbd97c2;Produto_I;2012-06-15;-633.27;BRL
113345accab749dba79582306b39b247;Produto_J;2012-06-15;-713.12;BRL
6a97ba997b0749cdb1c0edbdf1106b90;Produto_A;2012-06-16;-338.13;BRL
5b2a5b9db87848cbb015d1ff10260f6a;Produto_B;2012-06-16;-624.71;BRL
5618ac3717074f2f9263da9041a97118;Produto_C;2012-06-16;-827.57;BRL
76cf7e9d4545465a98b16be927bca842;Produto_D;2012-06-16;-440.89;USD
05e4c683344447e5a09c5a9e05884c54;Produto_E;2012-06-16;-285.22;BRL
026d9b98c620431cb94d394ff3be394a;Produto_F;2012-06-16;-473.91;BRL
69b9feee1c204b57a0240bc4f725bd7e;Produto_G;2012-06-16;-375.21;USD
42e1801c2d354a268266c0981c273f95;Produto_H;2012-06-16;-935.43;BRL
afe8fedb5ace4456aaa7a81ac7ee69d6;Produto_I;2012-06-16;-257.89;BRL
da07360b11f74cbb9bb87609914c6e7f;Produto_J;2012-06-16;-870.73;BRL
434c79e5178043e6983c67527aa03321;Produto_A;2012-06-17;-221.07;BRL
651b72ec49cd4009bd5709770a8dfd2a;Produto_B;2012-06-17;99.03;BRL
b75c4f54109b4fb6829412c2e09d6666;Produto_C;2012-06-17;-1000.0;BRL
01a4d556d2b74001ae2653b081e775eb;Produto_D;2012-06-17;-920.86;BRL
8275865952554302a396536b4d3d794c;Produto_E;2012-06-17;-344.19;BRL
c5634c8e6dd1488a960fed348282100f;Produto_F;2012-06-17;-608.47;BRL
528917709f8c4214ab6a20195a5bd037;Produto_G;2012-06-17;-404.04;USD
d55a8715793944a0930380febb431fdc;Produto_H;2012-06-17;-605.04;BRL
515d8a31392b4ed7a3be234eec09bd0e;Produto_I;2012-06-17;-743.7;USD
cefa0dc59e6f497598f8354aefdfd9c9;Produto_J;2012-06-17;-45.55;BRL
147d456a03ff4bfbbfa753ee40eb729b;Produto_A;2012-06-18;-549.73;BRL
71dc5e4a9ff84593bd762e3b76d7c6cd;Produto_B;2012-06-18;-167.62;BRL
1f800c8fd3b245a588dcf59358d43147;Produto_C;2012-06-18;-660.8;BRL
85510901017647beaf938df714585ac2;Produto_D;2012-06-18;-238.12;BRL
c836344f048e405caed2c0f116595cec;Produto_E;2012-06-18;-230.14;BRL
2ff903d07aa2462dbc5909e430371c75;Produto_F;2012-06-18;-798.54;BRL
d3969fd2bb8a446aa29177da5dee6a28;Produto_G;2012-06-18;-675.34;USD
6eb5749253be442996786637b3c16876;Produto_H;2012-06-18;-315.27;BRL
2cc360c297244531a9d7c0b8bec62a3e;Produto_I;2012-06-18;-130.29;BRL
0a0ed4087a1a43c6ba8ea7968aaba41c;Produto_J;2012-06-18;-714.87;BRL
30e60d0f1448443884e5a2c51c2499ef;Produto_A;2012-06-19;-426.98;USD
bee9b297cc8a4885804bfe975efbcc5a;Produto_B;2012-06-19;-963.42;BRL
e5f47b565d6044449f41c30804e8463e;Produto_C;2012-06-19;-219.19;BRL
cb65ac2ea7e14f659c3d63f17fb5e6a8;Produto_D;2012-06-19;-461.99;USD
407fb3c14a4c439683073fa0253b7837;Produto_E;2012-06-19;-402.67;USD
dba01614cc4344d5887fc652ba50df84;Produto_F;2012-06-19;52.06;BRL
53d9f5fe7bfa46e4b05a3a58d5b8c50c;Produto_G;2012-06-19;-547.81;USD
9be8e04edffb41d599d41d682019fe43;Produto_H;2012-06-19;48.29;BRL
f80ad79b849a437d97cc9b10a36e6426;Produto_I;2012-06-19;-901.27;BRL
e638a8da39934481a88e0df6ac90b29c;Produto_J;2012-06-19;-289.22;USD
e675facafb8f4ac3986d316b3004c374;Produto_A;2012-06-20;-49.21;BRL
84fc9af6781b41f6a59bc2232a2951b3;Produto_B;2012-06-20;-46.9;BRL
cc70f70cb70b4a4792d8fa7649ffcbcc;Produto_C;2012-06-20;-443.6;BRL
c76ff38938424ba1b196c9f834f77e20;Produto_D;2012-06-20;94.72;USD
1b09d42367114b70b1fde9d041d207c0;Produto_E;2012-06-20;-459.8;BRL
6ffa59d68c74415795d855f4f2214008;Produto_F;2012-06-20;54.83;USD
33cbedd8c89542ad8f2a416ddf0815d1;Produto_G;2012-06-20;-384.28;USD
0e6f69a945fd47ad87acbe0ff1cbd055;Produto_H;2012-06-20;-57.64;USD
622b97b3a9144953b2eb2a29bf3acac8;Produto_I;2012-06-20;-126.13;BRL
3fd9181574724f24ae88e0f00018ac37;Produto_J;2012-06-20;-785.01;BRL
3f7692070fce498e9d98515760e22152;Produto_A;2012-06-21;-453.72;BRL
54ecf848bc534bcebb3f08e5f7ace35a;Produto_B;2012-06-21;-1000.0;USD
04f61546eed0428c94f3b75fa53257a7;Produto_C;2012-06-21;-24.49;BRL
ca96540c6c2a40bb96e4316194ebc14e;Produto_D;2012-06-21;-25.93;BRL
f9f568277bb0427eb7a594966aa1c286;Produto_E;2012-06-21;-297.42;USD
72b139a40c2d448fa04978e215b6578f;Produto_F;2012-06-21;28.68;BRL
ee29838a4c67464bb1f1a73480db4aea;Produto_G;2012-06-21;-692.0;BRL
259e4aee6d884e8bb6a7ebc0e454b921;Produto_H;2012-06-21;-1000.0;BRL
b21a6a021dad4cc7aa6368ca55e2839b;Produto_I;2012-06-21;-113.02;USD
5731d8710b2a4cacb6c54b5d130238b1;Produto_J;2012-06-21;-14.89;USD
6f6ae7502df94c61842e2b5ee00c699d;Produto_A;2012-06-22;-525.24;BRL
d3a9f2f1120a44e7a58a4e492be2bba3;Produto_B;2012-06-22;-418.98;USD
e4ec1f039a6e45e88816b3dd575586a5;Produto_C;2012-06-22;-1000.0;BRL
e5d5559b942644c0915b81f5db033344;Produto_D;2012-06-22;-591.17;USD
b12bfd38c9f24c03b968ffa024ab2efa;Produto_E;2012-06-22;-503.38;BRL
e76de6139d464fa49ac4dc10b6def408;Produto_F;2012-06-22;-540.05;BRL
7e255a4daca54742aaa204ae15e94bbb;Produto_G;2012-06-22;-432.27;USD
aae5a3cf018b4cd1b8cb4d94b0ca7289;Produto_H;2012-06-22;58.31;USD
aa4d1d362deb40c699093267c7c00305;Produto_I;2012-06-22;-523.73;BRL
8c90b304b09e473fbe318bf69869b02a;Produto_J;2012-06-22;37.32;BRL
049ea01f0fa949dcb7547fe5967fd958;Produto_A;2012-06-23;-787.54;USD
2367bbcea47c4e6bb68a7bac0dc07a9b;Produto_B;2012-06-23;-400.09;USD
c2fb02e8f9a348b89e1eae027dc3a3a5;Produto_C;2012-06-23;-469.36;USD
2dd632b0ac28483b9d704b347aa240b0;Produto_D;2012-06-23;-292.63;BRL
59d658352a5b48d999bb5a3705723124;Produto_E;2012-06-23;-541.39;USD
bb6771cb377848c9a8b9333397d34c72;Produto_F;2012-06-23;78.4;BRL
1d16affa31d64b328ab2e6f9eb5a9496;Produto_G;2012-06-23;-203.05;BRL
cd2788e9233d4c24aad367926dea3e46;Produto_H;2012-06-23;-30.36;BRL
22b509b1bda849f3b30d3d8ec3a141e7;Produto_I;2012-06-23;-814.51;BRL
24120ac934924fcfabaeaf2758a9b587;Produto_J;2012-06-23;76.19;BRL
be3fd168ceac4a1cadc1179a680d3a7c;Produto_A;2012-06-24;-915.22;BRL
79781642652e4605827cef781c468ff6;Produto_B;2012-06-24;-4.74;BRL
390929daeaa4452eb9dacbc94171da15;Produto_C;2012-06-24;-1000.0;USD
3e96f8e2efc54306bbb0839bbe23f064;Produto_D;2012-06-24;-0.23;USD
514fdb4730bc4f498bf31d2d0d165f50;Produto_E;2012-06-24;-443.64;BRL
358ca3b74e654c5da4e03079bbda9f8c;Produto_F;2012-06-24;-774.95;USD
e13580ad0aba41568a0c837c12823f76;Produto_G;2012-06-24;-387.51;BRL
afcf1e7726b14ee8888192521d770bb5;Produto_H;2012-06-24;-293.69;USD
7b5e3f65fdba439786faaf1a324ebc9d;Produto_I;2012-06-24;-769.22;USD
f825a9bd39744f0d859e90c12a9bba3b;Produto_J;2012-06-24;-1000.0;USD
e35d2243e0ac419a88912cbe6017b3fa;Produto_A;2012-06-25;-744.78;BRL
1af4c5a15966486a98ce25638e15e6cf;Produto_B;2012-06-25;-1000.0;BRL
4e6c2f88341b4b838368550fe9284516;Produto_C;2012-06-25;-512.49;USD
a497dce75ae94c59b317b5a091a8d9ce;Produto_D;2012-06-25;-191.12;USD
62d21277f9e146c8b52d2046036aaacb;Produto_E;2012-06-25;-483.58;USD
b206d4fcc92f405f9e6e646201b972d4;Produto_F;2012-06-25;-603.17;USD
f21dc535d18142e2b2fad408a9ae63ee;Produto_G;2012-06-25;-416.54;BRL
b43932a509ed4ee7a6d41770971c8b6f;Produto_H;2012-06-25;-794.94;USD
5dc8b9097e784325860902f1a6fdbaac;Produto_I;2012-06-25;-673.75;USD
4e5bbe5afc6e4f5f8a3ae2604366c43d;Produto_J;2012-06-25;100.0;USD
dcf7c9d1415446829eecd000937fd9d6;Produto_A;2012-06-26;-167.4;BRL
19ac1659057449f48e223d557830b77f;Produto_B;2012-06-26;100.0;USD
72d1540e2dd04f3db07f81bed55feea1;Produto_C;2012-06-26;-1000.0;BRL
41832813fddf4684a0bc0c9a51c1a137;Produto_D;2012-06-26;-917.47;USD
1c3e2ef86b044a3d9373157b13ede464;Produto_E;2012-06-26;-556.41;BRL
2551f1bf1f7946f693d950408b8df4d6;Produto_F;2012-06-26;-291.79;BRL
f44f8eb2db6948768bef16178e55b2fa;Produto_G;2012-06-26;-390.05;BRL
325c9963580d4811854f337e5e574682;Produto_H;2012-06-26;-306.28;BRL
baf391425fe243478fcc5c7d67892976;Produto_I;2012-06-26;-1000.0;BRL
d5b0c25ba7874802bb2e21bef21ff4c6;Produto_J;2012-06-26;-44.71;BRL
6067bac1b9fc4b0eb87d616b496d414b;Produto_A;2012-06-27;-750.16;USD
88063e0811db44ad9f185d53d2b9d9a6;Produto_B;2012-06-27;-1000.0;USD
97f4a75814354db4b8bfec7e5d416737;Produto_C;2012-06-27;-304.52;BRL
afd1f834539841068e8a5d0300433f99;Produto_D;2012-06-27;-422.24;USD
87f7b8229f5b451bb19af7e43f1381d9;Produto_E;2012-06-27;-143.24;BRL
63984a0fa53b4bc78e233bd7bcac8551;Produto_F;2012-06-27;-586.91;USD
2c28b46d137549f2851ef4538f832922;Produto_G;2012-06-27;-189.22;USD
1d89b8689523423a8fa3dba73e3908d8;Produto_H;2012-06-27;-1000.0;BRL
3f4eec5a4aa14f97aefc3463bd77a540;Produto_I;2012-06-27;-305.07;USD
f096486bbfdf4f2b8f36782166bbea77;Produto_J;2012-06-27;-640.93;BRL
78deab15f6ee446db8293ae4cdbc0d86;Produto_A;2012-06-28;-305.42;BRL
20d62e96e77744f1a8ca6e6b4bbe12e1;Produto_B;2012-06-28;-770.37;USD
ef84dc6a40a64eeaa0c45093418fc99f;Produto_C;2012-06-28;-477.96;BRL
6aa5dfc98f9a4cb3a1dbb3e7f1a70d17;Produto_D;2012-06-28;68.27;BRL
7390cfc6219947358d52dcc7c9a8d74e;Produto_E;2012-06-28;-607.89;BRL
b9d013a02d2545cb8058cf5a2412f807;Produto_F;2012-06-28;-569.17;BRL
495bc884505d4f1b85a47928f4d4b6f2;Produto_G;2012-06-28;-272.88;BRL
514f39a9748742b5963cdd3c77b1a0b9;Produto_H;2012-06-28;-458.28;BRL
764eb6cad6774651afb39414da7d64d9;Produto_I;2012-06-28;-595.09;BRL
98a46528d225463eb68ab0f3e390b502;Produto_J;2012-06-28;-716.51;USD
89796f7049854377bfd211d82b809d3e;Produto_A;2012-06-29;-140.51;USD
81a0ca5697534da4ae767382906c6a6a;Produto_B;2012-06-29;-982.4;BRL
2b07d8f77dd942f5b1c2101aed98d398;Produto_C;2012-06-29;-271.69;BRL
2f115051cf5b40ddaa5c390bdf1b069a;Produto_D;2012-06-29;-450.81;BRL
d75691f026f344f1b1b7f79e7efffeb1;Produto_E;2012-06-29;-423.8;USD
39744a9972b1491bb9b034c471ba750e;Produto_F;2012-06-29;-762.17;USD
0e3da4cc4ad34bcc912be87fb554e810;Produto_G;2012-06-29;-40.73;BRL
f68e4e52c22440efba5397c217b8d227;Produto_H;2012-06-29;100.0;USD
349eee94d1f24fbc9064884f25e65009;Produto_I;2012-06-29;-946.57;USD
c6271aaaaf214077b2111ab63af236fe;Produto_J;2012-06-29;-134.67;BRL
b5b0af2b7758456297b9116261600958;Produto_A;2012-06-30;-361.44;BRL
17caeea8926544cb8f05c7bfcea06182;Produto_B;2012-06-30;-386.55;BRL
eece976e7765478bbd76a0d88f6167fa;Produto_C;2012-06-30;-559.73;BRL
7f388fe544c549d597c7675e4aeb640e;Produto_D;2012-06-30;-493.18;USD
928ee350e68e44afb0d025dd5a708cf5;Produto_E;2012-06-30;-54.26;USD
8d0039dc69ec4dac9c098fb2a8a0ceac;Produto_F;2012-06-30;-341.41;USD
3cdf69d9120d4a2cb8fcb8a76d2dde9e;Produto_G;2012-06-30;-102.54;USD
6244ee444b4946a5a3b819cda7097a86;Produto_H;2012-06-30;-675.99;BRL
588feffd003d4ea8ac50402df54480c9;Produto_I;2012-06-30;86.39;USD
b335b15e25bd49879002adad417a7f0a;Produto_J;2012-06-30;-513.13;USD
86763bada323460c8ee8026a3be8b713;Produto_A;2012-07-01;-431.59;BRL
26ca17a2510743c3b217de71503deb11;Produto_B;2012-07-01;-735.32;USD
e7cddd6f16174b6f9374057ad555192c;Produto_C;2012-07-01;-909.06;BRL
664cc2f46d8a42a08603e10a4b160b5e;Produto_D;2012-07-01;-503.81;USD
c02a57e7292146cda91b2b326e8d81ba;Produto_E;2012-07-01;34.41;USD
1eef60532dfe45388224fe12fb43cfdc;Produto_F;2012-07-01;-517.71;USD
6ddc78d83bf94b19a648bee93216ebf6;Produto_G;2012-07-01;-668.38;BRL
e39da2e281424c2e96a04330e196084c;Produto_H;2012-07-01;-1000.0;BRL
083a3bd1c37c4e78b0ba8ccd5180e19f;Produto_I;2012-07-01;-193.48;USD
b6ec011697884f47a7d81a49471b3a8e;Produto_J;2012-07-01;-398.09;BRL
7d9e9ab4ca804bedb860d6bf77f9a5c4;Produto_A;2012-07-02;-823.84;USD
e10e83ca51c3475dbc3bc963cd8ccccb;Produto_B;2012-07-02;-25.31;BRL
8fd9f2d45c5442079065d34c35b8afb5;Produto_C;2012-07-02;83.54;BRL
b58bd40bce9f4402bd809e3fdacb3127;Produto_D;2012-07-02;32.14;USD
01e13b9dc744446382c8bb6d6d40eb04;Produto_E;2012-07-02;-690.17;BRL
df0d480fa22b47a3b9631c9981ce87b3;Produto_F;2012-07-02;-544.7;USD
8b7ef806cf3d4b518154be8a6e37a41f;Produto_G;2012-07-02;-616.79;BRL
6f133d6de6f7423283046f08a34a5a05;Produto_H;2012-07-02;-770.53;USD
0b30da6605bd43df8135b73312f4b89c;Produto_I;2012-07-02;-141.02;BRL
4f6ef8558b154bd294542c63e0777a04;Produto_J;2012-07-02;-12.23;BRL
78486de1aa5c4b649ce8d85cb2cf2c02;Produto_A;2012-07-03;-458.33;BRL
d40c4ed7b89d4de7bba7a4f51bc4915a;Produto_B;2012-07-03;-63.45;USD
0b4d166f97d94a83acf2ea2cc30003bc;Produto_C;2012-07-03;-846.02;BRL
ca229041e3dc4b7b85f6008b3948b0e9;Produto_D;2012-07-03;-459.88;BRL
6fb736b7ab074d57aad37df9b42c8a43;Produto_E;2012-07-03;74.12;BRL
436fd643fc6741eaa40b43209f3b06df;Produto_F;2012-07-03;-171.54;BRL
e36b187617dc4c32af7edea13c7edff7;Produto_G;2012-07-03;-597.39;BRL
03b5d70e58d041ef8624d8c2e10acaec;Produto_H;2012-07-03;21.21;BRL
ad0c454ad9b24cac874c0ed06c3ff0d6;Produto_I;2012-07-03;54.82;USD
3cfc511878284508b649bff75d94e1d4;Produto_J;2012-07-03;-853.51;BRL
af9b29be5e824868b13bd660e53724f2;Produto_A;2012-07-04;-745.54;BRL
b2509a0005764b1c8eb5c48d36acfad6;Produto_B;2012-07-04;-1000.0;USD
0a521bfcc3c048e7bb0dab63bb72ef2a;Produto_C;2012-07-04;-915.11;BRL
53c0e94827fe47949f3a94b860344ec1;Produto_D;2012-07-04;-291.2;USD
8f8c5c3bb0294084a1f95595f776c0c2;Produto_E;2012-07-04;-754.35;USD
7ae2de83493841b3a13020bd928bfc71;Produto_F;2012-07-04;-208.6;USD
95e88cb49eab4becabdcd43daa2fbe8b;Produto_G;2012-07-04;-697.69;BRL
8df2ba4d7c074761823430073c7349f4;Produto_H;2012-07-04;-709.17;BRL
8baa9fd124f5493d90f6e450534244b5;Produto_I;2012-07-04;-266.56;BRL
f9046435450a41c2aaa320d5c99eaedb;Produto_J;2012-07-04;-945.28;USD
845dc25150924b2e9037d6ad18aad4b7;Produto_A;2012-07-05;-856.05;BRL
75da63170d6e411680cba33dc07ec55c;Produto_B;2012-07-05;-313.66;BRL
8279465b3c6d4cc4ae655a8935084a67;Produto_C;2012-07-05;-828.07;BRL
0afd589950b74dcb915288d04f10bae2;Produto_D;2012-07-05;-880.97;BRL
95255df7afed4f7ab7ace4bf5f99b2f9;Produto_E;2012-07-05;-529.17;USD
0bfe4cd45f744cbb9b781419f1480b66;Produto_F;2012-07-05;-740.74;BRL
048ecf77ae46459486ec2bec3464cb73;Produto_G;2012-07-05;-380.88;USD
064a70ca3a1b43f1877afd477627508e;Produto_H;2012-07-05;-175.15;USD
e016c6f240bb4c2ca697b7f4078d84a7;Produto_I;2012-07-05;-986.03;USD
a3cf3e0c555f483f8ef773d7cfad206a;Produto_J;2012-07-05;-647.74;BRL
6620161a6de749c78e8f0942522caaf2;Produto_A;2012-07-06;-431.97;USD
9db9183f87ba4825906419dfb369265c;Produto_B;2012-07-06;-567.11;BRL
0ebe41502ab2408ca8f8899f3e48e69b;Produto_C;2012-07-06;-184.54;USD
8d8e8369717b4fe28f76e12506882273;Produto_D;2012-07-06;-600.67;USD
b545fa65c58c4241afcf6262051a99fa;Produto_E;2012-07-06;-86.42;BRL
fcb15921634e45d58c930011e73a0a52;Produto_F;2012-07-06;-594.16;USD
507793a26ad946eeb002c1496cf5e175;Produto_G;2012-07-06;-25.51;BRL
0c8ebaa190eb432e8606653a8e005b7e;Produto_H;2012-07-06;-743.08;BRL
02cf1fb390574bc38f5263d4da1fe557;Produto_I;2012-07-06;-393.28;USD
aeb1c8b039e9415194726ace67f20d2f;Produto_J;2012-07-06;-852.16;USD
1636b8d902454fb9a78496b964f150c3;Produto_A;2012-07-07;89.11;BRL
243f27df85e744b4be9e298a4db6b195;Produto_B;2012-07-07;-880.78;BRL
738d6f2407794cfabbf69ae9a8678b05;Produto_C;2012-07-07;-771.01;BRL
18b8d8c8f80744389fc9244510621ffc;Produto_D;2012-07-07;-555.76;USD
cf816d109f9f438b842da2e805a00ec9;Produto_E;2012-07-07;-182.13;USD
d5ea58b506b9452ea0c5d47e1087f9bc;Produto_F;2012-07-07;18.58;USD
0b78d932f8a8455a881afe1b545a32a0;Produto_G;2012-07-07;-184.81;BRL
7dfb405fa65945a79dc79ed0f4a8c500;Produto_H;2012-07-07;-93.45;USD
8f3e318fcd6f4c0bbe0e69fcb55236a8;Produto_I;2012-07-07;-323.84;BRL
23f48103504341e789faa27d19749897;Produto_J;2012-07-07;-951.91;USD
389b17260fb843578edb0af2634079a3;Produto_A;2012-07-08;-58.72;BRL
38a366217e2142a390b18d5d1b2a6e2f;Produto_B;2012-07-08;-871.52;BRL
e5308fdfeccf462c8d1835f55404e201;Produto_C;2012-07-08;-0.53;BRL
ae73681a008140f18b01640918cef21c;Produto_D;2012-07-08;-362.71;USD
22f240758e0c4293b8016eb425ce5976;Produto_E;2012-07-08;-817.42;BRL
b8f5cbe2422a4f32a5c1895043d6b2c2;Produto_F;2012-07-08;-794.63;BRL
4d7dddf8d1e644848644bfc8e7ddccc3;Produto_G;2012-07-08;-95.04;BRL
bb5a2cae06f14cf49b00f513751b86d1;Produto_H;2012-07-08;-25.16;USD
938fb2b2e64d4b41988e562efad07cdf;Produto_I;2012-07-08;-736.85;USD
ed538b57ffb643adbc31f06d03293a8e;Produto_J;2012-07-08;-462.92;BRL
a88f619f32594d3bb53081ad935a5568;Produto_A;2012-07-09;-106.53;USD
7788affe47b945aea15f9c84301ba069;Produto_B;2012-07-09;-599.22;USD
592e1f218a0f479abdc078fd656ad26e;Produto_C;2012-07-09;-901.89;BRL
b63429ea08d44ed8bb3ddf8f6c6db800;Produto_D;2012-07-09;-689.22;BRL
3216e7b6d65b462ebfbaf0e93e830c20;Produto_E;2012-07-09;-592.11;BRL
eb0bc0d601a64af4a098d0093c8ce968;Produto_F;2012-07-09;-661.51;BRL
beb50cefe09c47c1a1ff9b9b69b94531;Produto_G;2012-07-09;-675.09;BRL
527701cb8e23418d9e12d9467ebd2a74;Produto_H;2012-07-09;-678.28;BRL
943b0975fb26445faf80f8138af616cb;Produto_I;2012-07-09;74.72;BRL
634fd2710f594f11b3e12b9d7fbcfc09;Produto_J;2012-07-09;-846.75;USD
28a49b5b29014bf5bb8e9899271b095a;Produto_A;2012-07-10;-688.24;BRL
eaa19225835646939f650661cf761ad5;Produto_B;2012-07-10;-1000.0;USD
49462e30fb1b4dc69bed2bb965785379;Produto_C;2012-07-10;-1000.0;USD
528443e48a0d457993bf990d28ecbec9;Produto_D;2012-07-10;-1000.0;USD
a19e3fa844084947a6a0e5d6cac56e2b;Produto_E;2012-07-10;-703.34;BRL
2a41bf1095ad4392adf62b817cbc1273;Produto_F;2012-07-10;-318.59;BRL
e25aa92da0a845838b8bf6a5656d5773;Produto_G;2012-07-10;-439.99;BRL
8d89f3a453f4439a86e911e77aff6cce;Produto_H;2012-07-10;-1000.0;USD
565874385db24533a220b4b1a7ec4c75;Produto_I;2012-07-10;-89.62;USD
f0ceb08d4e7c41cb905334a56db527a3;Produto_J;2012-07-10;-835.6;USD
31d86c2dc748408f95b6f6917f0be9be;Produto_A;2012-07-11;-805.16;USD
74084485aeb546b5888f24f1b9b1f34b;Produto_B;2012-07-11;96.11;BRL
352cf830946441ef9792453d72a9b116;Produto_C;2012-07-11;-918.15;USD
5951940955834d6d89b084a28c0f4c7e;Produto_D;2012-07-11;-209.88;USD
f7f8b055ebda4e389584545d8cc37196;Produto_E;2012-07-11;-191.37;USD
3974ca07cd4a4729b392f1f592acd618;Produto_F;2012-07-11;-704.62;USD
2a5d8e54a9234491a2c915798a9b106b;Produto_G;2012-07-11;-653.61;USD
ed51aa04be4a46389ffaa25fc3be736d;Produto_H;2012-07-11;-154.0;USD
e514eb5f8b324832aa6726f039ad6d99;Produto_I;2012-07-11;87.73;USD
8fe16a06fb5240efa8c781280271d85a;Produto_J;2012-07-11;-374.35;USD
c3614336d50d483f95ed8cffe17ba62f;Produto_A;2012-07-12;-40.86;USD
91a55239661b4294b830f5053b02bd5d;Produto_B;2012-07-12;-844.06;BRL
262e8a73e97f49ef9e7cbe7859212c6c;Produto_C;2012-07-12;-472.39;USD
0472d900574d45a8b528ff0077bd0130;Produto_D;2012-07-12;-109.42;USD
0263e92e9d6c49859f53033a3a96733e;Produto_E;2012-07-12;-557.39;BRL
939f7416fd5e4f50a27bd0cbd62ca0fa;Produto_F;2012-07-12;-69.39;USD
e772b7beb142478cb508f6b6a4753216;Produto_G;2012-07-12;-158.79;USD
487856141ca24e6e9f5779484aed8a55;Produto_H;2012-07-12;-531.84;BRL
503a63447cc64c8281467cf19f1df066;Produto_I;2012-07-12;-753.43;BRL
708a4f8ffb4241498aa039914b43be42;Produto_J;2012-07-12;-1000.0;USD
a268f9db0dda4b5ab5e1f9464e1284d9;Produto_A;2012-07-13;-130.58;USD
32399959dde849639286c4e650b50cc5;Produto_B;2012-07-13;-527.36;BRL
d6657346301b43ce853f2c3f6bce00f3;Produto_C;2012-07-13;-33.0;USD
1e0cc6704ac94dd0ae2b4b2cc67555da;Produto_D;2012-07-13;-785.0;BRL
66be0bbf66f5467787ebd2ccfb2c061c;Produto_E;2012-07-13;-357.98;BRL
d0c7bfa039ee4544987f892c06e08d00;Produto_F;2012-07-13;-587.58;BRL
9b52bc0b22154dceb1349393a3fbadbb;Produto_G;2012-07-13;35.94;BRL
a14743eded9946cb87cb40fae20d288e;Produto_H;2012-07-13;-1000.0;BRL
14f47364dd344919bb88f3af2289dcb7;Produto_I;2012-07-13;-294.11;USD
cba122ce45ac434bb3b53661418160db;Produto_J;2012-07-13;-149.49;BRL
02e3d778da9343a59b1dc07ce8e5b881;Produto_A;2012-07-14;10.19;BRL
5ec390f270c445f8b86f7d245d22407a;Produto_B;2012-07-14;-610.63;USD
2e1c752b3cba4fa1a67e04c018dbd2af;Produto_C;2012-07-14;-864.8;BRL
0342a3dba6ab4f548cf2221d897b7afa;Produto_D;2012-07-14;-541.3;USD
1140801fd6af4612966304c92ca83ed7;Produto_E;2012-07-14;-63.06;USD
32e16aaac061465da1d8ba1617d50f06;Produto_F;2012-07-14;-168.36;BRL
aa9c84743694484180db114bee1c4ea1;Produto_G;2012-07-14;-305.2;USD
88acac5b9b0743eaaa22ad7a66c71697;Produto_H;2012-07-14;-1000.0;USD
ffd75507e04c43cc84c1d7cbec9ed95d;Produto_I;2012-07-14;-908.72;BRL
f01b4275875f49d09cd80238ddc41666;Produto_J;2012-07-14;-635.1;USD
05863e3a51874da2a6b8e7a1cf11ac73;Produto_A;2012-07-15;-674.49;USD
9448fee6281e4642afc6cd9b01494a27;Produto_B;2012-07-15;-523.13;BRL
682f5788d7a14b4d8557ff7bf560c338;Produto_C;2012-07-15;-87.09;BRL
315e29fb675f4711b8a2864e90edf62e;Produto_D;2012-07-15;-528.82;USD
090eabdf343648f5a6aafe28e33ffa9b;Produto_E;2012-07-15;11.62;BRL
c4678cf826ad4e29a36f538b76f73f1a;Produto_F;2012-07-15;-198.12;BRL
940b9eef27c8404e9d3b7ad776ca1a78;Produto_G;2012-07-15;-581.24;BRL
7bded1fd52c6422098c1376160fb589c;Produto_H;2012-07-15;-425.41;USD
285bb159ee6f4162bc40b7af2e4ff7ac;Produto_I;2012-07-15;-380.05;BRL
26f0a78b0cfb4d05baa1898315265633;Produto_J;2012-07-15;-972.24;USD
7a702a6f27cd43cd81ace1bf68a8241c;Produto_A;2012-07-16;-167.56;BRL
557f0f0b2f0344078bf64d07e7178660;Produto_B;2012-07-16;-774.27;USD
99d1e0b6c93c462a91c770809ce9cb36;Produto_C;2012-07-16;19.93;BRL
b3eb3fa79c0a41c3ae246c40a80328b4;Produto_D;2012-07-16;-803.46;BRL
dff0e75ca4fa4fa99fc2668116d6f9ea;Produto_E;2012-07-16;-784.46;USD
0630d313280d47a3be11cd118f513998;Produto_F;2012-07-16;-148.61;USD
d366dd1eb35d44f58d20edc33959d54d;Produto_G;2012-07-16;-300.91;BRL
9710da4d208846e08abfcf93241c8b2c;Produto_H;2012-07-16;72.44;USD
75db80b317d74723a15f63a9326b3ec2;Produto_I;2012-07-16;-1000.0;BRL
4fc985015aa547f8bd04288c0e49e177;Produto_J;2012-07-16;-199.73;BRL
0ced826eaa2a44659b23545e80675c86;Produto_A;2012-07-17;-568.09;BRL
25a5390c8bc24e538e5c1c637b6bb09f;Produto_B;2012-07-17;-941.65;BRL
017da69e4ffc4f1ab41c8d73fda2b217;Produto_C;2012-07-17;87.44;USD
722d6285cb8a4dab823029513126ad72;Produto_D;2012-07-17;-41.65;BRL
7957ae490fee4d99806c4979bd1a0565;Produto_E;2012-07-17;-209.51;USD
8057f751013b4a99842a3400c2207c97;Produto_F;2012-07-17;-567.58;USD
2a74777a847c4ec2bba97f44ac31d57d;Produto_G;2012-07-17;-40.67;USD
015f42936d4e45fbb18ed2cc52e785fd;Produto_H;2012-07-17;-866.45;BRL
0b208e6e39304222b1bc665068d8d2ad;Produto_I;2012-07-17;-942.52;USD
3d296113836b4c0b85d3027a231751b0;Produto_J;2012-07-17;-312.39;BRL
49a65866a40d4e0badffc3001b157fac;Produto_A;2012-07-18;8.81;BRL
2e4d6a9990c240cb860e2cbc20d2efa6;Produto_B;2012-07-18;67.23;BRL
7ba3b44aadc34e1eb7d35e368ad264cb;Produto_C;2012-07-18;-462.43;USD
864b33bad34e4477839b08c70860ea3a;Produto_D;2012-07-18;-67.39;USD
25fbe9eb510646fd943d01a2b5ff0054;Produto_E;2012-07-18;-141.82;BRL
939a71106c3448168a74cec264bd7228;Produto_F;2012-07-18;-721.39;USD
2151724457df4eaaa52e19a739d4a548;Produto_G;2012-07-18;46.37;USD
ea7878c7378b43dc833d21d10c4f4d54;Produto_H;2012-07-18;10.52;USD
b9acb1cc400348cf86c74fa71a08888c;Produto_I;2012-07-18;-586.09;USD
89aea797ee964decab55122975e06702;Produto_J;2012-07-18;-663.27;BRL
df1a67fa93c74d7684df2021626862ae;Produto_A;2012-07-19;-655.41;USD
9ebd3126e81346eabaa088bf4b23db4b;Produto_B;2012-07-19;-169.33;BRL
dbe9b49975d04195959b391c4432dc10;Produto_C;2012-07-19;-1000.0;BRL
6e0ed5f24f294f6280a4083fcd0a8b2e;Produto_D;2012-07-19;-534.49;BRL
55e1cc10a0f84c7099e76b297f6a0adc;Produto_E;2012-07-19;49.97;USD
6bd8fe052818498c9c4f975ae950612c;Produto_F;2012-07-19;-203.58;USD
68900bae55a04ae68a209a78f2ddf957;Produto_G;2012-07-19;-333.08;BRL
252e5cc31af543baac4d2289a0928869;Produto_H;2012-07-19;-12.97;BRL
a7027cc650324243be70f856280d40b6;Produto_I;2012-07-19;-166.11;BRL
ed25213b7cec4aed9da31f4925e6359a;Produto_J;2012-07-19;-181.3;USD
06e3b578e4d345fe9ef51ebbfe5c5255;Produto_A;2012-07-20;-735.95;BRL
4011a1b77a0a4b7cb3879bdf2ad38af7;Produto_B;2012-07-20;-405.32;USD
af0e5f1780fe4577b10fc268dde909dc;Produto_C;2012-07-20;-1000.0;USD
6b6f863fce814320b4f71f43d37f5d3c;Produto_D;2012-07-20;-934.38;USD
4a773f2ec97f4cd4823d036f5922aea4;Produto_E;2012-07-20;-60.45;BRL
d02f96ae650c474187d459a01bea5a8a;Produto_F;2012-07-20;-65.59;USD
81695e47f83c48149000595d54146c86;Produto_G;2012-07-20;43.57;USD
52f23d7210234f8d91f9f890b4561b33;Produto_H;2012-07-20;-294.78;USD
9a53225b688748a39436b7c68e6bdc44;Produto_I;2012-07-20;-722.54;BRL
57a8bf1ed9ac49ca8183f7ddc0775165;Produto_J;2012-07-20;-302.84;USD
178eaad5595242afa2a7447a9b578020;Produto_A;2012-07-21;-857.38;BRL
9ff6e3090a86466c81055f6a35f63fa0;Produto_B;2012-07-21;-953.86;USD
755e4c3cd1ef47cf8b592757452f8bd4;Produto_C;2012-07-21;-672.54;USD
d0281d6e099346ce88182755693761b0;Produto_D;2012-07-21;-639.89;BRL
86e7df16724f44a29edfcb6b1f93670d;Produto_E;2012-07-21;6.01;BRL
5d1b3f5eb946467cb3167839cc96d2ca;Produto_F;2012-07-21;-635.36;BRL
a13059a4564a4abfa3e494a2181edbc1;Produto_G;2012-07-21;-136.0;BRL
2d7df44e0f8b4bf3b08714b74378246b;Produto_H;2012-07-21;-528.72;USD
e5b5a85143de49668aa83c702b293161;Produto_I;2012-07-21;-297.13;USD
95990f5e918a49a68988d9d54f8a851d;Produto_J;2012-07-21;-859.12;USD
7f073aeeb6584e6c93d467692b236767;Produto_A;2012-07-22;7.4;BRL
7aa1cad2f1e24628b1d95639acfd0a47;Produto_B;2012-07-22;57.2;USD
b83ea77966fd494caa6484295ad5bbc4;Produto_C;2012-07-22;-501.34;USD
20802b6da8af439a806ba6f8c8df1843;Produto_D;2012-07-22;82.91;USD
4fcde00b4474429aac0139a7fc791915;Produto_E;2012-07-22;2.41;USD
fb7770dc90dc4cb1ad345206fff8369b;Produto_F;2012-07-22;-195.92;USD
638af6e2ecc84dc4a928180cead901fe;Produto_G;2012-07-22;-551.55;USD
5783263d64f34c69934b75bd011b9459;Produto_H;2012-07-22;-436.45;USD
629f7ae64ec14873aab37194b5011040;Produto_I;2012-07-22;-1000.0;BRL
4b0a7735dfe54b25a0805e1e6f177818;Produto_J;2012-07-22;-566.56;BRL
74116f0d8f6b4b14b262a9e676d38886;Produto_A;2012-07-23;-92.43;USD
82d2e4f218a1426a9382c98baf1530f7;Produto_B;2012-07-23;-987.1;USD
ea45dc2075424f8fa574c7b115993a07;Produto_C;2012-07-23;-849.91;BRL
4512aa2d1ccd4d46b5eecc4e2b239edf;Produto_D;2012-07-23;-479.23;BRL
83d615af90284522a34ce16519ba20b6;Produto_E;2012-07-23;-229.25;USD
a6f331b126504d70a0540ed844acb176;Produto_F;2012-07-23;-405.86;BRL
f51905f8d0f843379750d0ab1e99ff17;Produto_G;2012-07-23;-693.64;USD
8bf150c03e314c95bf5dffdfdc4c05cf;Produto_H;2012-07-23;-547.11;USD
ff2e6ec620394e8c9b37d54ff1e7cd6a;Produto_I;2012-07-23;-24.17;BRL
1fb01f6af5d74b16b6187413a8db3a6b;Produto_J;2012-07-23;-714.23;USD
737fb757385c438eb3c1075bfdc2aca4;Produto_A;2012-07-24;-145.09;BRL
a737300970f5463a9e53e726b100afc0;Produto_B;2012-07-24;-61.66;BRL
7de7d259182b4832a372c5f32b6e39fe;Produto_C;2012-07-24;-472.77;USD
dbcb2eb47bc744a7b82b1fd9b77b7018;Produto_D;2012-07-24;-530.79;BRL
2d5781b678764c7690d5d3d12c25509f;Produto_E;2012-07-24;-688.83;USD
e6bd8afdf05248769fa12a52dec27d7f;Produto_F;2012-07-24;-69.1;USD
d48f1283c3a74207af01245b1a753f2c;Produto_G;2012-07-24;-616.48;USD
8a967f2248e14bf1ba3eb55016d0bb95;Produto_H;2012-07-24;32.41;BRL
849bd32fd01e41ed98899572c97c70a7;Produto_I;2012-07-24;-829.03;USD
62ca4d4e09e94964b1ef38a398aab7b8;Produto_J;2012-07-24;-287.44;USD
352f821f66ca4945a28263ac78dd6c10;Produto_A;2012-07-25;-263.58;USD
750e0996747149199e3afeabde9e0cc2;Produto_B;2012-07-25;-780.09;USD
816ef4b820df43388244ee51fb55d670;Produto_C;2012-07-25;-393.32;USD
d31a891c83a146a2a1a1a2b8c64769d8;Produto_D;2012-07-25;-1000.0;BRL
02cc3619389d490e8ef50e86056007e9;Produto_E;2012-07-25;-379.94;BRL
ab0d2e7f5d714d0fb4b0564dfa073473;Produto_F;2012-07-25;-229.85;BRL
2695e76f8d6b4dbcaaaaddd038e0380a;Produto_G;2012-07-25;64.78;BRL
6f9b71b17a4f4de78a54643197fbf34d;Produto_H;2012-07-25;-992.8;BRL
9036ff08069e4574a29d26934dbb2fb4;Produto_I;2012-07-25;-456.2;BRL
d60f3fb5d1e247a2b1a1bed860f48a5e;Produto_J;2012-07-25;-436.33;USD
2384751e45b44f5996aa97902c22c04c;Produto_A;2012-07-26;-29.69;BRL
bc7febf0b80949918b2c453a2d2aad2d;Produto_B;2012-07-26;-980.27;USD
49ca23780c16417987cf7f874abe28eb;Produto_C;2012-07-26;-135.51;BRL
dd7a90867bd74cc3afa0e4aa24cf69ab;Produto_D;2012-07-26;-440.06;USD
9bc1fb5586e04eeaaa4665dbdeaba0d4;Produto_E;2012-07-26;-664.2;BRL
5cbc1d3926a140089cfabfc4638dd936;Produto_F;2012-07-26;-274.85;BRL
ba1a9381e9754bfaa799f612f230e9fe;Produto_G;2012-07-26;-653.85;USD
0b7726048ee241dd966e93e6029a2f63;Produto_H;2012-07-26;-753.35;USD
bd8efad57ff5409fa4e552f5421b9ef2;Produto_I;2012-07-26;-911.03;USD
30e2693ca5404750b99571a97e618b17;Produto_J;2012-07-26;-338.62;BRL
a5f850e736434e7fa98b40173f933394;Produto_A;2012-07-27;-744.29;BRL
e8e40d4bfcc144aab3555fdbaa5a6e76;Produto_B;2012-07-27;-1000.0;USD
2332a078c80342e6a7de2b934943f64a;Produto_C;2012-07-27;-852.36;BRL
4ccd8045ae704e01a1aa0f4bb18b7d11;Produto_D;2012-07-27;-760.52;BRL
7727e40818324a0eb626428a79b79d67;Produto_E;2012-07-27;-146.94;BRL
02a1c6201f1542a9b2c6478de65f134f;Produto_F;2012-07-27;-728.55;BRL
bac7b50eeaca4ae8917f9394bf96743f;Produto_G;2012-07-27;-315.24;BRL
d10ef3e6099e4fd3ba01e85b9436b3d5;Produto_H;2012-07-27;-129.95;USD
bd0759639cf54b798a8d8225c9f899fd;Produto_I;2012-07-27;-565.04;BRL
a314ce81513846f08630a37e0c78c055;Produto_J;2012-07-27;-950.6;BRL
8202057b6a064f45ade92f05e8694419;Produto_A;2012-07-28;-195.81;BRL
3b493c73905c4335bf17ecfef8bb2c4c;Produto_B;2012-07-28;-279.21;BRL
36888f1b3b714e2c9d0c2141962fe22f;Produto_C;2012-07-28;-270.35;BRL
81cb51a565e04c57aab7d5812e0a9a46;Produto_D;2012-07-28;-580.66;USD
2d597989e174450a838afd632664f5bc;Produto_E;2012-07-28;-158.46;BRL
a203077123344d448f96de5f64804b40;Produto_F;2012-07-28;-685.62;BRL
8b37acb38e1a4f2da79605dbf055b0f8;Produto_G;2012-07-28;-108.07;BRL
7d6feecb4ee0485482ba739e97938393;Produto_H;2012-07-28;-1000.0;BRL
2b0d34bf65644d61b33c5a2841e2e398;Produto_I;2012-07-28;-762.4;USD
c42932e2c9d540d78b575ddb899381bb;Produto_J;2012-07-28;-878.21;USD
313cc88608dc44dd8f92f88db4e5cb86;Produto_A;2012-07-29;-82.11;BRL
1d956611f0fc44219f6766153fe3300b;Produto_B;2012-07-29;-656.51;BRL
1c23b5a4c75a472092ffaaa8a2690afd;Produto_C;2012-07-29;-450.6;USD
1199f542c496415a8d230d13dd189368;Produto_D;2012-07-29;-998.2;USD
3374f291cedf4657a6de01c034ec6014;Produto_E;2012-07-29;-507.83;USD
04d0663effe24059bd8465d5118f930d;Produto_F;2012-07-29;-402.39;BRL
46bfa596a9154e97b2638ebc5a6eb5e8;Produto_G;2012-07-29;-752.02;USD
d6485a4b077642a9893b0c2bdb055122;Produto_H;2012-07-29;-1000.0;USD
2e35221e2f6242b680595132373c4027;Produto_I;2012-07-29;-304.02;USD
1f5078df06d049948560bdc96b59d66f;Produto_J;2012-07-29;-942.05;BRL
0eeadbe89eee413cb9c6c2db5932146d;Produto_A;2012-07-30;-185.43;BRL
5c23213c56a94166a84d63078104a85f;Produto_B;2012-07-30;-606.89;USD
296b586d2ebd4c7e93220cc479be3adf;Produto_C;2012-07-30;-309.6;BRL
6897200cd6cf4b75afc0a6282aa9ad3c;Produto_D;2012-07-30;-176.69;BRL
a39d4b9d875345a8acc8978cb973dcf2;Produto_E;2012-07-30;-450.18;BRL
e0955d625f384bb0ad47558a89a4662d;Produto_F;2012-07-30;-601.76;BRL
e6d2a458e34a455993157d7af0266044;Produto_G;2012-07-30;-175.05;BRL
fe3d37963bcb4dfd827c915eda4aa206;Produto_H;2012-07-30;-701.61;BRL
a6b28e426a814d4d89eead98f4d92c99;Produto_I;2012-07-30;-980.58;BRL
6bd38f7d261a457d85cc8c1cdf52e88e;Produto_J;2012-07-30;-918.61;USD
17cebcace38a4be0b42dab5e42b405c6;Produto_A;2012-07-31;-577.01;BRL
ae6fe1b39d934494abe3e939072301cc;Produto_B;2012-07-31;-469.29;USD
fcf9f26af6504a48a42aab465010c21a;Produto_C;2012-07-31;-539.95;USD
56b1b840e26148a7b36fd258dc642ffb;Produto_D;2012-07-31;-448.15;BRL
12e88d28db4a47e2b69656b702861a27;Produto_E;2012-07-31;-226.87;USD
0307bfd2721347ed949a693f583c1382;Produto_F;2012-07-31;58.12;BRL
4b3f07b036a0405ca17d41658fe48e86;Produto_G;2012-07-31;-644.81;USD
aab49ba9ba0a4897b342dfab8ee7803f;Produto_H;2012-07-31;-1000.0;USD
852f273ea6c34e2cbbc9de9f2c377ca8;Produto_I;2012-07-31;-577.34;USD
3a9a5a7af8bf49b4ace6d94924074ca0;Produto_J;2012-07-31;-169.38;BRL
d1493d1884e64b12b35c06e6a6e88f32;Produto_A;2012-08-01;-78.98;USD
38166c9c2bf8428eaf66719cab3c6750;Produto_B;2012-08-01;-103.39;BRL
3f1ef9fa44d746cea416ecc8c721226e;Produto_C;2012-08-01;-59.37;USD
5c5475eda4164d30b189981e7495be25;Produto_D;2012-08-01;-241.16;BRL
1567a9872d7d4cf094777c756463ccf3;Produto_E;2012-08-01;-743.69;BRL
a6c571807f854d90a7c214d090847e83;Produto_F;2012-08-01;-206.08;BRL
c9f6d5b4f52a4cb58bb03c75858c9af7;Produto_G;2012-08-01;-353.68;USD
4f63eb2f396f4f9b99d77cfa24cae154;Produto_H;2012-08-01;46.59;USD
9b8a04096a1b4944be1d76782925d9ea;Produto_I;2012-08-01;-44.71;BRL
1d227b343b6d493caa011aaa7549b1ea;Produto_J;2012-08-01;-943.61;BRL
e781d3034cf248b3b07155a775c1ccf7;Produto_A;2012-08-02;-139.1;BRL
ac249450a04c4b8b9ba7da9f44e123f5;Produto_B;2012-08-02;12.5;BRL
28f321ed460c40c4b870bd5d90223788;Produto_C;2012-08-02;-113.79;BRL
9a3f3307b3aa4ac99b4ae1749fd21273;Produto_D;2012-08-02;-799.63;BRL
98321baf82eb4863a482dafe5368e2e5;Produto_E;2012-08-02;-537.11;BRL
7c6bf147caeb48e9984b9850d2439bd4;Produto_F;2012-08-02;-72.91;USD
a69e221213f8456cb5a1172815da773c;Produto_G;2012-08-02;-558.06;BRL
89d608dda26244e186c101d1667e65c4;Produto_H;2012-08-02;-399.33;BRL
b247cd625ad4438ea9d7e78823bfaf6a;Produto_I;2012-08-02;-39.18;BRL
f52a0979347f4648b3e452e2534e68c5;Produto_J;2012-08-02;-547.79;USD
1b273de7205744a388576a450ff1d54e;Produto_A;2012-08-03;-490.46;USD
0ad5e1815fe9478e979f296565309650;Produto_B;2012-08-03;-911.25;BRL
bd183afaa9d5424ca3b127e466ff873e;Produto_C;2012-08-03;-752.44;USD
1843c3192a81444b932d47e2f496bf54;Produto_D;2012-08-03;-1000.0;USD
861f8f0c730c4ad9bba1090a11b8c005;Produto_E;2012-08-03;-772.32;BRL
291fea3cae014262b1a84d89ece5ce40;Produto_F;2012-08-03;-408.16;BRL
1cd686489bcd4e14b12821ca98ca9378;Produto_G;2012-08-03;-694.42;USD
4d51a4cf9fc0494684eb8bf344d8b7af;Produto_H;2012-08-03;-343.88;BRL
2a65b3aa77b84405923086164e9cbdc9;Produto_I;2012-08-03;-167.21;BRL
db2ab2f370ad4a09a209f7fb7fb1e580;Produto_J;2012-08-03;-445.33;BRL
390952bac7714cff933d1492de745998;Produto_A;2012-08-04;-454.53;USD
38e36e18e50241309a16c2a488f5b632;Produto_B;2012-08-04;-452.83;BRL
4c2bd9b83c574c2890521bcd6043032e;Produto_C;2012-08-04;-119.26;BRL
856db626b0a44510badffc94cabf1f17;Produto_D;2012-08-04;-639.18;BRL
0b74e0a7eee84f6c9e1986bd0623fda5;Produto_E;2012-08-04;-410.84;BRL
aa15716cbd63483c989132c82b623db3;Produto_F;2012-08-04;-459.86;USD
940963db1a2343029695084758de30a4;Produto_G;2012-08-04;-758.64;USD
1216ee034fa945fd93a5f194a3306b14;Produto_H;2012-08-04;62.51;BRL
f241228f372045cc94203c4d53388c65;Produto_I;2012-08-04;-730.27;BRL
a63c8c5ca91d433eae23a2dc8e4e0b7e;Produto_J;2012-08-04;-17.87;USD
f51f7e987b1f4f15b5809bdb2e965613;Produto_A;2012-08-05;-814.48;BRL
d87c68c2a0014544bdbbc5fe6b68c3f6;Produto_B;2012-08-05;-463.6;BRL
5c008266a3384a54806312e27454683f;Produto_C;2012-08-05;-809.23;USD
98a7314db5ed48e795cc194a379a4c71;Produto_D;2012-08-05;-413.45;USD
4c686fde89be421298e806e76534e3ec;Produto_E;2012-08-05;70.41;USD
10a4933a4b40475fa7acd6a9f1235c2f;Produto_F;2012-08-05;65.45;BRL
533228108e4546ab8d9bfb6b631f8026;Produto_G;2012-08-05;-331.87;USD
c754eb3e8e9644b38c18d15341290f5d;Produto_H;2012-08-05;-403.9;BRL
cede645ae9df4eccae7c309a5d056510;Produto_I;2012-08-05;-1000.0;USD
3de5cbebf6674d139cf2f760464a3ed0;Produto_J;2012-08-05;-248.11;BRL
815faf8b3a6c4e0ead4d1b35f53a0c7f;Produto_A;2012-08-06;-832.57;USD
de6fdd5d738f44f4a312d57bb07ec14c;Produto_B;2012-08-06;-424.53;USD
12227c29b4c2492c8b9fcc0fe6628bd1;Produto_C;2012-08-06;-17.65;USD
6b4318dc4bd94e679dac4337031336a5;Produto_D;2012-08-06;-169.5;BRL
b86f4e27192b434d9717578622a063c8;Produto_E;2012-08-06;27.32;BRL
2066cd0d521b48a5905981b3510e7e91;Produto_F;2012-08-06;-65.08;BRL
475b6572f5b64e6ebee93c6ac6c1ce0a;Produto_G;2012-08-06;-628.69;USD
b230269cb57f45278579fc843b0a0aa2;Produto_H;2012-08-06;-911.22;BRL
7c1a37f52fda4721aca6f5822924c557;Produto_I;2012-08-06;-66.8;BRL
27dd48cc972947debad2c6e52bb14b63;Produto_J;2012-08-06;-807.25;BRL
c1dd3523f12347b1a6d0e79188bafb9a;Produto_A;2012-08-07;-836.67;BRL
9cc353eb40bf416bbb2f19b18b8e10dd;Produto_B;2012-08-07;-313.65;BRL
b6fff96d2b2f46db91d3f338c2d9f845;Produto_C;2012-08-07;-593.83;USD
03622d324706440fa8a07a62aa07871a;Produto_D;2012-08-07;-558.29;USD
36a55184d8f84a6491ed0e3c29b4216d;Produto_E;2012-08-07;-48.69;USD
e17e61bd95e94cbfae5d93ae62181dec;Produto_F;2012-08-07;-341.84;BRL
1bef348f2035406dbdd0a00d943f733f;Produto_G;2012-08-07;-78.81;BRL
1c3c25d61d5549de809aa546496b1cdd;Produto_H;2012-08-07;-807.0;BRL
4c49a8691961486b967e7722c1d84d00;Produto_I;2012-08-07;47.04;BRL
b4f22e3321ed4815aff659feee481c35;Produto_J;2012-08-07;-93.79;USD
c9775181650546ce9d9d9a99a3fb0f25;Produto_A;2012-08-08;-492.28;USD
7e0c64ea7b574736be19fe920a58b86e;Produto_B;2012-08-08;-10.47;BRL
12f21b3e5ed24d24a4ac0b49cd17ea38;Produto_C;2012-08-08;-97.97;BRL
57f4559e894b4bcd986039989354b187;Produto_D;2012-08-08;-789.29;USD
a1c9d6fcf1a74f828c4296542e78e0ea;Produto_E;2012-08-08;36.24;USD
1c5835f6f20043ed86d85c3805d479fb;Produto_F;2012-08-08;-501.36;USD
62ff73bfd09e4232839f9ab0b10d3cc7;Produto_G;2012-08-08;-518.15;USD
325af3d442a148ccb8568f736c850db9;Produto_H;2012-08-08;-680.9;USD
379895e8b5e042f4bf187cffa27589b1;Produto_I;2012-08-08;-851.98;USD
73a3b1f97fa74dd6b335d029b1d29fd1;Produto_J;2012-08-08;-255.44;BRL
3cdee50a09794580bb8a0300429eae99;Produto_A;2012-08-09;-727.06;USD
9d1083ff1261427bab8b9f67feedde8c;Produto_B;2012-08-09;-499.75;USD
3d0868c8d1754f1aa3fa0b0dd102c88d;Produto_C;2012-08-09;-136.46;USD
db580838ec28476abf58f0159bc42e8d;Produto_D;2012-08-09;-782.1;BRL
b0433833ef384ad0b47d41c688e0a716;Produto_E;2012-08-09;-248.24;USD
e415fdd19282483eb9f26f733dce0485;Produto_F;2012-08-09;-700.97;BRL
16a996b8be2a4b41b792880a9a04d0ff;Produto_G;2012-08-09;-393.88;BRL
e6baeb560822480787e22c4af569e257;Produto_H;2012-08-09;-483.08;USD
53ee5b2f443b4cd88a49540aeb4ee26c;Produto_I;2012-08-09;-56.9;USD
2b4cbd9235d847ba9787121366f881ca;Produto_J;2012-08-09;-249.25;USD
125d75a4c9ee4e2da3c6f2d0f54a88fb;Produto_A;2012-08-10;-145.43;BRL
51dac8e9d6784d398bea526bbba44b21;Produto_B;2012-08-10;-907.36;USD
32f7fc9156a541d3b3ecdcc1e8e20584;Produto_C;2012-08-10;-1000.0;BRL
d04fdd1d1ed74c48a05a6cee7348e5e3;Produto_D;2012-08-10;-965.18;BRL
35aa92a1de154e148db7466c0b6391ec;Produto_E;2012-08-10;-86.94;USD
a9698bb9103d444da17e188a44d936e0;Produto_F;2012-08-10;-194.31;BRL
786fcc850b0f41c4a32539ead42621fa;Produto_G;2012-08-10;-175.04;USD
a24c3e0b639a4a7c8d09e5d02d58ba51;Produto_H;2012-08-10;-626.11;USD
833c14f62eda44d6a7bde9a867d0b2b8;Produto_I;2012-08-10;-953.36;BRL
a433f965ca994a85a27dc836509a7cce;Produto_J;2012-08-10;-577.0;USD
a7aab651e6494be4967230e3ab3a8760;Produto_A;2012-08-11;-263.45;BRL
6acf400d0a07471eb9d8000caaedbc64;Produto_B;2012-08-11;-140.17;BRL
e249440ee84443c990186653ed1e0b39;Produto_C;2012-08-11;-865.02;USD
5e84219666f245b5a31434e772f884b9;Produto_D;2012-08-11;-266.2;USD
ed00b09a78c64714a99966b88db35d1f;Produto_E;2012-08-11;-468.1;BRL
c5baf43cfb83468e859d211a582a6078;Produto_F;2012-08-11;-349.63;BRL
3a6863314bda439ea0f9084fefca1996;Produto_G;2012-08-11;-114.07;USD
2bb6887f2dd24167a71ad09f9e3609e0;Produto_H;2012-08-11;-284.63;USD
25786d0374bd472eaa43dc63ca960ce3;Produto_I;2012-08-11;-994.12;BRL
2478d810e7454afea67435e3fbc74289;Produto_J;2012-08-11;-1000.0;USD
4c61bf11b72947659bf2f22cfcd33816;Produto_A;2012-08-12;-784.33;BRL
db1145ecd44a433c8ca9946afb24c285;Produto_B;2012-08-12;66.74;USD
fa5ff2e0a15c4437aab0ad2a98173ec6;Produto_C;2012-08-12;-401.08;USD
b13d43a753fb477fbd33c29983da53b6;Produto_D;2012-08-12;-52.27;USD
27f04824dc354e0aa9803b6fcbca9193;Produto_E;2012-08-12;-453.81;BRL
41cb0e4bde254a1c92431acb40fdfe9d;Produto_F;2012-08-12;-532.67;USD
926fbe44c78444a9a5d83e8efa39bc97;Produto_G;2012-08-12;-648.44;USD
06aa88ded8f94f64819a4b92fb93f681;Produto_H;2012-08-12;-320.19;BRL
ed8e0c376e84489da36ca7f1886e1b97;Produto_I;2012-08-12;-918.68;USD
6403753507294284b801a9597ede53dc;Produto_J;2012-08-12;-25.24;USD
252c92ab761f4184a1b3aa62377890ff;Produto_A;2012-08-13;54.12;USD
943dd722ac9443678fb06277a01ed431;Produto_B;2012-08-13;-607.69;BRL
77c4384498824625a0a082b1c91dd7fd;Produto_C;2012-08-13;-658.76;BRL
2176d6dc6aed4295a00c8e0425e3660e;Produto_D;2012-08-13;-12.29;BRL
c73be758341943fcb2cc4fa19b1bfb13;Produto_E;2012-08-13;-661.43;BRL
00a7bdf61f0a464dbaddd65ed076af38;Produto_F;2012-08-13;-92.36;BRL
9d0cdf4cd324483f940ac1908a557407;Produto_G;2012-08-13;66.6;BRL
3960ef9213b8445e8bb4da0e19900579;Produto_H;2012-08-13;-419.13;BRL
7cb728f965dd44759a46d5aab5d5191c;Produto_I;2012-08-13;-561.13;USD
72d605e5597548f0b4fe476136e3f2a9;Produto_J;2012-08-13;-77.48;BRL
f2da35e30e6146c1af1d1462796d8d2c;Produto_A;2012-08-14;-804.17;USD
9ef72f6ace134b26919eef428513e9e1;Produto_B;2012-08-14;-157.17;BRL
f86df23d2ef141a091ba13f1ecac3d53;Produto_C;2012-08-14;-684.0;BRL
6001729e764b42ed9f37c1ca56d76b5e;Produto_D;2012-08-14;-124.78;USD
ca08d1b67397497990cd620552e9b14f;Produto_E;2012-08-14;67.55;BRL
96c6041998cb4bb1ac6280672612bb6c;Produto_F;2012-08-14;-423.87;USD
8522fbd060634579828b80a0fe931593;Produto_G;2012-08-14;-56.47;USD
84285812609b4ca59b3d2766b00b0562;Produto_H;2012-08-14;-106.67;USD
6dfbbe9cce6a4a0ebe9634ddd689a81e;Produto_I;2012-08-14;-288.32;BRL
6164d37908c44c42bd4e12a2da2d6973;Produto_J;2012-08-14;42.82;USD
b7d40b3a562041ec940a92430d2bfbca;Produto_A;2012-08-15;-460.09;BRL
83dabf07e8804c4eb2dbf57e97b5e986;Produto_B;2012-08-15;-205.35;USD
411ebfcd1c7f48c7b554247db8e05840;Produto_C;2012-08-15;65.04;USD
85c8adb13948423fb0cf14c452cd7c72;Produto_D;2012-08-15;48.35;USD
405adab802ae4160bddbe914211453cc;Produto_E;2012-08-15;-184.49;BRL
5d38717b87884736933b11a30806bdac;Produto_F;2012-08-15;-671.04;BRL
b873a1a037bd4660a99a08478723a187;Produto_G;2012-08-15;12.98;BRL
281439706fe5460c9d4d09d4df309552;Produto_H;2012-08-15;-1000.0;USD
1a71be869899419895e0834870464ec6;Produto_I;2012-08-15;-272.82;BRL
31f7ed6414974e5e99c27ad5afc1359d;Produto_J;2012-08-15;-506.03;BRL
7aa763da9bb34dc3b3ea71db267bbea3;Produto_A;2012-08-16;27.39;USD
6cf7f6fc3a994da487f25bafaae08e74;Produto_B;2012-08-16;-482.34;USD
e6c780ca0012424ea8ceff4d6bd29ef1;Produto_C;2012-08-16;-932.92;BRL
effc85bdb780459d982748cb4d7bbff2;Produto_D;2012-08-16;-360.37;USD
3c398ce2e1d4427591d95efd5b682a94;Produto_E;2012-08-16;-86.15;USD
b8cfe6d9ca1a4eb7b4dc8df24e6d9e1f;Produto_F;2012-08-16;-565.77;USD
eba499f0f2294f0e9f1b13ecfe669aa6;Produto_G;2012-08-16;-518.47;USD
d05d4ae958694430868f0b32e14d4a21;Produto_H;2012-08-16;-130.49;BRL
746a18842ae7425d80087cae1658be3c;Produto_I;2012-08-16;-949.52;USD
9f8338cddbc943b191ea93efabb3cfeb;Produto_J;2012-08-16;-179.03;USD
c43824d4d8eb44c7aa76cbf87a6b73c0;Produto_A;2012-08-17;-394.25;BRL
57618432f46a401cbe688dfe18a1220e;Produto_B;2012-08-17;-409.04;BRL
2762d0232e0c455fa875cf0df806d4b8;Produto_C;2012-08-17;-166.58;BRL
27967ccea810431c8b55abb3093d7ba3;Produto_D;2012-08-17;-303.89;USD
88fab9d536654d68bfdd7e044ce4cc77;Produto_E;2012-08-17;-436.53;USD
8b3a7526671f462db6412b670237ae56;Produto_F;2012-08-17;-287.42;BRL
5436fa08b5484379b20c15b4ae1c03d8;Produto_G;2012-08-17;-325.23;USD
541e83bad192496cabbaf4c945761c17;Produto_H;2012-08-17;-620.26;BRL
5da3175af890494fb1267f5fb120b7e1;Produto_I;2012-08-17;-342.55;BRL
c3a7a00c48ca4d4780beed03d2d54079;Produto_J;2012-08-17;-278.14;USD
e90e38d28fbc4263a448045e599e97ef;Produto_A;2012-08-18;-365.5;BRL
73fed837d2e24a9486120beea82d7072;Produto_B;2012-08-18;-1000.0;USD
b6ac80d5d77f45a3a5c3ecb9b83125be;Produto_C;2012-08-18;-840.08;BRL
a0c60f1ead294c14a020d4b78bed5ebb;Produto_D;2012-08-18;-982.38;BRL
840e2ce5ce3945e3bd8a8de413feee6c;Produto_E;2012-08-18;-159.38;BRL
77660dd0fc5043fd9c6de2c7506e1ab9;Produto_F;2012-08-18;-74.11;USD
a42b80bd649e4e2dbe0414f984916519;Produto_G;2012-08-18;-609.98;USD
69183e6a46d04dcca6d346f8fb83808c;Produto_H;2012-08-18;-1000.0;USD
7d9b49196fa147e6954c2ee4b030579e;Produto_I;2012-08-18;-274.04;BRL
d693002455114a40b1387351c6b8cea7;Produto_J;2012-08-18;-334.95;USD
da4d1e56f6a2484b89907842c27a3cb3;Produto_A;2012-08-19;-144.04;BRL
3ac2f5b253354f64ab3158c9086a023e;Produto_B;2012-08-19;-760.66;BRL
f35a7350104b4303a1abd4976b6f6b00;Produto_C;2012-08-19;-445.0;USD
493be4e4f5c44b0cb92f80e9cae89c6a;Produto_D;2012-08-19;-481.24;BRL
d8bed6a64183457eacbb5d8417241905;Produto_E;2012-08-19;-10.74;BRL
f97fcb53e8184859a9d743164f2e7737;Produto_F;2012-08-19;-511.53;BRL
68aa94955b3f4724a5007664ffe9342d;Produto_G;2012-08-19;8.86;BRL
8e520b6350c4437588bbcf0e566935c7;Produto_H;2012-08-19;-960.67;USD
56d12533f0b449a7902b96c68b6000cf;Produto_I;2012-08-19;-539.66;BRL
14b46f89fa8240cfbc76aa352d2ca572;Produto_J;2012-08-19;-628.42;BRL
4206319418134cec94af8b2fd30679de;Produto_A;2012-08-20;-604.71;USD
083570c72c664c36a45542972766c876;Produto_B;2012-08-20;-890.18;BRL
6cb127cc4c7144ea87049060aa97c7d6;Produto_C;2012-08-20;-95.69;USD
374b065eaf5b4d7a81ad83b52775acd6;Produto_D;2012-08-20;-733.27;USD
d7ed9de4948c41249d3696100dfd62bf;Produto_E;2012-08-20;-13.7;BRL
1652b0cd6bf3477c8d8f5f53aa4cbbec;Produto_F;2012-08-20;77.57;USD
8d287674a2d647b8851a299a16184510;Produto_G;2012-08-20;40.63;BRL
adf681602710463b83a3fea2f53a7612;Produto_H;2012-08-20;-527.99;USD
7733fae5e9c24a68b4f8a49a420b017b;Produto_I;2012-08-20;-503.7;USD
3751c6fb518c4cb6b6e8a0df60680132;Produto_J;2012-08-20;-59.09;BRL
10930ab6399e441da9da741d75aa8fa0;Produto_A;2012-08-21;-554.18;BRL
24d2201d5c4d4de0ad76cc37ce0347b8;Produto_B;2012-08-21;-413.85;BRL
d9035d0bcdff4b1d9df408c5e302837f;Produto_C;2012-08-21;-207.2;USD
08726a1736044baa85e83e9679b2f7ec;Produto_D;2012-08-21;100.0;BRL
67f229d44e4d44bb9ca63c9184ab4372;Produto_E;2012-08-21;-123.57;USD
079857c2bf604b768197f79514ce5a27;Produto_F;2012-08-21;-51.7;BRL
0b84abee47854e308a11f43701850185;Produto_G;2012-08-21;65.42;USD
0a7122547c584faf8d10300866de295c;Produto_H;2012-08-21;-74.45;USD
5b41a0383ec74f5ca3f193f6c79b7cc8;Produto_I;2012-08-21;-3.62;USD
cc6e09dece3f46bb955a1c9d705fc84b;Produto_J;2012-08-21;-1000.0;BRL
224df607d0324297b864fedfdeb396ca;Produto_A;2012-08-22;-20.61;USD
08e0ba9104ce47d89a0ee3df6a5c66f0;Produto_B;2012-08-22;-1000.0;BRL
c5744af08e10469f9f01560ad2027361;Produto_C;2012-08-22;-57.5;BRL
7345dc6beb664c1eb21344264b3c167e;Produto_D;2012-08-22;-251.12;USD
431288713186451a94370295d1eee5c2;Produto_E;2012-08-22;5.21;USD
0eada3183f0c47948c60bb447673482b;Produto_F;2012-08-22;-701.03;BRL
1063db9a7c78451c95b5a64dc126cf0f;Produto_G;2012-08-22;-596.64;BRL
2a3307ba6c02411a8ebd686ffcb6996b;Produto_H;2012-08-22;-453.61;BRL
d8f72f4ab69145988865e78b0fac2fe3;Produto_I;2012-08-22;-1000.0;BRL
68b3a8f549e245f18d0fd200655597c1;Produto_J;2012-08-22;-287.6;USD
9726f47667de4d8b9db578951f1a4794;Produto_A;2012-08-23;-519.48;USD
2075654ab6ec4f2e8c944c054e7cff7a;Produto_B;2012-08-23;-258.52;USD
601372e335a5449997bdb7fd2d06f1c4;Produto_C;2012-08-23;-858.52;BRL
9f48ce6866d0455996a71c135784f28c;Produto_D;2012-08-23;-833.66;BRL
048b1a29966c4fa3942edb818c834f8a;Produto_E;2012-08-23;-148.3;BRL
4cded13fb389436ebdd18d53a9097638;Produto_F;2012-08-23;-605.36;USD
82fc27f7a70c48cf8969816fcdc40aaf;Produto_G;2012-08-23;-165.75;USD
d02c2161ce604b43b87287ad34a39d4c;Produto_H;2012-08-23;-301.83;USD
a32172380cb94ea19f1f074c3ffab21f;Produto_I;2012-08-23;-535.97;BRL
4db37922727844b1bc8a08f306932fac;Produto_J;2012-08-23;-191.19;BRL
f9a71196b15843a68d3d546a79623772;Produto_A;2012-08-24;-165.51;BRL
3e5243bb19f940ec912c58d262cd9f64;Produto_B;2012-08-24;-1000.0;USD
3f0c89833f9a4a2bb33e3333130b3d6e;Produto_C;2012-08-24;-472.6;USD
2256619c798e49958b766a633c0e7aea;Produto_D;2012-08-24;-253.42;USD
d955c43a27984c258bbd8df45a885a24;Produto_E;2012-08-24;-21.68;USD
06ee1fc2eb7f45599e7d61028138fc12;Produto_F;2012-08-24;-804.45;USD
6cea85538e7f460282cd6c2315b70f37;Produto_G;2012-08-24;-238.64;USD
81b656239e7149b2a77badee0de96034;Produto_H;2012-08-24;-86.07;BRL
e23a53e4f7f74f6887df24f871ca8a0f;Produto_I;2012-08-24;-931.03;BRL
4a5cae23287b416f90e74e3968b260b2;Produto_J;2012-08-24;-644.55;BRL
5977c1d289614c37931031c3485d0e07;Produto_A;2012-08-25;-761.89;USD
410bf3733d7246e781733d06754eb458;Produto_B;2012-08-25;-1000.0;BRL
dab81c1209c446f4ba276e92c7cdc5e5;Produto_C;2012-08-25;57.9;BRL
3def2e684d9d44b8b5fb947bf7be060f;Produto_D;2012-08-25;-1000.0;BRL
90a8bdf5771e48a7b614f9e86837e283;Produto_E;2012-08-25;29.89;USD
29d73f206be54a739adfdd1e9fecaba7;Produto_F;2012-08-25;-486.72;USD
0b2493c7c14b4842b6e9fe5ef5e29ffb;Produto_G;2012-08-25;-353.97;BRL
5df5fb2ddbc74d3da4db7a08b07cd7a6;Produto_H;2012-08-25;-512.9;USD
957f8834e7594e7e9aa489d3c366b93d;Produto_I;2012-08-25;-633.6;BRL
d40a30dc353741d19e6eb03cd02dda9b;Produto_J;2012-08-25;-252.03;USD
78b91225733e472b85bdbaf7aa32558b;Produto_A;2012-08-26;-397.34;USD
afb5db44b1444a2f93832f1f7fb0825e;Produto_B;2012-08-26;-1000.0;BRL
d8a3cc5fb74f4f048fbd4e4ec5495073;Produto_C;2012-08-26;-516.98;USD
64e0cc6133794bc4a6a6510bcd63b0a7;Produto_D;2012-08-26;-312.78;USD
88530b6fc737442da6314235fb7c9e6c;Produto_E;2012-08-26;-271.02;USD
f6c8884f23d243548ee21cc8ca0e8263;Produto_F;2012-08-26;-240.41;BRL
8ba660cc60ee41d7bbc5ebfca26a8dfb;Produto_G;2012-08-26;-498.74;USD
ed8648ffd6264cf1af4e0b97f051c3fe;Produto_H;2012-08-26;-332.34;USD
31793bcfb37b4772a13344c10962aee4;Produto_I;2012-08-26;-838.43;BRL
863c0c6bb9a84dd0890cb5cacd659288;Produto_J;2012-08-26;-75.91;BRL
66df5d6438e14f5cb0e89a796830fb0b;Produto_A;2012-08-27;-572.67;USD
cddce6dca2794cc092140a86438c6ef6;Produto_B;2012-08-27;-309.23;USD
8d38535bb60549c483b55e3f1303cfc2;Produto_C;2012-08-27;-420.36;BRL
ed01322d427444e8aab53fbaf5ad3b6f;Produto_D;2012-08-27;-397.0;BRL
c6c353357ed048daa3e12784503070a6;Produto_E;2012-08-27;-712.86;USD
58a0dff5e176462e9bc1bd6e0d2f5ec5;Produto_F;2012-08-27;-230.38;BRL
a0595a24c5da4b2a894eb4e54b35252b;Produto_G;2012-08-27;-558.8;BRL
f4ce92941bff4b8a8e45c5692f7221ab;Produto_H;2012-08-27;-607.08;BRL
e60ec779b21f4ba18fd45553397eb289;Produto_I;2012-08-27;-434.24;BRL
ce1ae9e4b74b4de6baefa933b61d3706;Produto_J;2012-08-27;-616.18;BRL
4be87f204d5d4eb0b96931454e72a08b;Produto_A;2012-08-28;-193.43;BRL
fa61405f285548939853fcb3ebf2e117;Produto_B;2012-08-28;-202.78;BRL
1a35e2be121347c0868666a45dd16786;Produto_C;2012-08-28;-99.95;BRL
004c83ecefa148ccb2b011b7df7d9700;Produto_D;2012-08-28;-833.44;BRL
0702c294ee5c43d8bb67828bc6437f65;Produto_E;2012-08-28;69.17;USD
0d786b132f8c439bbcf1b342f652768e;Produto_F;2012-08-28;-588.42;USD
124236c8cbb147e2845559d81b3b1901;Produto_G;2012-08-28;-426.4;BRL
a70d3bab91ad44d7a91f93425c3e7949;Produto_H;2012-08-28;-186.75;BRL
4a5e93eb93264bfeb9db85ec88310652;Produto_I;2012-08-28;-435.37;BRL
b7ee1db08dca4f4a8777c5a8496c29e9;Produto_J;2012-08-28;-689.18;BRL
7c5282dfeac346dfbaa163681abe27f9;Produto_A;2012-08-29;-591.59;BRL
05ea94618f554494869bb49bd76a1177;Produto_B;2012-08-29;-998.78;USD
7e4c0ae060d24ed88522f47fa6383f15;Produto_C;2012-08-29;-943.28;BRL
5d166c5ebc274f89a9ec79213c743cf3;Produto_D;2012-08-29;-842.05;BRL
de46fccc0bb14454809b2f9972aa373d;Produto_E;2012-08-29;-789.33;USD
3f4f97445ea9488fa53819a82935c95b;Produto_F;2012-08-29;-244.85;USD
0491d1bd6ada41eea54353631df9647c;Produto_G;2012-08-29;-111.19;USD
4e27d71a84864b0b830128e99a960e75;Produto_H;2012-08-29;-1000.0;BRL
4833fe99c72e4ba0b5f85dd80ca6d9bc;Produto_I;2012-08-29;-841.66;USD
211593c82adc4419b67d614b853a9748;Produto_J;2012-08-29;-940.48;USD
08ad53124f3149608dc2819a47f8c5f8;Produto_A;2012-08-30;-180.66;USD
65851deafc674490a6b5ea4bd2b18813;Produto_B;2012-08-30;29.93;USD
2a1c812970bf483b9fe000ea4c6b5cf4;Produto_C;2012-08-30;-433.82;USD
a9c70468256149938ee183c1901ac173;Produto_D;2012-08-30;-290.03;BRL
8ddf1bc0a45f4ea5b0b4aeb30da2f232;Produto_E;2012-08-30;24.49;USD
5454fcca96154c9e9c235a05f1cc907b;Produto_F;2012-08-30;-449.66;BRL
81dafc2c337e4f4d8b2b64725f850cfb;Produto_G;2012-08-30;70.12;USD
8c77e0c4413045529e8161e1482da2d5;Produto_H;2012-08-30;-789.64;USD
8596c67c854c4daf9fb810f6d32a4dba;Produto_I;2012-08-30;-947.69;USD
92555c276c1a4899ac1e07db6c3066af;Produto_J;2012-08-30;-748.65;USD
c1b357b7b5ee406aa94af240aa1d8202;Produto_A;2012-08-31;-57.91;BRL
9b2b90f9bc0e4fbfa8411a705e597d9b;Produto_B;2012-08-31;-980.61;BRL
6eefd049b69f48b6bc655d10a1105788;Produto_C;2012-08-31;-485.05;BRL
8876407165a6497bb1dcadac829f90a3;Produto_D;2012-08-31;-446.68;BRL
4c514ed5a89b46dcb5b4031a13b016d6;Produto_E;2012-08-31;-61.74;BRL
eb2010ccea464419a57ac4a4ea71bbe3;Produto_F;2012-08-31;-65.05;BRL
c3f8d86e11734f4180f7263d1bda480d;Produto_G;2012-08-31;-319.77;USD
1f62a9f2aba34f7cb4915de18d737a35;Produto_H;2012-08-31;-1000.0;BRL
3529aac8b80441d9ace6f4aa70cd91f9;Produto_I;2012-08-31;-610.1;BRL
80444331d0db4dfe95488abf5760affb;Produto_J;2012-08-31;-13.2;USD
a75ae24a5e314235aea5fdcbe69050bd;Produto_A;2012-09-01;-20.49;BRL
08c1f1c3ac7f45888ab8c0378b2e76ce;Produto_B;2012-09-01;-309.71;USD
f698ff6d4f8b4c3fb35ab543ed691cf8;Produto_C;2012-09-01;-24.99;USD
a3fc70193fce49dea62d208932ab352d;Produto_D;2012-09-01;-673.66;BRL
afe3f2f12845496881fcebf6684a50da;Produto_E;2012-09-01;-524.92;USD
595426390e654d13a1aeeb2b36aa7e23;Produto_F;2012-09-01;-786.86;USD
c54d6a372dad44dfb4ad054eab244dfd;Produto_G;2012-09-01;-676.34;BRL
8255754dc7494540b297e705d0063e79;Produto_H;2012-09-01;-933.05;USD
057737f67bdb458daa94c0a815e5f669;Produto_I;2012-09-01;-830.13;USD
1a143d1b678749f8a81e2ed9a333dcd0;Produto_J;2012-09-01;-721.18;BRL
30ff244041da472689740ce53d0e6819;Produto_A;2012-09-02;-747.01;USD
edb9084ecac94dd884e55d7f76d7ac57;Produto_B;2012-09-02;-61.19;BRL
d5e0ca9a96574d89a1a6b35423c73bb1;Produto_C;2012-09-02;-257.61;BRL
764ff60ac41142a8b8be651bfb020519;Produto_D;2012-09-02;-181.52;USD
7c0972b5b7344fdba69e3771e02b426d;Produto_E;2012-09-02;-128.13;BRL
c06d88bb8a1f4ff184391968a904d82b;Produto_F;2012-09-02;-486.09;BRL
8083f201fdb442628cd174b2b835ec0e;Produto_G;2012-09-02;-104.63;BRL
e5d7a03308dd4e5ab174ffadde56f089;Produto_H;2012-09-02;-250.67;USD
5cf1391d93634ec78658f259c4d39cba;Produto_I;2012-09-02;-339.96;BRL
f36177047973451eb15bcf0e62c0cb71;Produto_J;2012-09-02;-601.26;USD
8b5620999133481ca719de4ee95edbee;Produto_A;2012-09-03;-712.06;USD
ab7d5c46e8494d2a8e2926bb8153cc40;Produto_B;2012-09-03;-1000.0;BRL
af3d2a4fb9b34b6fb69eca79ba0f406c;Produto_C;2012-09-03;-259.75;BRL
81db1f3b5d024956a0194da2acf181ec;Produto_D;2012-09-03;-214.63;BRL
27a264c0bc8541809fa61d1c829928bc;Produto_E;2012-09-03;-210.41;BRL
6fdd8f820ba04b6ea67efbdea3cb302b;Produto_F;2012-09-03;-357.56;USD
98fcba4934a34b458b556f0d847ff172;Produto_G;2012-09-03;64.41;BRL
7413e6560ff04ea4aec6f01b0a81a2af;Produto_H;2012-09-03;-789.62;USD
c5bd2a83965e4967b743f8fe1390a524;Produto_I;2012-09-03;-668.96;USD
438c375cce7c4e75849e9d0a204426e9;Produto_J;2012-09-03;-508.91;BRL
6d62269dceb64ce39f6c5c74afce64cb;Produto_A;2012-09-04;-382.1;USD
8c91c7e1411e4bdca0b6bec912908d97;Produto_B;2012-09-04;-952.25;BRL
fcc8d670e6cb428e8ed05b8ca66536d9;Produto_C;2012-09-04;-319.63;USD
1f63d4f883f149a79af06457c8588478;Produto_D;2012-09-04;-819.58;BRL
b94af3bd5b074e7d860c45e2ab508ce0;Produto_E;2012-09-04;-30.46;BRL
e272616253344136b475a4f74d24d721;Produto_F;2012-09-04;-257.34;USD
5d829cc78e7a4db981e7c65bee62ed66;Produto_G;2012-09-04;-632.71;BRL
04ec731ceace4e149007654565f8af8e;Produto_H;2012-09-04;-1000.0;USD
d77ca8d6e3434d459f4d253cf18a3dc2;Produto_I;2012-09-04;-166.46;BRL
47623299c61f4b7ba8bfaba8a6f60e4d;Produto_J;2012-09-04;-962.15;USD
2708ab69992d4c1c87cfa20cdf35411d;Produto_A;2012-09-05;-396.3;BRL
5d233c30161b4695bd1f48d52b621786;Produto_B;2012-09-05;-305.08;USD
8c1208ae55f84abea98a174aec1e8193;Produto_C;2012-09-05;-980.68;BRL
bb66f9dc85da4afdacc73a0b48ce02c7;Produto_D;2012-09-05;27.29;USD
dd4251b2a4fb430a92a7f02e65af0533;Produto_E;2012-09-05;-513.37;BRL
d8989743434346bdb699dae5d28a04de;Produto_F;2012-09-05;-212.64;BRL
de4d7535602b4c16893adfb8eda554e8;Produto_G;2012-09-05;-460.74;USD
9cc7409331044fd2a063ec6aef78d542;Produto_H;2012-09-05;-977.73;BRL
4b3446f035ea4436a8a3a35863801883;Produto_I;2012-09-05;-117.77;USD
72617c7bb7254da7be7a9e20f51b1dd0;Produto_J;2012-09-05;-124.14;USD
2deb51486fac4a9ab7d85b71e52613f7;Produto_A;2012-09-06;-625.39;USD
c04ab950c31b49d38e5ede54cdba6a06;Produto_B;2012-09-06;-842.51;USD
03e8a0d4281c47938acdcec5447d0151;Produto_C;2012-09-06;-866.0;BRL
bf948273bc0a4df7ba99f5f34225557c;Produto_D;2012-09-06;-849.72;BRL
e5768064bd72450b92fc7c11d323e4bc;Produto_E;2012-09-06;-817.07;BRL
168197307d734d6e8ca5e688a0000b91;Produto_F;2012-09-06;-491.36;BRL
d772145049fc47e08acf107147135b27;Produto_G;2012-09-06;4.39;USD
d18f820437fd4357accd9c152610b5ba;Produto_H;2012-09-06;-677.76;BRL
f60cbca9e0e14d5c9ddafd31c9f8cc1b;Produto_I;2012-09-06;-505.51;BRL
a2bf39d382be4d1c83ff79d6d14226a1;Produto_J;2012-09-06;-123.18;BRL
113d1c864d094fc18f998141bca2990a;Produto_A;2012-09-07;-515.95;USD
68e5e0dbba3f4f6d95724da4c3cf986d;Produto_B;2012-09-07;-171.17;BRL
e0ff9e3e7287463e87f5cd918a1052a0;Produto_C;2012-09-07;-738.76;BRL
2c86d0b6961b44a0adf46185883a5f92;Produto_D;2012-09-07;91.18;USD
0a1cb6e7fa3548e2972709acf1f46249;Produto_E;2012-09-07;21.44;BRL
724e93b00bc444969363841a858d5e77;Produto_F;2012-09-07;43.64;BRL
b5b51141086e45999f3bbb6d3c9b65a7;Produto_G;2012-09-07;-484.73;USD
bdacfcef516449018dba73c6baa71629;Produto_H;2012-09-07;95.4;BRL
992aefa4c1ea492db42fbaf4f1d1df02;Produto_I;2012-09-07;-640.81;BRL
0ee5f3ac9b4a4c4e85a72927c601c290;Produto_J;2012-09-07;-363.55;BRL
c664f8ab179e410b88448e962974acce;Produto_A;2012-09-08;-58.33;BRL
93088471d4c4428bab9cdbede1adb9c4;Produto_B;2012-09-08;-1000.0;USD
79d09b16c74942c3851e77f32f8078a8;Produto_C;2012-09-08;26.56;BRL
41fbeb823bf940968e76e67020c2f0c1;Produto_D;2012-09-08;-408.14;BRL
2bbc063390f2454fa3f7139cf6b02c9e;Produto_E;2012-09-08;-713.81;USD
46cc13812a0f424ab8628117cc7f12f9;Produto_F;2012-09-08;-305.85;USD
06a557c0d21a4f8bb15b26d7524c94e6;Produto_G;2012-09-08;-315.06;BRL
09f14dc57de34b6e88c80b114451ae3e;Produto_H;2012-09-08;-141.67;BRL
11cad8e08045418db026097947039934;Produto_I;2012-09-08;-24.28;BRL
9d3feca61d674023bf167f338f02e6a9;Produto_J;2012-09-08;-979.13;BRL
7eaeb42cfb13411bad4d08903587853f;Produto_A;2012-09-09;-18.6;USD
a5dd81bfec3044609de381b0940fd9f4;Produto_B;2012-09-09;-341.25;BRL
4961387b9b5d476fa40a9bf91ce70c94;Produto_C;2012-09-09;-591.28;BRL
a05da8e0a57e4186a87941f299ae8705;Produto_D;2012-09-09;-62.17;USD
614fa43368854c1ab8a682c811f9033c;Produto_E;2012-09-09;-411.5;USD
02bda1714acc4417bd1483cf55238d71;Produto_F;2012-09-09;39.15;BRL
4c4def503a6040b29e5ec47cb0376536;Produto_G;2012-09-09;70.54;USD
5b570c468e67444ba9ab56d44032b49e;Produto_H;2012-09-09;-649.72;BRL
608544553f4f4faba627d627238cab2e;Produto_I;2012-09-09;-441.78;BRL
6d7635f179e64ba08226b7325783c54d;Produto_J;2012-09-09;-738.01;BRL
79ec164f33bd4e1395cd860663461aa1;Produto_A;2012-09-10;-141.45;BRL
9fb17e63522c453fb03f3f5b848fa18e;Produto_B;2012-09-10;-110.66;BRL
3f50de85aff94a699123fedf2464931c;Produto_C;2012-09-10;-227.53;USD
f59d39792f7948c2819776f473ed34a9;Produto_D;2012-09-10;-732.06;USD
92a23e565e3c4f48a27a3b0c476220b0;Produto_E;2012-09-10;-22.68;BRL
35ffd26a590a4cc1bee58d1b175befb1;Produto_F;2012-09-10;-310.46;BRL
76bdd576e7d64769944017e168d44527;Produto_G;2012-09-10;14.69;USD
5746a8620518435b8428908bd637684c;Produto_H;2012-09-10;-522.55;BRL
a4ad9569af0a403f95cbb29d29100395;Produto_I;2012-09-10;83.72;USD
ceef828468c440f3ae399af5a2822377;Produto_J;2012-09-10;-515.59;BRL
84cb8150920a4a96bccac0eddf54e31d;Produto_A;2012-09-11;-51.21;BRL
28f8b641f8334621a7ff513a42829606;Produto_B;2012-09-11;47.42;USD
735f1ed823bf4ef6b781e00677297fd4;Produto_C;2012-09-11;-484.76;BRL
d57302e8ee6a4f0e8bd2826dfa6deb06;Produto_D;2012-09-11;79.58;USD
45c5f18bffc546d1b635f87f727e885c;Produto_E;2012-09-11;-586.51;USD
d24d45a9d5a244f296b688b72fff7747;Produto_F;2012-09-11;-157.65;BRL
cae61cec421441ae9e37fec27071de5f;Produto_G;2012-09-11;-43.0;BRL
dbca8608bf584f6098c97a68b3a7d329;Produto_H;2012-09-11;77.92;USD
f9c6a9123a9c4a378cbf35b52bf1c2ac;Produto_I;2012-09-11;-34.12;BRL
478bbb26deae497ca8a3d688f3930edd;Produto_J;2012-09-11;-942.33;BRL
ce172a4683424e7f817320ef5634c31a;Produto_A;2012-09-12;-138.4;BRL
8860904a53c54aada5b41caa9278c3b3;Produto_B;2012-09-12;-26.01;USD
8480dd94286f43c7a7ff0943dfb85ac5;Produto_C;2012-09-12;-1000.0;USD
e405c861ec564dafbdc9d671a97d2fec;Produto_D;2012-09-12;-692.75;USD
4449bc5b81ff4bd399392d1df3ae5485;Produto_E;2012-09-12;-497.08;USD
0f3bc028960d4ad9b59371cf76db6506;Produto_F;2012-09-12;-461.46;BRL
c4f49a20eeec4c17992c7bbbfd9d858d;Produto_G;2012-09-12;-598.49;BRL
5978af1860d34f4db47b122e7fcf4c17;Produto_H;2012-09-12;-889.84;USD
0c979a2b04d04e16821e2f1e8644423d;Produto_I;2012-09-12;-834.82;USD
be208583a85043d2b2bee8fa99ca3ec7;Produto_J;2012-09-12;0.7;USD
880f936a731e407bb42950a591f4d066;Produto_A;2012-09-13;58.11;BRL
1314ab7f344e4fa084ea3fdb431c1053;Produto_B;2012-09-13;-393.84;USD
d4a47b6477f34349accad880b5711741;Produto_C;2012-09-13;-943.39;BRL
dab46b9385594e3a929e1a3031a34d3d;Produto_D;2012-09-13;-784.08;USD
c27b80e96154490184c07ed8367b847c;Produto_E;2012-09-13;-563.6;USD
17f78a0b6ad74deeb91366135d6637f1;Produto_F;2012-09-13;-708.65;BRL
86d6831615044707958199534b92c5be;Produto_G;2012-09-13;52.82;BRL
4a3d0071c7924657a4dc620bb982e849;Produto_H;2012-09-13;-1000.0;USD
f19fd540b0cb496a8e33a70dde793c3a;Produto_I;2012-09-13;-471.32;BRL
60f2330a2e2d41efabcc6d19b27fa2e0;Produto_J;2012-09-13;100.0;USD
35fa053775514da98ccc52227f4b095d;Produto_A;2012-09-14;-480.24;BRL
a69cabc072f3449c8cb5938e50722872;Produto_B;2012-09-14;-829.64;BRL
bdd15aafab784f71a4825d856b296f29;Produto_C;2012-09-14;-1000.0;BRL
6459137ea2684d90912196dffbd26e43;Produto_D;2012-09-14;-474.13;USD
e5cde7cb66f04c54a44d335fc86e0437;Produto_E;2012-09-14;-826.81;BRL
ac3fddbcf7f2419e968242d849800cc4;Produto_F;2012-09-14;-104.57;USD
0efb8eba4c694c6692c007384594bc62;Produto_G;2012-09-14;-441.88;BRL
daa9902cc1f244ce83869852d7338c93;Produto_H;2012-09-14;-555.53;BRL
8c318f3366b94ceaa9cb0e7a12d97ad1;Produto_I;2012-09-14;-250.36;BRL
ec803d73750b4a52a7c157de52ce5e52;Produto_J;2012-09-14;-743.48;USD
a11968d184244e6c9259ba4260d3c53f;Produto_A;2012-09-15;-471.25;BRL
97dd3eb94a3c4a859aaf2985a280cffd;Produto_B;2012-09-15;-322.56;USD
902b3ee7ee7341baa964a0884f162bae;Produto_C;2012-09-15;-590.95;USD
cd59e42c917f4404a1b1c43fdf208a08;Produto_D;2012-09-15;-230.03;BRL
8f1769f7d06c4ed9b01b71ecad5839a8;Produto_E;2012-09-15;-447.53;BRL
05465414067e4526bcefc86ddac9e192;Produto_F;2012-09-15;-156.63;BRL
8ec8c69ad2b648e2b868b15c66ce5236;Produto_G;2012-09-15;-488.89;BRL
3c6aeda4f7ce4427bb5d6e7249f55011;Produto_H;2012-09-15;-316.94;BRL
ece213789ea440fe8780eff061b3776f;Produto_I;2012-09-15;-784.33;BRL
3405a1763cdc4394810ddf3e9d627973;Produto_J;2012-09-15;-624.51;USD
60af8b45f55546ceae91e662761e9c11;Produto_A;2012-09-16;-126.27;USD
123b00fed9904095aa3f7cf708d2f395;Produto_B;2012-09-16;-800.03;USD
4f6977c8639942fd8aefe4211189e320;Produto_C;2012-09-16;-386.98;USD
02729b0dadc846ba90feb33873a8d45a;Produto_D;2012-09-16;-971.77;USD
26d2fe4889154c1e84eb17ebaea066a0;Produto_E;2012-09-16;-163.23;BRL
051186e185184f868135d9a493a93aba;Produto_F;2012-09-16;-504.7;BRL
5596b93649fc463981d9fd29dbbb78cc;Produto_G;2012-09-16;-377.71;BRL
97c2ac94c98c42da9a94af796eb52d4e;Produto_H;2012-09-16;-342.69;USD
309706145a8f4259bde15dfa0fab869e;Produto_I;2012-09-16;-260.75;USD
84e79c993a284fd683760604169bcbcd;Produto_J;2012-09-16;-56.68;USD
131ca25307064f749f1afda0e4c2c24b;Produto_A;2012-09-17;-643.89;BRL
c6248bef33b843feb4f76b571693d0ce;Produto_B;2012-09-17;-796.62;USD
4fd90a04912b433eb3f1654269745054;Produto_C;2012-09-17;-268.7;BRL
17b8c6ae53ac49c98f915c5e4e851f72;Produto_D;2012-09-17;-780.65;BRL
0eb46e4ed8824e2b948e23a795dedb9a;Produto_E;2012-09-17;-212.49;USD
31aed1546c934f1296ed36f0baa3ceff;Produto_F;2012-09-17;-540.09;USD
cef81e42f4d0408098c30dcd12ebf474;Produto_G;2012-09-17;-419.2;BRL
9c6785410a704e5cb4a0c71b33d860eb;Produto_H;2012-09-17;-497.87;BRL
8703c6c0635c49f583688cd41397ea8e;Produto_I;2012-09-17;-606.41;USD
8a3cccf78ee444d9915c7f39c7632515;Produto_J;2012-09-17;-30.76;BRL
9685c0150573468181ba0cae4774b7f8;Produto_A;2012-09-18;-311.43;BRL
335fafa3a75348d48e3aa20e6cf3c7f1;Produto_B;2012-09-18;-668.38;BRL
0a0c3acdd096494dbcbed4401e47fa30;Produto_C;2012-09-18;-273.58;BRL
f6a10338cbf54f63a356b6ce95e4895e;Produto_D;2012-09-18;-360.97;USD
78f28e10bd2c4cb989e2f6160bebeaa6;Produto_E;2012-09-18;-645.6;BRL
fd5b4f6856c8425bb0f508d3f83194f2;Produto_F;2012-09-18;-760.88;USD
3ce686317eee4d22819e7a29993c28f4;Produto_G;2012-09-18;-419.26;USD
672d249fda3d46db822de186956e57fb;Produto_H;2012-09-18;-1000.0;USD
2747dd01e0084a07ba133d5d279d9b26;Produto_I;2012-09-18;-963.49;USD
c53980c55dca461e8bd3d1e5781379d2;Produto_J;2012-09-18;-856.77;BRL
a8f9d2be1b8d4cc1a9644e70f89c414b;Produto_A;2012-09-19;-231.62;USD
9eecc9d32c614ff885509c559b959a61;Produto_B;2012-09-19;-1000.0;BRL
4f6d1f68391b427ab067234a9c457206;Produto_C;2012-09-19;-145.28;USD
d7dca61993574e23872eed41c907276a;Produto_D;2012-09-19;-832.13;BRL
d79bf99378494138bd428f0f9873087a;Produto_E;2012-09-19;-338.55;BRL
c9abfae92838486daf40610bcd117f26;Produto_F;2012-09-19;-294.07;BRL
c7b8d406dfd549608b3bb2015f8ab8ab;Produto_G;2012-09-19;-416.46;BRL
a93ef8c016e942e5ae5d63c1354d20d4;Produto_H;2012-09-19;-1000.0;BRL
8d6fd8eabba04c4791f9cdcb96903375;Produto_I;2012-09-19;-961.68;USD
f095ae575f3d45c09cf2e73d982604c2;Produto_J;2012-09-19;-312.5;BRL
832942b938414ba8a576991e1b517f63;Produto_A;2012-09-20;-103.27;BRL
d2a527dce98f4635a2d961b4f6de95ce;Produto_B;2012-09-20;-490.52;BRL
dc8d506529844efc942636ac07f03337;Produto_C;2012-09-20;-1000.0;BRL
8681ed72a6ff4919ab9776a7871bcc7d;Produto_D;2012-09-20;-916.92;BRL
63b8571e3bad4a2c836ff1943bf4abd8;Produto_E;2012-09-20;-332.62;USD
628cfafaa53c42bbbf4e14cc13a6cc74;Produto_F;2012-09-20;12.67;USD
c282f65f59604905b883f79cfe7b3cb4;Produto_G;2012-09-20;-443.01;USD
bc3fa4b311c94a58a93d0bbe24d35aa0;Produto_H;2012-09-20;-862.7;USD
76887104bca1469596897cefee6add44;Produto_I;2012-09-20;-630.16;USD
007c644fc3284acf90fab4578f2b8f20;Produto_J;2012-09-20;-485.69;BRL
057cac23bcd549fab5519d0b33e975c4;Produto_A;2012-09-21;-175.71;USD
3f986b8948564c41baa820c4cc561583;Produto_B;2012-09-21;-448.59;USD
0f84d78c16c0429b8c3c1919b79ed006;Produto_C;2012-09-21;-459.1;BRL
6402d984b47c410cb9df5e1de0ffae3c;Produto_D;2012-09-21;-389.28;USD
4f411472c1ca4389ba90cd8fc726e329;Produto_E;2012-09-21;24.33;BRL
99489835d57f4b24a391557b6d68e9f0;Produto_F;2012-09-21;-619.26;BRL
f17cf39807ef4e6ca19203a287bc2b8d;Produto_G;2012-09-21;-408.24;BRL
f792fc92d65b4d02973f705d969f7404;Produto_H;2012-09-21;-425.73;BRL
dc0096551f3c4447b04cbb5d92db2a0e;Produto_I;2012-09-21;-401.94;BRL
225326b8b0d046a882e8f39671bdf48c;Produto_J;2012-09-21;21.24;USD
c4b1a31df1d44fab9a89e0a6c8064a1f;Produto_A;2012-09-22;35.48;BRL
154010cfc8344a4aae78b8053d7e8249;Produto_B;2012-09-22;-101.93;USD
26fb3c5f63684201805871a1c4543f7e;Produto_C;2012-09-22;-665.63;BRL
243a82800abb48fab91feb2f5235ca8d;Produto_D;2012-09-22;-771.02;USD
43fc7b69366b4acfa050bf00f8a54c86;Produto_E;2012-09-22;-644.86;USD
0c8a23e98cc64ddaa695a8d9c6304ed8;Produto_F;2012-09-22;45.07;BRL
34c26a7072f1412aa52400cf8a37c0df;Produto_G;2012-09-22;-661.17;BRL
b72873a973594312ab18d702b899901a;Produto_H;2012-09-22;12.89;USD
b649baed69d741ff8e58d0348983363e;Produto_I;2012-09-22;-540.77;BRL
48d0f4b64b26417abd4ecab311a8bf5e;Produto_J;2012-09-22;-595.48;BRL
6bd1bc7925854bb69350ce4fcb288b81;Produto_A;2012-09-23;-348.21;USD
8779ae092575465b84d500750242945f;Produto_B;2012-09-23;-640.61;USD
2c7fe995ccb44c0eaff6820d24397ddf;Produto_C;2012-09-23;-707.89;USD
bcfbf3bfdacf49139792f340dcf8bac9;Produto_D;2012-09-23;-42.34;USD
e8c70825bc5c4703856bcf1b2491fb4b;Produto_E;2012-09-23;-18.26;USD
3de09cdb76914dc3ab919ae48d73734e;Produto_F;2012-09-23;-88.83;BRL
8819d67184cd4006818620a46ff833bd;Produto_G;2012-09-23;-446.21;BRL
cf94ca87e85d4cff84ee066c197febfc;Produto_H;2012-09-23;-484.95;BRL
62b35b6ccd8f4cab85f2404803f4e2ef;Produto_I;2012-09-23;-36.45;BRL
3e6bde3fb35b4b0781ab38fbc4c9a9bd;Produto_J;2012-09-23;-366.47;USD
8b382e7219db421880aa9fea49c920ba;Produto_A;2012-09-24;-137.1;USD
3466c4a7fa5c4d35aae15463c9599282;Produto_B;2012-09-24;-62.72;USD
3ed82e834a4a4c8ca5c95ce2ff633ed8;Produto_C;2012-09-24;-611.06;USD
a50f989434a4440daff1442b7f7c0c87;Produto_D;2012-09-24;-760.3;USD
e1497277307c43cdac21ac5d0daddf3f;Produto_E;2012-09-24;-378.99;USD
1a44b8d9dbf0454f9f5677545447f9e1;Produto_F;2012-09-24;-164.1;BRL
8121335bef7147698dccc3c091865728;Produto_G;2012-09-24;-742.75;BRL
73f20b2f062c4b0982fe2d06d5241950;Produto_H;2012-09-24;-352.82;BRL
8bb6d1a16b4742ce94eb06f0e319cff5;Produto_I;2012-09-24;-813.39;BRL
18ba76d21d214c8a901e13158c03e0a7;Produto_J;2012-09-24;-927.15;BRL
8faabb7ea86749f480b5714dcaa62b36;Produto_A;2012-09-25;-670.14;USD
07d63f93b3984162bfc2fe536ee32beb;Produto_B;2012-09-25;-506.38;BRL
a71038daf69e4c78992480d6827061b4;Produto_C;2012-09-25;-656.55;USD
90dc11b3b8144d9b9169b8b85d18d2b8;Produto_D;2012-09-25;-77.78;USD
284261817f3343048a03d4770083bd93;Produto_E;2012-09-25;-105.42;USD
fd9102657159450093bf83fba0605959;Produto_F;2012-09-25;-18.66;BRL
d008571d38b04a4a8a750522a29adfa7;Produto_G;2012-09-25;-46.54;USD
8aabf9949d494da9b7ef5c608d4e72b7;Produto_H;2012-09-25;-560.94;BRL
464c96e07f784a039531d4ee6c3c691a;Produto_I;2012-09-25;-776.14;BRL
d1836d0943f84afcac0c88f7ed0e63d5;Produto_J;2012-09-25;-439.9;USD
63e733c13e4f457fad285eeba5718e96;Produto_A;2012-09-26;-266.21;USD
a1c640930fed4649927250a7c22cc011;Produto_B;2012-09-26;-1000.0;BRL
728dfdc187e8455dafd404994cc1d792;Produto_C;2012-09-26;-277.6;BRL
594727c0751248c8b8b3fb2e561cd084;Produto_D;2012-09-26;-871.95;BRL
91a9a81ddddf427da5dbbbc2093ff92c;Produto_E;2012-09-26;-147.86;USD
492de987cff54853a5fc2df7c9caf2f0;Produto_F;2012-09-26;10.63;BRL
372c04e5e1b14826957f659bfbf452af;Produto_G;2012-09-26;-620.01;BRL
d4e3d45adaea4a5cb80f66e1bf15b89a;Produto_H;2012-09-26;-471.23;USD
88043e12896949c3ac75305ed77a2d2a;Produto_I;2012-09-26;-397.17;USD
0eb98b01713a43f480aecb46c3f7f78c;Produto_J;2012-09-26;59.29;USD
