ID_Transacao,ID_Produto,ID_Cliente,Data_Transacao,Canal_Compra
TRX00000001,PRD000819,CLI000828,23/07/2021,App
TRX00000002,PRD001060,CLI000656,30/12/2023,App
TRX00000003,PRD001849,CLI000849,19/07/2018,App
TRX00000004,PRD000502,CLI000634,02/02/2026,App
TRX00000005,PRD000033,CLI000201,21/12/2023,App
TRX00000006,PRD000787,CLI000163,11/03/2019,App
TRX00000007,PRD001974,CLI000037,30/04/2026,App
TRX00000008,PRD000218,CLI000593,07/03/2017,App
TRX00000009,PRD000203,CLI000203,14/11/2025,App
TRX00000010,PRD001179,CLI000835,03/08/2025,App
TRX00000011,PRD001415,CLI000832,10/06/2018,App
TRX00000012,PRD001316,CLI000316,12/04/2022,App
TRX00000013,PRD001214,CLI000214,23/05/2018,App
TRX00000014,PRD000422,CLI000649,01/07/2017,Agencia
TRX00000015,PRD001856,CLI000396,16/05/2020,App
TRX00000016,PRD000282,CLI000221,13/05/2025,App
TRX00000017,PRD001262,CLI000262,04/01/2021,App
TRX00000018,PRD000866,CLI000804,22/01/2024,App
TRX00000019,PRD000164,CLI000950,22/05/2024,Agencia
TRX00000020,PRD001500,CLI000500,06/12/2025,Agencia
TRX00000021,PRD000223,CLI000945,26/02/2021,App
TRX00000022,PRD000788,CLI000481,30/07/2022,App
TRX00000023,PRD001923,CLI000756,10/01/2025,App
TRX00000024,PRD000307,CLI000470,22/08/2024,App
TRX00000025,PRD000501,CLI000524,24/12/2013,App
TRX00000026,PRD000495,CLI000495,19/09/2012,App
TRX00000027,PRD000906,CLI000653,02/05/2022,App
TRX00000028,PRD000481,CLI000595,21/03/2023,App
TRX00000029,PRD000377,CLI000984,03/02/2015,App
TRX00000030,PRD001556,CLI000530,12/04/2026,App
TRX00000031,PRD001230,CLI000381,27/03/2022,App
TRX00000032,PRD001217,CLI000395,30/04/2022,Agencia
TRX00000033,PRD001660,CLI000660,10/09/2023,App
TRX00000034,PRD000383,CLI000383,01/09/2025,Agencia
TRX00000035,PRD000366,CLI000205,16/02/2020,Agencia
TRX00000036,PRD001776,CLI000465,05/10/2013,Agencia
TRX00000037,PRD001685,CLI000839,14/09/2024,Agencia
TRX00000038,PRD001955,CLI000928,13/02/2026,Agencia
TRX00000039,PRD001140,CLI000067,11/08/2013,App
TRX00000040,PRD001995,CLI000798,12/07/2026,App
TRX00000041,PRD000591,CLI000907,02/09/2015,Agencia
TRX00000042,PRD001095,CLI000735,13/07/2017,App
TRX00000043,PRD001266,CLI000256,27/03/2024,Agencia
TRX00000044,PRD001541,CLI000937,05/06/2018,Agencia
TRX00000045,PRD000754,CLI000754,08/05/2026,App
TRX00000046,PRD001718,CLI000412,10/03/2020,App
TRX00000047,PRD000025,CLI000937,09/08/2026,App
TRX00000048,PRD001741,CLI000741,30/11/2025,App
TRX00000049,PRD001688,CLI000099,10/09/2024,App
TRX00000050,PRD001338,CLI000985,28/01/2026,App
TRX00000051,PRD001192,CLI000955,24/08/2020,Agencia
TRX00000052,PRD000729,CLI000979,19/01/2022,App
TRX00000053,PRD001762,CLI000228,25/06/2023,App
TRX00000054,PRD001512,CLI000332,03/11/2023,App
TRX00000055,PRD000181,CLI000755,06/05/2025,App
TRX00000056,PRD001830,CLI000830,02/02/2024,Agencia
TRX00000057,PRD001074,CLI000154,20/10/2025,App
TRX00000058,PRD001752,CLI000752,23/03/2025,Agencia
TRX00000059,PRD000725,CLI000152,01/02/2025,App
TRX00000060,PRD000099,CLI000120,31/07/2023,App
TRX00000061,PRD000512,CLI000706,14/02/2026,App
TRX00000062,PRD001211,CLI000251,04/02/2023,App
TRX00000063,PRD001862,CLI000893,08/07/2014,App
TRX00000064,PRD001344,CLI000917,04/05/2025,Agencia
TRX00000065,PRD000333,CLI000575,12/02/2022,App
TRX00000066,PRD000145,CLI000091,18/05/2025,App
TRX00000067,PRD000391,CLI000746,27/02/2023,App
TRX00000068,PRD000192,CLI000468,31/01/2018,App
TRX00000069,PRD001509,CLI000416,08/01/2019,App
TRX00000070,PRD000717,CLI000398,07/02/2026,App
TRX00000071,PRD000805,CLI000293,09/08/2024,App
TRX00000072,PRD000752,CLI000994,26/09/2018,Agencia
TRX00000073,PRD000787,CLI000462,04/03/2026,Agencia
TRX00000074,PRD000930,CLI000272,01/01/2017,App
TRX00000075,PRD001017,CLI000983,17/01/2024,App
TRX00000076,PRD000622,CLI000706,18/07/2026,Agencia
TRX00000077,PRD001394,CLI000394,24/10/2025,Agencia
TRX00000078,PRD000939,CLI000007,22/05/2023,App
TRX00000079,PRD001471,CLI000524,12/10/2024,App
TRX00000080,PRD000392,CLI000685,11/12/2025,App
TRX00000081,PRD001949,CLI000144,01/01/2021,App
TRX00000082,PRD000699,CLI000100,07/12/2025,App
TRX00000083,PRD001247,CLI000802,02/10/2017,App
TRX00000084,PRD001463,CLI000328,24/12/2024,App
TRX00000085,PRD000449,CLI000707,30/07/2026,App
TRX00000086,PRD000418,CLI000418,06/06/2016,App
TRX00000087,PRD001145,CLI000728,22/05/2023,Agencia
TRX00000088,PRD001365,CLI000601,20/03/2025,App
TRX00000089,PRD000749,CLI000061,06/03/2025,Agencia
TRX00000090,PRD000241,CLI000786,10/10/2017,App
TRX00000091,PRD001262,CLI000182,20/10/2021,App
TRX00000092,PRD000428,CLI000093,03/05/2022,App
TRX00000093,PRD001336,CLI000625,13/01/2025,Agencia
TRX00000094,PRD000234,CLI000234,11/08/2023,App
TRX00000095,PRD001013,CLI000968,30/04/2024,App
TRX00000096,PRD001690,CLI000690,01/04/2026,App
TRX00000097,PRD001316,CLI000240,19/10/2021,App
TRX00000098,PRD001600,CLI000992,11/12/2025,App
TRX00000099,PRD000877,CLI000436,28/09/2025,App
TRX00000100,PRD001935,CLI000935,03/12/2019,App
TRX00000101,PRD001102,CLI000382,06/11/2018,App
TRX00000102,PRD000103,CLI000784,15/12/2024,App
TRX00000103,PRD001732,CLI000732,13/07/2026,App
TRX00000104,PRD001265,CLI000548,28/04/2026,App
TRX00000105,PRD001751,CLI000121,28/05/2026,App
TRX00000106,PRD000091,CLI000091,05/08/2024,App
TRX00000107,PRD000501,CLI000455,28/04/2026,App
TRX00000108,PRD000462,CLI000462,28/01/2018,Agencia
TRX00000109,PRD000570,CLI000817,12/07/2019,App
TRX00000110,PRD001493,CLI000331,23/12/2025,App
TRX00000111,PRD001829,CLI000123,02/11/2020,Agencia
TRX00000112,PRD001284,CLI000028,02/12/2023,Agencia
TRX00000113,PRD000367,CLI000929,29/06/2022,App
TRX00000114,PRD001880,CLI000001,13/01/2018,App
TRX00000115,PRD001448,CLI000448,07/08/2026,App
TRX00000116,PRD000619,CLI000270,19/08/2025,App
TRX00000117,PRD001361,CLI000967,23/10/2025,App
TRX00000118,PRD001492,CLI000642,18/06/2023,App
TRX00000119,PRD000022,CLI000655,09/04/2021,Agencia
TRX00000120,PRD001541,CLI000269,27/07/2025,Agencia
TRX00000121,PRD001709,CLI000709,29/10/2020,Agencia
TRX00000122,PRD000535,CLI000856,20/11/2021,App
TRX00000123,PRD000036,CLI000036,25/04/2025,App
TRX00000124,PRD001818,CLI000687,16/10/2019,App
TRX00000125,PRD001796,CLI000386,14/11/2024,App
TRX00000126,PRD000231,CLI000231,05/12/2022,Agencia
TRX00000127,PRD001238,CLI000929,29/08/2023,App
TRX00000128,PRD001251,CLI000191,11/02/2025,App
TRX00000129,PRD000702,CLI000702,28/09/2023,App
TRX00000130,PRD001564,CLI000067,18/01/2014,App
TRX00000131,PRD000523,CLI000951,06/07/2016,App
TRX00000132,PRD001519,CLI000519,13/02/2022,App
TRX00000133,PRD000531,CLI000603,25/05/2015,App
TRX00000134,PRD000472,CLI000520,07/08/2019,App
TRX00000135,PRD000042,CLI000473,12/09/2024,App
TRX00000136,PRD000624,CLI000807,31/10/2014,App
TRX00000137,PRD000538,CLI000686,05/04/2026,App
TRX00000138,PRD000152,CLI000375,19/05/2019,App
TRX00000139,PRD001180,CLI000027,02/04/2026,App
TRX00000140,PRD000261,CLI000235,16/04/2016,App
TRX00000141,PRD000848,CLI000650,28/01/2020,App
TRX00000142,PRD001162,CLI000682,17/10/2022,App
TRX00000143,PRD001723,CLI000670,17/06/2022,Agencia
TRX00000144,PRD000151,CLI000151,25/01/2017,App
TRX00000145,PRD001638,CLI000829,30/03/2026,App
TRX00000146,PRD001464,CLI000174,27/06/2026,App
TRX00000147,PRD001609,CLI000815,12/06/2026,App
TRX00000148,PRD001323,CLI000151,29/04/2022,Agencia
TRX00000149,PRD000933,CLI000890,15/09/2013,App
TRX00000150,PRD000465,CLI000270,09/08/2025,Agencia
TRX00000151,PRD000443,CLI000870,26/10/2024,App
TRX00000152,PRD001694,CLI000161,16/01/2021,App
TRX00000153,PRD001658,CLI000061,19/03/2024,App
TRX00000154,PRD000052,CLI000052,30/12/2025,Agencia
TRX00000155,PRD000906,CLI000906,19/06/2018,App
TRX00000156,PRD000720,CLI000672,31/10/2023,App
TRX00000157,PRD001462,CLI000462,02/03/2024,App
TRX00000158,PRD001435,CLI000541,10/06/2025,App
TRX00000159,PRD000479,CLI000352,16/10/2017,App
TRX00000160,PRD001352,CLI000269,08/01/2026,App
TRX00000161,PRD000091,CLI000284,08/07/2026,App
TRX00000162,PRD000531,CLI000784,09/06/2019,App
TRX00000163,PRD000005,CLI000900,30/04/2021,App
TRX00000164,PRD001061,CLI000061,02/11/2025,Agencia
TRX00000165,PRD001939,CLI000900,30/04/2016,App
TRX00000166,PRD000813,CLI000813,09/05/2026,Agencia
TRX00000167,PRD000811,CLI000261,05/02/2021,Agencia
TRX00000168,PRD001561,CLI000561,13/02/2023,Agencia
TRX00000169,PRD000130,CLI000978,04/12/2015,App
TRX00000170,PRD000887,CLI000024,15/07/2015,App
TRX00000171,PRD001368,CLI000493,05/05/2018,App
TRX00000172,PRD000673,CLI000886,26/06/2025,App
TRX00000173,PRD000184,CLI000032,18/02/2019,App
TRX00000174,PRD000820,CLI000770,06/08/2022,Agencia
TRX00000175,PRD001753,CLI000556,08/06/2026,App
TRX00000176,PRD001836,CLI000046,16/09/2023,Agencia
TRX00000177,PRD000503,CLI000861,06/08/2023,App
TRX00000178,PRD001257,CLI000334,27/10/2025,App
TRX00000179,PRD000010,CLI000710,01/02/2020,App
TRX00000180,PRD001927,CLI000815,18/03/2024,App
TRX00000181,PRD001485,CLI000196,26/04/2020,Agencia
TRX00000182,PRD000423,CLI000998,16/02/2025,Agencia
TRX00000183,PRD001687,CLI000597,16/06/2026,App
TRX00000184,PRD000278,CLI000257,25/03/2023,Agencia
TRX00000185,PRD001363,CLI000824,18/10/2015,Agencia
TRX00000186,PRD000434,CLI000370,29/11/2019,App
TRX00000187,PRD000859,CLI000859,05/11/2019,App
TRX00000188,PRD001274,CLI000945,14/07/2023,Agencia
TRX00000189,PRD000714,CLI000037,05/07/2026,App
TRX00000190,PRD001730,CLI000730,01/07/2018,App
TRX00000191,PRD001990,CLI000684,20/02/2021,App
TRX00000192,PRD000234,CLI000605,11/05/2026,App
TRX00000193,PRD000342,CLI000489,27/04/2017,App
TRX00000194,PRD001984,CLI000058,12/03/2025,Agencia
TRX00000195,PRD000152,CLI000948,25/06/2013,Agencia
TRX00000196,PRD000359,CLI000359,11/06/2015,App
TRX00000197,PRD001492,CLI000716,24/09/2023,App
TRX00000198,PRD001520,CLI000015,06/01/2025,App
TRX00000199,PRD001299,CLI000553,13/02/2020,App
TRX00000200,PRD001685,CLI000077,14/09/2021,Agencia
TRX00000201,PRD000213,CLI000521,02/10/2024,Agencia
TRX00000202,PRD000171,CLI000130,02/12/2021,App
TRX00000203,PRD001388,CLI000388,04/07/2026,Agencia
TRX00000204,PRD000147,CLI000855,23/01/2013,Agencia
TRX00000205,PRD000006,CLI000845,21/02/2024,App
TRX00000206,PRD001049,CLI000255,21/12/2018,Agencia
TRX00000207,PRD000401,CLI000401,18/01/2021,Agencia
TRX00000208,PRD000447,CLI000447,05/03/2022,Agencia
TRX00000209,PRD001855,CLI000744,10/10/2025,App
TRX00000210,PRD000223,CLI000488,04/12/2021,App
TRX00000211,PRD001826,CLI000164,30/09/2024,Agencia
TRX00000212,PRD001273,CLI000273,24/12/2022,App
TRX00000213,PRD001692,CLI000969,06/03/2021,App
TRX00000214,PRD000263,CLI000709,20/02/2014,App
TRX00000215,PRD000363,CLI000531,21/07/2023,App
TRX00000216,PRD000589,CLI000367,07/01/2026,App
TRX00000217,PRD000989,CLI000764,31/10/2016,Agencia
TRX00000218,PRD000032,CLI000017,16/10/2020,App
TRX00000219,PRD001162,CLI000554,12/09/2025,App
TRX00000220,PRD000804,CLI000506,02/08/2026,Agencia
TRX00000221,PRD000564,CLI000467,31/10/2024,Agencia
TRX00000222,PRD000172,CLI000172,15/06/2026,Agencia
TRX00000223,PRD001648,CLI000735,21/11/2016,App
TRX00000224,PRD000038,CLI000881,03/09/2024,App
TRX00000225,PRD001038,CLI000741,27/12/2025,Agencia
TRX00000226,PRD001221,CLI000526,23/05/2024,Agencia
TRX00000227,PRD000903,CLI000793,19/05/2026,Agencia
TRX00000228,PRD001145,CLI000145,04/08/2024,Agencia
TRX00000229,PRD001800,CLI000371,13/09/2024,Agencia
TRX00000230,PRD001312,CLI000975,05/06/2018,App
TRX00000231,PRD000520,CLI000053,10/05/2018,App
TRX00000232,PRD001445,CLI000656,05/03/2026,App
TRX00000233,PRD000335,CLI000670,15/03/2024,Agencia
TRX00000234,PRD001054,CLI000054,29/05/2017,App
TRX00000235,PRD001160,CLI000024,09/12/2017,App
TRX00000236,PRD000871,CLI000910,23/02/2018,App
TRX00000237,PRD000995,CLI000688,21/05/2021,Agencia
TRX00000238,PRD001702,CLI000874,07/08/2026,Agencia
TRX00000239,PRD001933,CLI000933,14/04/2023,App
TRX00000240,PRD001859,CLI000859,23/04/2019,App
TRX00000241,PRD001260,CLI000260,25/11/2024,App
TRX00000242,PRD000622,CLI000614,01/02/2023,App
TRX00000243,PRD000601,CLI000427,27/02/2026,App
TRX00000244,PRD000819,CLI000825,21/03/2025,App
TRX00000245,PRD000212,CLI000836,17/02/2020,App
TRX00000246,PRD000078,CLI000027,16/11/2025,Agencia
TRX00000247,PRD001345,CLI000216,04/07/2024,App
TRX00000248,PRD001759,CLI000757,15/12/2021,App
TRX00000249,PRD001669,CLI000537,12/12/2016,Agencia
TRX00000250,PRD000455,CLI000966,01/01/2020,Agencia
TRX00000251,PRD000406,CLI000771,09/09/2015,App
TRX00000252,PRD000578,CLI000463,29/04/2024,App
TRX00000253,PRD001216,CLI000987,20/05/2018,App
TRX00000254,PRD001505,CLI000917,26/06/2026,App
TRX00000255,PRD001265,CLI000820,16/01/2026,App
TRX00000256,PRD001827,CLI000828,05/12/2025,App
TRX00000257,PRD001337,CLI000337,04/01/2023,Agencia
TRX00000258,PRD000666,CLI000592,01/07/2024,App
TRX00000259,PRD001142,CLI000453,11/10/2018,Agencia
TRX00000260,PRD001752,CLI000858,06/02/2026,App
TRX00000261,PRD001197,CLI000197,25/05/2020,Agencia
TRX00000262,PRD001059,CLI000975,10/02/2022,App
TRX00000263,PRD001464,CLI000071,29/09/2024,App
TRX00000264,PRD000705,CLI000705,03/01/2022,App
TRX00000265,PRD001201,CLI000929,06/07/2022,Agencia
TRX00000266,PRD001267,CLI000207,20/04/2019,Agencia
TRX00000267,PRD001429,CLI000429,26/12/2020,App
TRX00000268,PRD001680,CLI000503,28/09/2020,App
TRX00000269,PRD001472,CLI000472,30/04/2023,App
TRX00000270,PRD000174,CLI000414,28/10/2023,App
TRX00000271,PRD001191,CLI000689,19/07/2022,App
TRX00000272,PRD000077,CLI000052,19/10/2025,App
TRX00000273,PRD001603,CLI000264,05/01/2016,Agencia
TRX00000274,PRD000879,CLI000599,22/04/2021,App
TRX00000275,PRD000041,CLI000816,01/07/2024,App
TRX00000276,PRD001384,CLI000402,11/02/2026,App
TRX00000277,PRD000568,CLI000959,03/02/2022,App
TRX00000278,PRD000356,CLI000356,26/01/2022,App
TRX00000279,PRD000931,CLI000895,23/10/2025,App
TRX00000280,PRD001871,CLI000292,10/03/2025,App
TRX00000281,PRD001325,CLI000325,05/12/2025,App
TRX00000282,PRD001899,CLI000190,15/04/2025,App
TRX00000283,PRD001850,CLI000743,17/09/2024,App
TRX00000284,PRD001698,CLI000920,10/11/2015,Agencia
TRX00000285,PRD000086,CLI000664,08/09/2025,Agencia
TRX00000286,PRD000990,CLI000124,15/06/2010,App
TRX00000287,PRD001864,CLI000587,25/04/2019,App
TRX00000288,PRD000686,CLI000854,23/07/2018,Agencia
TRX00000289,PRD001945,CLI000945,25/08/2021,App
TRX00000290,PRD001654,CLI000755,27/08/2022,App
TRX00000291,PRD001692,CLI000692,10/10/2024,Agencia
TRX00000292,PRD001005,CLI000088,16/08/2021,App
TRX00000293,PRD001122,CLI000983,04/01/2024,App
TRX00000294,PRD001691,CLI000992,14/06/2012,Agencia
TRX00000295,PRD001218,CLI000205,25/10/2021,App
TRX00000296,PRD000717,CLI000704,29/04/2025,Agencia
TRX00000297,PRD000769,CLI000092,21/03/2020,App
TRX00000298,PRD000145,CLI000488,11/03/2024,App
TRX00000299,PRD000811,CLI000595,27/12/2019,App
TRX00000300,PRD000251,CLI000251,07/04/2025,App
TRX00000301,PRD000999,CLI000999,01/08/2020,App
TRX00000302,PRD000222,CLI000762,07/10/2021,Agencia
TRX00000303,PRD000990,CLI000990,20/12/2022,Agencia
TRX00000304,PRD000227,CLI000020,10/11/2023,App
TRX00000305,PRD000498,CLI000479,13/10/2024,Agencia
TRX00000306,PRD000865,CLI000865,06/11/2020,App
TRX00000307,PRD001557,CLI000184,07/12/2022,App
TRX00000308,PRD000395,CLI000395,04/04/2021,App
TRX00000309,PRD001658,CLI000817,23/11/2023,App
TRX00000310,PRD000786,CLI000410,02/11/2017,App
TRX00000311,PRD001384,CLI000384,27/10/2024,App
TRX00000312,PRD001150,CLI000171,04/10/2014,App
TRX00000313,PRD001699,CLI000700,25/12/2024,App
TRX00000314,PRD000686,CLI000494,01/07/2026,App
TRX00000315,PRD001534,CLI000794,23/08/2019,App
TRX00000316,PRD001738,CLI000543,16/06/2024,App
TRX00000317,PRD001608,CLI000407,07/06/2018,App
TRX00000318,PRD000526,CLI000041,21/09/2020,App
TRX00000319,PRD000783,CLI000784,06/04/2025,Agencia
TRX00000320,PRD000048,CLI000048,04/06/2018,App
TRX00000321,PRD000676,CLI000664,11/12/2024,App
TRX00000322,PRD001817,CLI000245,26/12/2025,Agencia
TRX00000323,PRD001227,CLI000967,01/07/2023,App
TRX00000324,PRD000894,CLI000001,23/10/2023,Agencia
TRX00000325,PRD001938,CLI000055,21/04/2020,Agencia
TRX00000326,PRD000965,CLI000965,21/06/2023,Agencia
TRX00000327,PRD001044,CLI000044,17/08/2026,Agencia
TRX00000328,PRD001765,CLI000994,30/11/2024,App
TRX00000329,PRD000601,CLI000010,26/10/2023,App
TRX00000330,PRD000147,CLI000430,08/02/2026,Agencia
TRX00000331,PRD000338,CLI000267,31/08/2020,Agencia
TRX00000332,PRD001476,CLI000605,02/05/2022,Agencia
TRX00000333,PRD001956,CLI000427,28/07/2026,App
TRX00000334,PRD001894,CLI000075,04/07/2026,App
TRX00000335,PRD001186,CLI000315,06/02/2021,App
TRX00000336,PRD000846,CLI000223,05/06/2023,Agencia
TRX00000337,PRD001466,CLI000466,13/05/2026,App
TRX00000338,PRD001528,CLI000782,28/05/2026,App
TRX00000339,PRD000175,CLI000152,15/12/2024,Agencia
TRX00000340,PRD001961,CLI000013,22/10/2017,Agencia
TRX00000341,PRD000746,CLI000963,10/05/2020,App
TRX00000342,PRD000708,CLI000031,30/07/2026,App
TRX00000343,PRD000154,CLI000689,24/06/2024,App
TRX00000344,PRD000390,CLI000364,12/03/2025,App
TRX00000345,PRD001379,CLI000895,10/07/2026,App
TRX00000346,PRD001804,CLI000591,04/05/2026,App
TRX00000347,PRD000395,CLI000722,13/01/2025,Agencia
TRX00000348,PRD001903,CLI000721,21/04/2022,App
TRX00000349,PRD001142,CLI000142,05/11/2023,Agencia
TRX00000350,PRD000329,CLI000866,09/12/2021,App
TRX00000351,PRD001327,CLI000660,31/08/2024,Agencia
TRX00000352,PRD000408,CLI000370,04/08/2015,Agencia
TRX00000353,PRD000827,CLI000161,04/03/2025,App
TRX00000354,PRD000897,CLI000979,09/01/2020,App
TRX00000355,PRD001817,CLI000409,15/01/2025,App
TRX00000356,PRD000862,CLI000423,12/06/2025,App
TRX00000357,PRD000859,CLI000364,25/11/2023,Agencia
TRX00000358,PRD000210,CLI000974,03/03/2025,Agencia
TRX00000359,PRD000822,CLI000562,14/12/2025,App
TRX00000360,PRD000297,CLI001000,12/05/2022,App
TRX00000361,PRD001054,CLI000930,19/04/2022,Agencia
TRX00000362,PRD001754,CLI000323,17/07/2024,App
TRX00000363,PRD001821,CLI000821,04/08/2025,App
TRX00000364,PRD001028,CLI000859,25/06/2015,Agencia
TRX00000365,PRD001451,CLI000352,09/08/2023,App
TRX00000366,PRD000297,CLI000203,03/11/2022,Agencia
TRX00000367,PRD000716,CLI000198,14/05/2022,App
TRX00000368,PRD001681,CLI000494,24/09/2020,Agencia
TRX00000369,PRD001324,CLI000123,22/02/2025,App
TRX00000370,PRD001404,CLI000404,10/08/2024,App
TRX00000371,PRD001496,CLI000425,31/07/2013,Agencia
TRX00000372,PRD000503,CLI000720,25/03/2021,Agencia
TRX00000373,PRD001687,CLI000177,19/01/2016,App
TRX00000374,PRD001203,CLI000368,04/05/2025,App
TRX00000375,PRD000931,CLI000152,03/03/2022,App
TRX00000376,PRD000706,CLI000891,05/08/2015,App
TRX00000377,PRD000524,CLI000806,14/06/2026,App
TRX00000378,PRD000423,CLI000423,04/03/2026,App
TRX00000379,PRD001846,CLI000765,02/02/2026,Agencia
TRX00000380,PRD000785,CLI000316,24/07/2021,App
TRX00000381,PRD000106,CLI000697,19/12/2017,Agencia
TRX00000382,PRD001104,CLI000184,27/10/2023,App
TRX00000383,PRD001838,CLI000557,17/08/2019,Agencia
TRX00000384,PRD000467,CLI000109,07/07/2023,App
TRX00000385,PRD000113,CLI000113,15/02/2021,App
TRX00000386,PRD001183,CLI000311,13/03/2021,App
TRX00000387,PRD000007,CLI000705,11/11/2019,App
TRX00000388,PRD000751,CLI000730,06/09/2020,App
TRX00000389,PRD000289,CLI000661,26/12/2017,App
TRX00000390,PRD000860,CLI000426,22/06/2026,App
TRX00000391,PRD000289,CLI000331,22/09/2019,Agencia
TRX00000392,PRD001383,CLI000216,13/11/2024,Agencia
TRX00000393,PRD001734,CLI000283,15/04/2022,App
TRX00000394,PRD001955,CLI000503,01/07/2026,App
TRX00000395,PRD001750,CLI000945,20/06/2023,Agencia
TRX00000396,PRD001804,CLI000096,24/08/2020,App
TRX00000397,PRD000881,CLI000803,08/07/2024,Agencia
TRX00000398,PRD000300,CLI000654,01/05/2026,App
TRX00000399,PRD000662,CLI000201,03/12/2025,App
TRX00000400,PRD000889,CLI000889,23/11/2025,App
TRX00000401,PRD001940,CLI000499,27/02/2016,App
TRX00000402,PRD001465,CLI000296,15/07/2026,App
TRX00000403,PRD001171,CLI000171,23/01/2021,Agencia
TRX00000404,PRD001450,CLI000877,27/11/2022,App
TRX00000405,PRD001581,CLI000710,19/09/2022,App
TRX00000406,PRD001871,CLI000604,14/01/2024,Agencia
TRX00000407,PRD000215,CLI000335,22/11/2022,Agencia
TRX00000408,PRD001167,CLI000231,27/06/2023,App
TRX00000409,PRD000734,CLI000734,09/09/2025,Agencia
TRX00000410,PRD001584,CLI000054,22/12/2018,Agencia
TRX00000411,PRD000304,CLI000964,18/01/2026,App
TRX00000412,PRD000413,CLI000311,23/04/2020,Agencia
TRX00000413,PRD001729,CLI000777,09/11/2023,Agencia
TRX00000414,PRD001325,CLI000650,10/09/2019,Agencia
TRX00000415,PRD001731,CLI000359,02/06/2016,Agencia
TRX00000416,PRD000292,CLI000190,31/07/2025,App
TRX00000417,PRD001922,CLI000024,21/03/2023,App
TRX00000418,PRD000629,CLI000629,10/06/2019,Agencia
TRX00000419,PRD001995,CLI000333,14/05/2026,App
TRX00000420,PRD000730,CLI000436,12/08/2024,App
TRX00000421,PRD000770,CLI000482,15/12/2025,App
TRX00000422,PRD000945,CLI000444,23/12/2015,Agencia
TRX00000423,PRD000413,CLI000076,10/01/2026,App
TRX00000424,PRD000379,CLI000186,23/06/2017,Agencia
TRX00000425,PRD001457,CLI000660,01/11/2022,App
TRX00000426,PRD001331,CLI000719,12/07/2021,App
TRX00000427,PRD000760,CLI000688,11/01/2018,App
TRX00000428,PRD001788,CLI000982,27/04/2017,Agencia
TRX00000429,PRD001990,CLI000732,11/08/2026,Agencia
TRX00000430,PRD001495,CLI000311,04/08/2018,Agencia
TRX00000431,PRD001782,CLI000306,04/01/2021,App
TRX00000432,PRD000757,CLI000900,01/08/2025,App
TRX00000433,PRD000096,CLI000599,20/03/2018,App
TRX00000434,PRD001411,CLI000690,31/01/2022,App
TRX00000435,PRD000490,CLI000110,04/01/2021,Agencia
TRX00000436,PRD001279,CLI000511,07/02/2021,App
TRX00000437,PRD001865,CLI000090,11/12/2018,App
TRX00000438,PRD001132,CLI000455,03/05/2025,App
TRX00000439,PRD001416,CLI000116,30/06/2026,Agencia
TRX00000440,PRD001214,CLI000376,10/09/2018,App
TRX00000441,PRD001549,CLI000801,02/05/2026,App
TRX00000442,PRD001017,CLI000961,10/12/2021,Agencia
TRX00000443,PRD001460,CLI000556,04/05/2026,App
TRX00000444,PRD001132,CLI000606,21/07/2026,App
TRX00000445,PRD000881,CLI000940,15/08/2021,App
TRX00000446,PRD001779,CLI000779,03/08/2026,App
TRX00000447,PRD001459,CLI000773,14/04/2026,App
TRX00000448,PRD000686,CLI000277,21/05/2024,App
TRX00000449,PRD000913,CLI000037,12/08/2026,Agencia
TRX00000450,PRD000348,CLI000766,07/05/2023,App
TRX00000451,PRD001478,CLI000980,02/05/2017,Agencia
TRX00000452,PRD001095,CLI000252,11/10/2025,App
TRX00000453,PRD000230,CLI000230,26/05/2026,Agencia
TRX00000454,PRD001217,CLI000164,25/05/2026,App
TRX00000455,PRD001574,CLI000850,27/07/2023,Agencia
TRX00000456,PRD000034,CLI000034,19/05/2020,App
TRX00000457,PRD001309,CLI000368,03/11/2025,Agencia
TRX00000458,PRD001158,CLI000606,15/05/2026,Agencia
TRX00000459,PRD000763,CLI000767,06/07/2025,App
TRX00000460,PRD000849,CLI000312,21/07/2025,App
TRX00000461,PRD000591,CLI000761,21/03/2014,App
TRX00000462,PRD001698,CLI000813,10/05/2024,Agencia
TRX00000463,PRD001137,CLI000892,31/08/2024,App
TRX00000464,PRD001215,CLI000225,01/01/2026,App
TRX00000465,PRD000068,CLI000559,12/02/2026,Agencia
TRX00000466,PRD001152,CLI000152,22/09/2023,App
TRX00000467,PRD001057,CLI000057,04/05/2021,App
TRX00000468,PRD000864,CLI000864,02/05/2014,App
TRX00000469,PRD000321,CLI000072,18/01/2022,App
TRX00000470,PRD000968,CLI000900,26/10/2020,App
TRX00000471,PRD001263,CLI000359,22/01/2021,App
TRX00000472,PRD001527,CLI000105,20/09/2025,App
TRX00000473,PRD000945,CLI000977,17/01/2019,Agencia
TRX00000474,PRD001073,CLI000003,06/06/2020,Agencia
TRX00000475,PRD000793,CLI000622,13/11/2020,App
TRX00000476,PRD000479,CLI000926,07/10/2018,App
TRX00000477,PRD000641,CLI000722,17/10/2023,App
TRX00000478,PRD000099,CLI000099,12/12/2016,App
TRX00000479,PRD000866,CLI000866,07/11/2018,App
TRX00000480,PRD001304,CLI000976,16/04/2020,App
TRX00000481,PRD000020,CLI000922,07/01/2020,Agencia
TRX00000482,PRD000749,CLI000277,31/01/2024,App
TRX00000483,PRD001223,CLI000580,07/12/2024,Agencia
TRX00000484,PRD001206,CLI000413,26/01/2021,App
TRX00000485,PRD000768,CLI000177,08/04/2026,App
TRX00000486,PRD001290,CLI000794,11/12/2021,Agencia
TRX00000487,PRD000291,CLI000261,26/10/2018,App
TRX00000488,PRD000407,CLI000437,05/10/2023,App
TRX00000489,PRD000840,CLI000120,23/08/2023,App
TRX00000490,PRD001169,CLI000095,29/03/2025,Agencia
TRX00000491,PRD000190,CLI000166,12/12/2025,App
TRX00000492,PRD000690,CLI000690,19/02/2023,Agencia
TRX00000493,PRD000115,CLI000367,22/06/2026,App
TRX00000494,PRD001860,CLI000839,25/07/2025,App
TRX00000495,PRD000613,CLI000814,13/06/2024,App
TRX00000496,PRD001953,CLI000661,21/12/2012,Agencia
TRX00000497,PRD000188,CLI000976,14/03/2023,App
TRX00000498,PRD000816,CLI000031,06/01/2023,Agencia
TRX00000499,PRD000877,CLI000038,22/06/2021,App
TRX00000500,PRD000163,CLI000508,03/12/2024,App
TRX00000501,PRD000955,CLI000264,29/06/2016,App
TRX00000502,PRD001667,CLI000600,06/01/2018,Agencia
TRX00000503,PRD001050,CLI000791,27/12/2023,App
TRX00000504,PRD000239,CLI000006,31/07/2026,Agencia
TRX00000505,PRD000734,CLI000032,04/04/2020,App
TRX00000506,PRD001357,CLI000357,06/01/2026,App
TRX00000507,PRD001158,CLI000158,02/08/2024,App
TRX00000508,PRD000941,CLI000174,17/07/2026,App
TRX00000509,PRD001253,CLI000360,26/03/2020,App
TRX00000510,PRD001969,CLI000171,23/01/2025,App
TRX00000511,PRD001609,CLI000609,08/02/2024,Agencia
TRX00000512,PRD001218,CLI000218,15/10/2022,App
TRX00000513,PRD001486,CLI000486,12/08/2021,App
TRX00000514,PRD000353,CLI000353,23/03/2018,App
TRX00000515,PRD000196,CLI000711,08/03/2026,App
TRX00000516,PRD001346,CLI000275,01/07/2026,App
TRX00000517,PRD000806,CLI000512,07/04/2024,App
TRX00000518,PRD000513,CLI000174,21/06/2026,App
TRX00000519,PRD000534,CLI000314,11/08/2023,Agencia
TRX00000520,PRD001510,CLI000665,26/06/2024,App
TRX00000521,PRD000578,CLI000470,07/02/2022,Agencia
TRX00000522,PRD000487,CLI000036,22/06/2025,App
TRX00000523,PRD000945,CLI000494,13/11/2020,Agencia
TRX00000524,PRD000749,CLI000749,07/10/2024,App
TRX00000525,PRD001181,CLI000065,24/04/2020,Agencia
TRX00000526,PRD001014,CLI000414,09/04/2023,App
TRX00000527,PRD001329,CLI000329,17/01/2026,App
TRX00000528,PRD000577,CLI000804,07/05/2025,App
TRX00000529,PRD001869,CLI000583,17/03/2020,App
TRX00000530,PRD000853,CLI000191,28/09/2020,App
TRX00000531,PRD001638,CLI000638,24/08/2025,App
TRX00000532,PRD001292,CLI000089,18/03/2020,Agencia
TRX00000533,PRD001880,CLI000735,03/01/2026,Agencia
TRX00000534,PRD001825,CLI000825,08/09/2016,Agencia
TRX00000535,PRD000936,CLI000839,07/01/2020,Agencia
TRX00000536,PRD000590,CLI000367,13/06/2026,App
TRX00000537,PRD001285,CLI000582,22/10/2018,App
TRX00000538,PRD001036,CLI000036,10/08/2025,Agencia
TRX00000539,PRD001254,CLI000722,04/10/2024,Agencia
TRX00000540,PRD000444,CLI000222,19/01/2020,App
TRX00000541,PRD001484,CLI000176,11/03/2022,App
TRX00000542,PRD001816,CLI000714,07/04/2021,App
TRX00000543,PRD001891,CLI000703,05/06/2025,App
TRX00000544,PRD001267,CLI000267,05/06/2025,App
TRX00000545,PRD000876,CLI000490,17/11/2025,Agencia
TRX00000546,PRD000046,CLI000816,26/04/2025,App
TRX00000547,PRD000679,CLI000679,18/04/2023,App
TRX00000548,PRD001631,CLI000530,12/06/2026,App
TRX00000549,PRD000577,CLI000327,06/03/2026,App
TRX00000550,PRD001371,CLI000371,24/02/2025,App
TRX00000551,PRD001172,CLI000443,20/10/2019,App
TRX00000552,PRD001450,CLI000785,24/12/2019,App
TRX00000553,PRD000025,CLI000801,07/01/2026,Agencia
TRX00000554,PRD001422,CLI000422,22/06/2026,App
TRX00000555,PRD000595,CLI000411,07/09/2023,App
TRX00000556,PRD000642,CLI000642,22/03/2016,App
TRX00000557,PRD001499,CLI000499,02/07/2021,App
TRX00000558,PRD001856,CLI000626,12/05/2026,App
TRX00000559,PRD000410,CLI000410,20/08/2023,App
TRX00000560,PRD001565,CLI000565,23/01/2018,App
TRX00000561,PRD001921,CLI000068,20/08/2023,App
TRX00000562,PRD001230,CLI000230,12/04/2026,App
TRX00000563,PRD000572,CLI000046,14/08/2016,App
TRX00000564,PRD001868,CLI000803,25/04/2022,App
TRX00000565,PRD000723,CLI000177,22/06/2022,Agencia
TRX00000566,PRD001678,CLI000600,10/07/2016,App
TRX00000567,PRD000138,CLI000808,13/07/2025,App
TRX00000568,PRD001907,CLI000907,25/12/2014,App
TRX00000569,PRD000966,CLI000303,02/01/2025,App
TRX00000570,PRD000910,CLI000910,19/07/2025,App
TRX00000571,PRD000258,CLI000228,07/06/2025,Agencia
TRX00000572,PRD001968,CLI000046,03/01/2026,App
TRX00000573,PRD001702,CLI000948,19/08/2022,App
TRX00000574,PRD000891,CLI000468,12/01/2018,App
TRX00000575,PRD000524,CLI000133,20/03/2024,App
TRX00000576,PRD001317,CLI000197,15/06/2023,Agencia
TRX00000577,PRD001330,CLI000494,15/09/2025,App
TRX00000578,PRD001601,CLI000369,26/12/2011,Agencia
TRX00000579,PRD000840,CLI000840,10/12/2025,App
TRX00000580,PRD001659,CLI000834,23/06/2025,Agencia
TRX00000581,PRD000270,CLI000072,31/05/2023,App
TRX00000582,PRD001910,CLI000910,26/01/2019,App
TRX00000583,PRD001794,CLI000467,29/07/2023,Agencia
TRX00000584,PRD001889,CLI000889,28/06/2026,App
TRX00000585,PRD000851,CLI000189,05/08/2017,Agencia
TRX00000586,PRD001084,CLI000630,23/07/2023,App
TRX00000587,PRD001385,CLI000889,06/03/2026,App
TRX00000588,PRD000897,CLI000582,29/03/2022,App
TRX00000589,PRD001345,CLI000446,09/07/2016,App
TRX00000590,PRD000557,CLI000908,09/06/2017,App
TRX00000591,PRD000488,CLI000488,23/01/2021,App
TRX00000592,PRD001210,CLI000031,01/02/2025,App
TRX00000593,PRD000588,CLI000567,13/10/2022,App
TRX00000594,PRD000356,CLI000018,12/12/2024,Agencia
TRX00000595,PRD001858,CLI000925,17/08/2024,App
TRX00000596,PRD000003,CLI000754,04/08/2024,App
TRX00000597,PRD000134,CLI000073,04/09/2020,App
TRX00000598,PRD001331,CLI000331,05/01/2026,App
TRX00000599,PRD001142,CLI000013,20/12/2016,App
TRX00000600,PRD001196,CLI000829,22/10/2024,App
TRX00000601,PRD001546,CLI000546,03/01/2025,Agencia
TRX00000602,PRD000761,CLI000273,20/01/2021,Agencia
TRX00000603,PRD001636,CLI000636,08/02/2020,App
TRX00000604,PRD000523,CLI000402,09/04/2026,Agencia
TRX00000605,PRD000608,CLI000494,13/06/2024,Agencia
TRX00000606,PRD000273,CLI000273,21/03/2019,Agencia
TRX00000607,PRD000934,CLI000851,20/07/2026,App
TRX00000608,PRD000587,CLI000227,25/07/2025,App
TRX00000609,PRD000770,CLI000770,16/12/2018,App
TRX00000610,PRD000008,CLI000626,07/11/2023,App
TRX00000611,PRD000473,CLI000289,23/11/2020,App
TRX00000612,PRD001348,CLI000690,23/12/2022,App
TRX00000613,PRD000427,CLI000743,16/08/2025,Agencia
TRX00000614,PRD000210,CLI000864,07/02/2019,App
TRX00000615,PRD001626,CLI000832,05/07/2014,App
TRX00000616,PRD000720,CLI000552,13/12/2021,App
TRX00000617,PRD001644,CLI000722,05/09/2023,Agencia
TRX00000618,PRD000687,CLI000987,18/06/2022,Agencia
TRX00000619,PRD001907,CLI000818,10/09/2019,App
TRX00000620,PRD001025,CLI000064,28/03/2025,App
TRX00000621,PRD000753,CLI000165,13/05/2021,App
TRX00000622,PRD000413,CLI000413,04/06/2026,App
TRX00000623,PRD000506,CLI000218,02/06/2023,Agencia
TRX00000624,PRD000886,CLI000886,14/01/2026,App
TRX00000625,PRD000204,CLI000804,17/04/2024,App
TRX00000626,PRD001004,CLI000028,17/11/2024,Agencia
TRX00000627,PRD001937,CLI000812,10/08/2019,App
TRX00000628,PRD001136,CLI000463,24/12/2021,App
TRX00000629,PRD001791,CLI000791,06/10/2025,Agencia
TRX00000630,PRD001832,CLI000832,09/12/2018,App
TRX00000631,PRD000131,CLI000053,18/06/2026,App
TRX00000632,PRD000820,CLI000715,13/01/2023,App
TRX00000633,PRD001211,CLI000151,08/12/2019,App
TRX00000634,PRD001720,CLI000043,09/08/2026,Agencia
TRX00000635,PRD000331,CLI000078,24/01/2019,App
TRX00000636,PRD000403,CLI000309,28/10/2025,Agencia
TRX00000637,PRD001958,CLI000276,01/01/2019,App
TRX00000638,PRD001347,CLI000436,13/07/2026,App
TRX00000639,PRD001946,CLI000843,30/10/2025,App
TRX00000640,PRD001995,CLI000440,16/11/2019,App
TRX00000641,PRD001312,CLI000388,16/06/2026,App
TRX00000642,PRD000291,CLI000799,04/10/2016,App
TRX00000643,PRD000316,CLI000118,19/02/2014,App
TRX00000644,PRD000143,CLI000434,25/01/2023,App
TRX00000645,PRD000268,CLI000268,17/05/2018,Agencia
TRX00000646,PRD000140,CLI000140,03/01/2011,Agencia
TRX00000647,PRD000254,CLI000254,11/08/2016,App
TRX00000648,PRD000057,CLI000057,16/06/2017,App
TRX00000649,PRD000096,CLI000498,03/11/2025,App
TRX00000650,PRD001622,CLI000774,23/04/2022,App
TRX00000651,PRD000660,CLI000042,06/03/2015,App
TRX00000652,PRD000815,CLI000212,09/07/2018,App
TRX00000653,PRD000806,CLI000518,23/01/2021,App
TRX00000654,PRD000851,CLI000865,12/12/2025,Agencia
TRX00000655,PRD001316,CLI000057,10/11/2020,App
TRX00000656,PRD001870,CLI000601,06/08/2022,App
TRX00000657,PRD000295,CLI000026,08/10/2024,Agencia
TRX00000658,PRD001544,CLI000544,12/11/2024,App
TRX00000659,PRD001756,CLI000074,12/08/2018,Agencia
TRX00000660,PRD002000,CLI000018,30/05/2024,Agencia
TRX00000661,PRD001498,CLI000966,20/04/2024,App
TRX00000662,PRD001090,CLI000090,03/09/2011,Agencia
TRX00000663,PRD000755,CLI000755,27/05/2024,App
TRX00000664,PRD000250,CLI000530,27/01/2025,App
TRX00000665,PRD000864,CLI000460,30/10/2020,Agencia
TRX00000666,PRD001367,CLI000269,15/07/2026,App
TRX00000667,PRD001302,CLI000939,15/08/2026,Agencia
TRX00000668,PRD001789,CLI000537,12/02/2016,Agencia
TRX00000669,PRD001628,CLI000132,19/08/2023,App
TRX00000670,PRD000485,CLI000485,26/02/2018,App
TRX00000671,PRD001252,CLI000252,29/07/2016,App
TRX00000672,PRD001848,CLI000917,31/12/2025,App
TRX00000673,PRD001502,CLI000294,15/08/2012,App
TRX00000674,PRD001590,CLI000558,08/08/2022,App
TRX00000675,PRD000407,CLI000424,30/06/2026,App
TRX00000676,PRD000595,CLI000595,24/04/2022,Agencia
TRX00000677,PRD001759,CLI000771,23/07/2018,Agencia
TRX00000678,PRD000524,CLI000524,08/08/2026,Agencia
TRX00000679,PRD000969,CLI000853,01/05/2014,Agencia
TRX00000680,PRD001104,CLI000475,16/10/2021,Agencia
TRX00000681,PRD001469,CLI000593,12/07/2012,App
TRX00000682,PRD001307,CLI000133,14/01/2026,App
TRX00000683,PRD001690,CLI000884,30/01/2024,App
TRX00000684,PRD001161,CLI000935,14/08/2021,App
TRX00000685,PRD001012,CLI000806,10/06/2026,App
TRX00000686,PRD001164,CLI000657,31/01/2021,App
TRX00000687,PRD000107,CLI000188,11/06/2016,App
TRX00000688,PRD001701,CLI000992,12/08/2020,App
TRX00000689,PRD000269,CLI000269,20/07/2025,Agencia
TRX00000690,PRD000161,CLI000589,24/05/2017,App
TRX00000691,PRD001222,CLI000322,12/06/2018,App
TRX00000692,PRD001789,CLI000789,06/06/2019,App
TRX00000693,PRD000424,CLI000564,24/10/2023,Agencia
TRX00000694,PRD000871,CLI000966,26/06/2019,App
TRX00000695,PRD000999,CLI000924,31/07/2022,App
TRX00000696,PRD001024,CLI000024,21/03/2015,App
TRX00000697,PRD000260,CLI000260,25/03/2023,App
TRX00000698,PRD000127,CLI000288,03/04/2026,App
TRX00000699,PRD000929,CLI000443,20/04/2024,App
TRX00000700,PRD001060,CLI000060,07/05/2019,App
TRX00000701,PRD000590,CLI000839,26/05/2019,App
TRX00000702,PRD001208,CLI000115,18/08/2017,Agencia
TRX00000703,PRD000029,CLI000120,26/05/2025,App
TRX00000704,PRD001670,CLI000670,21/10/2024,App
TRX00000705,PRD001354,CLI000435,04/11/2022,App
TRX00000706,PRD001827,CLI000513,15/09/2023,App
TRX00000707,PRD001632,CLI000620,11/04/2016,App
TRX00000708,PRD000263,CLI000080,24/01/2021,Agencia
TRX00000709,PRD001573,CLI000943,13/09/2025,Agencia
TRX00000710,PRD000400,CLI000400,10/11/2020,App
TRX00000711,PRD001864,CLI000703,02/08/2020,App
TRX00000712,PRD000232,CLI000343,26/05/2014,App
TRX00000713,PRD000920,CLI000920,04/07/2012,App
TRX00000714,PRD001016,CLI000726,31/05/2014,App
TRX00000715,PRD001428,CLI000533,17/10/2023,App
TRX00000716,PRD000189,CLI000137,03/07/2026,App
TRX00000717,PRD000035,CLI000145,20/07/2025,Agencia
TRX00000718,PRD000165,CLI000179,20/06/2022,App
TRX00000719,PRD000776,CLI000966,19/09/2022,Agencia
TRX00000720,PRD001165,CLI000245,30/11/2019,App
TRX00000721,PRD000480,CLI000421,11/03/2015,App
TRX00000722,PRD000960,CLI000370,14/06/2024,App
TRX00000723,PRD000548,CLI000710,21/10/2024,App
TRX00000724,PRD001651,CLI000545,24/05/2021,Agencia
TRX00000725,PRD000852,CLI000852,14/07/2024,App
TRX00000726,PRD000071,CLI000071,04/01/2025,App
TRX00000727,PRD001807,CLI000414,04/11/2023,App
TRX00000728,PRD001576,CLI000802,16/08/2020,App
TRX00000729,PRD000129,CLI000029,14/01/2021,App
TRX00000730,PRD000409,CLI000719,04/02/2021,App
TRX00000731,PRD001595,CLI000965,12/09/2025,App
TRX00000732,PRD000553,CLI000927,18/09/2014,Agencia
TRX00000733,PRD000815,CLI000815,11/06/2020,App
TRX00000734,PRD000958,CLI000772,14/05/2024,App
TRX00000735,PRD000492,CLI000748,17/02/2025,Agencia
TRX00000736,PRD000856,CLI000542,09/04/2022,App
TRX00000737,PRD001795,CLI000348,04/05/2022,App
TRX00000738,PRD000117,CLI000849,22/12/2022,App
TRX00000739,PRD000016,CLI000786,11/08/2018,Agencia
TRX00000740,PRD001419,CLI000959,28/02/2019,App
TRX00000741,PRD001506,CLI000725,25/09/2025,App
TRX00000742,PRD001327,CLI000327,17/08/2026,App
TRX00000743,PRD000453,CLI000453,07/03/2020,Agencia
TRX00000744,PRD001035,CLI000880,08/07/2022,Agencia
TRX00000745,PRD000005,CLI000005,26/05/2026,App
TRX00000746,PRD001165,CLI000763,01/09/2025,App
TRX00000747,PRD001259,CLI000784,18/05/2023,App
TRX00000748,PRD001031,CLI000031,13/01/2025,App
TRX00000749,PRD001751,CLI000438,12/03/2017,App
TRX00000750,PRD000794,CLI000794,03/06/2019,App
TRX00000751,PRD000039,CLI000876,09/11/2020,Agencia
TRX00000752,PRD001635,CLI000635,29/05/2020,App
TRX00000753,PRD000851,CLI000336,04/06/2022,App
TRX00000754,PRD001690,CLI000766,06/04/2016,App
TRX00000755,PRD000610,CLI000760,30/05/2026,App
TRX00000756,PRD000672,CLI000046,20/07/2023,App
TRX00000757,PRD001126,CLI000824,05/09/2022,App
TRX00000758,PRD000566,CLI000048,14/03/2020,App
TRX00000759,PRD001364,CLI000364,25/12/2013,App
TRX00000760,PRD000284,CLI000530,15/01/2021,App
TRX00000761,PRD001368,CLI000368,20/09/2021,App
TRX00000762,PRD000407,CLI000981,07/07/2013,App
TRX00000763,PRD001100,CLI000390,15/02/2019,App
TRX00000764,PRD001370,CLI000809,26/02/2021,App
TRX00000765,PRD001196,CLI000396,02/03/2022,App
TRX00000766,PRD001466,CLI000436,13/08/2022,App
TRX00000767,PRD001758,CLI000326,27/09/2022,App
TRX00000768,PRD000768,CLI000713,14/07/2025,App
TRX00000769,PRD001621,CLI000621,13/11/2010,Agencia
TRX00000770,PRD000946,CLI000473,01/05/2024,Agencia
TRX00000771,PRD000691,CLI000582,12/12/2022,App
TRX00000772,PRD000462,CLI000455,18/09/2020,App
TRX00000773,PRD001583,CLI000406,25/05/2020,App
TRX00000774,PRD001933,CLI000261,29/07/2022,App
TRX00000775,PRD001416,CLI000205,15/11/2018,App
TRX00000776,PRD000777,CLI000221,24/11/2021,App
TRX00000777,PRD000957,CLI000502,12/04/2026,Agencia
TRX00000778,PRD001406,CLI000949,01/06/2026,Agencia
TRX00000779,PRD000966,CLI000459,05/05/2021,App
TRX00000780,PRD001690,CLI000711,18/02/2026,App
TRX00000781,PRD000909,CLI000173,14/07/2025,App
TRX00000782,PRD000728,CLI000092,21/04/2021,App
TRX00000783,PRD000387,CLI000616,17/06/2026,Agencia
TRX00000784,PRD001336,CLI000369,24/10/2021,Agencia
TRX00000785,PRD001140,CLI000692,08/09/2020,App
TRX00000786,PRD000180,CLI000620,04/03/2012,App
TRX00000787,PRD001913,CLI000658,06/10/2019,Agencia
TRX00000788,PRD001836,CLI000836,28/05/2022,Agencia
TRX00000789,PRD000243,CLI000354,25/07/2026,Agencia
TRX00000790,PRD000032,CLI000032,26/08/2022,App
TRX00000791,PRD000437,CLI000527,25/07/2025,App
TRX00000792,PRD001956,CLI000653,24/07/2020,App
TRX00000793,PRD001852,CLI000704,15/04/2021,Agencia
TRX00000794,PRD000304,CLI000911,07/05/2026,App
TRX00000795,PRD000434,CLI000270,29/09/2025,App
TRX00000796,PRD001481,CLI000866,06/08/2019,App
TRX00000797,PRD000791,CLI000802,07/03/2026,Agencia
TRX00000798,PRD001502,CLI000502,02/10/2024,App
TRX00000799,PRD001513,CLI000117,31/03/2017,Agencia
TRX00000800,PRD001003,CLI000484,15/10/2024,Agencia
TRX00000801,PRD000216,CLI000045,28/09/2018,Agencia
TRX00000802,PRD001097,CLI000097,30/03/2022,Agencia
TRX00000803,PRD000951,CLI000342,21/03/2019,Agencia
TRX00000804,PRD000670,CLI000706,27/04/2026,App
TRX00000805,PRD001234,CLI000681,29/03/2025,Agencia
TRX00000806,PRD001855,CLI000047,02/03/2026,Agencia
TRX00000807,PRD000099,CLI000695,03/12/2022,App
TRX00000808,PRD001169,CLI000392,25/12/2022,App
TRX00000809,PRD001070,CLI000070,05/12/2022,App
TRX00000810,PRD000678,CLI000376,22/09/2019,Agencia
TRX00000811,PRD001732,CLI000895,29/01/2026,App
TRX00000812,PRD000524,CLI000311,14/01/2020,Agencia
TRX00000813,PRD000806,CLI000739,16/06/2026,App
TRX00000814,PRD000125,CLI000178,10/07/2026,Agencia
TRX00000815,PRD001704,CLI000990,14/12/2023,App
TRX00000816,PRD000471,CLI000502,04/09/2024,App
TRX00000817,PRD001742,CLI000622,25/04/2025,Agencia
TRX00000818,PRD000740,CLI000740,03/01/2025,App
TRX00000819,PRD001333,CLI000595,16/06/2023,App
TRX00000820,PRD000632,CLI000981,13/07/2024,App
TRX00000821,PRD000002,CLI000054,27/06/2021,App
TRX00000822,PRD001539,CLI000245,02/03/2022,Agencia
TRX00000823,PRD000460,CLI000620,15/05/2021,App
TRX00000824,PRD000875,CLI000875,18/08/2026,Agencia
TRX00000825,PRD000750,CLI000750,18/03/2018,App
TRX00000826,PRD001923,CLI000923,02/07/2024,Agencia
TRX00000827,PRD000604,CLI000604,10/03/2022,App
TRX00000828,PRD001910,CLI000008,07/02/2023,Agencia
TRX00000829,PRD000998,CLI000998,01/10/2023,App
TRX00000830,PRD000326,CLI000326,08/11/2022,App
TRX00000831,PRD000681,CLI000681,25/04/2018,App
TRX00000832,PRD001541,CLI000605,07/05/2018,App
TRX00000833,PRD000555,CLI000715,20/07/2026,App
TRX00000834,PRD000685,CLI000699,24/03/2024,Agencia
TRX00000835,PRD000814,CLI000226,21/07/2023,App
TRX00000836,PRD000112,CLI000805,27/05/2026,App
TRX00000837,PRD001774,CLI000415,31/01/2024,App
TRX00000838,PRD001118,CLI000788,06/09/2025,App
TRX00000839,PRD000588,CLI000588,04/06/2019,App
TRX00000840,PRD001188,CLI000373,31/08/2023,App
TRX00000841,PRD000221,CLI000865,10/08/2023,Agencia
TRX00000842,PRD000469,CLI000822,03/06/2024,App
TRX00000843,PRD000436,CLI000562,09/10/2025,App
TRX00000844,PRD001007,CLI000801,01/05/2026,App
TRX00000845,PRD000807,CLI000349,07/04/2023,App
TRX00000846,PRD001088,CLI000088,02/06/2021,App
TRX00000847,PRD001651,CLI000370,18/01/2019,App
TRX00000848,PRD001682,CLI000085,12/06/2025,App
TRX00000849,PRD000049,CLI000978,09/12/2013,App
TRX00000850,PRD000742,CLI000742,18/04/2024,Agencia
TRX00000851,PRD000718,CLI000718,15/03/2020,App
TRX00000852,PRD001934,CLI000908,24/08/2022,App
TRX00000853,PRD000614,CLI000707,01/06/2026,App
TRX00000854,PRD001140,CLI000303,02/05/2025,App
TRX00000855,PRD000964,CLI000990,19/06/2021,App
TRX00000856,PRD001848,CLI000848,10/01/2026,Agencia
TRX00000857,PRD001023,CLI000246,03/09/2025,App
TRX00000858,PRD000012,CLI000121,12/04/2026,App
TRX00000859,PRD000434,CLI000709,31/01/2021,Agencia
TRX00000860,PRD001387,CLI000032,23/10/2017,Agencia
TRX00000861,PRD000392,CLI000113,28/09/2021,App
TRX00000862,PRD001218,CLI000939,05/04/2026,App
TRX00000863,PRD000407,CLI000783,18/10/2015,Agencia
TRX00000864,PRD001025,CLI000491,13/03/2024,App
TRX00000865,PRD001855,CLI000887,12/02/2022,App
TRX00000866,PRD001904,CLI000826,16/02/2019,App
TRX00000867,PRD001212,CLI000461,30/04/2026,App
TRX00000868,PRD001770,CLI000368,25/11/2023,App
TRX00000869,PRD001641,CLI000758,16/09/2022,App
TRX00000870,PRD001028,CLI000018,25/09/2013,App
TRX00000871,PRD001280,CLI000048,23/08/2021,App
TRX00000872,PRD001158,CLI000267,12/02/2017,App
TRX00000873,PRD000376,CLI000376,28/02/2017,Agencia
TRX00000874,PRD000734,CLI000906,09/08/2014,App
TRX00000875,PRD000200,CLI000128,10/06/2025,App
TRX00000876,PRD001053,CLI000368,20/04/2023,App
TRX00000877,PRD000360,CLI000351,18/10/2024,App
TRX00000878,PRD000698,CLI000738,20/06/2023,App
TRX00000879,PRD001561,CLI000884,26/06/2026,App
TRX00000880,PRD000389,CLI000346,24/02/2023,App
TRX00000881,PRD001082,CLI000360,19/10/2011,App
TRX00000882,PRD001466,CLI000300,16/01/2024,App
TRX00000883,PRD001059,CLI000390,14/10/2023,App
TRX00000884,PRD000596,CLI000546,22/11/2024,App
TRX00000885,PRD001428,CLI000331,31/05/2021,Agencia
TRX00000886,PRD001314,CLI000773,02/10/2021,App
TRX00000887,PRD001461,CLI000613,08/02/2021,App
TRX00000888,PRD001575,CLI000308,06/03/2020,Agencia
TRX00000889,PRD001262,CLI000018,15/12/2018,Agencia
TRX00000890,PRD000530,CLI000177,03/06/2017,App
TRX00000891,PRD001706,CLI000870,13/07/2021,Agencia
TRX00000892,PRD001396,CLI000792,17/07/2014,Agencia
TRX00000893,PRD000350,CLI000823,13/08/2023,Agencia
TRX00000894,PRD001009,CLI000465,11/04/2019,App
TRX00000895,PRD000361,CLI000995,14/08/2024,App
TRX00000896,PRD001150,CLI000860,08/07/2026,App
TRX00000897,PRD000045,CLI000045,06/11/2017,Agencia
TRX00000898,PRD000968,CLI000567,17/08/2021,Agencia
TRX00000899,PRD000110,CLI000891,10/09/2015,App
TRX00000900,PRD001884,CLI000307,20/04/2026,Agencia
TRX00000901,PRD001017,CLI000994,01/04/2023,App
TRX00000902,PRD001245,CLI000224,25/04/2024,Agencia
TRX00000903,PRD001305,CLI000305,25/04/2022,App
TRX00000904,PRD000291,CLI000971,09/08/2025,App
TRX00000905,PRD001568,CLI000219,10/07/2017,App
TRX00000906,PRD000258,CLI000258,24/02/2020,App
TRX00000907,PRD001814,CLI000497,06/11/2018,App
TRX00000908,PRD001961,CLI000961,27/03/2026,App
TRX00000909,PRD001958,CLI000958,15/05/2025,Agencia
TRX00000910,PRD000959,CLI000820,12/10/2024,Agencia
TRX00000911,PRD001259,CLI000783,23/04/2017,App
TRX00000912,PRD000366,CLI000366,09/08/2026,App
TRX00000913,PRD000456,CLI000456,06/10/2025,Agencia
TRX00000914,PRD000416,CLI000100,14/12/2024,App
TRX00000915,PRD001173,CLI000565,24/01/2019,App
TRX00000916,PRD000809,CLI000868,11/09/2024,Agencia
TRX00000917,PRD001447,CLI000396,07/04/2022,App
TRX00000918,PRD000117,CLI000083,29/01/2022,App
TRX00000919,PRD001180,CLI000180,27/10/2015,App
TRX00000920,PRD000597,CLI000890,04/10/2022,App
TRX00000921,PRD001057,CLI000788,04/02/2025,App
TRX00000922,PRD001806,CLI000806,07/07/2025,App
TRX00000923,PRD001943,CLI000943,04/12/2024,App
TRX00000924,PRD001263,CLI000468,06/04/2024,App
TRX00000925,PRD001631,CLI000631,24/04/2026,App
TRX00000926,PRD001424,CLI000004,07/02/2026,App
TRX00000927,PRD001000,CLI001000,13/04/2020,App
TRX00000928,PRD001895,CLI000536,30/08/2017,Agencia
TRX00000929,PRD001502,CLI000265,07/06/2021,App
TRX00000930,PRD001003,CLI000315,26/11/2023,App
TRX00000931,PRD000795,CLI000759,07/02/2025,App
TRX00000932,PRD001496,CLI000996,30/11/2024,App
TRX00000933,PRD001878,CLI000056,15/08/2022,App
TRX00000934,PRD000569,CLI000485,26/04/2019,Agencia
TRX00000935,PRD001446,CLI000446,26/02/2025,Agencia
TRX00000936,PRD000922,CLI000922,14/03/2015,Agencia
TRX00000937,PRD000665,CLI000789,20/07/2021,App
TRX00000938,PRD000174,CLI000776,06/10/2012,App
TRX00000939,PRD000187,CLI000317,01/03/2026,App
TRX00000940,PRD000340,CLI000340,16/07/2022,App
TRX00000941,PRD001872,CLI000227,13/09/2025,App
TRX00000942,PRD001993,CLI000993,06/06/2022,App
TRX00000943,PRD000775,CLI000708,20/03/2024,App
TRX00000944,PRD000646,CLI000646,27/04/2020,App
TRX00000945,PRD001132,CLI000671,25/02/2026,App
TRX00000946,PRD000282,CLI000282,16/10/2024,App
TRX00000947,PRD001368,CLI000318,26/04/2024,App
TRX00000948,PRD000514,CLI000160,21/01/2024,Agencia
TRX00000949,PRD001938,CLI000748,16/04/2026,App
TRX00000950,PRD000548,CLI000669,24/02/2023,App
TRX00000951,PRD000021,CLI000564,12/07/2021,App
TRX00000952,PRD000216,CLI000339,21/07/2018,App
TRX00000953,PRD001713,CLI000952,18/02/2024,App
TRX00000954,PRD001151,CLI000151,29/03/2021,App
TRX00000955,PRD001087,CLI000087,13/10/2012,App
TRX00000956,PRD001811,CLI000924,22/10/2024,App
TRX00000957,PRD000732,CLI000732,15/08/2026,Agencia
TRX00000958,PRD001537,CLI000537,13/05/2018,App
TRX00000959,PRD000955,CLI000955,03/08/2010,App
TRX00000960,PRD001589,CLI000471,17/07/2016,App
TRX00000961,PRD000647,CLI000034,20/08/2018,App
TRX00000962,PRD000409,CLI000438,13/01/2021,Agencia
TRX00000963,PRD000649,CLI000774,14/01/2023,App
TRX00000964,PRD001175,CLI000674,21/03/2024,App
TRX00000965,PRD000735,CLI000935,18/11/2024,Agencia
TRX00000966,PRD001815,CLI000847,07/08/2010,App
TRX00000967,PRD000363,CLI000363,28/09/2023,App
TRX00000968,PRD001758,CLI000758,16/09/2021,App
TRX00000969,PRD000336,CLI000624,02/02/2014,App
TRX00000970,PRD000924,CLI000485,18/02/2018,App
TRX00000971,PRD000653,CLI000618,13/09/2024,Agencia
TRX00000972,PRD001638,CLI000987,27/06/2018,App
TRX00000973,PRD001030,CLI000797,19/09/2016,Agencia
TRX00000974,PRD000086,CLI000317,30/11/2025,Agencia
TRX00000975,PRD000117,CLI000121,20/08/2026,App
TRX00000976,PRD000051,CLI000548,22/10/2022,App
TRX00000977,PRD001351,CLI000626,12/04/2021,App
TRX00000978,PRD000164,CLI000203,08/05/2021,Agencia
TRX00000979,PRD000317,CLI000317,04/04/2026,App
TRX00000980,PRD000753,CLI000098,15/05/2016,App
TRX00000981,PRD001907,CLI000907,27/10/2023,App
TRX00000982,PRD000873,CLI000873,20/02/2026,App
TRX00000983,PRD000703,CLI000618,20/02/2019,App
TRX00000984,PRD000085,CLI000439,12/04/2025,Agencia
TRX00000985,PRD000769,CLI000769,16/11/2023,App
TRX00000986,PRD000825,CLI000897,13/05/2026,App
TRX00000987,PRD000522,CLI000522,30/08/2024,App
TRX00000988,PRD001099,CLI000099,11/06/2026,App
TRX00000989,PRD000556,CLI000404,18/05/2023,App
TRX00000990,PRD000914,CLI000914,13/08/2019,App
TRX00000991,PRD000208,CLI000135,18/06/2026,Agencia
TRX00000992,PRD001477,CLI000378,25/11/2021,App
TRX00000993,PRD000753,CLI000667,12/10/2022,App
TRX00000994,PRD001748,CLI000500,05/09/2022,Agencia
TRX00000995,PRD001702,CLI000541,20/07/2023,App
TRX00000996,PRD001338,CLI000339,20/01/2024,Agencia
TRX00000997,PRD001284,CLI000284,16/10/2024,App
TRX00000998,PRD001716,CLI000169,30/04/2025,App
TRX00000999,PRD000024,CLI000024,24/06/2016,App
TRX00001000,PRD000149,CLI000693,14/01/2025,Agencia
TRX00001001,PRD000721,CLI000582,09/02/2019,App
TRX00001002,PRD001703,CLI000443,21/10/2022,App
TRX00001003,PRD000987,CLI000987,17/09/2022,App
TRX00001004,PRD001938,CLI000938,01/02/2026,Agencia
TRX00001005,PRD000168,CLI000188,15/03/2026,App
TRX00001006,PRD000693,CLI000693,19/07/2015,App
TRX00001007,PRD000675,CLI000398,22/12/2024,App
TRX00001008,PRD001058,CLI000128,21/03/2026,App
TRX00001009,PRD000181,CLI000293,02/04/2026,App
TRX00001010,PRD000844,CLI000518,01/12/2022,App
TRX00001011,PRD000368,CLI000368,28/07/2026,Agencia
TRX00001012,PRD001201,CLI000490,21/11/2025,Agencia
TRX00001013,PRD001348,CLI000530,20/11/2015,App
TRX00001014,PRD000403,CLI000683,28/05/2026,App
TRX00001015,PRD000602,CLI000826,01/08/2025,App
TRX00001016,PRD001356,CLI000356,21/04/2019,App
TRX00001017,PRD001371,CLI000538,23/08/2018,Agencia
TRX00001018,PRD000006,CLI000006,06/06/2026,Agencia
TRX00001019,PRD001639,CLI000751,03/01/2026,App
TRX00001020,PRD000521,CLI000628,24/03/2018,App
TRX00001021,PRD001546,CLI000882,04/01/2021,App
TRX00001022,PRD001074,CLI000117,28/07/2023,App
TRX00001023,PRD000910,CLI000896,03/09/2020,App
TRX00001024,PRD000100,CLI000988,22/12/2025,App
TRX00001025,PRD001588,CLI000185,10/03/2026,App
TRX00001026,PRD000264,CLI000966,03/03/2020,App
TRX00001027,PRD000626,CLI000626,11/03/2022,App
TRX00001028,PRD000610,CLI000297,17/06/2026,Agencia
TRX00001029,PRD001141,CLI000885,13/08/2022,App
TRX00001030,PRD000294,CLI000177,25/03/2022,Agencia
TRX00001031,PRD000903,CLI000960,12/10/2025,App
TRX00001032,PRD000107,CLI000296,27/11/2011,Agencia
TRX00001033,PRD000786,CLI000786,15/01/2021,App
TRX00001034,PRD001369,CLI000592,04/06/2024,Agencia
TRX00001035,PRD000184,CLI000184,15/12/2023,App
TRX00001036,PRD001630,CLI000041,02/08/2026,Agencia
TRX00001037,PRD001870,CLI000339,18/10/2016,App
TRX00001038,PRD001934,CLI000934,17/03/2022,App
TRX00001039,PRD001726,CLI000489,27/03/2022,App
TRX00001040,PRD001895,CLI000682,18/11/2019,Agencia
TRX00001041,PRD000237,CLI000637,28/02/2024,App
TRX00001042,PRD001625,CLI000625,04/06/2024,App
TRX00001043,PRD000584,CLI000330,14/06/2026,App
TRX00001044,PRD001583,CLI000034,20/07/2022,App
TRX00001045,PRD000158,CLI000103,26/06/2026,Agencia
TRX00001046,PRD000165,CLI000905,02/08/2026,App
TRX00001047,PRD000880,CLI000686,25/10/2025,Agencia
TRX00001048,PRD001891,CLI000891,16/09/2022,App
TRX00001049,PRD001143,CLI000143,16/03/2017,Agencia
TRX00001050,PRD000953,CLI000953,31/01/2025,Agencia
TRX00001051,PRD000600,CLI000409,14/04/2025,Agencia
TRX00001052,PRD001490,CLI000191,08/03/2018,Agencia
TRX00001053,PRD000135,CLI000342,21/02/2024,App
TRX00001054,PRD000211,CLI000488,04/01/2025,App
TRX00001055,PRD000245,CLI000343,06/05/2016,App
TRX00001056,PRD001969,CLI000560,09/04/2026,App
TRX00001057,PRD001612,CLI000592,28/05/2026,Agencia
TRX00001058,PRD001846,CLI000489,26/04/2024,App
TRX00001059,PRD001279,CLI000842,04/11/2024,App
TRX00001060,PRD001901,CLI000272,06/07/2014,Agencia
TRX00001061,PRD001539,CLI000970,23/12/2023,App
TRX00001062,PRD001706,CLI000504,07/03/2023,Agencia
TRX00001063,PRD001552,CLI000299,06/07/2018,App
TRX00001064,PRD000408,CLI000043,05/06/2025,App
TRX00001065,PRD000144,CLI000297,04/08/2026,Agencia
TRX00001066,PRD000225,CLI000478,25/06/2017,App
TRX00001067,PRD001813,CLI000243,13/09/2024,App
TRX00001068,PRD000641,CLI000724,28/04/2024,App
TRX00001069,PRD000220,CLI000017,10/05/2020,App
TRX00001070,PRD001614,CLI000614,11/04/2022,Agencia
TRX00001071,PRD000485,CLI000889,15/11/2025,App
TRX00001072,PRD000321,CLI000180,19/01/2023,App
TRX00001073,PRD001366,CLI000504,26/06/2022,Agencia
TRX00001074,PRD001532,CLI000977,23/09/2020,App
TRX00001075,PRD000742,CLI000937,27/10/2019,App
TRX00001076,PRD001941,CLI000636,24/09/2018,App
TRX00001077,PRD001621,CLI000196,11/07/2019,App
TRX00001078,PRD000281,CLI000336,12/01/2023,Agencia
TRX00001079,PRD001023,CLI000896,24/09/2017,App
TRX00001080,PRD001653,CLI000653,29/04/2024,Agencia
TRX00001081,PRD000892,CLI000935,13/11/2022,App
TRX00001082,PRD001494,CLI000558,24/03/2024,App
TRX00001083,PRD001246,CLI000245,14/03/2022,Agencia
TRX00001084,PRD000230,CLI000159,25/08/2025,App
TRX00001085,PRD001165,CLI000674,20/01/2023,App
TRX00001086,PRD000175,CLI000815,12/04/2022,Agencia
TRX00001087,PRD000214,CLI000224,14/07/2020,Agencia
TRX00001088,PRD000335,CLI000053,25/09/2022,App
TRX00001089,PRD000181,CLI000652,23/08/2024,Agencia
TRX00001090,PRD001959,CLI000980,07/12/2023,App
TRX00001091,PRD000410,CLI000622,30/07/2016,App
TRX00001092,PRD000283,CLI000078,07/01/2016,App
TRX00001093,PRD001758,CLI000516,13/12/2015,Agencia
TRX00001094,PRD001011,CLI000685,20/12/2025,App
TRX00001095,PRD001768,CLI000033,02/02/2021,Agencia
TRX00001096,PRD000534,CLI000006,20/07/2026,Agencia
TRX00001097,PRD000312,CLI000312,01/07/2024,App
TRX00001098,PRD000362,CLI000059,28/10/2024,Agencia
TRX00001099,PRD000630,CLI000323,23/04/2021,App
TRX00001100,PRD000809,CLI000983,03/10/2018,App
TRX00001101,PRD001163,CLI000148,30/09/2020,App
TRX00001102,PRD000579,CLI000474,01/10/2023,Agencia
TRX00001103,PRD001825,CLI000011,24/07/2026,App
TRX00001104,PRD000344,CLI000728,17/11/2023,App
TRX00001105,PRD001208,CLI000990,05/08/2018,Agencia
TRX00001106,PRD000693,CLI000281,08/09/2025,App
TRX00001107,PRD001118,CLI000118,21/03/2025,App
TRX00001108,PRD001304,CLI000953,08/12/2018,App
TRX00001109,PRD001781,CLI000781,25/05/2012,App
TRX00001110,PRD001247,CLI000323,31/10/2015,App
TRX00001111,PRD001359,CLI000362,19/03/2020,Agencia
TRX00001112,PRD000715,CLI000734,12/07/2022,App
TRX00001113,PRD001771,CLI000771,31/05/2025,App
TRX00001114,PRD001416,CLI000453,09/08/2024,Agencia
TRX00001115,PRD000266,CLI000266,11/03/2015,Agencia
TRX00001116,PRD000578,CLI000827,05/05/2024,Agencia
TRX00001117,PRD000225,CLI000225,31/07/2025,App
TRX00001118,PRD001156,CLI000216,03/12/2025,App
TRX00001119,PRD001717,CLI000173,30/11/2024,App
TRX00001120,PRD000799,CLI000382,25/07/2021,App
TRX00001121,PRD001606,CLI000374,03/11/2025,App
TRX00001122,PRD001425,CLI000296,08/05/2020,App
TRX00001123,PRD000493,CLI000323,07/02/2024,Agencia
TRX00001124,PRD000073,CLI000965,09/10/2022,App
TRX00001125,PRD001284,CLI000102,11/01/2023,App
TRX00001126,PRD001526,CLI000526,03/11/2025,App
TRX00001127,PRD000922,CLI000308,15/03/2011,Agencia
TRX00001128,PRD000407,CLI000800,01/02/2020,App
TRX00001129,PRD001601,CLI000654,15/07/2026,App
TRX00001130,PRD001645,CLI000738,20/04/2025,App
TRX00001131,PRD001584,CLI000460,29/09/2012,Agencia
TRX00001132,PRD000590,CLI000751,14/12/2018,App
TRX00001133,PRD001986,CLI000840,11/08/2025,App
TRX00001134,PRD001426,CLI000278,19/05/2012,App
TRX00001135,PRD000839,CLI000860,08/07/2026,App
TRX00001136,PRD001388,CLI000403,11/06/2026,App
TRX00001137,PRD001156,CLI000156,07/08/2025,App
TRX00001138,PRD000142,CLI000174,09/07/2026,Agencia
TRX00001139,PRD000026,CLI000026,17/06/2012,Agencia
TRX00001140,PRD001254,CLI000371,25/07/2025,Agencia
TRX00001141,PRD001322,CLI000315,31/07/2022,App
TRX00001142,PRD001311,CLI000494,05/08/2024,Agencia
TRX00001143,PRD001253,CLI000407,29/12/2019,App
TRX00001144,PRD001097,CLI000542,03/12/2010,App
TRX00001145,PRD000504,CLI000525,12/07/2012,App
TRX00001146,PRD000562,CLI000978,05/04/2017,App
TRX00001147,PRD000646,CLI000627,01/07/2026,App
TRX00001148,PRD001453,CLI000693,30/03/2015,Agencia
TRX00001149,PRD001987,CLI000330,26/05/2022,App
TRX00001150,PRD000373,CLI000984,08/05/2019,Agencia
TRX00001151,PRD001359,CLI000516,01/08/2026,Agencia
TRX00001152,PRD000890,CLI000784,19/03/2025,App
TRX00001153,PRD001307,CLI000027,20/09/2025,App
TRX00001154,PRD000257,CLI000979,17/04/2023,App
TRX00001155,PRD000875,CLI000827,03/03/2024,App
TRX00001156,PRD001098,CLI000282,17/02/2024,App
TRX00001157,PRD001034,CLI000533,15/07/2023,App
TRX00001158,PRD001884,CLI000269,27/08/2025,Agencia
TRX00001159,PRD000373,CLI000045,18/05/2026,App
TRX00001160,PRD000334,CLI000373,19/09/2023,App
TRX00001161,PRD001016,CLI000660,21/06/2025,App
TRX00001162,PRD000861,CLI000230,15/08/2026,App
TRX00001163,PRD000385,CLI000979,29/06/2022,App
TRX00001164,PRD000160,CLI000339,10/11/2025,App
TRX00001165,PRD001980,CLI000104,26/10/2017,App
TRX00001166,PRD001000,CLI000982,03/10/2024,App
TRX00001167,PRD000745,CLI000607,26/06/2019,Agencia
TRX00001168,PRD001536,CLI000536,21/10/2017,App
TRX00001169,PRD000270,CLI000133,02/05/2025,App
TRX00001170,PRD001112,CLI000675,28/06/2019,App
TRX00001171,PRD000559,CLI000178,07/03/2022,Agencia
TRX00001172,PRD000499,CLI000308,05/05/2016,App
TRX00001173,PRD001361,CLI000361,09/04/2026,App
TRX00001174,PRD000877,CLI000859,02/04/2012,App
TRX00001175,PRD000967,CLI000335,10/02/2025,Agencia
TRX00001176,PRD000149,CLI000142,06/08/2024,App
TRX00001177,PRD001086,CLI000247,04/12/2020,App
TRX00001178,PRD000793,CLI000793,12/04/2026,Agencia
TRX00001179,PRD000074,CLI000918,07/05/2020,Agencia
TRX00001180,PRD000248,CLI000248,18/09/2022,Agencia
TRX00001181,PRD001272,CLI000815,02/06/2016,App
TRX00001182,PRD000215,CLI000415,28/12/2025,App
TRX00001183,PRD001436,CLI000554,30/07/2021,App
TRX00001184,PRD001916,CLI000681,28/12/2015,App
TRX00001185,PRD001960,CLI000633,04/07/2020,App
TRX00001186,PRD001882,CLI000372,27/03/2023,Agencia
TRX00001187,PRD000649,CLI000896,28/08/2016,App
TRX00001188,PRD000163,CLI000163,01/03/2022,App
TRX00001189,PRD000729,CLI000729,23/03/2025,App
TRX00001190,PRD001511,CLI000511,17/01/2023,App
TRX00001191,PRD000639,CLI000635,30/06/2024,App
TRX00001192,PRD001548,CLI000665,30/05/2020,App
TRX00001193,PRD001339,CLI000668,10/10/2024,App
TRX00001194,PRD000813,CLI000096,28/02/2018,App
TRX00001195,PRD001490,CLI000554,04/04/2019,Agencia
TRX00001196,PRD000006,CLI000345,08/08/2022,App
TRX00001197,PRD000999,CLI000354,21/09/2013,App
TRX00001198,PRD001139,CLI000169,17/01/2026,Agencia
TRX00001199,PRD000858,CLI000345,21/06/2019,App
TRX00001200,PRD001755,CLI000220,29/01/2020,App
TRX00001201,PRD001798,CLI000360,29/06/2017,App
TRX00001202,PRD000696,CLI000004,19/08/2026,Agencia
TRX00001203,PRD001961,CLI000722,01/08/2026,App
TRX00001204,PRD000242,CLI000912,14/12/2014,Agencia
TRX00001205,PRD001775,CLI000976,16/07/2025,App
TRX00001206,PRD000551,CLI000192,19/11/2025,App
TRX00001207,PRD001860,CLI000955,13/10/2014,Agencia
TRX00001208,PRD001131,CLI000131,11/02/2024,App
TRX00001209,PRD000210,CLI000213,12/10/2023,App
TRX00001210,PRD000317,CLI000330,28/06/2024,App
TRX00001211,PRD000988,CLI000698,31/07/2020,Agencia
TRX00001212,PRD001622,CLI000458,13/07/2026,App
TRX00001213,PRD001880,CLI000880,11/04/2018,App
TRX00001214,PRD001853,CLI000130,29/05/2019,Agencia
TRX00001215,PRD000525,CLI000281,12/01/2025,App
TRX00001216,PRD000628,CLI000008,22/03/2024,App
TRX00001217,PRD001270,CLI000910,25/08/2023,App
TRX00001218,PRD000341,CLI000657,23/05/2017,App
TRX00001219,PRD000313,CLI000588,06/08/2019,App
TRX00001220,PRD000867,CLI000108,24/08/2017,Agencia
TRX00001221,PRD000027,CLI000355,03/11/2021,App
TRX00001222,PRD000650,CLI000326,01/01/2018,App
TRX00001223,PRD000260,CLI000393,31/10/2025,App
TRX00001224,PRD001887,CLI000169,18/03/2025,App
TRX00001225,PRD001149,CLI000360,25/02/2020,App
TRX00001226,PRD001699,CLI000699,03/07/2025,App
TRX00001227,PRD000988,CLI000813,22/10/2021,App
TRX00001228,PRD000579,CLI000510,26/06/2022,Agencia
TRX00001229,PRD001915,CLI000733,04/09/2023,App
TRX00001230,PRD001593,CLI000593,28/04/2013,Agencia
TRX00001231,PRD001674,CLI000644,24/02/2025,Agencia
TRX00001232,PRD001748,CLI000229,11/10/2020,App
TRX00001233,PRD000718,CLI000567,11/10/2025,App
TRX00001234,PRD001730,CLI000815,12/08/2026,App
TRX00001235,PRD000794,CLI000820,16/06/2026,App
TRX00001236,PRD000487,CLI000544,21/02/2022,Agencia
TRX00001237,PRD000546,CLI000400,27/01/2020,App
TRX00001238,PRD000286,CLI000835,06/02/2026,App
TRX00001239,PRD000977,CLI000133,23/03/2025,App
TRX00001240,PRD000171,CLI000171,12/08/2022,Agencia
TRX00001241,PRD000300,CLI000300,08/05/2024,Agencia
TRX00001242,PRD001434,CLI000010,01/02/2023,Agencia
TRX00001243,PRD001797,CLI000188,29/11/2016,Agencia
TRX00001244,PRD001705,CLI000167,29/04/2025,App
TRX00001245,PRD000827,CLI000827,23/09/2023,Agencia
TRX00001246,PRD000081,CLI000563,07/03/2017,Agencia
TRX00001247,PRD001727,CLI000727,27/08/2017,App
TRX00001248,PRD000849,CLI000901,23/10/2017,Agencia
TRX00001249,PRD001178,CLI000768,12/09/2017,Agencia
TRX00001250,PRD001415,CLI000347,10/03/2026,App
TRX00001251,PRD001174,CLI000568,30/10/2016,App
TRX00001252,PRD001372,CLI000975,17/08/2014,App
TRX00001253,PRD001711,CLI000357,24/05/2025,Agencia
TRX00001254,PRD001528,CLI000941,29/05/2022,App
TRX00001255,PRD000849,CLI000796,08/04/2016,App
TRX00001256,PRD000648,CLI000144,16/11/2019,App
TRX00001257,PRD001689,CLI000098,06/10/2015,Agencia
TRX00001258,PRD000753,CLI000753,11/10/2017,App
TRX00001259,PRD001678,CLI000222,03/10/2017,App
TRX00001260,PRD000045,CLI000220,01/02/2024,Agencia
TRX00001261,PRD000321,CLI000250,19/09/2020,Agencia
TRX00001262,PRD000930,CLI000996,08/07/2026,App
TRX00001263,PRD001402,CLI000402,20/04/2026,App
TRX00001264,PRD000613,CLI000613,18/01/2021,App
TRX00001265,PRD001778,CLI000025,10/09/2023,App
TRX00001266,PRD001486,CLI000466,13/02/2022,App
TRX00001267,PRD001985,CLI000456,14/02/2026,Agencia
TRX00001268,PRD000656,CLI000990,25/06/2020,App
TRX00001269,PRD000829,CLI000893,23/11/2022,Agencia
TRX00001270,PRD001399,CLI000529,30/12/2016,Agencia
TRX00001271,PRD000761,CLI000761,24/05/2014,Agencia
TRX00001272,PRD001160,CLI000299,15/11/2025,App
TRX00001273,PRD000338,CLI000540,14/05/2021,App
TRX00001274,PRD000767,CLI000364,27/06/2013,App
TRX00001275,PRD000898,CLI000142,18/03/2026,App
TRX00001276,PRD000174,CLI000975,30/01/2022,Agencia
TRX00001277,PRD000979,CLI000775,01/05/2026,App
TRX00001278,PRD001163,CLI000419,01/05/2023,App
TRX00001279,PRD001304,CLI000304,06/07/2018,App
TRX00001280,PRD000129,CLI000886,06/02/2025,App
TRX00001281,PRD001187,CLI000584,19/10/2015,App
TRX00001282,PRD000926,CLI000446,29/11/2018,App
TRX00001283,PRD001289,CLI000924,15/01/2025,App
TRX00001284,PRD001630,CLI000965,01/10/2024,App
TRX00001285,PRD000570,CLI000384,07/02/2022,Agencia
TRX00001286,PRD001721,CLI000230,28/07/2026,Agencia
TRX00001287,PRD000320,CLI000320,08/01/2022,App
TRX00001288,PRD001289,CLI000557,23/08/2021,Agencia
TRX00001289,PRD001716,CLI000762,24/07/2022,App
TRX00001290,PRD000403,CLI000750,19/09/2016,App
TRX00001291,PRD000586,CLI000906,19/12/2015,App
TRX00001292,PRD000797,CLI000915,14/12/2020,Agencia
TRX00001293,PRD001328,CLI000187,25/06/2026,App
TRX00001294,PRD000996,CLI000996,16/07/2023,App
TRX00001295,PRD001147,CLI000147,23/12/2021,App
TRX00001296,PRD001578,CLI000578,13/08/2026,Agencia
TRX00001297,PRD000170,CLI000753,06/03/2024,App
TRX00001298,PRD000008,CLI000008,21/10/2023,Agencia
TRX00001299,PRD001110,CLI000110,28/06/2026,App
TRX00001300,PRD001412,CLI000874,12/02/2024,Agencia
TRX00001301,PRD001744,CLI000744,26/03/2026,App
TRX00001302,PRD001800,CLI000919,14/04/2026,App
TRX00001303,PRD000945,CLI000464,23/04/2024,App
TRX00001304,PRD000889,CLI000560,16/11/2025,App
TRX00001305,PRD000288,CLI000288,06/03/2026,Agencia
TRX00001306,PRD000520,CLI000827,08/03/2023,App
TRX00001307,PRD001404,CLI000646,22/02/2021,App
TRX00001308,PRD001781,CLI000240,15/03/2023,App
TRX00001309,PRD000369,CLI000332,28/04/2024,Agencia
TRX00001310,PRD001157,CLI000995,08/11/2014,App
TRX00001311,PRD001549,CLI000445,09/08/2026,App
TRX00001312,PRD000960,CLI000960,27/03/2026,App
TRX00001313,PRD000802,CLI000802,06/03/2017,Agencia
TRX00001314,PRD000541,CLI000541,01/05/2023,Agencia
TRX00001315,PRD001566,CLI000549,02/08/2021,App
TRX00001316,PRD001801,CLI000801,06/04/2026,App
TRX00001317,PRD000969,CLI000480,17/11/2025,Agencia
TRX00001318,PRD001586,CLI000315,21/12/2022,App
TRX00001319,PRD001967,CLI000967,04/10/2022,App
TRX00001320,PRD001451,CLI000451,17/03/2020,App
TRX00001321,PRD000064,CLI000385,27/03/2018,Agencia
TRX00001322,PRD000557,CLI000557,07/03/2021,Agencia
TRX00001323,PRD000734,CLI000366,09/12/2024,App
TRX00001324,PRD001137,CLI000533,27/06/2026,Agencia
TRX00001325,PRD001830,CLI000680,14/09/2025,App
TRX00001326,PRD001821,CLI000164,13/10/2024,App
TRX00001327,PRD001193,CLI000970,15/10/2025,App
TRX00001328,PRD001239,CLI000239,09/12/2024,App
TRX00001329,PRD001744,CLI000169,31/03/2025,App
TRX00001330,PRD001593,CLI000560,28/12/2025,App
TRX00001331,PRD000276,CLI000480,17/01/2026,App
TRX00001332,PRD001149,CLI000149,26/12/2021,App
TRX00001333,PRD001856,CLI000123,27/03/2026,App
TRX00001334,PRD001001,CLI000765,24/12/2024,App
TRX00001335,PRD001162,CLI000596,06/11/2023,Agencia
TRX00001336,PRD001310,CLI000475,18/05/2024,App
TRX00001337,PRD001551,CLI000744,31/10/2024,App
TRX00001338,PRD001694,CLI000725,12/08/2022,Agencia
TRX00001339,PRD000619,CLI000235,05/06/2024,App
TRX00001340,PRD000565,CLI000029,08/04/2024,App
TRX00001341,PRD001210,CLI000428,12/08/2022,App
TRX00001342,PRD001713,CLI000846,11/02/2024,App
TRX00001343,PRD000080,CLI000383,23/12/2025,App
TRX00001344,PRD001770,CLI000770,23/05/2024,App
TRX00001345,PRD001914,CLI000791,14/09/2022,App
TRX00001346,PRD001842,CLI000904,01/08/2026,App
TRX00001347,PRD000809,CLI000809,12/03/2013,App
TRX00001348,PRD000961,CLI000480,29/03/2025,App
TRX00001349,PRD001309,CLI000170,15/01/2023,Agencia
TRX00001350,PRD000123,CLI000637,17/09/2023,Agencia
TRX00001351,PRD001984,CLI000104,04/10/2018,App
TRX00001352,PRD001688,CLI000688,19/12/2020,App
TRX00001353,PRD001640,CLI000499,09/11/2016,Agencia
TRX00001354,PRD001993,CLI000831,20/12/2014,App
TRX00001355,PRD000210,CLI000210,24/02/2014,Agencia
TRX00001356,PRD001471,CLI000027,01/03/2026,App
TRX00001357,PRD000344,CLI000556,08/08/2026,Agencia
TRX00001358,PRD001514,CLI000167,16/08/2023,App
TRX00001359,PRD000711,CLI000726,26/05/2024,App
TRX00001360,PRD000217,CLI000217,19/01/2025,App
TRX00001361,PRD001239,CLI000697,23/02/2024,App
TRX00001362,PRD001139,CLI000540,08/05/2025,App
TRX00001363,PRD000801,CLI000540,28/12/2021,App
TRX00001364,PRD001506,CLI000007,17/01/2025,App
TRX00001365,PRD000511,CLI000511,17/05/2022,App
TRX00001366,PRD000066,CLI000066,15/09/2020,App
TRX00001367,PRD001452,CLI000452,21/04/2020,App
TRX00001368,PRD001324,CLI000904,16/01/2012,Agencia
TRX00001369,PRD001186,CLI000695,17/02/2023,App
TRX00001370,PRD001375,CLI000552,22/08/2020,App
TRX00001371,PRD000715,CLI000715,08/07/2014,Agencia
TRX00001372,PRD000268,CLI000229,02/10/2020,App
TRX00001373,PRD001015,CLI000614,29/12/2015,Agencia
TRX00001374,PRD001951,CLI000294,06/09/2020,App
TRX00001375,PRD001578,CLI000147,21/09/2024,Agencia
TRX00001376,PRD001455,CLI000072,15/08/2024,App
TRX00001377,PRD000899,CLI000606,02/08/2026,App
TRX00001378,PRD000639,CLI000639,10/01/2025,App
TRX00001379,PRD000596,CLI000473,05/05/2023,App
TRX00001380,PRD001027,CLI000116,03/04/2025,Agencia
TRX00001381,PRD000487,CLI000116,01/07/2017,App
TRX00001382,PRD001183,CLI000277,02/02/2019,App
TRX00001383,PRD000996,CLI000933,18/05/2025,App
TRX00001384,PRD000286,CLI000928,10/04/2019,App
TRX00001385,PRD001322,CLI000322,25/01/2021,App
TRX00001386,PRD001769,CLI000646,02/03/2011,Agencia
TRX00001387,PRD001817,CLI000817,20/08/2025,App
TRX00001388,PRD001900,CLI000900,07/10/2015,App
TRX00001389,PRD001442,CLI000639,13/07/2026,Agencia
TRX00001390,PRD001998,CLI000998,19/02/2024,App
TRX00001391,PRD000161,CLI000073,07/10/2025,App
TRX00001392,PRD001257,CLI000029,26/12/2019,App
TRX00001393,PRD001772,CLI000811,27/10/2020,App
TRX00001394,PRD001984,CLI000177,11/08/2019,App
TRX00001395,PRD001765,CLI000765,28/10/2025,App
TRX00001396,PRD000174,CLI000462,21/03/2026,App
TRX00001397,PRD001464,CLI000793,17/08/2026,Agencia
TRX00001398,PRD000578,CLI000060,16/06/2024,App
TRX00001399,PRD001872,CLI000558,08/06/2024,Agencia
TRX00001400,PRD000724,CLI000651,27/04/2021,App
TRX00001401,PRD001387,CLI000874,30/01/2015,Agencia
TRX00001402,PRD000212,CLI000086,05/02/2021,Agencia
TRX00001403,PRD000938,CLI000511,09/01/2019,App
TRX00001404,PRD001606,CLI000497,21/04/2017,App
TRX00001405,PRD001766,CLI000209,18/07/2026,App
TRX00001406,PRD000496,CLI000585,02/02/2020,Agencia
TRX00001407,PRD000328,CLI000700,26/07/2026,App
TRX00001408,PRD000837,CLI000528,16/01/2021,App
TRX00001409,PRD000795,CLI000795,21/06/2018,App
TRX00001410,PRD000130,CLI000130,14/10/2022,App
TRX00001411,PRD000179,CLI000968,20/07/2018,Agencia
TRX00001412,PRD001279,CLI000299,27/05/2023,Agencia
TRX00001413,PRD001672,CLI000448,04/06/2026,App
TRX00001414,PRD001480,CLI000992,15/02/2015,Agencia
TRX00001415,PRD000812,CLI000763,28/01/2026,App
TRX00001416,PRD000824,CLI000205,28/09/2018,Agencia
TRX00001417,PRD001124,CLI000309,15/08/2023,App
TRX00001418,PRD000592,CLI000182,25/08/2023,Agencia
TRX00001419,PRD001413,CLI000368,20/01/2024,App
TRX00001420,PRD000775,CLI000775,06/05/2026,Agencia
TRX00001421,PRD000437,CLI000776,11/08/2013,App
TRX00001422,PRD000347,CLI000417,17/10/2014,App
TRX00001423,PRD001427,CLI000396,29/11/2020,Agencia
TRX00001424,PRD001130,CLI000130,14/08/2023,App
TRX00001425,PRD000252,CLI000865,25/10/2025,App
TRX00001426,PRD001672,CLI000459,26/02/2023,Agencia
TRX00001427,PRD001897,CLI000897,16/03/2024,App
TRX00001428,PRD001361,CLI000847,31/03/2018,App
TRX00001429,PRD001921,CLI000572,14/11/2022,Agencia
TRX00001430,PRD000195,CLI000445,18/07/2026,App
TRX00001431,PRD001783,CLI000615,20/05/2019,Agencia
TRX00001432,PRD000446,CLI000446,24/01/2024,App
TRX00001433,PRD000033,CLI000589,08/01/2017,App
TRX00001434,PRD001348,CLI000587,17/05/2019,App
TRX00001435,PRD000505,CLI000064,25/07/2024,App
TRX00001436,PRD001387,CLI000408,16/06/2023,App
TRX00001437,PRD001279,CLI000112,14/01/2015,App
TRX00001438,PRD001886,CLI000748,02/11/2025,App
TRX00001439,PRD000401,CLI000660,11/02/2026,App
TRX00001440,PRD001853,CLI000548,07/01/2026,App
TRX00001441,PRD000997,CLI000682,24/04/2018,App
TRX00001442,PRD001541,CLI000198,02/08/2024,App
TRX00001443,PRD000586,CLI000024,07/04/2024,App
TRX00001444,PRD000884,CLI000884,24/09/2024,Agencia
TRX00001445,PRD000450,CLI000730,06/07/2015,Agencia
TRX00001446,PRD001409,CLI000382,07/03/2022,App
TRX00001447,PRD001300,CLI000312,31/10/2023,App
TRX00001448,PRD000601,CLI000285,02/10/2022,App
TRX00001449,PRD000656,CLI000656,02/11/2025,Agencia
TRX00001450,PRD001831,CLI000831,27/01/2011,Agencia
TRX00001451,PRD000594,CLI000723,03/07/2026,App
TRX00001452,PRD000354,CLI000351,22/11/2024,Agencia
TRX00001453,PRD001724,CLI000954,11/06/2026,App
TRX00001454,PRD000006,CLI000167,08/10/2020,App
TRX00001455,PRD001249,CLI000806,26/01/2026,App
TRX00001456,PRD001350,CLI000488,07/11/2021,Agencia
TRX00001457,PRD000970,CLI000584,04/10/2023,App
TRX00001458,PRD001336,CLI000309,14/08/2026,App
TRX00001459,PRD000912,CLI000912,31/12/2023,App
TRX00001460,PRD000297,CLI000986,25/11/2024,App
TRX00001461,PRD001770,CLI000001,16/01/2025,Agencia
TRX00001462,PRD000877,CLI000587,23/09/2019,Agencia
TRX00001463,PRD000287,CLI000611,16/05/2026,Agencia
TRX00001464,PRD000442,CLI000312,21/07/2022,App
TRX00001465,PRD000843,CLI000154,14/10/2025,App
TRX00001466,PRD001916,CLI000916,16/01/2023,Agencia
TRX00001467,PRD001013,CLI000317,12/07/2025,App
TRX00001468,PRD000029,CLI000405,09/06/2015,App
TRX00001469,PRD000338,CLI000338,07/08/2018,Agencia
TRX00001470,PRD001721,CLI000365,16/09/2019,Agencia
TRX00001471,PRD000161,CLI000711,31/05/2024,App
TRX00001472,PRD001044,CLI000018,06/03/2016,App
TRX00001473,PRD001204,CLI000935,21/09/2019,App
TRX00001474,PRD001408,CLI000803,18/12/2024,App
TRX00001475,PRD001880,CLI000302,30/07/2026,App
TRX00001476,PRD000639,CLI000849,14/02/2021,Agencia
TRX00001477,PRD001090,CLI000161,08/01/2021,App
TRX00001478,PRD000751,CLI000070,19/08/2023,App
TRX00001479,PRD000173,CLI000173,02/03/2026,App
TRX00001480,PRD000177,CLI000961,29/06/2023,Agencia
TRX00001481,PRD000811,CLI000811,26/05/2024,Agencia
TRX00001482,PRD001934,CLI000135,03/01/2023,App
TRX00001483,PRD001823,CLI000823,11/01/2026,App
TRX00001484,PRD000701,CLI000518,17/07/2019,App
TRX00001485,PRD000319,CLI000319,28/03/2024,App
TRX00001486,PRD001521,CLI000543,08/03/2023,App
TRX00001487,PRD000489,CLI000489,29/11/2019,App
TRX00001488,PRD001169,CLI000169,24/01/2026,App
TRX00001489,PRD000797,CLI000893,05/03/2017,App
TRX00001490,PRD001655,CLI000655,23/05/2024,Agencia
TRX00001491,PRD001862,CLI000786,24/12/2021,App
TRX00001492,PRD000535,CLI000951,28/04/2017,App
TRX00001493,PRD000767,CLI000154,30/06/2025,App
TRX00001494,PRD000618,CLI000144,03/12/2024,App
TRX00001495,PRD000353,CLI000663,28/12/2021,App
TRX00001496,PRD000452,CLI000512,15/02/2021,App
TRX00001497,PRD001458,CLI000267,11/02/2026,App
TRX00001498,PRD001328,CLI000328,28/02/2018,App
TRX00001499,PRD000176,CLI000176,18/06/2022,App
TRX00001500,PRD000012,CLI000780,23/11/2019,App
TRX00001501,PRD001066,CLI000004,07/05/2021,App
TRX00001502,PRD000312,CLI000135,02/10/2021,Agencia
TRX00001503,PRD000141,CLI000800,25/11/2024,App
TRX00001504,PRD000744,CLI000786,01/05/2026,App
TRX00001505,PRD001914,CLI000373,20/08/2024,App
TRX00001506,PRD001825,CLI000292,26/07/2025,App
TRX00001507,PRD001847,CLI000641,24/01/2018,App
TRX00001508,PRD000542,CLI000542,21/03/2015,App
TRX00001509,PRD000171,CLI000298,29/08/2024,Agencia
TRX00001510,PRD000367,CLI000367,16/07/2026,App
TRX00001511,PRD001819,CLI000673,18/12/2025,App
TRX00001512,PRD000982,CLI000675,02/08/2013,Agencia
TRX00001513,PRD001568,CLI000843,20/05/2026,App
TRX00001514,PRD000702,CLI000543,13/04/2025,App
TRX00001515,PRD001815,CLI000279,15/03/2025,Agencia
TRX00001516,PRD001652,CLI000652,16/03/2025,App
TRX00001517,PRD001890,CLI000198,25/10/2025,App
TRX00001518,PRD001033,CLI000021,23/11/2021,Agencia
TRX00001519,PRD000501,CLI000067,03/06/2016,Agencia
TRX00001520,PRD000810,CLI000349,09/06/2025,App
TRX00001521,PRD001611,CLI000611,08/09/2016,App
TRX00001522,PRD001643,CLI000762,11/05/2026,App
TRX00001523,PRD001707,CLI000764,12/04/2024,App
TRX00001524,PRD001117,CLI000510,18/09/2023,App
TRX00001525,PRD000631,CLI000847,08/07/2023,App
TRX00001526,PRD001930,CLI000930,24/01/2021,App
TRX00001527,PRD000049,CLI000029,10/01/2021,App
TRX00001528,PRD000633,CLI000308,09/05/2016,Agencia
TRX00001529,PRD001228,CLI000095,05/06/2022,App
TRX00001530,PRD001731,CLI000744,12/12/2024,App
TRX00001531,PRD001776,CLI000809,21/11/2017,App
TRX00001532,PRD000189,CLI000189,07/08/2024,App
TRX00001533,PRD000594,CLI000508,10/11/2020,App
TRX00001534,PRD001140,CLI000421,29/04/2019,App
TRX00001535,PRD000975,CLI000177,05/08/2016,Agencia
TRX00001536,PRD000417,CLI000385,11/11/2023,Agencia
TRX00001537,PRD001150,CLI000531,28/08/2020,App
TRX00001538,PRD000413,CLI000052,02/06/2022,App
TRX00001539,PRD001007,CLI000198,04/04/2024,App
TRX00001540,PRD000933,CLI000690,13/06/2021,App
TRX00001541,PRD001413,CLI000016,09/10/2022,App
TRX00001542,PRD001722,CLI000300,25/11/2022,App
TRX00001543,PRD000108,CLI000481,14/03/2026,Agencia
TRX00001544,PRD001493,CLI000229,31/01/2026,App
TRX00001545,PRD001215,CLI000656,15/09/2024,App
TRX00001546,PRD000050,CLI000050,23/01/2014,Agencia
TRX00001547,PRD001556,CLI000556,12/04/2026,App
TRX00001548,PRD001901,CLI000118,03/06/2022,Agencia
TRX00001549,PRD000211,CLI000627,01/10/2017,Agencia
TRX00001550,PRD001020,CLI000145,03/12/2019,App
TRX00001551,PRD001488,CLI000488,02/01/2019,App
TRX00001552,PRD000417,CLI000638,22/09/2025,App
TRX00001553,PRD000157,CLI000566,19/05/2024,App
TRX00001554,PRD000673,CLI000371,20/02/2026,App
TRX00001555,PRD000461,CLI000537,01/09/2018,App
TRX00001556,PRD001871,CLI000436,21/11/2023,App
TRX00001557,PRD000261,CLI000213,09/03/2021,App
TRX00001558,PRD000014,CLI000549,16/03/2024,App
TRX00001559,PRD000326,CLI000679,06/07/2026,Agencia
TRX00001560,PRD000333,CLI000368,13/05/2022,App
TRX00001561,PRD000991,CLI000639,16/08/2023,App
TRX00001562,PRD001962,CLI000962,28/07/2017,App
TRX00001563,PRD000529,CLI000684,15/10/2024,Agencia
TRX00001564,PRD001538,CLI000312,08/04/2026,Agencia
TRX00001565,PRD000759,CLI000734,31/08/2023,App
TRX00001566,PRD000155,CLI000024,06/10/2023,Agencia
TRX00001567,PRD001802,CLI000802,27/01/2017,Agencia
TRX00001568,PRD001617,CLI000635,15/10/2025,App
TRX00001569,PRD000256,CLI000256,30/04/2026,Agencia
TRX00001570,PRD000632,CLI000632,29/06/2021,App
TRX00001571,PRD000399,CLI000588,10/07/2023,App
TRX00001572,PRD001622,CLI000789,05/02/2024,App
TRX00001573,PRD001454,CLI000659,17/10/2015,Agencia
TRX00001574,PRD001000,CLI000675,29/11/2012,App
TRX00001575,PRD001164,CLI000164,08/03/2026,App
TRX00001576,PRD000552,CLI000704,15/04/2022,Agencia
TRX00001577,PRD001633,CLI000184,07/09/2024,Agencia
TRX00001578,PRD000431,CLI000410,12/12/2014,Agencia
TRX00001579,PRD001947,CLI000740,26/11/2024,Agencia
TRX00001580,PRD000083,CLI000128,11/02/2026,App
TRX00001581,PRD000289,CLI000895,06/03/2026,App
TRX00001582,PRD001212,CLI000902,23/05/2026,App
TRX00001583,PRD001629,CLI000905,16/03/2026,App
TRX00001584,PRD000240,CLI000433,02/03/2024,App
TRX00001585,PRD001705,CLI000832,24/12/2016,App
TRX00001586,PRD000418,CLI000805,28/08/2019,App
TRX00001587,PRD001293,CLI000207,07/10/2025,App
TRX00001588,PRD000378,CLI000378,11/09/2025,Agencia
TRX00001589,PRD001298,CLI000112,13/09/2015,Agencia
TRX00001590,PRD000359,CLI000989,24/04/2026,App
TRX00001591,PRD001014,CLI000029,26/12/2025,Agencia
TRX00001592,PRD000785,CLI000022,01/07/2025,App
TRX00001593,PRD001463,CLI000128,22/06/2026,Agencia
TRX00001594,PRD000339,CLI000339,01/11/2025,Agencia
TRX00001595,PRD000536,CLI000536,18/03/2025,Agencia
TRX00001596,PRD000934,CLI000372,02/09/2025,App
TRX00001597,PRD001744,CLI000136,22/08/2025,App
TRX00001598,PRD001250,CLI000250,19/09/2018,App
TRX00001599,PRD001602,CLI000802,04/05/2019,App
TRX00001600,PRD001064,CLI000574,23/12/2025,Agencia
TRX00001601,PRD001880,CLI000943,03/05/2025,App
TRX00001602,PRD001215,CLI000844,01/10/2014,App
TRX00001603,PRD001735,CLI000517,04/11/2022,App
TRX00001604,PRD000990,CLI000988,01/08/2026,Agencia
TRX00001605,PRD001937,CLI000937,29/12/2020,App
TRX00001606,PRD001956,CLI000306,07/09/2019,Agencia
TRX00001607,PRD001899,CLI000536,23/09/2016,App
TRX00001608,PRD000430,CLI000780,15/04/2024,App
TRX00001609,PRD000999,CLI000373,27/08/2023,App
TRX00001610,PRD001667,CLI000291,21/06/2023,App
TRX00001611,PRD001547,CLI000233,16/01/2017,App
TRX00001612,PRD000430,CLI000936,17/08/2026,Agencia
TRX00001613,PRD000666,CLI000377,24/11/2019,App
TRX00001614,PRD001509,CLI000509,08/08/2025,App
TRX00001615,PRD001355,CLI000356,22/11/2019,Agencia
TRX00001616,PRD001782,CLI000197,19/03/2021,App
TRX00001617,PRD000514,CLI000514,23/11/2022,App
TRX00001618,PRD000722,CLI000836,11/05/2024,App
TRX00001619,PRD001959,CLI000426,15/07/2024,Agencia
TRX00001620,PRD000283,CLI000051,15/02/2021,App
TRX00001621,PRD000329,CLI000329,14/07/2026,App
TRX00001622,PRD001806,CLI000065,16/07/2016,App
TRX00001623,PRD001199,CLI000753,28/02/2019,App
TRX00001624,PRD001263,CLI000603,06/10/2017,App
TRX00001625,PRD000536,CLI000011,23/07/2024,App
TRX00001626,PRD000344,CLI000091,24/02/2023,App
TRX00001627,PRD000494,CLI000148,07/03/2022,App
TRX00001628,PRD001089,CLI000089,24/02/2017,App
TRX00001629,PRD000060,CLI000366,18/10/2023,App
TRX00001630,PRD001812,CLI000169,14/07/2026,App
TRX00001631,PRD000933,CLI000807,25/02/2019,App
TRX00001632,PRD001122,CLI000122,05/03/2014,App
TRX00001633,PRD001753,CLI000753,03/06/2017,Agencia
TRX00001634,PRD000218,CLI000581,10/01/2024,App
TRX00001635,PRD000266,CLI000917,07/03/2026,App
TRX00001636,PRD000749,CLI000827,25/06/2024,App
TRX00001637,PRD001780,CLI000780,28/07/2020,App
TRX00001638,PRD000868,CLI000068,18/05/2022,Agencia
TRX00001639,PRD000037,CLI000515,06/03/2026,Agencia
TRX00001640,PRD001200,CLI000975,30/12/2020,App
TRX00001641,PRD000596,CLI000186,24/12/2025,App
TRX00001642,PRD000055,CLI000055,27/02/2021,App
TRX00001643,PRD001865,CLI000324,25/02/2025,App
TRX00001644,PRD000796,CLI000145,23/07/2017,App
TRX00001645,PRD000719,CLI000241,09/08/2014,App
TRX00001646,PRD001862,CLI000804,15/05/2025,Agencia
TRX00001647,PRD001850,CLI000145,21/02/2020,App
TRX00001648,PRD000500,CLI000371,02/09/2024,App
TRX00001649,PRD000003,CLI000719,27/03/2025,App
TRX00001650,PRD000426,CLI000962,07/07/2014,Agencia
TRX00001651,PRD000295,CLI000909,26/11/2024,Agencia
TRX00001652,PRD000589,CLI000190,23/02/2022,App
TRX00001653,PRD001805,CLI000651,17/04/2018,App
TRX00001654,PRD000145,CLI000474,31/01/2024,App
TRX00001655,PRD001599,CLI000977,17/05/2022,App
TRX00001656,PRD000359,CLI000461,30/06/2023,App
TRX00001657,PRD001505,CLI000505,03/05/2020,App
TRX00001658,PRD000950,CLI000800,18/06/2021,App
TRX00001659,PRD001074,CLI000539,02/03/2023,App
TRX00001660,PRD001751,CLI000928,23/01/2018,Agencia
TRX00001661,PRD001314,CLI000117,27/03/2014,App
TRX00001662,PRD001812,CLI000287,28/06/2014,App
TRX00001663,PRD000653,CLI000403,27/06/2026,Agencia
TRX00001664,PRD000877,CLI000088,27/05/2017,App
TRX00001665,PRD000108,CLI000030,12/07/2026,App
TRX00001666,PRD001333,CLI000786,24/09/2018,Agencia
TRX00001667,PRD001934,CLI000080,29/03/2023,Agencia
TRX00001668,PRD000521,CLI000536,09/02/2025,App
TRX00001669,PRD001515,CLI000204,07/11/2020,App
TRX00001670,PRD001414,CLI000243,21/08/2024,App
TRX00001671,PRD001553,CLI000120,02/02/2024,App
TRX00001672,PRD000312,CLI000541,08/10/2024,Agencia
TRX00001673,PRD000231,CLI000828,14/02/2022,Agencia
TRX00001674,PRD001028,CLI000028,26/03/2026,App
TRX00001675,PRD000267,CLI000295,27/05/2021,App
TRX00001676,PRD000135,CLI000176,27/01/2025,App
TRX00001677,PRD001360,CLI000095,12/08/2024,App
TRX00001678,PRD000756,CLI000599,11/02/2024,App
TRX00001679,PRD000872,CLI000406,31/03/2024,Agencia
TRX00001680,PRD000311,CLI000709,16/06/2015,App
TRX00001681,PRD001424,CLI000420,13/01/2024,App
TRX00001682,PRD001558,CLI000342,03/01/2023,App
TRX00001683,PRD001148,CLI000008,07/05/2026,App
TRX00001684,PRD000103,CLI000622,14/07/2021,App
TRX00001685,PRD000468,CLI000468,10/06/2019,App
TRX00001686,PRD001964,CLI000964,25/12/2025,Agencia
TRX00001687,PRD001459,CLI000786,12/05/2021,App
TRX00001688,PRD000260,CLI000187,10/03/2020,App
TRX00001689,PRD001087,CLI000596,29/03/2023,App
TRX00001690,PRD000044,CLI000059,02/07/2024,App
TRX00001691,PRD001179,CLI000352,09/12/2021,App
TRX00001692,PRD000646,CLI000939,02/07/2026,Agencia
TRX00001693,PRD000858,CLI000858,20/11/2025,App
TRX00001694,PRD000876,CLI000876,17/08/2021,App
TRX00001695,PRD000830,CLI000994,12/01/2024,Agencia
TRX00001696,PRD001614,CLI000233,27/04/2023,App
TRX00001697,PRD001008,CLI000345,25/05/2022,App
TRX00001698,PRD001175,CLI000623,06/02/2022,App
TRX00001699,PRD001721,CLI000046,27/06/2026,App
TRX00001700,PRD001993,CLI000097,24/01/2021,App
TRX00001701,PRD000656,CLI000053,07/06/2025,Agencia
TRX00001702,PRD000203,CLI000025,14/10/2022,App
TRX00001703,PRD001538,CLI000556,09/03/2026,Agencia
TRX00001704,PRD001564,CLI000004,13/04/2023,App
TRX00001705,PRD001959,CLI000364,20/02/2026,App
TRX00001706,PRD001591,CLI000915,15/07/2023,Agencia
TRX00001707,PRD001508,CLI000508,31/01/2016,App
TRX00001708,PRD000711,CLI000472,14/11/2021,App
TRX00001709,PRD000466,CLI000466,05/03/2024,App
TRX00001710,PRD000442,CLI000605,25/01/2022,Agencia
TRX00001711,PRD001198,CLI000673,12/03/2023,App
TRX00001712,PRD001495,CLI000910,19/02/2019,App
TRX00001713,PRD000676,CLI000676,08/09/2016,Agencia
TRX00001714,PRD000576,CLI000841,14/11/2024,Agencia
TRX00001715,PRD001584,CLI000584,17/06/2019,App
TRX00001716,PRD001684,CLI000435,25/06/2022,App
TRX00001717,PRD001777,CLI000577,29/12/2017,App
TRX00001718,PRD001143,CLI000762,05/12/2021,App
TRX00001719,PRD001794,CLI000361,11/05/2026,App
TRX00001720,PRD000394,CLI000097,22/02/2017,App
TRX00001721,PRD001001,CLI000001,02/11/2022,App
TRX00001722,PRD000584,CLI000584,01/01/2016,App
TRX00001723,PRD001952,CLI000952,18/06/2019,App
TRX00001724,PRD000922,CLI000887,25/01/2024,App
TRX00001725,PRD001586,CLI000586,03/09/2022,Agencia
TRX00001726,PRD000234,CLI000080,09/11/2016,App
TRX00001727,PRD001096,CLI000024,20/06/2014,App
TRX00001728,PRD000708,CLI000353,05/10/2023,App
TRX00001729,PRD001117,CLI000813,01/12/2023,App
TRX00001730,PRD000247,CLI000099,06/02/2022,Agencia
TRX00001731,PRD001472,CLI000608,24/08/2025,App
TRX00001732,PRD000624,CLI000168,15/08/2023,App
TRX00001733,PRD001663,CLI000021,15/02/2024,Agencia
TRX00001734,PRD000891,CLI000958,31/01/2025,App
TRX00001735,PRD000053,CLI000366,29/10/2022,App
TRX00001736,PRD001345,CLI000121,24/06/2026,App
TRX00001737,PRD001734,CLI000210,01/03/2023,App
TRX00001738,PRD001216,CLI000433,06/04/2015,App
TRX00001739,PRD000080,CLI000729,16/11/2022,App
TRX00001740,PRD000175,CLI000086,06/12/2018,App
TRX00001741,PRD000224,CLI000275,13/04/2025,App
TRX00001742,PRD001512,CLI000512,04/08/2019,App
TRX00001743,PRD001656,CLI000436,02/06/2025,App
TRX00001744,PRD001070,CLI000972,02/04/2017,Agencia
TRX00001745,PRD000906,CLI000050,18/04/2017,App
TRX00001746,PRD000268,CLI000765,26/01/2024,App
TRX00001747,PRD000343,CLI000776,06/02/2023,App
TRX00001748,PRD001219,CLI000219,07/04/2018,App
TRX00001749,PRD001432,CLI000432,15/09/2019,Agencia
TRX00001750,PRD001288,CLI000457,15/05/2025,App
TRX00001751,PRD001979,CLI000168,09/09/2025,App
TRX00001752,PRD001945,CLI000553,30/01/2018,App
TRX00001753,PRD000587,CLI000587,06/01/2015,App
TRX00001754,PRD000081,CLI000714,19/04/2014,Agencia
TRX00001755,PRD001117,CLI000506,16/08/2026,App
TRX00001756,PRD000749,CLI000370,06/04/2015,App
TRX00001757,PRD001886,CLI000886,10/01/2026,Agencia
TRX00001758,PRD001964,CLI000946,28/07/2022,App
TRX00001759,PRD001257,CLI000257,10/05/2025,App
TRX00001760,PRD000009,CLI000843,26/06/2026,App
TRX00001761,PRD000106,CLI000308,01/09/2022,App
TRX00001762,PRD000730,CLI000611,25/01/2016,App
TRX00001763,PRD000631,CLI000272,15/04/2025,App
TRX00001764,PRD001350,CLI000267,02/01/2022,App
TRX00001765,PRD001839,CLI000839,03/12/2025,Agencia
TRX00001766,PRD001086,CLI000481,11/03/2023,Agencia
TRX00001767,PRD000856,CLI000525,16/03/2024,Agencia
TRX00001768,PRD001630,CLI000883,19/08/2025,Agencia
TRX00001769,PRD000659,CLI000312,03/10/2022,App
TRX00001770,PRD001243,CLI000776,01/06/2015,App
TRX00001771,PRD000272,CLI000272,20/05/2026,App
TRX00001772,PRD001348,CLI000348,16/04/2020,App
TRX00001773,PRD001289,CLI000583,24/09/2019,App
TRX00001774,PRD001982,CLI000426,05/03/2025,App
TRX00001775,PRD000142,CLI000676,12/06/2016,App
TRX00001776,PRD001396,CLI000496,13/06/2025,Agencia
TRX00001777,PRD000873,CLI000149,01/07/2013,Agencia
TRX00001778,PRD000002,CLI000002,20/11/2025,App
TRX00001779,PRD001382,CLI000382,26/03/2019,App
TRX00001780,PRD000232,CLI000169,31/05/2026,Agencia
TRX00001781,PRD000527,CLI000422,19/08/2024,Agencia
TRX00001782,PRD001827,CLI000827,30/08/2025,App
TRX00001783,PRD000704,CLI000704,08/10/2020,Agencia
TRX00001784,PRD000105,CLI000376,27/05/2017,Agencia
TRX00001785,PRD001911,CLI000911,24/06/2026,App
TRX00001786,PRD000939,CLI000195,31/10/2018,App
TRX00001787,PRD001362,CLI000844,03/10/2015,App
TRX00001788,PRD001433,CLI000433,24/11/2016,App
TRX00001789,PRD000924,CLI000129,06/11/2025,App
TRX00001790,PRD001734,CLI000966,22/11/2019,App
TRX00001791,PRD000228,CLI000359,20/12/2019,Agencia
TRX00001792,PRD000451,CLI000451,08/05/2024,Agencia
TRX00001793,PRD000763,CLI000491,19/12/2025,App
TRX00001794,PRD001253,CLI000054,23/02/2018,App
TRX00001795,PRD000672,CLI000311,23/10/2025,App
TRX00001796,PRD001710,CLI000219,04/11/2019,App
TRX00001797,PRD000932,CLI000410,05/01/2018,App
TRX00001798,PRD000307,CLI000368,26/01/2023,App
TRX00001799,PRD000283,CLI000832,25/01/2017,App
TRX00001800,PRD000918,CLI000918,20/02/2022,Agencia
TRX00001801,PRD001610,CLI000152,29/02/2024,App
TRX00001802,PRD001372,CLI000372,20/04/2022,App
TRX00001803,PRD001312,CLI000193,23/08/2025,App
TRX00001804,PRD000267,CLI000267,22/06/2015,Agencia
TRX00001805,PRD000670,CLI000670,18/08/2019,App
TRX00001806,PRD000983,CLI000167,10/11/2015,App
TRX00001807,PRD001416,CLI000126,27/04/2017,App
TRX00001808,PRD000101,CLI000925,05/06/2023,App
TRX00001809,PRD001702,CLI000629,14/04/2019,App
TRX00001810,PRD000715,CLI000211,18/09/2023,App
TRX00001811,PRD000744,CLI000104,10/09/2025,Agencia
TRX00001812,PRD000303,CLI000010,02/10/2019,App
TRX00001813,PRD000933,CLI000712,29/08/2012,Agencia
TRX00001814,PRD000309,CLI000458,14/04/2025,App
TRX00001815,PRD000871,CLI000404,20/09/2025,Agencia
TRX00001816,PRD000626,CLI000175,24/09/2025,App
TRX00001817,PRD001286,CLI000402,17/11/2025,App
TRX00001818,PRD001865,CLI000453,12/04/2022,App
TRX00001819,PRD001054,CLI000095,12/06/2026,App
TRX00001820,PRD000945,CLI000834,02/11/2025,Agencia
TRX00001821,PRD001667,CLI000549,29/08/2024,Agencia
TRX00001822,PRD000039,CLI000691,07/07/2026,App
TRX00001823,PRD001898,CLI000841,18/08/2019,App
TRX00001824,PRD001727,CLI000663,22/01/2023,Agencia
TRX00001825,PRD001110,CLI000092,24/05/2025,App
TRX00001826,PRD000408,CLI000624,16/08/2017,App
TRX00001827,PRD001948,CLI000830,16/10/2016,App
TRX00001828,PRD001308,CLI000332,11/12/2020,App
TRX00001829,PRD001438,CLI000477,17/06/2018,Agencia
TRX00001830,PRD000693,CLI000504,21/07/2023,Agencia
TRX00001831,PRD000484,CLI000195,22/07/2026,App
TRX00001832,PRD001481,CLI000195,22/04/2025,Agencia
TRX00001833,PRD001172,CLI000187,12/06/2025,App
TRX00001834,PRD000848,CLI000575,07/02/2025,App
TRX00001835,PRD000476,CLI000644,05/08/2023,App
TRX00001836,PRD001717,CLI000456,29/07/2026,App
TRX00001837,PRD000290,CLI000325,20/08/2025,Agencia
TRX00001838,PRD000854,CLI000942,19/05/2021,Agencia
TRX00001839,PRD001369,CLI000611,13/12/2022,Agencia
TRX00001840,PRD000998,CLI000382,03/02/2020,App
TRX00001841,PRD000705,CLI000247,24/07/2026,App
TRX00001842,PRD000441,CLI000125,17/09/2022,Agencia
TRX00001843,PRD000046,CLI000311,01/04/2026,Agencia
TRX00001844,PRD001334,CLI000323,01/06/2017,App
TRX00001845,PRD000600,CLI000553,20/08/2020,App
TRX00001846,PRD001291,CLI000138,07/10/2020,App
TRX00001847,PRD001861,CLI000861,01/09/2013,App
TRX00001848,PRD001312,CLI000731,14/01/2026,App
TRX00001849,PRD000923,CLI000480,20/05/2026,Agencia
TRX00001850,PRD001236,CLI000297,02/04/2026,App
TRX00001851,PRD000735,CLI000388,27/07/2026,Agencia
TRX00001852,PRD000838,CLI000772,02/12/2025,App
TRX00001853,PRD001470,CLI000837,02/03/2026,App
TRX00001854,PRD000139,CLI000139,03/01/2017,Agencia
TRX00001855,PRD001396,CLI000007,24/07/2025,App
TRX00001856,PRD001186,CLI000749,07/10/2023,App
TRX00001857,PRD001990,CLI000102,28/01/2026,App
TRX00001858,PRD001634,CLI000634,12/08/2025,App
TRX00001859,PRD000368,CLI000969,08/07/2023,Agencia
TRX00001860,PRD001209,CLI000833,23/07/2020,Agencia
TRX00001861,PRD000846,CLI000846,01/03/2025,App
TRX00001862,PRD001933,CLI000344,26/05/2026,Agencia
TRX00001863,PRD000609,CLI000951,16/12/2021,App
TRX00001864,PRD000823,CLI000620,20/02/2019,Agencia
TRX00001865,PRD001605,CLI000319,11/03/2022,App
TRX00001866,PRD000705,CLI000513,20/01/2020,App
TRX00001867,PRD001883,CLI000374,01/05/2026,App
TRX00001868,PRD000910,CLI000755,24/08/2019,App
TRX00001869,PRD001131,CLI000345,09/04/2024,Agencia
TRX00001870,PRD000717,CLI000168,22/01/2025,App
TRX00001871,PRD000365,CLI000732,29/07/2026,App
TRX00001872,PRD001903,CLI000845,18/09/2021,Agencia
TRX00001873,PRD001130,CLI000365,05/03/2024,Agencia
TRX00001874,PRD000605,CLI000605,03/10/2017,Agencia
TRX00001875,PRD001123,CLI000538,27/12/2025,App
TRX00001876,PRD001085,CLI000085,31/03/2025,Agencia
TRX00001877,PRD001722,CLI000838,30/05/2023,Agencia
TRX00001878,PRD000699,CLI000653,12/06/2020,App
TRX00001879,PRD001503,CLI000472,20/07/2013,App
TRX00001880,PRD000403,CLI000702,18/01/2021,App
TRX00001881,PRD001872,CLI000242,17/02/2022,App
TRX00001882,PRD000487,CLI000665,24/02/2018,App
TRX00001883,PRD000842,CLI000354,21/05/2018,App
TRX00001884,PRD001518,CLI000995,16/12/2024,App
TRX00001885,PRD000037,CLI000037,16/07/2026,App
TRX00001886,PRD001560,CLI000383,07/12/2019,App
TRX00001887,PRD000759,CLI000759,18/11/2023,App
TRX00001888,PRD001213,CLI000692,10/02/2020,Agencia
TRX00001889,PRD001798,CLI000798,30/07/2026,App
TRX00001890,PRD001046,CLI000493,25/01/2024,Agencia
TRX00001891,PRD001489,CLI000815,18/08/2016,App
TRX00001892,PRD000801,CLI000223,30/07/2022,App
TRX00001893,PRD000143,CLI000307,10/05/2025,App
TRX00001894,PRD001276,CLI000963,11/07/2023,Agencia
TRX00001895,PRD000962,CLI000669,06/08/2017,Agencia
TRX00001896,PRD000671,CLI000820,02/08/2025,Agencia
TRX00001897,PRD001614,CLI000860,12/07/2026,App
TRX00001898,PRD000100,CLI000863,13/02/2021,Agencia
TRX00001899,PRD001093,CLI000983,15/05/2025,App
TRX00001900,PRD001884,CLI000884,22/07/2023,App
TRX00001901,PRD001525,CLI000525,23/01/2019,App
TRX00001902,PRD001463,CLI000180,14/02/2025,App
TRX00001903,PRD001567,CLI000708,25/02/2022,App
TRX00001904,PRD001276,CLI000644,17/12/2012,App
TRX00001905,PRD001418,CLI000078,08/11/2025,Agencia
TRX00001906,PRD000401,CLI000351,14/10/2025,App
TRX00001907,PRD001239,CLI000040,25/12/2025,App
TRX00001908,PRD001073,CLI000073,27/12/2021,App
TRX00001909,PRD001549,CLI000567,28/12/2024,App
TRX00001910,PRD000139,CLI000824,27/12/2014,App
TRX00001911,PRD000810,CLI000307,30/12/2025,Agencia
TRX00001912,PRD000937,CLI000937,25/10/2022,App
TRX00001913,PRD001044,CLI000869,18/03/2024,Agencia
TRX00001914,PRD001868,CLI000640,24/01/2026,App
TRX00001915,PRD000758,CLI000247,27/10/2025,App
TRX00001916,PRD000583,CLI000978,29/09/2021,App
TRX00001917,PRD000847,CLI000174,04/07/2026,App
TRX00001918,PRD000675,CLI000880,07/02/2012,App
TRX00001919,PRD001703,CLI000065,17/12/2017,App
TRX00001920,PRD000095,CLI000349,15/09/2022,App
TRX00001921,PRD000555,CLI000300,13/02/2023,Agencia
TRX00001922,PRD001285,CLI000351,22/01/2025,App
TRX00001923,PRD000903,CLI000903,07/05/2023,App
TRX00001924,PRD001943,CLI000383,15/12/2019,App
TRX00001925,PRD000585,CLI000926,26/07/2019,App
TRX00001926,PRD001597,CLI000597,02/05/2026,Agencia
TRX00001927,PRD000056,CLI000630,24/02/2022,App
TRX00001928,PRD000201,CLI000736,30/09/2021,App
TRX00001929,PRD001919,CLI000415,30/05/2021,App
TRX00001930,PRD001805,CLI000805,20/02/2016,App
TRX00001931,PRD001559,CLI000921,03/08/2026,Agencia
TRX00001932,PRD001480,CLI000480,25/08/2025,App
TRX00001933,PRD000264,CLI000492,30/05/2016,App
TRX00001934,PRD001019,CLI000225,01/04/2026,App
TRX00001935,PRD000576,CLI000718,21/09/2017,App
TRX00001936,PRD001048,CLI000631,06/07/2019,Agencia
TRX00001937,PRD000147,CLI000009,03/01/2022,App
TRX00001938,PRD001826,CLI000826,21/08/2021,Agencia
TRX00001939,PRD000284,CLI000789,11/07/2022,App
TRX00001940,PRD001473,CLI000473,23/06/2023,App
TRX00001941,PRD001668,CLI000323,26/08/2022,App
TRX00001942,PRD001245,CLI000306,18/03/2019,Agencia
TRX00001943,PRD000558,CLI000989,07/02/2015,App
TRX00001944,PRD000487,CLI000487,28/06/2014,App
TRX00001945,PRD000265,CLI000321,04/03/2021,Agencia
TRX00001946,PRD001784,CLI000997,12/03/2012,App
TRX00001947,PRD000389,CLI000389,19/01/2018,App
TRX00001948,PRD001523,CLI000523,17/10/2019,App
TRX00001949,PRD000100,CLI000455,25/09/2025,App
TRX00001950,PRD000518,CLI000192,19/01/2014,App
TRX00001951,PRD000297,CLI000297,16/04/2026,App
TRX00001952,PRD001094,CLI000785,11/03/2024,App
TRX00001953,PRD000517,CLI000476,03/08/2019,Agencia
TRX00001954,PRD001210,CLI000210,08/05/2022,App
TRX00001955,PRD000265,CLI000257,18/03/2026,App
TRX00001956,PRD000783,CLI000798,05/07/2026,App
TRX00001957,PRD000814,CLI000264,26/05/2018,Agencia
TRX00001958,PRD001231,CLI000231,12/10/2023,App
TRX00001959,PRD000031,CLI000287,04/03/2012,App
TRX00001960,PRD001650,CLI000780,18/10/2019,App
TRX00001961,PRD000730,CLI000730,26/03/2019,App
TRX00001962,PRD001626,CLI000452,21/10/2024,App
TRX00001963,PRD000003,CLI000523,01/01/2017,App
TRX00001964,PRD000119,CLI000451,05/10/2024,App
TRX00001965,PRD001421,CLI000798,12/06/2026,App
TRX00001966,PRD001609,CLI000125,05/12/2022,App
TRX00001967,PRD001903,CLI000452,22/05/2019,Agencia
TRX00001968,PRD001427,CLI000290,21/11/2014,App
TRX00001969,PRD001915,CLI000255,05/03/2023,App
TRX00001970,PRD001935,CLI000522,16/07/2026,App
TRX00001971,PRD001958,CLI000040,15/01/2026,App
TRX00001972,PRD000656,CLI000928,16/05/2024,App
TRX00001973,PRD000940,CLI000883,20/08/2025,App
TRX00001974,PRD001646,CLI000320,01/08/2013,App
TRX00001975,PRD000085,CLI000520,14/04/2025,Agencia
TRX00001976,PRD000530,CLI000530,03/08/2017,App
TRX00001977,PRD000926,CLI000044,18/01/2024,App
TRX00001978,PRD001658,CLI000759,17/12/2024,App
TRX00001979,PRD000377,CLI000257,09/07/2026,App
TRX00001980,PRD000723,CLI000340,21/07/2023,App
TRX00001981,PRD001427,CLI000754,27/05/2024,App
TRX00001982,PRD000710,CLI000710,03/11/2020,App
TRX00001983,PRD000276,CLI000955,29/04/2023,App
TRX00001984,PRD000911,CLI000512,30/04/2017,App
TRX00001985,PRD000837,CLI000140,11/11/2020,App
TRX00001986,PRD000526,CLI000526,19/10/2024,Agencia
TRX00001987,PRD001251,CLI000528,11/02/2020,App
TRX00001988,PRD000492,CLI000372,05/04/2026,App
TRX00001989,PRD001290,CLI000702,29/08/2020,App
TRX00001990,PRD001695,CLI000306,18/06/2023,App
TRX00001991,PRD000262,CLI000887,07/09/2019,App
TRX00001992,PRD001364,CLI000883,01/05/2026,App
TRX00001993,PRD000441,CLI000738,02/08/2025,App
TRX00001994,PRD000466,CLI000852,01/05/2020,Agencia
TRX00001995,PRD001425,CLI000302,14/10/2022,App
TRX00001996,PRD001574,CLI000906,12/09/2016,App
TRX00001997,PRD001558,CLI000558,12/03/2026,Agencia
TRX00001998,PRD001463,CLI000463,16/09/2023,App
TRX00001999,PRD001911,CLI000657,08/03/2021,App
TRX00002000,PRD001888,CLI000888,21/05/2024,App
TRX00002001,PRD000287,CLI000840,27/12/2021,App
TRX00002002,PRD001758,CLI000774,07/09/2020,App
TRX00002003,PRD001720,CLI000467,08/06/2025,App
TRX00002004,PRD001193,CLI000654,11/07/2026,App
TRX00002005,PRD001249,CLI000884,06/08/2023,App
TRX00002006,PRD000712,CLI000325,13/08/2026,App
TRX00002007,PRD000117,CLI000606,02/05/2026,Agencia
TRX00002008,PRD001858,CLI000463,26/12/2025,App
TRX00002009,PRD000108,CLI000307,17/02/2024,Agencia
TRX00002010,PRD000899,CLI000433,12/12/2019,Agencia
TRX00002011,PRD001294,CLI000613,22/04/2022,App
TRX00002012,PRD000292,CLI000626,28/10/2023,App
TRX00002013,PRD000719,CLI000471,20/10/2017,App
TRX00002014,PRD000735,CLI000110,03/09/2022,App
TRX00002015,PRD001543,CLI000719,28/02/2025,Agencia
TRX00002016,PRD001287,CLI000981,26/07/2013,App
TRX00002017,PRD001420,CLI000480,21/10/2025,App
TRX00002018,PRD001447,CLI000477,07/10/2024,Agencia
TRX00002019,PRD000476,CLI000061,16/06/2023,App
TRX00002020,PRD000820,CLI000286,30/01/2017,App
TRX00002021,PRD000404,CLI000481,10/06/2026,App
TRX00002022,PRD000745,CLI000563,22/06/2015,Agencia
TRX00002023,PRD001760,CLI000563,14/08/2025,App
TRX00002024,PRD000772,CLI000953,12/12/2023,App
TRX00002025,PRD001335,CLI000758,20/03/2023,Agencia
TRX00002026,PRD001822,CLI000822,05/02/2025,App
TRX00002027,PRD000372,CLI000600,30/06/2017,App
TRX00002028,PRD000183,CLI000279,05/03/2025,App
TRX00002029,PRD001890,CLI000269,08/12/2025,Agencia
TRX00002030,PRD001758,CLI000770,17/09/2017,App
TRX00002031,PRD000190,CLI000158,06/02/2016,App
TRX00002032,PRD000792,CLI000264,01/05/2018,App
TRX00002033,PRD000625,CLI000625,16/02/2022,App
TRX00002034,PRD000282,CLI000692,10/09/2018,App
TRX00002035,PRD001378,CLI000264,21/02/2020,App
TRX00002036,PRD000793,CLI000887,12/06/2015,App
TRX00002037,PRD001724,CLI000355,19/08/2021,App
TRX00002038,PRD000338,CLI000790,22/10/2012,App
TRX00002039,PRD001621,CLI000848,15/01/2026,Agencia
TRX00002040,PRD000431,CLI000466,26/08/2019,App
TRX00002041,PRD000238,CLI000138,09/06/2019,App
TRX00002042,PRD000223,CLI000663,27/11/2022,App
TRX00002043,PRD001765,CLI000288,08/03/2026,App
TRX00002044,PRD000668,CLI000668,23/11/2025,App
TRX00002045,PRD001392,CLI000633,04/04/2017,App
TRX00002046,PRD000061,CLI000793,25/04/2026,Agencia
TRX00002047,PRD000359,CLI000556,23/07/2026,App
TRX00002048,PRD001598,CLI000598,08/08/2018,App
TRX00002049,PRD001256,CLI000987,08/10/2014,Agencia
TRX00002050,PRD000604,CLI000440,06/06/2019,App
TRX00002051,PRD001204,CLI000105,26/04/2026,App
TRX00002052,PRD001002,CLI000563,01/03/2020,App
TRX00002053,PRD001050,CLI000816,06/08/2024,App
TRX00002054,PRD000245,CLI000352,19/02/2019,App
TRX00002055,PRD001188,CLI000542,05/12/2024,Agencia
TRX00002056,PRD000119,CLI000827,29/05/2023,Agencia
TRX00002057,PRD000180,CLI000875,22/07/2026,Agencia
TRX00002058,PRD000309,CLI000799,12/07/2023,App
TRX00002059,PRD001143,CLI000662,16/08/2019,App
TRX00002060,PRD001174,CLI000174,12/06/2026,App
TRX00002061,PRD000894,CLI000656,07/05/2026,App
TRX00002062,PRD001841,CLI000355,24/07/2023,App
TRX00002063,PRD001387,CLI000844,09/10/2022,Agencia
TRX00002064,PRD001587,CLI000791,09/03/2023,App
TRX00002065,PRD000018,CLI000663,28/12/2024,Agencia
TRX00002066,PRD001427,CLI000049,16/02/2023,Agencia
TRX00002067,PRD001711,CLI000145,14/05/2019,App
TRX00002068,PRD000913,CLI000673,04/11/2017,App
TRX00002069,PRD000380,CLI000380,05/07/2025,App
TRX00002070,PRD000220,CLI000003,01/06/2026,App
TRX00002071,PRD000813,CLI000467,14/10/2023,App
TRX00002072,PRD001746,CLI000795,22/11/2025,App
TRX00002073,PRD001011,CLI000011,16/03/2017,Agencia
TRX00002074,PRD001431,CLI000558,12/03/2025,App
TRX00002075,PRD000662,CLI000152,17/11/2020,Agencia
TRX00002076,PRD001780,CLI000137,08/03/2023,App
TRX00002077,PRD001163,CLI000712,03/03/2018,Agencia
TRX00002078,PRD001798,CLI000800,03/10/2019,App
TRX00002079,PRD001781,CLI000308,15/05/2016,App
TRX00002080,PRD000521,CLI000435,19/02/2022,App
TRX00002081,PRD001577,CLI000653,27/05/2022,App
TRX00002082,PRD000587,CLI000169,17/03/2025,App
TRX00002083,PRD000039,CLI000909,06/12/2023,Agencia
TRX00002084,PRD001216,CLI000527,16/09/2025,App
TRX00002085,PRD000781,CLI000781,17/04/2026,App
TRX00002086,PRD000983,CLI000613,08/12/2022,Agencia
TRX00002087,PRD000151,CLI000300,21/06/2026,Agencia
TRX00002088,PRD000429,CLI000429,23/07/2026,App
TRX00002089,PRD000685,CLI000997,15/09/2010,App
TRX00002090,PRD000499,CLI000988,14/10/2025,Agencia
TRX00002091,PRD001229,CLI000980,23/05/2016,Agencia
TRX00002092,PRD001089,CLI000954,26/02/2025,App
TRX00002093,PRD001352,CLI000656,18/10/2025,App
TRX00002094,PRD001138,CLI000183,23/10/2022,Agencia
TRX00002095,PRD001710,CLI000955,30/11/2013,App
TRX00002096,PRD001354,CLI000013,06/07/2021,App
TRX00002097,PRD001199,CLI000037,10/07/2026,App
TRX00002098,PRD000297,CLI000666,13/12/2016,App
TRX00002099,PRD000657,CLI000319,08/12/2022,App
TRX00002100,PRD000459,CLI000905,01/12/2025,Agencia
TRX00002101,PRD001579,CLI000373,21/04/2024,Agencia
TRX00002102,PRD001103,CLI000289,24/11/2023,App
TRX00002103,PRD000959,CLI000959,19/12/2014,App
TRX00002104,PRD001007,CLI000443,15/10/2022,Agencia
TRX00002105,PRD001441,CLI000768,07/09/2021,Agencia
TRX00002106,PRD000970,CLI000683,05/04/2026,Agencia
TRX00002107,PRD000946,CLI000108,20/07/2024,App
TRX00002108,PRD000236,CLI000394,24/01/2026,App
TRX00002109,PRD001386,CLI000185,24/12/2025,App
TRX00002110,PRD000221,CLI000221,08/11/2023,App
TRX00002111,PRD000746,CLI000746,28/02/2024,Agencia
TRX00002112,PRD001278,CLI000278,08/02/2012,Agencia
TRX00002113,PRD001387,CLI000345,26/12/2021,App
TRX00002114,PRD001899,CLI000274,17/09/2012,Agencia
TRX00002115,PRD000855,CLI000243,16/05/2025,App
TRX00002116,PRD001756,CLI000287,10/07/2022,Agencia
TRX00002117,PRD000886,CLI000934,12/03/2023,App
TRX00002118,PRD001274,CLI000910,01/09/2017,Agencia
TRX00002119,PRD000474,CLI000573,25/12/2023,App
TRX00002120,PRD000241,CLI000221,24/07/2021,App
TRX00002121,PRD001346,CLI000658,05/01/2026,Agencia
TRX00002122,PRD001415,CLI000256,17/07/2023,App
TRX00002123,PRD000558,CLI000166,07/06/2026,App
TRX00002124,PRD001374,CLI000351,04/03/2025,App
TRX00002125,PRD001341,CLI000673,12/11/2018,Agencia
TRX00002126,PRD000158,CLI000634,28/11/2025,App
TRX00002127,PRD000503,CLI000503,19/08/2018,App
TRX00002128,PRD001432,CLI000132,27/07/2024,Agencia
TRX00002129,PRD000049,CLI000811,08/01/2021,Agencia
TRX00002130,PRD001814,CLI000818,15/07/2017,App
TRX00002131,PRD001353,CLI000766,12/01/2023,App
TRX00002132,PRD001796,CLI000041,04/10/2023,App
TRX00002133,PRD000375,CLI000070,06/08/2026,App
TRX00002134,PRD000141,CLI000663,14/05/2022,Agencia
TRX00002135,PRD000409,CLI000076,16/12/2025,App
TRX00002136,PRD001659,CLI000659,18/07/2021,Agencia
TRX00002137,PRD000134,CLI000550,22/05/2026,Agencia
TRX00002138,PRD000514,CLI000166,23/07/2025,App
TRX00002139,PRD000054,CLI000054,16/01/2023,App
TRX00002140,PRD000533,CLI000533,20/05/2023,App
TRX00002141,PRD001093,CLI000094,07/06/2018,App
TRX00002142,PRD001783,CLI000131,13/05/2025,Agencia
TRX00002143,PRD000718,CLI000074,27/09/2019,Agencia
TRX00002144,PRD001186,CLI000629,14/05/2019,App
TRX00002145,PRD001464,CLI000347,25/09/2025,App
TRX00002146,PRD000867,CLI000076,27/11/2025,App
TRX00002147,PRD001984,CLI000984,02/01/2021,App
TRX00002148,PRD001918,CLI000308,29/01/2011,App
TRX00002149,PRD000483,CLI000354,30/05/2019,App
TRX00002150,PRD000113,CLI000924,14/09/2022,App
TRX00002151,PRD001135,CLI000670,19/08/2022,App
TRX00002152,PRD000389,CLI000233,31/05/2023,App
TRX00002153,PRD000724,CLI000575,22/10/2023,App
TRX00002154,PRD000306,CLI000111,09/05/2022,Agencia
TRX00002155,PRD000939,CLI000939,26/02/2026,App
TRX00002156,PRD000204,CLI000204,09/10/2024,Agencia
TRX00002157,PRD001080,CLI000680,25/11/2025,Agencia
TRX00002158,PRD001043,CLI000043,05/06/2022,Agencia
TRX00002159,PRD001590,CLI000561,14/03/2024,Agencia
TRX00002160,PRD001266,CLI000448,26/07/2026,App
TRX00002161,PRD001560,CLI000505,08/10/2023,App
TRX00002162,PRD001619,CLI000660,11/05/2026,App
TRX00002163,PRD001965,CLI000801,25/12/2025,App
TRX00002164,PRD000980,CLI000980,02/04/2021,App
TRX00002165,PRD001484,CLI000516,03/01/2016,App
TRX00002166,PRD001126,CLI000019,22/04/2017,Agencia
TRX00002167,PRD000880,CLI000880,14/10/2017,App
TRX00002168,PRD000227,CLI000074,30/11/2023,App
TRX00002169,PRD001258,CLI000216,19/09/2025,Agencia
TRX00002170,PRD002000,CLI000869,06/11/2018,App
TRX00002171,PRD001571,CLI000571,17/08/2026,App
TRX00002172,PRD000443,CLI000407,22/04/2023,App
TRX00002173,PRD000492,CLI000492,11/11/2014,App
TRX00002174,PRD000334,CLI000334,20/12/2018,App
TRX00002175,PRD000767,CLI000491,22/09/2023,Agencia
TRX00002176,PRD000353,CLI000671,22/05/2021,App
TRX00002177,PRD001128,CLI000706,29/05/2026,App
TRX00002178,PRD001173,CLI000126,28/11/2023,App
TRX00002179,PRD000917,CLI000917,03/04/2026,App
TRX00002180,PRD000729,CLI000143,04/06/2014,App
TRX00002181,PRD001213,CLI000901,01/04/2021,App
TRX00002182,PRD000133,CLI000744,08/12/2024,Agencia
TRX00002183,PRD001311,CLI000677,24/03/2026,App
TRX00002184,PRD000380,CLI000359,28/03/2026,App
TRX00002185,PRD001387,CLI000846,21/01/2025,App
TRX00002186,PRD001435,CLI000216,23/07/2026,App
TRX00002187,PRD000341,CLI000345,14/09/2019,Agencia
TRX00002188,PRD001072,CLI000492,21/03/2017,App
TRX00002189,PRD000484,CLI000560,19/04/2026,App
TRX00002190,PRD001171,CLI000780,13/02/2023,App
TRX00002191,PRD000897,CLI000707,19/05/2026,App
TRX00002192,PRD000046,CLI000046,29/10/2020,App
TRX00002193,PRD001451,CLI000021,08/05/2022,App
TRX00002194,PRD001850,CLI000646,26/05/2015,Agencia
TRX00002195,PRD001962,CLI000922,15/08/2016,App
TRX00002196,PRD000816,CLI000094,11/09/2018,App
TRX00002197,PRD000196,CLI000393,11/01/2023,Agencia
TRX00002198,PRD001501,CLI000608,20/01/2025,App
TRX00002199,PRD001520,CLI000520,12/07/2022,Agencia
TRX00002200,PRD000657,CLI000994,11/07/2024,App
TRX00002201,PRD000218,CLI000218,01/07/2026,App
TRX00002202,PRD001569,CLI000569,05/05/2026,App
TRX00002203,PRD000563,CLI000814,21/09/2022,App
TRX00002204,PRD001309,CLI000105,27/05/2025,App
TRX00002205,PRD001692,CLI000491,12/08/2020,App
TRX00002206,PRD000777,CLI000241,07/01/2017,App
TRX00002207,PRD000855,CLI000855,19/06/2014,Agencia
TRX00002208,PRD001155,CLI000545,11/02/2022,App
TRX00002209,PRD001508,CLI000946,15/04/2022,App
TRX00002210,PRD000847,CLI000606,17/08/2026,App
TRX00002211,PRD001052,CLI000052,10/09/2017,Agencia
TRX00002212,PRD001676,CLI000676,26/06/2026,App
TRX00002213,PRD000430,CLI000845,30/11/2023,Agencia
TRX00002214,PRD001385,CLI000306,26/09/2021,Agencia
TRX00002215,PRD001776,CLI000653,24/06/2022,App
TRX00002216,PRD000283,CLI000562,29/06/2026,App
TRX00002217,PRD000630,CLI000112,28/04/2023,App
TRX00002218,PRD001789,CLI000822,27/01/2025,App
TRX00002219,PRD000019,CLI000019,12/07/2011,App
TRX00002220,PRD000524,CLI000945,20/10/2022,App
TRX00002221,PRD000456,CLI000760,19/01/2026,App
TRX00002222,PRD001275,CLI000062,15/07/2014,Agencia
TRX00002223,PRD001209,CLI000085,19/10/2025,Agencia
TRX00002224,PRD001626,CLI000626,18/12/2022,App
TRX00002225,PRD001357,CLI000450,13/09/2018,App
TRX00002226,PRD001046,CLI000878,18/04/2014,App
TRX00002227,PRD000608,CLI000539,21/06/2025,App
TRX00002228,PRD001163,CLI000063,09/05/2026,App
TRX00002229,PRD000543,CLI000197,14/02/2024,App
TRX00002230,PRD001111,CLI000280,06/06/2024,App
TRX00002231,PRD000743,CLI000143,03/04/2012,App
TRX00002232,PRD001951,CLI000951,13/02/2020,Agencia
TRX00002233,PRD000060,CLI000901,07/05/2024,App
TRX00002234,PRD000607,CLI000607,12/05/2024,Agencia
TRX00002235,PRD001128,CLI000621,09/01/2015,App
TRX00002236,PRD000571,CLI000877,22/02/2025,Agencia
TRX00002237,PRD000481,CLI000481,07/04/2023,Agencia
TRX00002238,PRD001584,CLI000364,04/07/2016,App
TRX00002239,PRD001646,CLI000646,06/12/2016,App
TRX00002240,PRD000016,CLI000016,07/02/2025,App
TRX00002241,PRD000562,CLI000518,17/01/2024,Agencia
TRX00002242,PRD001595,CLI000595,27/11/2019,App
TRX00002243,PRD001120,CLI000120,20/01/2024,Agencia
TRX00002244,PRD000461,CLI000292,11/03/2025,App
TRX00002245,PRD000972,CLI000972,17/05/2025,Agencia
TRX00002246,PRD001112,CLI000823,29/10/2024,App
TRX00002247,PRD001719,CLI000929,17/03/2023,Agencia
TRX00002248,PRD000795,CLI000797,21/05/2025,App
TRX00002249,PRD000486,CLI000333,03/05/2024,Agencia
TRX00002250,PRD000758,CLI000758,11/12/2023,App
TRX00002251,PRD001162,CLI000785,25/01/2022,Agencia
TRX00002252,PRD000518,CLI000761,12/07/2018,Agencia
TRX00002253,PRD001834,CLI000803,11/02/2025,App
TRX00002254,PRD001964,CLI000810,23/11/2025,App
TRX00002255,PRD001851,CLI000810,30/12/2023,App
TRX00002256,PRD001944,CLI000463,03/02/2026,Agencia
TRX00002257,PRD001201,CLI000270,28/09/2025,App
TRX00002258,PRD000743,CLI000683,14/07/2026,Agencia
TRX00002259,PRD001802,CLI000063,25/07/2026,App
TRX00002260,PRD000424,CLI000682,26/05/2023,App
TRX00002261,PRD000651,CLI000651,12/12/2022,Agencia
TRX00002262,PRD000063,CLI000365,06/02/2022,Agencia
TRX00002263,PRD001532,CLI000548,05/05/2022,App
TRX00002264,PRD001194,CLI000150,09/04/2022,App
TRX00002265,PRD001405,CLI000405,07/12/2012,Agencia
TRX00002266,PRD000515,CLI000405,12/05/2015,App
TRX00002267,PRD000581,CLI000613,23/06/2024,App
TRX00002268,PRD001781,CLI000902,30/04/2025,App
TRX00002269,PRD001951,CLI000929,03/08/2025,Agencia
TRX00002270,PRD000422,CLI000287,07/10/2025,Agencia
TRX00002271,PRD000375,CLI000382,06/04/2025,Agencia
TRX00002272,PRD000628,CLI000457,26/09/2024,App
TRX00002273,PRD001859,CLI000876,23/04/2022,App
TRX00002274,PRD001523,CLI000109,03/03/2014,App
TRX00002275,PRD001491,CLI000642,18/08/2016,App
TRX00002276,PRD000956,CLI000470,21/03/2022,App
TRX00002277,PRD000141,CLI000937,08/12/2025,Agencia
TRX00002278,PRD001711,CLI000489,30/01/2024,App
TRX00002279,PRD001683,CLI000386,12/12/2018,App
TRX00002280,PRD001978,CLI000978,28/04/2018,Agencia
TRX00002281,PRD000862,CLI000001,07/08/2015,App
TRX00002282,PRD001765,CLI000529,09/04/2018,App
TRX00002283,PRD001993,CLI000874,07/05/2018,App
TRX00002284,PRD001054,CLI000457,05/03/2026,App
TRX00002285,PRD000416,CLI000099,21/01/2016,App
TRX00002286,PRD000147,CLI000334,22/05/2018,App
TRX00002287,PRD001441,CLI000318,11/02/2023,Agencia
TRX00002288,PRD000797,CLI000573,06/09/2024,App
TRX00002289,PRD000161,CLI000704,14/12/2024,Agencia
TRX00002290,PRD001459,CLI000664,16/05/2026,Agencia
TRX00002291,PRD000354,CLI000959,27/05/2017,Agencia
TRX00002292,PRD000295,CLI000295,20/03/2024,App
TRX00002293,PRD000625,CLI000371,07/04/2026,Agencia
TRX00002294,PRD000545,CLI000042,22/10/2015,App
TRX00002295,PRD000267,CLI000431,28/09/2019,App
TRX00002296,PRD000902,CLI000876,03/11/2023,App
TRX00002297,PRD001935,CLI000262,05/10/2025,Agencia
TRX00002298,PRD000595,CLI000389,15/11/2022,App
TRX00002299,PRD001101,CLI000837,11/12/2021,Agencia
TRX00002300,PRD001043,CLI000234,08/09/2025,App
TRX00002301,PRD000956,CLI000956,21/07/2024,App
TRX00002302,PRD000040,CLI000302,20/09/2025,App
TRX00002303,PRD000267,CLI000216,19/04/2025,App
TRX00002304,PRD000591,CLI000591,09/02/2026,Agencia
TRX00002305,PRD000807,CLI000140,13/01/2014,App
TRX00002306,PRD000033,CLI000122,27/09/2019,App
TRX00002307,PRD001581,CLI000900,31/07/2018,App
TRX00002308,PRD001474,CLI000474,27/06/2026,App
TRX00002309,PRD001334,CLI000993,18/05/2018,Agencia
TRX00002310,PRD001141,CLI000141,09/08/2026,Agencia
TRX00002311,PRD001799,CLI000695,01/02/2023,App
TRX00002312,PRD001427,CLI000745,10/02/2021,App
TRX00002313,PRD001068,CLI000638,30/10/2024,App
TRX00002314,PRD001172,CLI000114,08/09/2014,Agencia
TRX00002315,PRD001643,CLI000290,12/01/2025,App
TRX00002316,PRD000853,CLI000853,11/02/2022,Agencia
TRX00002317,PRD001679,CLI000506,22/01/2025,App
TRX00002318,PRD000293,CLI000543,03/02/2024,Agencia
TRX00002319,PRD000196,CLI000745,06/08/2023,App
TRX00002320,PRD000976,CLI000372,26/06/2026,App
TRX00002321,PRD002000,CLI000724,20/03/2021,Agencia
TRX00002322,PRD000566,CLI000090,13/05/2015,App
TRX00002323,PRD000590,CLI000659,16/07/2026,App
TRX00002324,PRD001155,CLI000357,28/02/2026,App
TRX00002325,PRD001671,CLI000671,30/12/2014,App
TRX00002326,PRD000419,CLI000430,26/01/2023,App
TRX00002327,PRD001740,CLI000695,31/01/2024,App
TRX00002328,PRD001802,CLI000952,03/04/2018,App
TRX00002329,PRD001456,CLI000036,29/12/2024,App
TRX00002330,PRD001675,CLI000675,25/06/2025,App
TRX00002331,PRD000280,CLI000280,23/12/2013,App
TRX00002332,PRD000938,CLI000881,14/02/2017,Agencia
TRX00002333,PRD001519,CLI000653,25/07/2018,App
TRX00002334,PRD001389,CLI000135,26/10/2019,App
TRX00002335,PRD000037,CLI000851,21/07/2026,App
TRX00002336,PRD001259,CLI000259,24/04/2017,Agencia
TRX00002337,PRD000796,CLI000738,22/10/2024,Agencia
TRX00002338,PRD001528,CLI000844,29/01/2018,Agencia
TRX00002339,PRD000490,CLI000721,05/12/2024,App
TRX00002340,PRD000465,CLI000206,22/05/2022,Agencia
TRX00002341,PRD001105,CLI000097,20/03/2020,App
TRX00002342,PRD001910,CLI000248,11/03/2018,App
TRX00002343,PRD001729,CLI000670,13/10/2021,App
TRX00002344,PRD000521,CLI000436,26/07/2026,App
TRX00002345,PRD001882,CLI000971,03/06/2025,Agencia
TRX00002346,PRD000320,CLI000081,26/11/2025,App
TRX00002347,PRD000191,CLI000575,14/10/2025,App
TRX00002348,PRD000214,CLI000486,06/10/2021,App
TRX00002349,PRD000824,CLI000563,11/12/2016,App
TRX00002350,PRD000309,CLI000908,03/02/2022,App
TRX00002351,PRD001633,CLI000149,21/10/2012,App
TRX00002352,PRD000174,CLI000818,14/04/2019,App
TRX00002353,PRD001820,CLI000044,05/06/2025,App
TRX00002354,PRD000124,CLI000097,08/10/2013,App
TRX00002355,PRD001649,CLI000759,03/04/2024,Agencia
TRX00002356,PRD000947,CLI000703,05/07/2026,Agencia
TRX00002357,PRD000628,CLI000628,29/12/2022,App
TRX00002358,PRD000005,CLI000698,16/08/2022,Agencia
TRX00002359,PRD001882,CLI000621,17/10/2024,Agencia
TRX00002360,PRD000128,CLI000782,23/05/2026,App
TRX00002361,PRD000555,CLI000555,11/08/2024,Agencia
TRX00002362,PRD000412,CLI000986,20/08/2024,Agencia
TRX00002363,PRD000019,CLI000056,05/02/2024,App
TRX00002364,PRD001530,CLI000638,22/06/2026,App
TRX00002365,PRD001018,CLI000084,26/01/2026,App
TRX00002366,PRD001006,CLI000481,04/05/2026,App
TRX00002367,PRD001648,CLI000648,03/07/2022,App
TRX00002368,PRD000165,CLI000165,22/01/2025,App
TRX00002369,PRD001037,CLI000936,14/05/2026,Agencia
TRX00002370,PRD001504,CLI000340,28/07/2022,Agencia
TRX00002371,PRD001334,CLI000783,07/03/2020,App
TRX00002372,PRD000546,CLI000738,26/05/2025,App
TRX00002373,PRD001090,CLI000949,05/05/2026,App
TRX00002374,PRD000251,CLI000949,11/04/2026,App
TRX00002375,PRD000227,CLI000579,21/01/2026,Agencia
TRX00002376,PRD001071,CLI000822,08/06/2018,App
TRX00002377,PRD001743,CLI000819,08/05/2022,App
TRX00002378,PRD000114,CLI000616,19/06/2026,Agencia
TRX00002379,PRD001648,CLI000460,01/03/2020,App
TRX00002380,PRD001583,CLI000190,12/04/2011,App
TRX00002381,PRD001708,CLI000708,29/05/2026,Agencia
TRX00002382,PRD000630,CLI000881,11/07/2017,App
TRX00002383,PRD001659,CLI000158,14/01/2016,App
TRX00002384,PRD000267,CLI000891,13/11/2023,Agencia
TRX00002385,PRD001644,CLI000358,30/04/2023,App
TRX00002386,PRD001592,CLI000592,22/12/2024,App
TRX00002387,PRD001380,CLI000380,06/09/2019,App
TRX00002388,PRD001642,CLI000731,12/12/2021,Agencia
TRX00002389,PRD001075,CLI000075,19/05/2026,Agencia
TRX00002390,PRD000339,CLI000175,31/08/2024,Agencia
TRX00002391,PRD001194,CLI000249,23/04/2020,App
TRX00002392,PRD001651,CLI000277,08/03/2024,App
TRX00002393,PRD000365,CLI000243,14/03/2025,App
TRX00002394,PRD000673,CLI000226,15/03/2024,App
TRX00002395,PRD001990,CLI000394,13/09/2023,App
TRX00002396,PRD001735,CLI000136,17/10/2022,Agencia
TRX00002397,PRD000136,CLI000134,25/09/2023,App
TRX00002398,PRD000050,CLI000553,07/02/2019,App
TRX00002399,PRD001358,CLI000358,25/03/2022,App
TRX00002400,PRD000702,CLI000175,04/09/2024,App
TRX00002401,PRD001187,CLI000375,22/12/2022,App
TRX00002402,PRD001949,CLI000587,28/08/2015,App
TRX00002403,PRD001485,CLI000438,19/12/2017,App
TRX00002404,PRD001414,CLI000856,30/11/2017,App
TRX00002405,PRD000502,CLI000502,05/01/2025,App
TRX00002406,PRD000092,CLI000057,29/04/2020,App
TRX00002407,PRD001243,CLI000476,30/03/2023,App
TRX00002408,PRD001608,CLI000987,18/07/2019,Agencia
TRX00002409,PRD000660,CLI000718,18/12/2017,App
TRX00002410,PRD001277,CLI000596,08/01/2025,App
TRX00002411,PRD001944,CLI000283,25/09/2020,App
TRX00002412,PRD000173,CLI000504,18/08/2025,App
TRX00002413,PRD000281,CLI000999,11/10/2017,App
TRX00002414,PRD001618,CLI000618,04/04/2023,Agencia
TRX00002415,PRD000875,CLI000911,11/05/2026,Agencia
TRX00002416,PRD000782,CLI000360,09/08/2016,App
TRX00002417,PRD000491,CLI000967,21/02/2023,App
TRX00002418,PRD001516,CLI000516,30/08/2016,App
TRX00002419,PRD001699,CLI000328,14/10/2025,App
TRX00002420,PRD000580,CLI000580,25/05/2022,Agencia
TRX00002421,PRD001025,CLI000043,30/04/2020,Agencia
TRX00002422,PRD000975,CLI000290,05/05/2023,Agencia
TRX00002423,PRD001204,CLI000857,11/08/2026,App
TRX00002424,PRD000473,CLI000473,07/05/2024,App
TRX00002425,PRD001006,CLI000006,02/06/2026,App
TRX00002426,PRD000024,CLI000949,20/08/2026,App
TRX00002427,PRD001171,CLI000893,09/12/2024,App
TRX00002428,PRD000465,CLI000688,28/01/2013,App
TRX00002429,PRD000801,CLI000106,06/06/2021,App
TRX00002430,PRD000183,CLI000734,27/11/2025,App
TRX00002431,PRD000736,CLI000480,31/03/2025,App
TRX00002432,PRD000968,CLI000638,21/06/2026,Agencia
TRX00002433,PRD001117,CLI000931,18/05/2017,App
TRX00002434,PRD001701,CLI000738,18/05/2024,Agencia
TRX00002435,PRD000202,CLI000140,18/09/2021,App
TRX00002436,PRD001010,CLI000010,06/08/2026,App
TRX00002437,PRD001891,CLI000445,14/08/2026,App
TRX00002438,PRD000499,CLI000705,22/03/2022,Agencia
TRX00002439,PRD001615,CLI000917,30/07/2025,App
TRX00002440,PRD001992,CLI000793,17/06/2026,Agencia
TRX00002441,PRD000059,CLI000764,08/01/2023,App
TRX00002442,PRD000230,CLI000447,05/01/2022,Agencia
TRX00002443,PRD001789,CLI000302,14/12/2022,Agencia
TRX00002444,PRD001841,CLI000912,21/01/2016,App
TRX00002445,PRD000744,CLI000686,06/09/2022,Agencia
TRX00002446,PRD000234,CLI000234,02/03/2024,App
TRX00002447,PRD001131,CLI000692,05/10/2023,Agencia
TRX00002448,PRD000736,CLI000650,03/02/2025,App
TRX00002449,PRD001101,CLI000342,28/10/2021,Agencia
TRX00002450,PRD001731,CLI000781,29/07/2014,App
TRX00002451,PRD000773,CLI000092,22/08/2019,App
TRX00002452,PRD001112,CLI000892,12/10/2021,App
TRX00002453,PRD001286,CLI000776,17/04/2010,App
TRX00002454,PRD000705,CLI000994,06/11/2021,App
TRX00002455,PRD000327,CLI000365,05/01/2026,App
TRX00002456,PRD001370,CLI000270,29/03/2026,App
TRX00002457,PRD001612,CLI000543,16/11/2020,Agencia
TRX00002458,PRD000801,CLI000156,22/04/2017,App
TRX00002459,PRD001408,CLI000408,02/10/2023,App
TRX00002460,PRD001285,CLI000935,15/02/2015,App
TRX00002461,PRD000421,CLI000421,29/07/2018,App
TRX00002462,PRD000806,CLI000872,19/01/2013,App
TRX00002463,PRD001701,CLI000701,04/09/2025,App
TRX00002464,PRD000610,CLI000348,22/04/2021,App
TRX00002465,PRD001095,CLI000962,16/08/2022,App
TRX00002466,PRD000929,CLI000579,15/07/2026,Agencia
TRX00002467,PRD001970,CLI000683,09/04/2026,App
TRX00002468,PRD001884,CLI000523,11/03/2019,Agencia
TRX00002469,PRD000551,CLI000551,04/07/2024,App
TRX00002470,PRD000715,CLI000516,12/04/2023,App
TRX00002471,PRD000668,CLI000103,21/06/2020,Agencia
TRX00002472,PRD001338,CLI000347,28/10/2025,App
TRX00002473,PRD001408,CLI000341,16/06/2015,App
TRX00002474,PRD000476,CLI000840,22/12/2023,App
TRX00002475,PRD000737,CLI000675,07/10/2016,Agencia
TRX00002476,PRD001247,CLI000178,20/05/2018,App
TRX00002477,PRD001975,CLI000820,02/03/2025,App
TRX00002478,PRD000606,CLI000194,22/09/2025,App
TRX00002479,PRD000910,CLI000748,12/03/2026,Agencia
TRX00002480,PRD000452,CLI000452,09/07/2022,App
TRX00002481,PRD000247,CLI000518,13/07/2017,Agencia
TRX00002482,PRD000884,CLI000804,19/06/2025,App
TRX00002483,PRD001016,CLI000422,03/04/2020,App
TRX00002484,PRD000202,CLI000737,09/03/2019,App
TRX00002485,PRD000847,CLI000367,14/12/2025,App
TRX00002486,PRD000206,CLI000206,26/07/2022,Agencia
TRX00002487,PRD000555,CLI000605,15/01/2026,App
TRX00002488,PRD000346,CLI000753,19/05/2015,App
TRX00002489,PRD001516,CLI000186,03/07/2014,App
TRX00002490,PRD001921,CLI000157,11/07/2025,App
TRX00002491,PRD001135,CLI000016,25/09/2017,App
TRX00002492,PRD001800,CLI000800,27/01/2022,App
TRX00002493,PRD001368,CLI000319,10/02/2023,App
TRX00002494,PRD000460,CLI000552,12/09/2022,App
TRX00002495,PRD001696,CLI000696,20/11/2025,Agencia
TRX00002496,PRD001905,CLI000905,27/01/2026,App
TRX00002497,PRD000565,CLI000627,27/12/2025,App
TRX00002498,PRD000750,CLI000596,18/02/2026,App
TRX00002499,PRD000133,CLI000359,22/11/2020,App
TRX00002500,PRD001213,CLI000416,28/09/2024,Agencia
TRX00002501,PRD000392,CLI000892,14/10/2019,App
TRX00002502,PRD000729,CLI000770,17/12/2020,App
TRX00002503,PRD000609,CLI000917,02/05/2025,Agencia
TRX00002504,PRD001441,CLI000441,24/07/2026,Agencia
TRX00002505,PRD001203,CLI000456,28/05/2025,App
TRX00002506,PRD000737,CLI000737,07/07/2023,Agencia
TRX00002507,PRD001528,CLI000563,17/04/2024,App
TRX00002508,PRD000426,CLI000730,05/12/2022,App
TRX00002509,PRD001553,CLI000785,01/08/2024,App
TRX00002510,PRD000826,CLI000697,19/09/2017,App
TRX00002511,PRD000871,CLI000871,21/02/2017,Agencia
TRX00002512,PRD000207,CLI000211,06/11/2021,Agencia
TRX00002513,PRD000480,CLI000138,30/04/2026,Agencia
TRX00002514,PRD000506,CLI000795,23/04/2017,App
TRX00002515,PRD000789,CLI000372,18/02/2022,App
TRX00002516,PRD000945,CLI000909,16/10/2023,Agencia
TRX00002517,PRD001297,CLI000601,05/03/2025,App
TRX00002518,PRD001816,CLI000308,20/11/2017,App
TRX00002519,PRD000723,CLI000141,18/06/2026,App
TRX00002520,PRD000531,CLI000531,06/04/2020,Agencia
TRX00002521,PRD000217,CLI000695,17/04/2025,App
TRX00002522,PRD000337,CLI000806,07/04/2026,App
TRX00002523,PRD001064,CLI000064,15/07/2020,Agencia
TRX00002524,PRD000490,CLI000853,11/03/2015,App
TRX00002525,PRD000005,CLI000569,27/10/2024,Agencia
TRX00002526,PRD001995,CLI000995,19/03/2026,App
TRX00002527,PRD001396,CLI000446,30/12/2017,App
TRX00002528,PRD001418,CLI000146,19/11/2017,App
TRX00002529,PRD001553,CLI000738,11/03/2022,App
TRX00002530,PRD001826,CLI000800,02/06/2025,App
TRX00002531,PRD001635,CLI000044,24/07/2025,App
TRX00002532,PRD000346,CLI000346,17/08/2017,Agencia
TRX00002533,PRD000900,CLI000790,28/03/2021,App
TRX00002534,PRD000739,CLI000735,07/05/2020,Agencia
TRX00002535,PRD001747,CLI000421,10/08/2016,App
TRX00002536,PRD000868,CLI000187,01/06/2025,App
TRX00002537,PRD000127,CLI000127,18/02/2016,Agencia
TRX00002538,PRD000061,CLI000928,30/10/2024,Agencia
TRX00002539,PRD001261,CLI000384,06/03/2026,App
TRX00002540,PRD000220,CLI000220,20/02/2021,App
TRX00002541,PRD001183,CLI000240,16/03/2018,App
TRX00002542,PRD000432,CLI000215,22/05/2022,Agencia
TRX00002543,PRD001314,CLI000174,08/06/2026,App
TRX00002544,PRD000567,CLI000432,09/10/2024,App
TRX00002545,PRD001744,CLI000341,21/03/2012,Agencia
TRX00002546,PRD000643,CLI000213,08/03/2018,App
TRX00002547,PRD000664,CLI000137,28/03/2023,App
TRX00002548,PRD001696,CLI000257,10/11/2023,App
TRX00002549,PRD001370,CLI000942,02/07/2021,App
TRX00002550,PRD001228,CLI000376,06/07/2026,App
TRX00002551,PRD001596,CLI000653,18/03/2019,App
TRX00002552,PRD000407,CLI000797,30/06/2022,App
TRX00002553,PRD001671,CLI000504,31/10/2023,App
TRX00002554,PRD000719,CLI000216,11/11/2025,Agencia
TRX00002555,PRD001208,CLI000730,29/11/2016,App
TRX00002556,PRD001046,CLI000796,24/10/2015,App
TRX00002557,PRD000558,CLI000409,31/05/2024,App
TRX00002558,PRD001193,CLI000997,17/05/2017,App
TRX00002559,PRD001627,CLI000177,30/04/2015,App
TRX00002560,PRD000200,CLI000016,15/03/2017,App
TRX00002561,PRD001055,CLI000055,30/07/2024,Agencia
TRX00002562,PRD001951,CLI000676,31/08/2020,App
TRX00002563,PRD000403,CLI000022,10/06/2026,App
TRX00002564,PRD001024,CLI000880,11/12/2013,App
TRX00002565,PRD001671,CLI000355,23/05/2020,Agencia
TRX00002566,PRD001717,CLI000717,28/04/2026,App
TRX00002567,PRD000243,CLI000112,02/08/2015,Agencia
TRX00002568,PRD001377,CLI000377,02/04/2025,Agencia
TRX00002569,PRD000005,CLI000183,07/04/2017,App
TRX00002570,PRD000674,CLI000636,23/02/2023,Agencia
TRX00002571,PRD001819,CLI000658,06/01/2022,Agencia
TRX00002572,PRD001727,CLI000047,25/02/2026,App
TRX00002573,PRD000005,CLI000962,17/11/2025,Agencia
TRX00002574,PRD000691,CLI000574,15/01/2026,Agencia
TRX00002575,PRD001054,CLI000178,23/02/2026,Agencia
TRX00002576,PRD001686,CLI000567,26/08/2022,Agencia
TRX00002577,PRD001624,CLI000613,25/04/2026,Agencia
TRX00002578,PRD000840,CLI000335,24/03/2024,App
TRX00002579,PRD000158,CLI000824,09/06/2021,App
TRX00002580,PRD001023,CLI000023,09/08/2026,Agencia
TRX00002581,PRD001904,CLI000619,01/06/2016,Agencia
TRX00002582,PRD000084,CLI000016,30/07/2019,Agencia
TRX00002583,PRD001005,CLI000005,15/02/2025,App
TRX00002584,PRD001009,CLI000009,06/02/2022,Agencia
TRX00002585,PRD000064,CLI000064,22/02/2025,App
TRX00002586,PRD001549,CLI000918,31/10/2024,App
TRX00002587,PRD000956,CLI000227,18/05/2024,Agencia
TRX00002588,PRD001405,CLI000729,25/07/2019,App
TRX00002589,PRD000136,CLI000933,30/06/2021,App
TRX00002590,PRD001272,CLI000834,11/09/2022,App
TRX00002591,PRD001227,CLI000407,14/06/2021,Agencia
TRX00002592,PRD001743,CLI000743,19/07/2026,App
TRX00002593,PRD001203,CLI000203,15/11/2021,Agencia
TRX00002594,PRD000370,CLI000370,11/11/2021,App
TRX00002595,PRD000877,CLI000877,04/12/2023,App
TRX00002596,PRD000549,CLI000490,27/10/2025,Agencia
TRX00002597,PRD000721,CLI000022,05/09/2025,App
TRX00002598,PRD000936,CLI000936,25/03/2026,App
TRX00002599,PRD001176,CLI000072,16/03/2025,App
TRX00002600,PRD000358,CLI000314,12/02/2013,App
TRX00002601,PRD000448,CLI000377,13/05/2021,App
TRX00002602,PRD000642,CLI000274,07/11/2022,App
TRX00002603,PRD001104,CLI000201,06/09/2025,App
TRX00002604,PRD000535,CLI001000,23/10/2012,Agencia
TRX00002605,PRD001896,CLI000840,10/03/2017,Agencia
TRX00002606,PRD000815,CLI000147,13/08/2026,App
TRX00002607,PRD000148,CLI000148,25/04/2026,App
TRX00002608,PRD000592,CLI000643,04/03/2025,App
TRX00002609,PRD000644,CLI000175,30/07/2026,App
TRX00002610,PRD000779,CLI000771,21/08/2021,App
TRX00002611,PRD001675,CLI000269,20/09/2025,App
TRX00002612,PRD001702,CLI000083,30/06/2012,App
TRX00002613,PRD000391,CLI000864,06/09/2019,App
TRX00002614,PRD000766,CLI000686,09/07/2022,App
TRX00002615,PRD000353,CLI000495,06/06/2021,Agencia
TRX00002616,PRD001566,CLI000141,13/08/2026,App
TRX00002617,PRD000264,CLI000264,11/07/2017,App
TRX00002618,PRD000572,CLI000572,21/09/2025,App
TRX00002619,PRD001459,CLI000550,08/09/2016,App
TRX00002620,PRD000661,CLI000661,25/10/2024,App
TRX00002621,PRD001510,CLI000510,25/08/2020,Agencia
TRX00002622,PRD000927,CLI000903,13/11/2025,App
TRX00002623,PRD001493,CLI000493,07/04/2026,Agencia
TRX00002624,PRD001099,CLI000750,06/06/2013,Agencia
TRX00002625,PRD000078,CLI000078,12/05/2015,App
TRX00002626,PRD001295,CLI000295,16/03/2019,Agencia
TRX00002627,PRD001871,CLI000438,15/04/2025,App
TRX00002628,PRD001406,CLI000809,28/06/2015,Agencia
TRX00002629,PRD000509,CLI000604,31/08/2023,Agencia
TRX00002630,PRD000519,CLI000519,17/06/2026,App
TRX00002631,PRD000623,CLI000527,07/01/2024,App
TRX00002632,PRD001522,CLI000377,24/07/2026,App
TRX00002633,PRD001449,CLI000713,22/02/2024,Agencia
TRX00002634,PRD000566,CLI000160,19/05/2025,App
TRX00002635,PRD001776,CLI000221,08/04/2023,App
TRX00002636,PRD000023,CLI000638,20/03/2020,App
TRX00002637,PRD000134,CLI000134,26/01/2025,App
TRX00002638,PRD000255,CLI000555,14/10/2024,Agencia
TRX00002639,PRD001962,CLI000654,23/04/2026,App
TRX00002640,PRD001319,CLI000319,11/03/2024,App
TRX00002641,PRD000746,CLI000412,02/02/2012,Agencia
TRX00002642,PRD000186,CLI000875,24/07/2026,App
TRX00002643,PRD000418,CLI000032,21/10/2019,App
TRX00002644,PRD000792,CLI000327,25/06/2025,App
TRX00002645,PRD001817,CLI000374,08/03/2026,Agencia
TRX00002646,PRD001993,CLI000630,30/10/2017,App
TRX00002647,PRD001400,CLI000821,20/07/2026,App
TRX00002648,PRD001418,CLI000418,02/03/2015,Agencia
TRX00002649,PRD000778,CLI000778,03/01/2021,App
TRX00002650,PRD001088,CLI000666,01/01/2019,Agencia
TRX00002651,PRD001727,CLI000333,16/03/2024,App
TRX00002652,PRD001602,CLI000136,11/12/2024,Agencia
TRX00002653,PRD001131,CLI000149,31/01/2024,Agencia
TRX00002654,PRD001007,CLI000244,11/12/2024,App
TRX00002655,PRD001259,CLI000840,05/05/2017,Agencia
TRX00002656,PRD001631,CLI000173,22/12/2024,App
TRX00002657,PRD000608,CLI000535,18/01/2023,App
TRX00002658,PRD001589,CLI000589,21/01/2026,App
TRX00002659,PRD001810,CLI000322,03/02/2021,App
TRX00002660,PRD001653,CLI000925,19/07/2023,App
TRX00002661,PRD000262,CLI000739,30/06/2026,Agencia
TRX00002662,PRD000413,CLI000429,11/05/2023,App
TRX00002663,PRD000253,CLI000382,01/07/2019,Agencia
TRX00002664,PRD001665,CLI000690,11/02/2024,App
TRX00002665,PRD001733,CLI000733,12/04/2015,Agencia
TRX00002666,PRD000678,CLI000913,21/07/2020,Agencia
TRX00002667,PRD001454,CLI000707,08/07/2026,App
TRX00002668,PRD000109,CLI000109,24/09/2022,App
TRX00002669,PRD001500,CLI000491,16/02/2022,Agencia
TRX00002670,PRD001975,CLI000975,28/05/2019,Agencia
TRX00002671,PRD000080,CLI000023,11/08/2026,App
TRX00002672,PRD001255,CLI000558,29/06/2022,App
TRX00002673,PRD001271,CLI000271,18/12/2018,App
TRX00002674,PRD001245,CLI000498,29/03/2021,App
TRX00002675,PRD000072,CLI000072,25/04/2023,App
TRX00002676,PRD000007,CLI000307,19/04/2023,App
TRX00002677,PRD001869,CLI000786,09/02/2018,App
TRX00002678,PRD000941,CLI000998,11/09/2021,Agencia
TRX00002679,PRD001467,CLI000657,19/04/2025,App
TRX00002680,PRD000451,CLI000538,13/05/2026,Agencia
TRX00002681,PRD000101,CLI000789,06/09/2022,App
TRX00002682,PRD000843,CLI000018,20/02/2011,Agencia
TRX00002683,PRD000624,CLI000624,01/02/2018,App
TRX00002684,PRD001413,CLI000966,13/04/2020,App
TRX00002685,PRD001595,CLI000812,04/11/2025,Agencia
TRX00002686,PRD000880,CLI000362,02/03/2022,Agencia
TRX00002687,PRD001897,CLI000537,02/06/2015,App
TRX00002688,PRD001379,CLI000379,06/06/2026,App
TRX00002689,PRD001172,CLI000172,10/01/2026,App
TRX00002690,PRD000825,CLI000239,04/07/2024,App
TRX00002691,PRD001150,CLI000391,26/08/2020,App
TRX00002692,PRD000098,CLI000098,27/04/2017,Agencia
TRX00002693,PRD001236,CLI000236,18/02/2025,App
TRX00002694,PRD001173,CLI000173,26/06/2026,App
TRX00002695,PRD000688,CLI000688,17/04/2014,App
TRX00002696,PRD001969,CLI000969,12/03/2017,App
TRX00002697,PRD001267,CLI000029,01/01/2021,Agencia
TRX00002698,PRD000288,CLI000391,09/01/2025,App
TRX00002699,PRD000305,CLI000268,19/09/2024,App
TRX00002700,PRD000933,CLI000325,22/01/2026,Agencia
TRX00002701,PRD000815,CLI000046,06/09/2022,App
TRX00002702,PRD000516,CLI000669,28/03/2025,App
TRX00002703,PRD001792,CLI000792,17/12/2025,App
TRX00002704,PRD000425,CLI000425,31/10/2014,App
TRX00002705,PRD001576,CLI000838,05/10/2024,App
TRX00002706,PRD000453,CLI000064,22/05/2014,App
TRX00002707,PRD000303,CLI000886,22/09/2025,Agencia
TRX00002708,PRD000780,CLI000515,05/06/2025,App
TRX00002709,PRD000836,CLI000929,17/09/2024,App
TRX00002710,PRD001682,CLI000682,19/11/2018,Agencia
TRX00002711,PRD000603,CLI000984,16/10/2025,App
TRX00002712,PRD001512,CLI000140,16/03/2011,App
TRX00002713,PRD000023,CLI000826,01/05/2024,App
TRX00002714,PRD000042,CLI000521,19/09/2023,Agencia
TRX00002715,PRD001093,CLI000093,15/03/2024,App
TRX00002716,PRD000436,CLI000195,06/01/2021,App
TRX00002717,PRD001103,CLI000263,19/05/2023,App
TRX00002718,PRD000960,CLI000510,31/10/2023,App
TRX00002719,PRD000111,CLI000900,08/02/2019,Agencia
TRX00002720,PRD001585,CLI000110,10/10/2024,App
TRX00002721,PRD000185,CLI000185,11/04/2025,App
TRX00002722,PRD000538,CLI000453,02/06/2023,App
TRX00002723,PRD001777,CLI000038,28/01/2020,Agencia
TRX00002724,PRD000420,CLI000420,23/11/2022,App
TRX00002725,PRD001900,CLI000101,01/01/2026,App
TRX00002726,PRD000278,CLI000502,08/03/2026,Agencia
TRX00002727,PRD000806,CLI000806,06/03/2026,App
TRX00002728,PRD000792,CLI000478,16/04/2025,Agencia
TRX00002729,PRD000257,CLI000869,07/05/2022,App
TRX00002730,PRD000252,CLI000946,28/08/2024,App
TRX00002731,PRD000882,CLI000701,18/05/2021,App
TRX00002732,PRD001393,CLI000393,20/03/2026,App
TRX00002733,PRD000265,CLI000375,13/02/2025,Agencia
TRX00002734,PRD000471,CLI000935,07/12/2024,App
TRX00002735,PRD001325,CLI000882,09/10/2021,App
TRX00002736,PRD001875,CLI000875,25/07/2026,Agencia
TRX00002737,PRD001805,CLI000310,22/09/2020,Agencia
TRX00002738,PRD001846,CLI000825,20/03/2021,App
TRX00002739,PRD000671,CLI000664,11/09/2025,Agencia
TRX00002740,PRD000426,CLI000292,29/01/2026,Agencia
TRX00002741,PRD000227,CLI000557,18/11/2017,App
TRX00002742,PRD001434,CLI000290,20/03/2023,Agencia
TRX00002743,PRD000396,CLI000051,10/08/2024,Agencia
TRX00002744,PRD001956,CLI000448,16/06/2026,App
TRX00002745,PRD000001,CLI000544,18/01/2022,App
TRX00002746,PRD001913,CLI000532,08/05/2026,Agencia
TRX00002747,PRD000719,CLI000984,04/11/2014,App
TRX00002748,PRD000446,CLI000571,17/05/2026,App
TRX00002749,PRD001228,CLI000228,11/06/2023,App
TRX00002750,PRD001422,CLI000184,08/09/2020,App
TRX00002751,PRD000169,CLI000169,26/03/2025,App
TRX00002752,PRD001165,CLI000165,05/07/2024,App
TRX00002753,PRD001755,CLI000847,30/06/2023,App
TRX00002754,PRD001106,CLI000598,04/05/2024,App
TRX00002755,PRD001830,CLI000518,07/12/2022,App
TRX00002756,PRD000238,CLI000189,19/04/2019,App
TRX00002757,PRD001116,CLI000116,29/05/2023,App
TRX00002758,PRD000843,CLI000465,30/03/2019,App
TRX00002759,PRD000889,CLI000799,21/05/2018,App
TRX00002760,PRD001525,CLI000033,30/03/2025,App
TRX00002761,PRD001475,CLI000733,24/03/2025,App
TRX00002762,PRD001331,CLI000797,19/01/2020,App
TRX00002763,PRD001239,CLI000519,29/04/2021,App
TRX00002764,PRD000958,CLI000191,06/05/2026,App
TRX00002765,PRD001262,CLI000261,18/02/2021,App
TRX00002766,PRD000767,CLI000550,06/11/2025,App
TRX00002767,PRD000582,CLI000450,28/10/2015,Agencia
TRX00002768,PRD001714,CLI000898,16/04/2025,Agencia
TRX00002769,PRD001377,CLI000377,25/01/2021,App
TRX00002770,PRD001930,CLI000717,15/03/2021,Agencia
TRX00002771,PRD000246,CLI000246,06/04/2025,App
TRX00002772,PRD000656,CLI000229,22/12/2020,App
TRX00002773,PRD000752,CLI000567,03/04/2018,Agencia
TRX00002774,PRD001498,CLI000498,15/06/2022,App
TRX00002775,PRD001131,CLI000209,14/03/2026,Agencia
TRX00002776,PRD001185,CLI000091,16/02/2024,App
TRX00002777,PRD001483,CLI000483,13/12/2021,App
TRX00002778,PRD000895,CLI000762,12/08/2026,App
TRX00002779,PRD001755,CLI000755,15/01/2024,Agencia
TRX00002780,PRD000592,CLI000735,21/09/2025,App
TRX00002781,PRD001475,CLI000475,15/11/2013,App
TRX00002782,PRD000828,CLI000828,19/08/2023,App
TRX00002783,PRD000411,CLI000048,20/07/2019,App
TRX00002784,PRD001694,CLI000694,04/03/2026,App
TRX00002785,PRD001903,CLI000802,21/02/2022,App
TRX00002786,PRD001566,CLI000814,05/05/2020,App
TRX00002787,PRD001112,CLI000924,21/05/2023,Agencia
TRX00002788,PRD001950,CLI000096,03/02/2013,Agencia
TRX00002789,PRD001051,CLI000996,12/02/2024,Agencia
TRX00002790,PRD001385,CLI000385,23/09/2018,Agencia
TRX00002791,PRD000790,CLI000790,07/12/2021,App
TRX00002792,PRD000976,CLI000976,20/05/2025,Agencia
TRX00002793,PRD001741,CLI000412,28/10/2022,Agencia
TRX00002794,PRD001015,CLI000113,17/03/2026,Agencia
TRX00002795,PRD001428,CLI000438,09/02/2022,App
TRX00002796,PRD000368,CLI000076,06/01/2026,App
TRX00002797,PRD000721,CLI000646,10/01/2011,App
TRX00002798,PRD001781,CLI000819,27/04/2025,App
TRX00002799,PRD001337,CLI000608,21/12/2025,App
TRX00002800,PRD000213,CLI000307,10/01/2024,App
TRX00002801,PRD001231,CLI000224,04/09/2022,App
TRX00002802,PRD001804,CLI000349,07/01/2014,App
TRX00002803,PRD000496,CLI000496,21/11/2020,App
TRX00002804,PRD000086,CLI000766,27/06/2022,Agencia
TRX00002805,PRD001497,CLI000050,26/01/2022,Agencia
TRX00002806,PRD000465,CLI000444,02/07/2023,App
TRX00002807,PRD000548,CLI000847,23/03/2020,App
TRX00002808,PRD001577,CLI000357,24/03/2026,App
TRX00002809,PRD001477,CLI000282,11/03/2025,App
TRX00002810,PRD000878,CLI000348,26/02/2026,App
TRX00002811,PRD000584,CLI000119,25/07/2026,App
TRX00002812,PRD001554,CLI000546,30/03/2021,App
TRX00002813,PRD000265,CLI000469,16/06/2025,Agencia
TRX00002814,PRD000070,CLI000370,23/12/2019,App
TRX00002815,PRD001761,CLI000521,27/10/2018,App
TRX00002816,PRD000646,CLI000554,02/01/2024,Agencia
TRX00002817,PRD001620,CLI000867,10/05/2026,Agencia
TRX00002818,PRD001793,CLI000929,21/10/2022,App
TRX00002819,PRD000164,CLI000164,22/08/2025,App
TRX00002820,PRD001237,CLI000284,25/05/2023,App
TRX00002821,PRD000905,CLI000709,02/11/2013,App
TRX00002822,PRD001152,CLI000880,10/06/2019,App
TRX00002823,PRD000989,CLI000789,28/02/2025,App
TRX00002824,PRD001126,CLI000258,09/11/2020,App
TRX00002825,PRD001064,CLI000966,21/11/2019,Agencia
TRX00002826,PRD001087,CLI000198,26/11/2021,Agencia
TRX00002827,PRD000818,CLI000413,30/10/2022,Agencia
TRX00002828,PRD001816,CLI000787,16/06/2020,App
TRX00002829,PRD001353,CLI000146,31/01/2024,App
TRX00002830,PRD001459,CLI000584,30/12/2022,App
TRX00002831,PRD001314,CLI000371,18/03/2026,Agencia
TRX00002832,PRD001768,CLI000597,14/05/2025,Agencia
TRX00002833,PRD000311,CLI000311,16/06/2021,App
TRX00002834,PRD001629,CLI000621,30/03/2021,App
TRX00002835,PRD001427,CLI000427,01/04/2023,App
TRX00002836,PRD000025,CLI000143,25/12/2015,App
TRX00002837,PRD001449,CLI000941,06/07/2020,Agencia
TRX00002838,PRD000152,CLI000649,17/10/2019,Agencia
TRX00002839,PRD001068,CLI000068,10/09/2025,App
TRX00002840,PRD001063,CLI000586,07/07/2026,Agencia
TRX00002841,PRD000074,CLI000074,16/11/2024,App
TRX00002842,PRD001948,CLI001000,24/05/2022,Agencia
TRX00002843,PRD000509,CLI000731,04/12/2021,App
TRX00002844,PRD000707,CLI000723,11/07/2026,Agencia
TRX00002845,PRD001742,CLI000418,12/01/2019,App
TRX00002846,PRD001168,CLI000168,14/07/2024,App
TRX00002847,PRD001979,CLI000623,27/05/2026,Agencia
TRX00002848,PRD001541,CLI000541,23/05/2023,App
TRX00002849,PRD000010,CLI000288,01/07/2026,App
TRX00002850,PRD001894,CLI000894,28/04/2022,App
TRX00002851,PRD000530,CLI000311,10/12/2022,App
TRX00002852,PRD000057,CLI000227,18/05/2024,App
TRX00002853,PRD001812,CLI000118,03/09/2017,App
TRX00002854,PRD001984,CLI000571,04/02/2026,App
TRX00002855,PRD001368,CLI000930,18/06/2015,App
TRX00002856,PRD001071,CLI000652,27/12/2024,App
TRX00002857,PRD000884,CLI000384,03/11/2022,App
TRX00002858,PRD001451,CLI000793,23/04/2026,App
TRX00002859,PRD001833,CLI000863,22/12/2015,App
TRX00002860,PRD001941,CLI000697,12/03/2024,App
TRX00002861,PRD000620,CLI000138,29/08/2022,App
TRX00002862,PRD000215,CLI000215,29/08/2025,App
TRX00002863,PRD001091,CLI000467,06/06/2023,App
TRX00002864,PRD001436,CLI000751,17/11/2024,App
TRX00002865,PRD001822,CLI000505,26/04/2018,Agencia
TRX00002866,PRD001223,CLI000567,23/03/2025,App
TRX00002867,PRD001111,CLI000047,26/03/2026,App
TRX00002868,PRD001496,CLI000496,07/04/2014,App
TRX00002869,PRD000295,CLI000516,07/01/2025,Agencia
TRX00002870,PRD001319,CLI000967,29/02/2024,App
TRX00002871,PRD000549,CLI000094,29/09/2020,App
TRX00002872,PRD000080,CLI000080,24/08/2020,Agencia
TRX00002873,PRD001614,CLI000917,27/04/2025,Agencia
TRX00002874,PRD000665,CLI000121,09/05/2026,App
TRX00002875,PRD000639,CLI000155,31/05/2025,App
TRX00002876,PRD000562,CLI000528,05/03/2025,App
TRX00002877,PRD000488,CLI000891,17/08/2022,App
TRX00002878,PRD000838,CLI000079,16/04/2025,App
TRX00002879,PRD000899,CLI000453,07/01/2018,Agencia
TRX00002880,PRD001190,CLI000718,08/09/2020,App
TRX00002881,PRD000745,CLI000745,18/08/2021,App
TRX00002882,PRD001014,CLI000966,08/04/2026,App
TRX00002883,PRD000871,CLI000473,25/07/2023,App
TRX00002884,PRD000792,CLI000531,16/09/2020,App
TRX00002885,PRD001991,CLI000003,20/05/2020,Agencia
TRX00002886,PRD000810,CLI000062,21/07/2014,App
TRX00002887,PRD000686,CLI000686,15/04/2026,Agencia
TRX00002888,PRD001272,CLI000365,04/09/2014,App
TRX00002889,PRD000145,CLI000107,29/11/2021,App
TRX00002890,PRD000542,CLI000461,07/08/2023,App
TRX00002891,PRD000522,CLI000919,12/02/2026,App
TRX00002892,PRD000913,CLI000913,16/10/2019,App
TRX00002893,PRD000137,CLI000137,07/12/2024,App
TRX00002894,PRD000178,CLI000812,26/12/2025,App
TRX00002895,PRD000278,CLI000278,19/12/2015,Agencia
TRX00002896,PRD000117,CLI000524,07/09/2021,App
TRX00002897,PRD000186,CLI000044,08/11/2023,App
TRX00002898,PRD001179,CLI000347,13/07/2026,App
TRX00002899,PRD001983,CLI000858,08/09/2025,Agencia
TRX00002900,PRD001693,CLI000075,10/05/2026,App
TRX00002901,PRD000430,CLI000526,04/05/2023,App
TRX00002902,PRD001290,CLI000909,04/12/2020,App
TRX00002903,PRD001574,CLI000574,24/06/2026,App
TRX00002904,PRD000932,CLI000637,05/11/2020,App
TRX00002905,PRD000125,CLI000720,23/12/2020,App
TRX00002906,PRD001303,CLI000303,13/12/2025,App
TRX00002907,PRD000569,CLI000747,12/02/2026,App
TRX00002908,PRD001621,CLI000367,26/03/2026,App
TRX00002909,PRD001975,CLI000839,31/08/2021,App
TRX00002910,PRD001254,CLI000801,31/05/2026,App
TRX00002911,PRD000648,CLI000289,29/01/2023,App
TRX00002912,PRD001422,CLI000503,16/08/2021,App
TRX00002913,PRD001007,CLI000278,16/04/2015,App
TRX00002914,PRD000100,CLI000172,13/02/2026,Agencia
TRX00002915,PRD000262,CLI000061,08/04/2024,App
TRX00002916,PRD001004,CLI000142,16/08/2025,Agencia
TRX00002917,PRD001979,CLI000262,12/02/2022,App
TRX00002918,PRD001465,CLI000465,26/10/2016,App
TRX00002919,PRD001244,CLI000615,28/06/2024,App
TRX00002920,PRD000880,CLI000218,21/04/2026,App
TRX00002921,PRD000340,CLI000340,16/07/2025,App
TRX00002922,PRD001941,CLI000946,26/09/2015,App
TRX00002923,PRD000379,CLI000499,11/06/2026,App
TRX00002924,PRD000323,CLI000323,12/02/2020,App
TRX00002925,PRD000268,CLI000473,01/09/2022,Agencia
TRX00002926,PRD000336,CLI000701,22/07/2020,App
TRX00002927,PRD000476,CLI000237,28/10/2025,Agencia
TRX00002928,PRD001898,CLI000259,16/12/2020,App
TRX00002929,PRD001186,CLI000942,29/11/2019,App
TRX00002930,PRD001729,CLI000050,09/05/2023,Agencia
TRX00002931,PRD001535,CLI000050,14/05/2024,App
TRX00002932,PRD000143,CLI000017,21/04/2021,App
TRX00002933,PRD001939,CLI000857,14/08/2026,App
TRX00002934,PRD000682,CLI000682,06/12/2021,App
TRX00002935,PRD001457,CLI000813,02/05/2025,Agencia
TRX00002936,PRD000594,CLI000134,02/04/2023,App
TRX00002937,PRD001465,CLI000427,02/10/2024,App
TRX00002938,PRD000872,CLI000164,11/12/2024,Agencia
TRX00002939,PRD001295,CLI000874,26/03/2016,App
TRX00002940,PRD001870,CLI000870,13/05/2022,Agencia
TRX00002941,PRD000657,CLI000140,05/02/2026,App
TRX00002942,PRD001504,CLI000504,14/11/2023,App
TRX00002943,PRD000299,CLI000299,02/04/2018,App
TRX00002944,PRD000749,CLI000211,08/05/2024,App
TRX00002945,PRD001989,CLI000046,07/05/2026,App
TRX00002946,PRD000814,CLI000527,05/08/2024,App
TRX00002947,PRD001737,CLI000812,09/07/2026,App
TRX00002948,PRD001205,CLI000205,02/04/2026,App
TRX00002949,PRD000196,CLI000529,21/10/2016,Agencia
TRX00002950,PRD001529,CLI000529,22/12/2019,App
TRX00002951,PRD000475,CLI000475,22/07/2023,App
TRX00002952,PRD001940,CLI000324,11/12/2025,App
TRX00002953,PRD001257,CLI000489,24/02/2020,App
TRX00002954,PRD001410,CLI000144,05/09/2018,Agencia
TRX00002955,PRD000532,CLI000707,01/04/2026,Agencia
TRX00002956,PRD001893,CLI000893,24/03/2025,App
TRX00002957,PRD000203,CLI000630,05/11/2017,Agencia
TRX00002958,PRD001621,CLI000758,25/08/2025,App
TRX00002959,PRD001642,CLI000642,15/09/2021,Agencia
TRX00002960,PRD000703,CLI000703,11/12/2023,App
TRX00002961,PRD001117,CLI000902,19/01/2022,Agencia
TRX00002962,PRD000234,CLI000230,13/08/2026,App
TRX00002963,PRD000914,CLI000120,14/07/2024,Agencia
TRX00002964,PRD000256,CLI000070,13/04/2022,Agencia
TRX00002965,PRD001039,CLI000543,07/04/2020,Agencia
TRX00002966,PRD000631,CLI000478,01/12/2019,App
TRX00002967,PRD000743,CLI000505,22/02/2019,App
TRX00002968,PRD001688,CLI000762,18/05/2024,App
TRX00002969,PRD001852,CLI000852,21/11/2021,Agencia
TRX00002970,PRD001154,CLI000201,25/06/2026,App
TRX00002971,PRD001697,CLI000412,10/11/2013,App
TRX00002972,PRD000839,CLI000872,29/05/2026,Agencia
TRX00002973,PRD001453,CLI000489,24/04/2026,Agencia
TRX00002974,PRD001637,CLI000460,27/07/2011,App
TRX00002975,PRD001104,CLI000104,30/12/2024,Agencia
TRX00002976,PRD000707,CLI000707,21/05/2026,App
TRX00002977,PRD001046,CLI000437,30/05/2026,Agencia
TRX00002978,PRD000294,CLI000294,15/09/2013,App
TRX00002979,PRD001972,CLI000972,13/09/2025,App
TRX00002980,PRD000875,CLI000817,07/07/2026,Agencia
TRX00002981,PRD001246,CLI000246,14/08/2025,App
TRX00002982,PRD000610,CLI000129,02/11/2023,App
TRX00002983,PRD000220,CLI000956,30/09/2025,App
TRX00002984,PRD001009,CLI000520,04/05/2019,App
TRX00002985,PRD001034,CLI000034,16/04/2019,App
TRX00002986,PRD001081,CLI000594,30/11/2024,App
TRX00002987,PRD001677,CLI000677,07/01/2026,Agencia
TRX00002988,PRD001124,CLI000124,10/08/2012,Agencia
TRX00002989,PRD000712,CLI000775,22/08/2025,App
TRX00002990,PRD000573,CLI000390,08/12/2015,Agencia
TRX00002991,PRD001010,CLI000572,10/10/2019,App
TRX00002992,PRD001151,CLI000613,03/12/2025,App
TRX00002993,PRD001077,CLI000077,15/02/2021,App
TRX00002994,PRD000949,CLI000352,18/11/2016,Agencia
TRX00002995,PRD001189,CLI000417,10/12/2014,App
TRX00002996,PRD001595,CLI000069,12/11/2013,Agencia
TRX00002997,PRD000043,CLI000043,07/06/2018,App
TRX00002998,PRD001251,CLI000251,10/10/2019,App
TRX00002999,PRD001598,CLI000702,28/08/2023,Agencia
TRX00003000,PRD000677,CLI000953,28/07/2026,App
TRX00003001,PRD001680,CLI000680,13/05/2026,App
TRX00003002,PRD000001,CLI000001,21/02/2017,App
TRX00003003,PRD000212,CLI000647,05/04/2026,App
TRX00003004,PRD000489,CLI000247,13/02/2016,App
TRX00003005,PRD000748,CLI000123,20/09/2016,App
TRX00003006,PRD001444,CLI000859,20/04/2019,Agencia
TRX00003007,PRD000363,CLI000012,08/10/2021,App
TRX00003008,PRD000014,CLI000014,16/12/2022,Agencia
TRX00003009,PRD000571,CLI000562,28/06/2026,App
TRX00003010,PRD001085,CLI000901,25/07/2026,Agencia
TRX00003011,PRD000183,CLI000524,28/11/2014,Agencia
TRX00003012,PRD000285,CLI000038,03/02/2021,Agencia
TRX00003013,PRD001416,CLI000778,09/01/2023,App
TRX00003014,PRD001218,CLI000411,21/05/2026,App
TRX00003015,PRD001973,CLI000084,02/10/2025,Agencia
TRX00003016,PRD000636,CLI000636,14/11/2021,App
TRX00003017,PRD000168,CLI000483,17/05/2023,App
TRX00003018,PRD001230,CLI000768,26/01/2015,App
TRX00003019,PRD000635,CLI000599,07/02/2016,Agencia
TRX00003020,PRD001576,CLI000626,29/03/2021,App
TRX00003021,PRD000464,CLI000464,10/02/2022,App
TRX00003022,PRD001494,CLI000494,24/02/2026,App
TRX00003023,PRD000658,CLI000658,27/03/2015,App
TRX00003024,PRD000629,CLI000783,30/05/2021,App
TRX00003025,PRD000680,CLI000291,26/07/2022,App
TRX00003026,PRD001838,CLI000838,06/06/2026,Agencia
TRX00003027,PRD000196,CLI000494,12/04/2026,App
TRX00003028,PRD001471,CLI000812,20/06/2024,App
TRX00003029,PRD000660,CLI000165,13/02/2025,App
TRX00003030,PRD001345,CLI000165,19/04/2026,App
TRX00003031,PRD001482,CLI000172,07/06/2026,Agencia
TRX00003032,PRD001261,CLI000261,28/02/2025,App
TRX00003033,PRD001588,CLI000577,11/12/2024,Agencia
TRX00003034,PRD001089,CLI000004,29/04/2021,App
TRX00003035,PRD001956,CLI000956,14/03/2025,Agencia
TRX00003036,PRD000044,CLI000426,31/05/2026,App
TRX00003037,PRD001839,CLI000795,15/02/2023,Agencia
TRX00003038,PRD001277,CLI000277,11/10/2022,App
TRX00003039,PRD001582,CLI000582,17/03/2022,App
TRX00003040,PRD000083,CLI000083,05/01/2021,App
TRX00003041,PRD001895,CLI000694,02/11/2024,Agencia
TRX00003042,PRD000570,CLI000570,12/03/2022,App
TRX00003043,PRD000105,CLI000105,26/02/2026,App
TRX00003044,PRD000685,CLI000805,10/01/2022,Agencia
TRX00003045,PRD000033,CLI000288,03/04/2026,App
TRX00003046,PRD000387,CLI000196,15/06/2020,App
TRX00003047,PRD000316,CLI000445,12/07/2026,App
TRX00003048,PRD001249,CLI000249,04/09/2025,App
TRX00003049,PRD000862,CLI000592,26/01/2026,App
TRX00003050,PRD001245,CLI000336,26/12/2021,App
TRX00003051,PRD001570,CLI000850,15/07/2018,App
TRX00003052,PRD000638,CLI000106,22/08/2017,Agencia
TRX00003053,PRD000599,CLI000599,07/07/2016,App
TRX00003054,PRD001810,CLI000367,11/04/2026,App
TRX00003055,PRD001605,CLI000333,19/01/2026,App
TRX00003056,PRD001892,CLI000256,06/05/2025,App
TRX00003057,PRD000277,CLI000680,22/05/2025,App
TRX00003058,PRD000260,CLI000128,20/06/2025,App
TRX00003059,PRD000645,CLI000325,12/06/2025,App
TRX00003060,PRD000316,CLI000975,24/01/2022,App
TRX00003061,PRD000419,CLI000657,12/08/2024,Agencia
TRX00003062,PRD001593,CLI000812,26/10/2023,Agencia
TRX00003063,PRD001747,CLI000747,07/08/2016,Agencia
TRX00003064,PRD001445,CLI000516,23/11/2016,Agencia
TRX00003065,PRD001283,CLI000922,10/06/2018,Agencia
TRX00003066,PRD000181,CLI000662,23/12/2025,Agencia
TRX00003067,PRD000796,CLI000796,01/11/2017,App
TRX00003068,PRD000373,CLI000650,19/05/2025,App
TRX00003069,PRD001207,CLI000905,16/03/2026,App
TRX00003070,PRD001108,CLI000254,23/08/2013,App
TRX00003071,PRD000701,CLI000532,09/01/2020,App
TRX00003072,PRD000788,CLI000730,26/01/2016,App
TRX00003073,PRD001977,CLI000977,08/10/2024,App
TRX00003074,PRD000715,CLI000878,19/07/2013,App
TRX00003075,PRD000265,CLI000265,08/12/2023,App
TRX00003076,PRD000239,CLI000866,01/06/2018,Agencia
TRX00003077,PRD000901,CLI000901,05/04/2018,App
TRX00003078,PRD000130,CLI000469,05/08/2024,Agencia
TRX00003079,PRD001358,CLI000927,26/10/2023,App
TRX00003080,PRD000690,CLI000223,12/02/2024,App
TRX00003081,PRD001877,CLI000593,25/08/2016,App
TRX00003082,PRD001999,CLI000814,21/07/2023,App
TRX00003083,PRD000217,CLI000902,16/05/2023,Agencia
TRX00003084,PRD001640,CLI000640,21/05/2026,App
TRX00003085,PRD001832,CLI000850,22/11/2022,App
TRX00003086,PRD000794,CLI000009,17/04/2024,App
TRX00003087,PRD000805,CLI000118,29/11/2024,App
TRX00003088,PRD001944,CLI000944,20/07/2025,App
TRX00003089,PRD000484,CLI000610,29/12/2025,Agencia
TRX00003090,PRD001026,CLI000629,23/03/2019,Agencia
TRX00003091,PRD001410,CLI000866,31/08/2023,App
TRX00003092,PRD001096,CLI000981,28/02/2017,App
TRX00003093,PRD001746,CLI000746,06/06/2022,App
TRX00003094,PRD001898,CLI000827,07/06/2026,Agencia
TRX00003095,PRD000311,CLI000683,10/01/2026,App
TRX00003096,PRD000733,CLI000233,26/08/2023,App
TRX00003097,PRD001389,CLI000986,02/02/2025,App
TRX00003098,PRD000226,CLI000107,15/09/2023,Agencia
TRX00003099,PRD000863,CLI000098,02/04/2019,App
TRX00003100,PRD001483,CLI000169,10/01/2026,App
TRX00003101,PRD000427,CLI000746,05/02/2023,App
TRX00003102,PRD000089,CLI000089,25/02/2018,App
TRX00003103,PRD001942,CLI000672,15/08/2025,Agencia
TRX00003104,PRD001824,CLI000357,07/07/2025,App
TRX00003105,PRD000140,CLI000416,11/07/2026,App
TRX00003106,PRD000350,CLI000484,27/05/2026,App
TRX00003107,PRD001315,CLI000605,07/12/2019,App
TRX00003108,PRD000104,CLI000147,01/08/2022,Agencia
TRX00003109,PRD001117,CLI000117,05/03/2014,App
TRX00003110,PRD001713,CLI000435,24/04/2022,App
TRX00003111,PRD001267,CLI000060,30/03/2016,Agencia
TRX00003112,PRD000802,CLI000433,27/06/2015,App
TRX00003113,PRD000705,CLI000661,16/12/2025,App
TRX00003114,PRD000302,CLI000512,09/07/2020,App
TRX00003115,PRD000971,CLI000971,14/08/2026,App
TRX00003116,PRD001666,CLI000666,01/11/2017,App
TRX00003117,PRD001518,CLI000518,28/12/2018,App
TRX00003118,PRD001617,CLI000330,11/09/2022,Agencia
TRX00003119,PRD001941,CLI000980,28/09/2015,Agencia
TRX00003120,PRD000424,CLI000294,19/08/2012,Agencia
TRX00003121,PRD001841,CLI000847,16/08/2012,App
TRX00003122,PRD000345,CLI000219,06/12/2021,App
TRX00003123,PRD001684,CLI000083,26/12/2011,App
TRX00003124,PRD001766,CLI000336,09/06/2020,App
TRX00003125,PRD000918,CLI000475,02/01/2020,App
TRX00003126,PRD001309,CLI000645,19/11/2016,Agencia
TRX00003127,PRD000152,CLI000628,27/12/2016,Agencia
TRX00003128,PRD001715,CLI000045,21/09/2020,App
TRX00003129,PRD000409,CLI000931,25/06/2017,App
TRX00003130,PRD000165,CLI000736,30/05/2024,App
TRX00003131,PRD000095,CLI000095,10/07/2020,App
TRX00003132,PRD001201,CLI000413,22/11/2025,Agencia
TRX00003133,PRD000852,CLI000581,22/10/2022,App
TRX00003134,PRD000852,CLI000194,26/06/2021,App
TRX00003135,PRD000969,CLI000974,25/06/2023,App
TRX00003136,PRD000696,CLI000311,20/05/2021,App
TRX00003137,PRD000335,CLI000335,06/02/2026,Agencia
TRX00003138,PRD000384,CLI000492,11/03/2020,App
TRX00003139,PRD001045,CLI000171,06/04/2013,App
TRX00003140,PRD001283,CLI000321,09/01/2021,App
TRX00003141,PRD001000,CLI000693,04/01/2026,App
TRX00003142,PRD000448,CLI000678,05/11/2020,Agencia
TRX00003143,PRD000843,CLI000626,17/09/2024,Agencia
TRX00003144,PRD001663,CLI000085,27/05/2025,App
TRX00003145,PRD000043,CLI000243,16/08/2025,App
TRX00003146,PRD001154,CLI000016,31/12/2025,App
TRX00003147,PRD001542,CLI000671,26/06/2015,App
TRX00003148,PRD000377,CLI000922,25/12/2022,App
TRX00003149,PRD001318,CLI000913,18/05/2022,App
TRX00003150,PRD000910,CLI000517,19/11/2021,Agencia
TRX00003151,PRD001373,CLI000178,06/08/2022,App
TRX00003152,PRD001925,CLI000428,02/07/2022,App
TRX00003153,PRD000765,CLI000765,28/08/2023,App
TRX00003154,PRD000233,CLI000505,10/09/2020,App
TRX00003155,PRD000030,CLI000319,21/08/2023,App
TRX00003156,PRD001502,CLI000717,17/10/2020,App
TRX00003157,PRD000505,CLI000161,11/06/2026,App
TRX00003158,PRD000132,CLI000576,28/06/2025,Agencia
TRX00003159,PRD001180,CLI000540,26/11/2025,App
TRX00003160,PRD000358,CLI000761,02/12/2012,App
TRX00003161,PRD001874,CLI000013,09/08/2016,App
TRX00003162,PRD000449,CLI000709,23/06/2026,App
TRX00003163,PRD000622,CLI000936,30/07/2026,App
TRX00003164,PRD001525,CLI000917,27/06/2026,App
TRX00003165,PRD001465,CLI000847,23/11/2025,App
TRX00003166,PRD001707,CLI000444,19/09/2019,Agencia
TRX00003167,PRD000096,CLI000716,17/12/2025,App
TRX00003168,PRD001004,CLI000868,10/06/2024,App
TRX00003169,PRD001790,CLI000357,15/02/2025,App
TRX00003170,PRD001679,CLI000434,14/09/2025,Agencia
TRX00003171,PRD001416,CLI000095,25/01/2023,App
TRX00003172,PRD001312,CLI000313,29/08/2019,Agencia
TRX00003173,PRD000190,CLI000190,31/08/2023,Agencia
TRX00003174,PRD000378,CLI000992,24/09/2023,Agencia
TRX00003175,PRD001178,CLI000178,07/06/2024,App
TRX00003176,PRD000455,CLI000781,31/08/2013,App
TRX00003177,PRD000614,CLI000699,06/09/2020,App
TRX00003178,PRD000234,CLI000923,03/11/2025,Agencia
TRX00003179,PRD001226,CLI000226,17/05/2026,Agencia
TRX00003180,PRD000450,CLI000450,14/03/2020,App
TRX00003181,PRD000186,CLI000937,17/10/2025,App
TRX00003182,PRD000400,CLI000580,12/02/2025,App
TRX00003183,PRD001694,CLI000751,11/08/2018,Agencia
TRX00003184,PRD000141,CLI000006,15/06/2026,App
TRX00003185,PRD001874,CLI000018,24/10/2016,App
TRX00003186,PRD000469,CLI000469,03/09/2025,App
TRX00003187,PRD001797,CLI000267,21/04/2022,App
TRX00003188,PRD001861,CLI000691,20/01/2026,Agencia
TRX00003189,PRD001390,CLI000749,13/09/2018,App
TRX00003190,PRD000689,CLI000028,29/11/2025,App
TRX00003191,PRD001228,CLI000991,13/04/2024,App
TRX00003192,PRD000564,CLI000564,23/11/2025,App
TRX00003193,PRD001577,CLI000363,08/06/2024,App
TRX00003194,PRD000040,CLI000497,15/03/2018,App
TRX00003195,PRD000120,CLI000658,24/01/2026,App
TRX00003196,PRD000988,CLI000837,05/03/2023,Agencia
TRX00003197,PRD000281,CLI000281,22/10/2025,App
TRX00003198,PRD000073,CLI000048,03/12/2019,Agencia
TRX00003199,PRD000286,CLI000286,05/06/2014,App
TRX00003200,PRD001034,CLI000629,05/11/2021,Agencia
TRX00003201,PRD001572,CLI000668,02/11/2024,Agencia
TRX00003202,PRD000189,CLI000041,25/07/2022,App
TRX00003203,PRD001316,CLI000883,05/05/2026,Agencia
TRX00003204,PRD001286,CLI000286,01/04/2020,App
TRX00003205,PRD001486,CLI000164,31/08/2024,App
TRX00003206,PRD001166,CLI000689,15/07/2022,App
TRX00003207,PRD000404,CLI000404,02/07/2020,App
TRX00003208,PRD000943,CLI000363,23/11/2024,App
TRX00003209,PRD000743,CLI000386,03/01/2026,Agencia
TRX00003210,PRD001423,CLI000843,25/06/2026,App
TRX00003211,PRD001925,CLI000925,02/08/2023,App
TRX00003212,PRD000414,CLI000559,27/11/2023,App
TRX00003213,PRD001421,CLI000631,11/08/2022,Agencia
TRX00003214,PRD000810,CLI000405,16/04/2012,App
TRX00003215,PRD001100,CLI000219,27/04/2024,Agencia
TRX00003216,PRD000399,CLI000209,24/12/2025,App
TRX00003217,PRD000951,CLI000602,24/01/2022,App
TRX00003218,PRD001858,CLI000858,02/02/2026,App
TRX00003219,PRD000164,CLI000283,05/04/2021,App
TRX00003220,PRD000668,CLI000428,23/02/2025,App
TRX00003221,PRD000517,CLI000373,05/02/2023,App
TRX00003222,PRD000609,CLI000010,02/10/2017,App
TRX00003223,PRD001478,CLI000917,06/06/2025,App
TRX00003224,PRD001577,CLI000037,21/07/2026,App
TRX00003225,PRD001592,CLI000823,03/11/2025,App
TRX00003226,PRD000059,CLI000706,04/04/2026,App
TRX00003227,PRD000921,CLI000098,18/10/2023,App
TRX00003228,PRD001648,CLI000679,03/09/2024,Agencia
TRX00003229,PRD001323,CLI000323,07/11/2023,App
TRX00003230,PRD000812,CLI000431,14/08/2024,App
TRX00003231,PRD000006,CLI000601,02/05/2023,App
TRX00003232,PRD001602,CLI000154,13/12/2025,App
TRX00003233,PRD000727,CLI000972,21/02/2022,App
TRX00003234,PRD001265,CLI000265,02/01/2020,Agencia
TRX00003235,PRD001264,CLI000211,06/05/2021,App
TRX00003236,PRD001109,CLI000478,26/03/2016,Agencia
TRX00003237,PRD001454,CLI000734,25/05/2023,App
TRX00003238,PRD001174,CLI000012,29/08/2016,App
TRX00003239,PRD000903,CLI000107,01/09/2024,App
TRX00003240,PRD000336,CLI000153,19/11/2025,App
TRX00003241,PRD000141,CLI000446,02/07/2024,Agencia
TRX00003242,PRD001995,CLI000015,14/02/2025,App
TRX00003243,PRD000149,CLI000022,30/04/2026,App
TRX00003244,PRD000262,CLI000778,28/02/2020,App
TRX00003245,PRD000318,CLI000683,17/06/2026,App
TRX00003246,PRD001632,CLI000632,26/10/2020,Agencia
TRX00003247,PRD000043,CLI000219,01/05/2018,App
TRX00003248,PRD000010,CLI000010,05/03/2018,Agencia
TRX00003249,PRD001678,CLI000459,15/01/2016,Agencia
TRX00003250,PRD001053,CLI000053,03/07/2025,App
TRX00003251,PRD001657,CLI000369,22/10/2013,App
TRX00003252,PRD001591,CLI000478,14/04/2025,App
TRX00003253,PRD000431,CLI000612,30/12/2019,App
TRX00003254,PRD000903,CLI000685,30/09/2025,App
TRX00003255,PRD001640,CLI000366,09/08/2026,App
TRX00003256,PRD000363,CLI000619,21/05/2017,App
TRX00003257,PRD001667,CLI000667,14/06/2026,App
TRX00003258,PRD001074,CLI000050,24/08/2014,App
TRX00003259,PRD001872,CLI000746,30/09/2022,App
TRX00003260,PRD000528,CLI000541,27/04/2024,App
TRX00003261,PRD001412,CLI000091,21/09/2025,App
TRX00003262,PRD000234,CLI000481,12/09/2023,App
TRX00003263,PRD000252,CLI000775,05/10/2025,App
TRX00003264,PRD000188,CLI000372,07/07/2024,App
TRX00003265,PRD000049,CLI000049,01/12/2025,Agencia
TRX00003266,PRD000457,CLI000757,15/10/2018,App
TRX00003267,PRD001170,CLI000020,27/11/2013,App
TRX00003268,PRD001904,CLI000626,29/07/2025,Agencia
TRX00003269,PRD000784,CLI000784,30/12/2018,App
TRX00003270,PRD000734,CLI000875,10/08/2026,Agencia
TRX00003271,PRD001025,CLI000025,26/12/2025,Agencia
TRX00003272,PRD001086,CLI000208,21/01/2024,App
TRX00003273,PRD001272,CLI000272,27/04/2021,App
TRX00003274,PRD000026,CLI000332,04/07/2021,App
TRX00003275,PRD000673,CLI000673,02/12/2019,App
TRX00003276,PRD000657,CLI000043,10/08/2025,App
TRX00003277,PRD000942,CLI000510,21/08/2019,App
TRX00003278,PRD001819,CLI000819,28/03/2022,App
TRX00003279,PRD000406,CLI000331,18/10/2019,App
TRX00003280,PRD000360,CLI000484,03/08/2024,App
TRX00003281,PRD001385,CLI000852,03/12/2022,App
TRX00003282,PRD000385,CLI000385,23/06/2023,App
TRX00003283,PRD001618,CLI000051,20/12/2023,App
TRX00003284,PRD001000,CLI000444,20/06/2019,Agencia
TRX00003285,PRD000911,CLI000667,07/11/2022,App
TRX00003286,PRD000012,CLI000652,11/09/2025,App
TRX00003287,PRD001285,CLI000570,20/04/2024,App
TRX00003288,PRD001276,CLI000839,18/11/2020,App
TRX00003289,PRD000277,CLI000277,31/05/2021,Agencia
TRX00003290,PRD001485,CLI000502,16/11/2025,App
TRX00003291,PRD000954,CLI000385,05/09/2017,App
TRX00003292,PRD000059,CLI000059,05/12/2025,App
TRX00003293,PRD001498,CLI000853,21/12/2024,App
TRX00003294,PRD001253,CLI000022,19/01/2026,App
TRX00003295,PRD001961,CLI000918,04/03/2025,App
TRX00003296,PRD000957,CLI000765,23/07/2026,App
TRX00003297,PRD001490,CLI000490,17/07/2026,App
TRX00003298,PRD001899,CLI000899,04/07/2023,Agencia
TRX00003299,PRD001929,CLI000330,25/06/2024,App
TRX00003300,PRD000245,CLI000514,15/04/2016,Agencia
TRX00003301,PRD001605,CLI000877,18/06/2025,App
TRX00003302,PRD001527,CLI000134,27/02/2023,Agencia
TRX00003303,PRD001710,CLI000418,01/02/2017,Agencia
TRX00003304,PRD000012,CLI000910,29/04/2025,App
TRX00003305,PRD000310,CLI000838,06/10/2025,Agencia
TRX00003306,PRD000695,CLI000695,30/01/2023,App
TRX00003307,PRD001317,CLI000317,27/12/2025,Agencia
TRX00003308,PRD000372,CLI000499,05/09/2020,Agencia
TRX00003309,PRD001824,CLI000824,15/08/2016,App
TRX00003310,PRD001654,CLI000811,15/09/2017,Agencia
TRX00003311,PRD000705,CLI000394,20/11/2022,App
TRX00003312,PRD001840,CLI000416,23/08/2024,App
TRX00003313,PRD001851,CLI000380,23/07/2018,Agencia
TRX00003314,PRD001930,CLI000970,22/03/2021,App
TRX00003315,PRD001479,CLI000866,27/06/2024,App
TRX00003316,PRD001368,CLI000974,01/01/2026,Agencia
TRX00003317,PRD000379,CLI000379,27/07/2026,Agencia
TRX00003318,PRD000720,CLI000335,11/10/2023,Agencia
TRX00003319,PRD000224,CLI000224,22/04/2022,App
TRX00003320,PRD000183,CLI000466,12/12/2016,Agencia
TRX00003321,PRD000573,CLI000296,12/12/2019,App
TRX00003322,PRD000183,CLI000404,17/01/2019,App
TRX00003323,PRD001021,CLI000056,06/06/2021,App
TRX00003324,PRD000454,CLI000160,27/12/2023,App
TRX00003325,PRD001086,CLI000909,07/01/2025,Agencia
TRX00003326,PRD001112,CLI000966,21/01/2021,App
TRX00003327,PRD001629,CLI000496,26/03/2023,App
TRX00003328,PRD001437,CLI000437,20/11/2023,Agencia
TRX00003329,PRD000727,CLI000727,19/06/2024,App
TRX00003330,PRD001342,CLI000015,05/02/2015,App
TRX00003331,PRD000058,CLI000058,18/06/2025,App
TRX00003332,PRD001189,CLI000114,30/07/2026,Agencia
TRX00003333,PRD000771,CLI000771,31/07/2017,App
TRX00003334,PRD001340,CLI000690,08/01/2026,Agencia
TRX00003335,PRD000106,CLI000569,22/12/2023,App
TRX00003336,PRD001300,CLI000430,20/09/2023,App
TRX00003337,PRD000027,CLI000027,25/11/2025,App
TRX00003338,PRD001975,CLI000400,17/03/2025,App
TRX00003339,PRD000329,CLI000900,20/03/2026,App
TRX00003340,PRD001148,CLI000912,20/01/2016,Agencia
TRX00003341,PRD000168,CLI000878,18/08/2019,App
TRX00003342,PRD001994,CLI000948,30/07/2023,App
TRX00003343,PRD000099,CLI000476,02/03/2021,Agencia
TRX00003344,PRD000119,CLI000119,15/06/2026,App
TRX00003345,PRD000229,CLI000065,14/12/2021,App
TRX00003346,PRD001955,CLI000955,28/09/2016,App
TRX00003347,PRD001122,CLI000241,11/09/2018,App
TRX00003348,PRD001250,CLI000634,26/03/2026,Agencia
TRX00003349,PRD001212,CLI000212,02/01/2020,Agencia
TRX00003350,PRD000276,CLI000528,07/12/2020,App
TRX00003351,PRD000227,CLI000262,09/10/2020,App
TRX00003352,PRD000198,CLI000104,29/12/2014,App
TRX00003353,PRD000445,CLI000445,06/08/2026,App
TRX00003354,PRD001066,CLI000066,25/03/2021,App
TRX00003355,PRD001583,CLI000494,10/02/2023,Agencia
TRX00003356,PRD001662,CLI000364,17/10/2025,App
TRX00003357,PRD000101,CLI000264,03/03/2024,App
TRX00003358,PRD000076,CLI000076,23/04/2026,App
TRX00003359,PRD001365,CLI000783,15/01/2017,App
TRX00003360,PRD000235,CLI000072,07/01/2026,Agencia
TRX00003361,PRD001355,CLI000420,01/03/2024,App
TRX00003362,PRD001645,CLI000645,01/09/2022,App
TRX00003363,PRD000369,CLI000845,14/09/2024,Agencia
TRX00003364,PRD001108,CLI000108,12/12/2022,Agencia
TRX00003365,PRD001961,CLI000464,24/07/2025,App
TRX00003366,PRD000712,CLI000683,25/11/2025,App
TRX00003367,PRD000797,CLI000797,19/08/2020,App
TRX00003368,PRD001232,CLI000319,13/06/2022,App
TRX00003369,PRD000503,CLI000102,26/02/2022,App
TRX00003370,PRD001590,CLI000590,21/08/2025,App
TRX00003371,PRD000520,CLI000520,25/09/2021,Agencia
TRX00003372,PRD001877,CLI000092,17/08/2024,App
TRX00003373,PRD000115,CLI000625,17/03/2024,Agencia
TRX00003374,PRD000038,CLI000592,17/03/2024,Agencia
TRX00003375,PRD001604,CLI000604,15/12/2025,App
TRX00003376,PRD001601,CLI000347,03/01/2026,App
TRX00003377,PRD000547,CLI000547,13/04/2018,App
TRX00003378,PRD001146,CLI000787,22/02/2022,App
TRX00003379,PRD000665,CLI000038,18/10/2022,Agencia
TRX00003380,PRD001591,CLI000161,10/07/2020,App
TRX00003381,PRD000091,CLI000937,08/02/2021,App
TRX00003382,PRD000081,CLI000190,07/05/2015,App
TRX00003383,PRD000086,CLI000764,22/08/2019,Agencia
TRX00003384,PRD001537,CLI000225,04/06/2026,Agencia
TRX00003385,PRD001517,CLI000943,27/08/2025,Agencia
TRX00003386,PRD001253,CLI000895,01/07/2026,Agencia
TRX00003387,PRD001327,CLI000202,10/04/2019,App
TRX00003388,PRD000087,CLI000146,16/03/2019,App
TRX00003389,PRD001216,CLI000912,25/03/2020,Agencia
TRX00003390,PRD001346,CLI000378,18/03/2018,App
TRX00003391,PRD001553,CLI000849,29/01/2023,App
TRX00003392,PRD001482,CLI000482,21/08/2023,App
TRX00003393,PRD000403,CLI000475,27/09/2014,App
TRX00003394,PRD001305,CLI000282,04/02/2025,App
TRX00003395,PRD000078,CLI000277,03/01/2021,App
TRX00003396,PRD000645,CLI000335,27/06/2025,App
TRX00003397,PRD000412,CLI000412,17/02/2020,App
TRX00003398,PRD001971,CLI000971,08/10/2025,App
TRX00003399,PRD001161,CLI000634,19/05/2025,App
TRX00003400,PRD000361,CLI000557,23/09/2022,App
TRX00003401,PRD000276,CLI000424,31/05/2026,Agencia
TRX00003402,PRD001627,CLI000627,20/01/2025,App
TRX00003403,PRD001323,CLI000060,11/05/2023,Agencia
TRX00003404,PRD001681,CLI000628,31/05/2026,App
TRX00003405,PRD000434,CLI000075,13/01/2026,Agencia
TRX00003406,PRD001144,CLI000578,06/08/2026,App
TRX00003407,PRD001103,CLI000382,05/08/2023,Agencia
TRX00003408,PRD000796,CLI000723,24/07/2026,App
TRX00003409,PRD000470,CLI000690,10/04/2026,Agencia
TRX00003410,PRD000460,CLI000304,28/02/2015,App
TRX00003411,PRD000021,CLI000966,12/02/2022,App
TRX00003412,PRD000518,CLI000518,12/09/2018,App
TRX00003413,PRD000245,CLI000617,10/03/2023,Agencia
TRX00003414,PRD000304,CLI000304,27/01/2015,App
TRX00003415,PRD001507,CLI000963,16/01/2019,App
TRX00003416,PRD000496,CLI000687,17/10/2020,Agencia
TRX00003417,PRD000388,CLI000443,29/01/2025,Agencia
TRX00003418,PRD000270,CLI000270,19/01/2026,App
TRX00003419,PRD001945,CLI000056,08/11/2018,App
TRX00003420,PRD000315,CLI000315,04/07/2018,Agencia
TRX00003421,PRD001323,CLI000381,14/11/2024,App
TRX00003422,PRD001801,CLI000048,21/09/2019,App
TRX00003423,PRD001452,CLI000625,30/07/2022,App
TRX00003424,PRD001834,CLI000058,21/02/2025,Agencia
TRX00003425,PRD001800,CLI001000,06/08/2016,Agencia
TRX00003426,PRD000298,CLI000809,04/10/2025,App
TRX00003427,PRD000675,CLI000675,15/01/2017,App
TRX00003428,PRD001876,CLI000876,28/05/2020,App
TRX00003429,PRD001527,CLI000957,19/11/2024,App
TRX00003430,PRD000619,CLI000247,19/10/2016,Agencia
TRX00003431,PRD001274,CLI000274,14/01/2020,App
TRX00003432,PRD001973,CLI000460,01/10/2016,App
TRX00003433,PRD001504,CLI000997,16/01/2017,App
TRX00003434,PRD000952,CLI000094,09/02/2019,App
TRX00003435,PRD001995,CLI000782,14/01/2024,App
TRX00003436,PRD001509,CLI000466,31/10/2022,App
TRX00003437,PRD001845,CLI000845,22/08/2015,App
TRX00003438,PRD000289,CLI000027,15/10/2025,App
TRX00003439,PRD000742,CLI000046,21/06/2026,App
TRX00003440,PRD001736,CLI000736,12/08/2025,Agencia
TRX00003441,PRD000532,CLI000254,06/12/2013,App
TRX00003442,PRD000189,CLI000198,13/03/2023,App
TRX00003443,PRD001405,CLI000351,04/03/2024,App
TRX00003444,PRD000530,CLI000293,13/05/2024,App
TRX00003445,PRD000973,CLI000246,03/01/2025,App
TRX00003446,PRD001904,CLI000054,23/03/2018,App
TRX00003447,PRD000703,CLI000294,15/04/2017,App
TRX00003448,PRD001262,CLI000947,24/09/2022,Agencia
TRX00003449,PRD001260,CLI000272,14/10/2025,App
TRX00003450,PRD000392,CLI000185,13/08/2026,App
TRX00003451,PRD001760,CLI000329,19/07/2025,App
TRX00003452,PRD000471,CLI000493,28/04/2019,App
TRX00003453,PRD000486,CLI000034,03/08/2023,App
TRX00003454,PRD001982,CLI000982,04/01/2016,App
TRX00003455,PRD001451,CLI000415,20/01/2018,App
TRX00003456,PRD001899,CLI000756,06/01/2025,App
TRX00003457,PRD000986,CLI000960,13/01/2026,App
TRX00003458,PRD001800,CLI000476,02/01/2020,App
TRX00003459,PRD001884,CLI000268,20/01/2026,Agencia
TRX00003460,PRD001553,CLI000364,05/10/2011,Agencia
TRX00003461,PRD001493,CLI000449,31/01/2026,App
TRX00003462,PRD001460,CLI000086,31/01/2020,App
TRX00003463,PRD001760,CLI000115,07/12/2024,App
TRX00003464,PRD000257,CLI000215,16/11/2017,App
TRX00003465,PRD000083,CLI000268,02/03/2025,App
TRX00003466,PRD000129,CLI000473,19/03/2025,App
TRX00003467,PRD000684,CLI000244,27/09/2025,App
TRX00003468,PRD000956,CLI000518,14/08/2022,App
TRX00003469,PRD000785,CLI000695,30/04/2026,Agencia
TRX00003470,PRD001989,CLI000304,02/08/2011,Agencia
TRX00003471,PRD001692,CLI000227,23/04/2026,App
TRX00003472,PRD000665,CLI000665,05/02/2026,App
TRX00003473,PRD000485,CLI000091,29/12/2024,Agencia
TRX00003474,PRD000573,CLI000388,01/08/2026,App
TRX00003475,PRD000863,CLI000307,29/09/2024,App
TRX00003476,PRD001573,CLI000544,12/10/2024,App
TRX00003477,PRD001516,CLI000537,06/11/2020,Agencia
TRX00003478,PRD001038,CLI000704,08/11/2024,App
TRX00003479,PRD000561,CLI000108,13/11/2019,App
TRX00003480,PRD000929,CLI000485,18/03/2014,App
TRX00003481,PRD000608,CLI000263,08/02/2021,Agencia
TRX00003482,PRD000979,CLI000197,14/08/2023,App
TRX00003483,PRD001237,CLI000821,06/01/2026,Agencia
TRX00003484,PRD001515,CLI000515,26/06/2026,Agencia
TRX00003485,PRD000474,CLI000948,08/09/2022,App
TRX00003486,PRD001850,CLI000569,14/02/2025,App
TRX00003487,PRD000857,CLI000857,05/06/2026,App
TRX00003488,PRD001534,CLI000534,29/06/2024,App
TRX00003489,PRD001399,CLI000399,20/03/2026,Agencia
TRX00003490,PRD000275,CLI000658,16/08/2014,Agencia
TRX00003491,PRD000089,CLI000668,06/12/2024,App
TRX00003492,PRD001826,CLI000023,08/08/2026,Agencia
TRX00003493,PRD001890,CLI000616,04/08/2026,App
TRX00003494,PRD000332,CLI000332,30/07/2022,App
TRX00003495,PRD001176,CLI000446,17/05/2016,App
TRX00003496,PRD001060,CLI000942,06/08/2020,App
TRX00003497,PRD001554,CLI000085,02/11/2025,App
TRX00003498,PRD000990,CLI000645,29/05/2023,App
TRX00003499,PRD000973,CLI000571,30/07/2026,App
TRX00003500,PRD001496,CLI000723,15/07/2026,Agencia
TRX00003501,PRD000439,CLI000439,18/03/2026,App
TRX00003502,PRD001679,CLI000308,23/10/2010,App
TRX00003503,PRD000028,CLI000138,20/04/2025,App
TRX00003504,PRD000947,CLI000947,23/02/2025,App
TRX00003505,PRD001479,CLI000626,09/09/2023,Agencia
TRX00003506,PRD001081,CLI000912,29/04/2018,App
TRX00003507,PRD001221,CLI000299,02/01/2021,App
TRX00003508,PRD001687,CLI000687,21/07/2026,Agencia
TRX00003509,PRD001925,CLI000732,15/07/2026,App
TRX00003510,PRD001397,CLI000546,31/10/2020,Agencia
TRX00003511,PRD001530,CLI000530,24/11/2017,App
TRX00003512,PRD000509,CLI000240,03/09/2019,App
TRX00003513,PRD000884,CLI000986,04/05/2024,Agencia
TRX00003514,PRD001547,CLI000741,07/03/2026,Agencia
TRX00003515,PRD000209,CLI000100,30/10/2025,Agencia
TRX00003516,PRD001199,CLI000006,16/06/2026,Agencia
TRX00003517,PRD000031,CLI000918,27/11/2021,Agencia
TRX00003518,PRD001148,CLI000634,24/04/2026,App
TRX00003519,PRD001972,CLI000061,15/12/2022,Agencia
TRX00003520,PRD000671,CLI000671,07/05/2024,App
TRX00003521,PRD000506,CLI000744,30/06/2026,Agencia
TRX00003522,PRD001894,CLI000234,06/01/2024,App
TRX00003523,PRD000081,CLI000081,07/05/2026,App
TRX00003524,PRD000726,CLI000726,22/06/2017,Agencia
TRX00003525,PRD001042,CLI000342,18/06/2016,App
TRX00003526,PRD000825,CLI000825,23/11/2025,App
TRX00003527,PRD000400,CLI000416,29/08/2018,Agencia
TRX00003528,PRD000322,CLI000695,21/10/2023,App
TRX00003529,PRD001046,CLI000788,24/03/2023,App
TRX00003530,PRD000915,CLI000723,27/06/2026,App
TRX00003531,PRD001901,CLI000655,18/10/2017,App
TRX00003532,PRD001959,CLI000361,09/11/2024,App
TRX00003533,PRD000832,CLI000052,18/03/2022,App
TRX00003534,PRD001310,CLI000170,04/02/2024,App
TRX00003535,PRD000991,CLI000964,07/07/2026,App
TRX00003536,PRD000670,CLI000024,14/07/2016,App
TRX00003537,PRD001712,CLI000712,19/05/2018,App
TRX00003538,PRD001401,CLI000749,14/12/2014,App
TRX00003539,PRD001035,CLI000156,16/12/2024,Agencia
TRX00003540,PRD001926,CLI000926,12/05/2013,App
TRX00003541,PRD001059,CLI000076,12/10/2025,Agencia
TRX00003542,PRD000304,CLI000737,27/06/2019,Agencia
TRX00003543,PRD001675,CLI000708,03/04/2022,App
TRX00003544,PRD001541,CLI000187,20/07/2024,App
TRX00003545,PRD001831,CLI000786,06/12/2018,App
TRX00003546,PRD001421,CLI000421,18/02/2014,App
TRX00003547,PRD000275,CLI000219,17/06/2017,App
TRX00003548,PRD000459,CLI000839,14/12/2016,Agencia
TRX00003549,PRD001719,CLI000103,19/04/2026,App
TRX00003550,PRD001431,CLI000431,29/08/2025,Agencia
TRX00003551,PRD000259,CLI000259,17/06/2015,App
TRX00003552,PRD000854,CLI000029,26/08/2020,Agencia
TRX00003553,PRD000638,CLI000376,05/05/2025,App
TRX00003554,PRD000956,CLI000412,13/04/2023,App
TRX00003555,PRD000618,CLI000403,23/06/2026,App
TRX00003556,PRD001853,CLI000146,31/07/2021,App
TRX00003557,PRD001159,CLI000495,19/04/2023,App
TRX00003558,PRD001423,CLI000099,02/11/2015,App
TRX00003559,PRD001456,CLI000652,18/09/2024,Agencia
TRX00003560,PRD001928,CLI000066,25/10/2015,App
TRX00003561,PRD001577,CLI000567,03/06/2026,App
TRX00003562,PRD001302,CLI000461,21/06/2025,App
TRX00003563,PRD001459,CLI000729,01/09/2012,App
TRX00003564,PRD001562,CLI000562,28/01/2026,App
TRX00003565,PRD001845,CLI000744,30/09/2024,Agencia
TRX00003566,PRD001301,CLI000627,05/04/2021,App
TRX00003567,PRD001235,CLI000235,12/11/2023,App
TRX00003568,PRD001864,CLI000864,12/12/2023,App
TRX00003569,PRD001073,CLI000297,26/05/2026,App
TRX00003570,PRD001895,CLI000895,30/06/2026,App
TRX00003571,PRD000406,CLI000747,03/03/2021,App
TRX00003572,PRD000436,CLI000436,18/02/2025,App
TRX00003573,PRD000274,CLI000274,22/03/2019,App
TRX00003574,PRD001724,CLI000291,10/08/2026,Agencia
TRX00003575,PRD001500,CLI000794,17/01/2022,Agencia
TRX00003576,PRD001226,CLI000534,22/05/2026,App
TRX00003577,PRD000744,CLI000744,28/10/2024,App
TRX00003578,PRD001880,CLI000364,16/02/2014,App
TRX00003579,PRD001080,CLI000435,11/01/2014,App
TRX00003580,PRD001903,CLI000399,06/02/2023,App
TRX00003581,PRD001861,CLI000005,07/10/2024,App
TRX00003582,PRD000383,CLI000579,01/12/2025,App
TRX00003583,PRD000001,CLI000476,30/04/2019,App
TRX00003584,PRD001713,CLI000713,25/09/2023,App
TRX00003585,PRD000762,CLI000145,09/02/2022,App
TRX00003586,PRD000289,CLI000123,22/05/2012,App
TRX00003587,PRD000879,CLI000942,28/06/2026,Agencia
TRX00003588,PRD000003,CLI000063,26/02/2026,App
TRX00003589,PRD000933,CLI000933,11/07/2020,App
TRX00003590,PRD000847,CLI000847,05/11/2017,App
TRX00003591,PRD001574,CLI000224,23/07/2023,App
TRX00003592,PRD000302,CLI000461,24/01/2020,App
TRX00003593,PRD000719,CLI000719,24/09/2024,App
TRX00003594,PRD001712,CLI000162,21/06/2012,App
TRX00003595,PRD001909,CLI000026,08/11/2017,App
TRX00003596,PRD000093,CLI000179,04/06/2026,App
TRX00003597,PRD000686,CLI000213,09/10/2024,App
TRX00003598,PRD001191,CLI000055,18/11/2011,App
TRX00003599,PRD000276,CLI000423,04/09/2025,App
TRX00003600,PRD001554,CLI000554,19/05/2023,App
TRX00003601,PRD000700,CLI000624,24/11/2020,App
TRX00003602,PRD001841,CLI000841,22/07/2015,App
TRX00003603,PRD001759,CLI000485,13/08/2018,Agencia
TRX00003604,PRD001425,CLI000585,20/12/2023,App
TRX00003605,PRD001258,CLI000258,28/04/2022,Agencia
TRX00003606,PRD000160,CLI000780,22/11/2025,App
TRX00003607,PRD000963,CLI000122,27/04/2015,Agencia
TRX00003608,PRD001731,CLI000731,07/07/2021,Agencia
TRX00003609,PRD001808,CLI000243,24/03/2026,App
TRX00003610,PRD000144,CLI000095,15/06/2020,Agencia
TRX00003611,PRD001334,CLI000683,19/03/2026,Agencia
TRX00003612,PRD001817,CLI000226,20/05/2025,App
TRX00003613,PRD000680,CLI000680,06/10/2025,Agencia
TRX00003614,PRD000358,CLI000358,11/01/2025,App
TRX00003615,PRD000434,CLI000550,08/09/2015,App
TRX00003616,PRD001269,CLI000664,15/04/2024,App
TRX00003617,PRD000828,CLI000242,27/06/2025,App
TRX00003618,PRD001298,CLI000298,17/04/2025,App
TRX00003619,PRD001559,CLI000763,17/05/2025,App
TRX00003620,PRD001912,CLI000298,12/08/2026,Agencia
TRX00003621,PRD001274,CLI000575,09/05/2024,App
TRX00003622,PRD001296,CLI000296,09/09/2013,App
TRX00003623,PRD001089,CLI000139,03/01/2014,Agencia
TRX00003624,PRD001531,CLI000531,16/07/2025,Agencia
TRX00003625,PRD001472,CLI000233,30/03/2016,App
TRX00003626,PRD001276,CLI000362,30/06/2012,Agencia
TRX00003627,PRD000176,CLI000220,06/11/2018,Agencia
TRX00003628,PRD000845,CLI000890,31/10/2020,App
TRX00003629,PRD001457,CLI000457,19/04/2024,App
TRX00003630,PRD000440,CLI000918,24/06/2024,Agencia
TRX00003631,PRD001836,CLI000151,12/08/2016,App
TRX00003632,PRD000428,CLI000340,23/09/2025,App
TRX00003633,PRD001489,CLI000315,24/11/2021,App
TRX00003634,PRD001957,CLI000282,03/05/2025,App
TRX00003635,PRD001206,CLI000471,02/12/2016,App
TRX00003636,PRD000497,CLI000218,11/08/2025,App
TRX00003637,PRD001216,CLI000216,12/01/2026,Agencia
TRX00003638,PRD000128,CLI000482,31/03/2026,App
TRX00003639,PRD001262,CLI000949,13/05/2026,App
TRX00003640,PRD000037,CLI000362,01/12/2025,Agencia
TRX00003641,PRD001015,CLI000531,29/04/2025,App
TRX00003642,PRD000429,CLI000378,31/05/2023,App
TRX00003643,PRD001514,CLI000554,08/04/2025,App
TRX00003644,PRD001222,CLI000770,22/07/2023,App
TRX00003645,PRD000556,CLI000177,03/12/2024,App
TRX00003646,PRD001745,CLI000610,04/08/2026,App
TRX00003647,PRD001917,CLI000056,21/04/2021,App
TRX00003648,PRD001556,CLI000397,17/01/2025,App
TRX00003649,PRD000475,CLI000284,18/07/2026,App
TRX00003650,PRD001658,CLI000532,28/12/2022,App
TRX00003651,PRD000027,CLI000900,30/12/2015,App
TRX00003652,PRD001994,CLI000477,18/07/2020,Agencia
TRX00003653,PRD000672,CLI000626,09/11/2020,App
TRX00003654,PRD000649,CLI000075,23/12/2025,App
TRX00003655,PRD001196,CLI000766,22/07/2023,Agencia
TRX00003656,PRD001888,CLI000561,06/06/2024,App
TRX00003657,PRD000892,CLI000892,30/10/2014,App
TRX00003658,PRD001563,CLI000995,03/12/2024,App
TRX00003659,PRD001333,CLI000712,03/08/2013,App
TRX00003660,PRD000876,CLI000690,30/05/2022,App
TRX00003661,PRD000858,CLI000475,06/01/2023,App
TRX00003662,PRD001093,CLI000921,26/07/2026,Agencia
TRX00003663,PRD001672,CLI000118,15/08/2024,App
TRX00003664,PRD000780,CLI000317,01/02/2025,Agencia
TRX00003665,PRD000055,CLI000795,06/09/2022,App
TRX00003666,PRD000456,CLI000602,16/02/2020,App
TRX00003667,PRD001213,CLI000946,11/12/2017,App
TRX00003668,PRD000961,CLI000273,04/09/2024,App
TRX00003669,PRD001335,CLI000491,10/07/2020,Agencia
TRX00003670,PRD000840,CLI000987,01/07/2022,App
TRX00003671,PRD000349,CLI000985,08/12/2025,App
TRX00003672,PRD001403,CLI000403,30/07/2026,App
TRX00003673,PRD000820,CLI000495,26/01/2014,App
TRX00003674,PRD000386,CLI000386,13/08/2024,Agencia
TRX00003675,PRD001043,CLI000257,26/01/2025,Agencia
TRX00003676,PRD000562,CLI000562,12/10/2025,Agencia
TRX00003677,PRD001603,CLI000603,01/07/2014,App
TRX00003678,PRD001502,CLI000502,21/03/2026,Agencia
TRX00003679,PRD000749,CLI000106,12/06/2026,App
TRX00003680,PRD000106,CLI000106,25/02/2017,App
TRX00003681,PRD001278,CLI000979,20/07/2018,App
TRX00003682,PRD001123,CLI000123,05/01/2018,App
TRX00003683,PRD001688,CLI000588,02/04/2021,Agencia
TRX00003684,PRD001088,CLI000185,10/01/2026,Agencia
TRX00003685,PRD001960,CLI000072,23/03/2021,App
TRX00003686,PRD001638,CLI000950,22/04/2022,App
TRX00003687,PRD000593,CLI000593,22/12/2024,App
TRX00003688,PRD000401,CLI000475,14/03/2018,App
TRX00003689,PRD001525,CLI000195,08/03/2018,App
TRX00003690,PRD000360,CLI000788,06/12/2018,Agencia
TRX00003691,PRD000410,CLI000176,23/04/2024,Agencia
TRX00003692,PRD001700,CLI000720,01/10/2021,App
TRX00003693,PRD001887,CLI000887,09/08/2017,App
TRX00003694,PRD000577,CLI000577,21/02/2019,App
TRX00003695,PRD000834,CLI000834,23/06/2026,Agencia
TRX00003696,PRD000948,CLI000948,27/12/2023,Agencia
TRX00003697,PRD000474,CLI000557,09/01/2021,App
TRX00003698,PRD000498,CLI000498,14/05/2024,App
TRX00003699,PRD000235,CLI000920,14/07/2019,App
TRX00003700,PRD000838,CLI000559,07/05/2025,App
TRX00003701,PRD001146,CLI000537,29/03/2023,App
TRX00003702,PRD001670,CLI000820,20/04/2026,App
TRX00003703,PRD000001,CLI000456,12/05/2026,App
TRX00003704,PRD001332,CLI000332,31/12/2025,App
TRX00003705,PRD000991,CLI000581,09/10/2018,Agencia
TRX00003706,PRD001480,CLI000319,01/03/2024,App
TRX00003707,PRD000052,CLI000068,17/12/2021,Agencia
TRX00003708,PRD001336,CLI000112,01/03/2019,App
TRX00003709,PRD001060,CLI000173,12/02/2026,App
TRX00003710,PRD001410,CLI000456,23/07/2026,Agencia
TRX00003711,PRD000808,CLI000833,12/02/2025,App
TRX00003712,PRD000733,CLI000120,12/08/2025,Agencia
TRX00003713,PRD001599,CLI000291,28/08/2022,App
TRX00003714,PRD000259,CLI000713,18/04/2022,App
TRX00003715,PRD001338,CLI000338,30/07/2025,App
TRX00003716,PRD001038,CLI000714,05/01/2021,App
TRX00003717,PRD001687,CLI000067,13/03/2018,App
TRX00003718,PRD000528,CLI000515,24/02/2026,App
TRX00003719,PRD000072,CLI000946,19/09/2022,Agencia
TRX00003720,PRD001237,CLI000946,10/09/2022,App
TRX00003721,PRD001685,CLI000850,17/01/2014,Agencia
TRX00003722,PRD001693,CLI000428,18/12/2024,App
TRX00003723,PRD000463,CLI000463,10/01/2023,App
TRX00003724,PRD000288,CLI000644,27/04/2013,App
TRX00003725,PRD000042,CLI000790,07/08/2026,Agencia
TRX00003726,PRD001461,CLI000201,13/10/2023,Agencia
TRX00003727,PRD001923,CLI000074,20/07/2018,App
TRX00003728,PRD001209,CLI000877,27/05/2026,App
TRX00003729,PRD001731,CLI000174,27/06/2026,App
TRX00003730,PRD000483,CLI000622,07/12/2021,Agencia
TRX00003731,PRD001874,CLI000982,15/09/2020,App
TRX00003732,PRD000439,CLI000689,15/11/2024,Agencia
TRX00003733,PRD001294,CLI000752,17/12/2025,App
TRX00003734,PRD000373,CLI000176,29/11/2025,Agencia
TRX00003735,PRD001936,CLI000936,16/03/2026,App
TRX00003736,PRD000673,CLI000869,13/10/2025,App
TRX00003737,PRD001862,CLI000585,24/03/2021,App
TRX00003738,PRD000571,CLI000843,06/08/2025,Agencia
TRX00003739,PRD001752,CLI000658,10/02/2018,App
TRX00003740,PRD001461,CLI000176,17/06/2023,App
TRX00003741,PRD000446,CLI000588,06/03/2014,App
TRX00003742,PRD001767,CLI000767,31/08/2018,App
TRX00003743,PRD001473,CLI000109,25/09/2023,App
TRX00003744,PRD000149,CLI000149,15/12/2011,App
TRX00003745,PRD000392,CLI000674,27/01/2023,App
TRX00003746,PRD000909,CLI000909,01/11/2023,App
TRX00003747,PRD001232,CLI000233,31/05/2018,Agencia
TRX00003748,PRD000357,CLI000420,09/08/2021,App
TRX00003749,PRD001488,CLI000480,19/08/2024,App
TRX00003750,PRD000883,CLI000176,10/11/2025,App
TRX00003751,PRD000958,CLI000934,26/12/2015,Agencia
TRX00003752,PRD001405,CLI000403,24/06/2026,Agencia
TRX00003753,PRD000409,CLI000008,13/01/2026,Agencia
TRX00003754,PRD000986,CLI000791,28/11/2025,App
TRX00003755,PRD001750,CLI000297,14/06/2026,App
TRX00003756,PRD000100,CLI000296,03/03/2016,App
TRX00003757,PRD001005,CLI000716,27/02/2023,App
TRX00003758,PRD000831,CLI000707,05/06/2026,App
TRX00003759,PRD001294,CLI000680,28/12/2024,App
TRX00003760,PRD001284,CLI000435,01/02/2012,App
TRX00003761,PRD000768,CLI000436,20/01/2025,App
TRX00003762,PRD000261,CLI000261,26/11/2017,App
TRX00003763,PRD000773,CLI000301,02/09/2016,App
TRX00003764,PRD000411,CLI000272,13/11/2011,App
TRX00003765,PRD001306,CLI000502,09/12/2025,App
TRX00003766,PRD000380,CLI000892,30/04/2023,App
TRX00003767,PRD001549,CLI000242,24/10/2022,App
TRX00003768,PRD000118,CLI000118,10/12/2021,Agencia
TRX00003769,PRD000950,CLI000958,26/11/2023,App
TRX00003770,PRD000931,CLI000378,28/06/2024,Agencia
TRX00003771,PRD000921,CLI000921,12/08/2026,App
TRX00003772,PRD000873,CLI000002,24/12/2024,App
TRX00003773,PRD001550,CLI000092,21/07/2024,Agencia
TRX00003774,PRD000756,CLI000756,15/06/2025,App
TRX00003775,PRD001362,CLI000362,23/11/2010,App
TRX00003776,PRD001828,CLI000918,27/11/2021,App
TRX00003777,PRD001504,CLI000776,22/04/2020,App
TRX00003778,PRD001817,CLI000510,10/04/2024,App
TRX00003779,PRD000129,CLI000129,12/06/2026,App
TRX00003780,PRD001877,CLI000877,11/03/2026,App
TRX00003781,PRD000027,CLI000906,08/04/2026,App
TRX00003782,PRD001163,CLI000882,21/10/2020,Agencia
TRX00003783,PRD000450,CLI000649,30/12/2019,App
TRX00003784,PRD000235,CLI000612,03/01/2024,App
TRX00003785,PRD000018,CLI000920,10/08/2017,App
TRX00003786,PRD000786,CLI000915,26/04/2017,Agencia
TRX00003787,PRD001807,CLI000591,29/02/2020,Agencia
TRX00003788,PRD000235,CLI000235,04/09/2024,App
TRX00003789,PRD001951,CLI000654,25/03/2026,App
TRX00003790,PRD001000,CLI000358,11/05/2026,Agencia
TRX00003791,PRD000247,CLI000566,13/09/2022,App
TRX00003792,PRD001665,CLI000175,09/09/2024,App
TRX00003793,PRD001289,CLI000289,16/10/2022,Agencia
TRX00003794,PRD000405,CLI000405,18/10/2025,App
TRX00003795,PRD001996,CLI000019,13/06/2021,App
TRX00003796,PRD001525,CLI000581,03/09/2019,Agencia
TRX00003797,PRD000748,CLI000910,24/01/2018,App
TRX00003798,PRD000279,CLI000207,31/08/2023,App
TRX00003799,PRD001972,CLI000834,19/09/2022,App
TRX00003800,PRD001109,CLI000109,28/04/2026,App
TRX00003801,PRD001139,CLI000198,16/02/2025,App
TRX00003802,PRD001751,CLI000301,26/09/2022,Agencia
TRX00003803,PRD001943,CLI000005,08/07/2026,Agencia
TRX00003804,PRD001601,CLI000736,10/05/2026,App
TRX00003805,PRD001263,CLI000666,17/08/2025,App
TRX00003806,PRD000295,CLI000239,17/12/2024,App
TRX00003807,PRD001686,CLI000989,01/10/2025,App
TRX00003808,PRD000228,CLI000228,10/04/2024,App
TRX00003809,PRD001404,CLI000669,27/04/2022,App
TRX00003810,PRD000305,CLI000648,24/10/2023,App
TRX00003811,PRD001258,CLI000021,13/04/2022,App
TRX00003812,PRD000161,CLI000468,09/10/2022,App
TRX00003813,PRD001717,CLI000475,19/12/2015,App
TRX00003814,PRD000965,CLI000222,18/11/2018,App
TRX00003815,PRD001516,CLI000600,19/04/2017,App
TRX00003816,PRD001621,CLI000049,16/08/2023,App
TRX00003817,PRD000538,CLI000538,31/03/2025,Agencia
TRX00003818,PRD000435,CLI000974,06/01/2023,App
TRX00003819,PRD000144,CLI000481,17/09/2025,Agencia
TRX00003820,PRD000627,CLI000773,18/05/2022,Agencia
TRX00003821,PRD001396,CLI000396,13/04/2023,App
TRX00003822,PRD000190,CLI000076,06/07/2026,App
TRX00003823,PRD000973,CLI000781,05/09/2021,App
TRX00003824,PRD000449,CLI000883,26/06/2026,App
TRX00003825,PRD001884,CLI000894,11/08/2024,App
TRX00003826,PRD000856,CLI000856,08/02/2025,App
TRX00003827,PRD000143,CLI000235,14/07/2025,App
TRX00003828,PRD001200,CLI000226,15/01/2026,App
TRX00003829,PRD000329,CLI000395,18/01/2025,App
TRX00003830,PRD000097,CLI000464,02/09/2024,Agencia
TRX00003831,PRD000969,CLI000811,15/11/2021,App
TRX00003832,PRD001457,CLI000271,27/01/2017,App
TRX00003833,PRD000932,CLI000776,30/10/2017,App
TRX00003834,PRD001860,CLI000550,23/01/2022,App
TRX00003835,PRD001220,CLI000422,03/09/2019,App
TRX00003836,PRD001679,CLI000711,17/02/2025,App
TRX00003837,PRD000301,CLI000698,20/08/2017,Agencia
TRX00003838,PRD001216,CLI000235,21/07/2023,App
TRX00003839,PRD001922,CLI000817,28/05/2015,App
TRX00003840,PRD001120,CLI000248,23/10/2017,App
TRX00003841,PRD000459,CLI000227,19/05/2025,App
TRX00003842,PRD001206,CLI000503,08/08/2022,Agencia
TRX00003843,PRD000124,CLI000631,02/06/2017,App
TRX00003844,PRD001726,CLI000805,17/04/2021,App
TRX00003845,PRD001849,CLI000601,08/06/2024,App
TRX00003846,PRD000829,CLI000829,28/04/2025,App
TRX00003847,PRD001030,CLI000030,13/05/2026,Agencia
TRX00003848,PRD001868,CLI000868,08/05/2025,App
TRX00003849,PRD000216,CLI000121,12/06/2026,App
TRX00003850,PRD001600,CLI000600,21/11/2021,Agencia
TRX00003851,PRD001369,CLI000369,06/12/2022,App
TRX00003852,PRD000340,CLI000716,16/03/2020,Agencia
TRX00003853,PRD000879,CLI000879,14/07/2023,Agencia
TRX00003854,PRD001103,CLI000103,22/12/2019,App
TRX00003855,PRD001232,CLI000232,15/05/2014,App
TRX00003856,PRD001504,CLI000984,09/01/2020,App
TRX00003857,PRD000944,CLI000024,06/05/2024,App
TRX00003858,PRD000152,CLI000715,26/02/2026,App
TRX00003859,PRD000886,CLI000108,19/10/2016,Agencia
TRX00003860,PRD000358,CLI000248,13/07/2024,App
TRX00003861,PRD000142,CLI000153,29/06/2026,Agencia
TRX00003862,PRD001903,CLI000206,12/03/2018,App
TRX00003863,PRD001665,CLI000205,20/06/2017,App
TRX00003864,PRD001216,CLI000596,27/11/2022,Agencia
TRX00003865,PRD000202,CLI000202,06/03/2023,App
TRX00003866,PRD001321,CLI000150,25/03/2016,Agencia
TRX00003867,PRD000868,CLI000570,13/03/2025,App
TRX00003868,PRD000768,CLI000210,08/12/2018,App
TRX00003869,PRD001489,CLI000810,28/11/2025,Agencia
TRX00003870,PRD000708,CLI000361,01/01/2024,App
TRX00003871,PRD000610,CLI000089,17/09/2014,App
TRX00003872,PRD000059,CLI000301,19/07/2023,Agencia
TRX00003873,PRD001349,CLI000962,23/09/2020,App
TRX00003874,PRD001102,CLI000452,03/11/2019,App
TRX00003875,PRD001312,CLI000339,14/01/2022,App
TRX00003876,PRD000511,CLI000581,18/09/2024,App
TRX00003877,PRD000737,CLI000890,10/10/2017,App
TRX00003878,PRD000022,CLI000980,07/10/2024,App
TRX00003879,PRD000446,CLI000746,18/06/2025,App
TRX00003880,PRD000228,CLI000906,23/05/2024,App
TRX00003881,PRD000760,CLI000760,21/03/2026,App
TRX00003882,PRD001505,CLI000531,13/06/2023,App
TRX00003883,PRD001598,CLI000788,10/04/2021,App
TRX00003884,PRD000835,CLI000506,19/08/2024,Agencia
TRX00003885,PRD001373,CLI000307,17/10/2024,App
TRX00003886,PRD000610,CLI000610,21/03/2021,App
TRX00003887,PRD001258,CLI000711,15/10/2025,App
TRX00003888,PRD000236,CLI000289,02/04/2025,App
TRX00003889,PRD000599,CLI000361,07/10/2023,App
TRX00003890,PRD001909,CLI000388,28/06/2026,App
TRX00003891,PRD001233,CLI000007,27/09/2023,App
TRX00003892,PRD000187,CLI000491,08/05/2023,App
TRX00003893,PRD000863,CLI000135,26/06/2026,App
TRX00003894,PRD000742,CLI000793,17/08/2026,App
TRX00003895,PRD001110,CLI000460,12/06/2018,App
TRX00003896,PRD001511,CLI000633,23/02/2017,App
TRX00003897,PRD001223,CLI000409,18/06/2025,App
TRX00003898,PRD000302,CLI000029,02/04/2024,App
TRX00003899,PRD000232,CLI000326,22/05/2025,Agencia
TRX00003900,PRD001313,CLI000313,13/10/2016,App
TRX00003901,PRD000728,CLI000257,30/04/2025,App
TRX00003902,PRD000500,CLI000500,25/07/2021,App
TRX00003903,PRD000285,CLI000285,03/06/2023,App
TRX00003904,PRD001637,CLI000570,27/10/2021,App
TRX00003905,PRD000329,CLI000724,31/12/2018,App
TRX00003906,PRD001637,CLI000119,18/05/2026,App
TRX00003907,PRD001882,CLI000882,11/11/2023,App
TRX00003908,PRD001436,CLI000970,19/12/2021,App
TRX00003909,PRD000926,CLI000973,23/04/2023,Agencia
TRX00003910,PRD001082,CLI000545,08/08/2019,App
TRX00003911,PRD000374,CLI000374,29/07/2026,App
TRX00003912,PRD000539,CLI000606,12/05/2026,App
TRX00003913,PRD000534,CLI000534,17/11/2019,App
TRX00003914,PRD000950,CLI000118,20/09/2012,Agencia
TRX00003915,PRD001579,CLI000430,10/08/2026,Agencia
TRX00003916,PRD000417,CLI000677,16/11/2025,App
TRX00003917,PRD001163,CLI000709,21/05/2018,Agencia
TRX00003918,PRD000469,CLI000351,15/03/2025,App
TRX00003919,PRD000516,CLI000785,07/07/2024,App
TRX00003920,PRD000101,CLI000211,08/11/2024,App
TRX00003921,PRD000669,CLI000128,17/09/2025,App
TRX00003922,PRD000610,CLI000407,25/11/2014,App
TRX00003923,PRD000165,CLI000747,16/02/2017,App
TRX00003924,PRD001748,CLI000748,10/01/2025,App
TRX00003925,PRD000155,CLI000811,22/03/2026,App
TRX00003926,PRD000132,CLI000088,04/12/2020,App
TRX00003927,PRD000358,CLI000018,29/06/2022,App
TRX00003928,PRD000997,CLI000750,16/12/2013,App
TRX00003929,PRD001966,CLI000598,21/11/2019,App
TRX00003930,PRD001550,CLI000550,18/05/2023,App
TRX00003931,PRD001865,CLI000965,08/06/2022,App
TRX00003932,PRD001836,CLI000696,22/11/2016,App
TRX00003933,PRD001233,CLI000233,20/11/2015,App
TRX00003934,PRD001015,CLI000849,16/09/2020,Agencia
TRX00003935,PRD001896,CLI000896,28/09/2024,Agencia
TRX00003936,PRD001774,CLI000117,27/06/2019,App
TRX00003937,PRD001449,CLI000127,05/07/2024,Agencia
TRX00003938,PRD001313,CLI000792,22/06/2011,App
TRX00003939,PRD000992,CLI000992,14/06/2019,Agencia
TRX00003940,PRD001845,CLI000354,02/09/2017,App
TRX00003941,PRD000985,CLI000868,26/11/2025,App
TRX00003942,PRD001078,CLI000078,07/12/2025,App
TRX00003943,PRD000467,CLI000467,23/08/2021,App
TRX00003944,PRD001594,CLI000594,16/10/2024,Agencia
TRX00003945,PRD001665,CLI000337,15/07/2023,App
TRX00003946,PRD001644,CLI000158,18/12/2017,App
TRX00003947,PRD000664,CLI000478,09/03/2016,App
TRX00003948,PRD000896,CLI000896,25/06/2025,App
TRX00003949,PRD000685,CLI000685,14/05/2026,App
TRX00003950,PRD000674,CLI000544,03/08/2026,Agencia
TRX00003951,PRD000716,CLI000716,04/03/2025,App
TRX00003952,PRD000327,CLI000264,11/09/2018,App
TRX00003953,PRD000985,CLI000396,13/08/2023,App
TRX00003954,PRD000987,CLI000429,22/04/2018,App
TRX00003955,PRD000692,CLI000844,09/04/2023,App
TRX00003956,PRD000082,CLI000685,27/05/2026,App
TRX00003957,PRD001066,CLI000306,07/07/2025,App
TRX00003958,PRD001539,CLI000147,08/12/2024,App
TRX00003959,PRD000995,CLI000995,27/12/2024,App
TRX00003960,PRD001251,CLI000143,28/09/2012,App
TRX00003961,PRD001724,CLI000724,28/02/2020,App
TRX00003962,PRD000697,CLI000992,15/09/2023,App
TRX00003963,PRD001547,CLI000547,13/06/2015,Agencia
TRX00003964,PRD000633,CLI000875,02/08/2026,App
TRX00003965,PRD001449,CLI000265,05/07/2020,Agencia
TRX00003966,PRD001808,CLI000103,06/12/2023,App
TRX00003967,PRD001016,CLI000016,09/03/2024,Agencia
TRX00003968,PRD001545,CLI000545,30/10/2017,App
TRX00003969,PRD000032,CLI000940,08/05/2025,App
TRX00003970,PRD001681,CLI000681,16/01/2024,App
TRX00003971,PRD001210,CLI000806,14/04/2026,App
TRX00003972,PRD001107,CLI000107,24/08/2023,App
TRX00003973,PRD000474,CLI000616,27/05/2026,Agencia
TRX00003974,PRD001342,CLI000933,04/08/2024,App
TRX00003975,PRD001765,CLI000980,01/04/2019,App
TRX00003976,PRD001124,CLI000389,20/06/2022,App
TRX00003977,PRD001592,CLI000382,06/12/2021,App
TRX00003978,PRD000499,CLI000285,12/11/2023,App
TRX00003979,PRD000517,CLI000517,13/10/2014,App
TRX00003980,PRD001487,CLI000737,11/09/2019,App
TRX00003981,PRD000923,CLI000923,23/01/2022,Agencia
TRX00003982,PRD001468,CLI000468,05/03/2018,App
TRX00003983,PRD000963,CLI000963,10/10/2024,App
TRX00003984,PRD000804,CLI000804,03/06/2024,App
TRX00003985,PRD000397,CLI000387,04/04/2024,App
TRX00003986,PRD000144,CLI000823,04/10/2023,App
TRX00003987,PRD001444,CLI000575,18/12/2022,Agencia
TRX00003988,PRD000817,CLI000774,15/07/2021,Agencia
TRX00003989,PRD001349,CLI000454,23/12/2025,App
TRX00003990,PRD000666,CLI000666,06/06/2025,App
TRX00003991,PRD000068,CLI000994,08/10/2019,Agencia
TRX00003992,PRD001712,CLI000193,24/11/2015,App
TRX00003993,PRD001106,CLI000106,09/12/2017,Agencia
TRX00003994,PRD000811,CLI000330,19/04/2022,App
TRX00003995,PRD000028,CLI000667,22/06/2024,App
TRX00003996,PRD001410,CLI000651,30/09/2023,App
TRX00003997,PRD000173,CLI000796,18/10/2021,App
TRX00003998,PRD000335,CLI000855,21/10/2024,App
TRX00003999,PRD000199,CLI000374,17/08/2025,Agencia
TRX00004000,PRD001658,CLI000477,15/02/2025,App
TRX00004001,PRD000133,CLI000133,18/06/2024,App
TRX00004002,PRD000035,CLI000035,09/05/2020,Agencia
TRX00004003,PRD000145,CLI000427,15/03/2025,Agencia
TRX00004004,PRD001159,CLI000533,25/04/2024,App
TRX00004005,PRD000860,CLI000712,08/05/2021,App
TRX00004006,PRD001004,CLI000882,12/07/2020,Agencia
TRX00004007,PRD000747,CLI000320,30/06/2026,App
TRX00004008,PRD001380,CLI000829,13/07/2025,App
TRX00004009,PRD000739,CLI000739,13/08/2026,Agencia
TRX00004010,PRD000320,CLI000628,01/02/2019,App
TRX00004011,PRD001982,CLI000010,22/07/2022,App
TRX00004012,PRD001320,CLI000320,06/11/2018,App
TRX00004013,PRD001921,CLI000309,02/02/2026,Agencia
TRX00004014,PRD001644,CLI000644,24/12/2012,App
TRX00004015,PRD000945,CLI000945,10/06/2026,App
TRX00004016,PRD000810,CLI000810,16/02/2024,App
TRX00004017,PRD000542,CLI000598,07/11/2023,Agencia
TRX00004018,PRD001659,CLI000348,18/10/2021,App
TRX00004019,PRD001114,CLI001000,30/05/2012,App
TRX00004020,PRD001595,CLI000811,23/07/2017,App
TRX00004021,PRD001329,CLI000301,12/04/2014,App
TRX00004022,PRD000805,CLI000426,14/11/2024,App
TRX00004023,PRD001560,CLI000560,11/10/2025,App
TRX00004024,PRD000711,CLI000191,03/06/2018,App
TRX00004025,PRD001791,CLI000181,27/02/2016,Agencia
TRX00004026,PRD000700,CLI000719,01/11/2022,App
TRX00004027,PRD001158,CLI000762,12/08/2014,App
TRX00004028,PRD000142,CLI000142,02/07/2026,Agencia
TRX00004029,PRD001620,CLI000242,27/01/2022,App
TRX00004030,PRD001776,CLI000803,10/04/2024,App
TRX00004031,PRD001657,CLI000607,29/04/2013,Agencia
TRX00004032,PRD000512,CLI000130,02/01/2023,Agencia
TRX00004033,PRD001512,CLI000820,03/11/2024,Agencia
TRX00004034,PRD000300,CLI000075,27/06/2026,App
TRX00004035,PRD000493,CLI000491,23/09/2023,App
TRX00004036,PRD000279,CLI000999,11/08/2025,App
TRX00004037,PRD000012,CLI000012,18/10/2021,App
TRX00004038,PRD001068,CLI000125,23/08/2020,App
TRX00004039,PRD000248,CLI000823,25/05/2026,App
TRX00004040,PRD001182,CLI000255,28/05/2020,App
TRX00004041,PRD001966,CLI000148,07/04/2026,App
TRX00004042,PRD000127,CLI000726,22/03/2021,App
TRX00004043,PRD001637,CLI000637,29/05/2025,Agencia
TRX00004044,PRD001360,CLI000138,11/04/2023,App
TRX00004045,PRD001074,CLI000074,26/03/2018,Agencia
TRX00004046,PRD000165,CLI000314,24/07/2023,App
TRX00004047,PRD001044,CLI000488,16/01/2023,App
TRX00004048,PRD001584,CLI000929,05/07/2022,App
TRX00004049,PRD001644,CLI000092,16/05/2022,App
TRX00004050,PRD001867,CLI000223,22/02/2024,Agencia
TRX00004051,PRD001756,CLI000865,03/04/2022,App
TRX00004052,PRD000062,CLI000062,29/10/2022,Agencia
TRX00004053,PRD000788,CLI000275,23/09/2025,App
TRX00004054,PRD000775,CLI000566,28/02/2022,Agencia
TRX00004055,PRD001392,CLI000887,01/11/2019,Agencia
TRX00004056,PRD000138,CLI000735,15/05/2025,App
TRX00004057,PRD001247,CLI000638,23/05/2023,App
TRX00004058,PRD001394,CLI000626,15/09/2022,App
TRX00004059,PRD000622,CLI000925,23/09/2024,Agencia
TRX00004060,PRD001081,CLI000081,27/03/2024,Agencia
TRX00004061,PRD001481,CLI000204,27/10/2017,App
TRX00004062,PRD001204,CLI000279,21/03/2024,App
TRX00004063,PRD001941,CLI000333,23/02/2024,App
TRX00004064,PRD001299,CLI000381,05/09/2022,App
TRX00004065,PRD001968,CLI000037,31/05/2026,App
TRX00004066,PRD000387,CLI000881,21/03/2025,App
TRX00004067,PRD001616,CLI000616,29/07/2026,Agencia
TRX00004068,PRD001271,CLI000325,30/09/2025,App
TRX00004069,PRD001118,CLI000618,17/05/2024,App
TRX00004070,PRD001510,CLI000610,31/01/2025,App
TRX00004071,PRD000226,CLI000178,20/10/2016,App
TRX00004072,PRD001353,CLI000360,04/04/2026,Agencia
TRX00004073,PRD000488,CLI000544,25/03/2026,Agencia
TRX00004074,PRD000512,CLI000879,02/01/2026,App
TRX00004075,PRD001015,CLI000876,25/12/2022,App
TRX00004076,PRD000807,CLI000094,04/09/2018,App
TRX00004077,PRD000554,CLI000140,02/09/2021,App
TRX00004078,PRD000096,CLI000654,06/08/2026,App
TRX00004079,PRD001688,CLI000969,22/01/2022,Agencia
TRX00004080,PRD000927,CLI000927,25/07/2021,Agencia
TRX00004081,PRD001549,CLI000795,26/12/2019,App
TRX00004082,PRD001754,CLI000665,30/05/2024,Agencia
TRX00004083,PRD000297,CLI000178,25/11/2016,App
TRX00004084,PRD000970,CLI000977,13/11/2020,App
TRX00004085,PRD001365,CLI000147,19/08/2025,Agencia
TRX00004086,PRD001949,CLI000078,11/08/2017,App
TRX00004087,PRD000378,CLI000103,07/11/2023,App
TRX00004088,PRD001324,CLI000324,13/10/2025,App
TRX00004089,PRD000937,CLI000085,31/12/2024,Agencia
TRX00004090,PRD000028,CLI000565,20/02/2020,App
TRX00004091,PRD000442,CLI000872,12/06/2023,App
TRX00004092,PRD001635,CLI000604,23/04/2025,Agencia
TRX00004093,PRD001079,CLI000395,31/07/2022,Agencia
TRX00004094,PRD000514,CLI000767,03/03/2020,App
TRX00004095,PRD001952,CLI000596,21/01/2024,App
TRX00004096,PRD000641,CLI000120,13/06/2026,Agencia
TRX00004097,PRD000636,CLI000406,20/11/2021,App
TRX00004098,PRD001436,CLI000775,08/11/2024,App
TRX00004099,PRD000782,CLI000493,07/10/2016,Agencia
TRX00004100,PRD001686,CLI000273,11/09/2023,App
TRX00004101,PRD000701,CLI000701,26/08/2019,App
TRX00004102,PRD001591,CLI000797,08/07/2015,Agencia
TRX00004103,PRD001386,CLI000773,22/03/2019,App
TRX00004104,PRD000417,CLI000647,13/07/2026,Agencia
TRX00004105,PRD001730,CLI000807,09/02/2016,Agencia
TRX00004106,PRD001735,CLI000914,16/05/2020,App
TRX00004107,PRD000573,CLI000443,09/08/2022,App
TRX00004108,PRD001555,CLI000550,24/02/2024,App
TRX00004109,PRD001820,CLI000820,18/07/2025,Agencia
TRX00004110,PRD000939,CLI000621,16/02/2022,Agencia
TRX00004111,PRD000099,CLI000950,26/11/2022,App
TRX00004112,PRD001946,CLI000946,01/02/2024,App
TRX00004113,PRD001684,CLI000432,17/09/2022,Agencia
TRX00004114,PRD001094,CLI000756,23/03/2026,App
TRX00004115,PRD000556,CLI000436,18/02/2021,App
TRX00004116,PRD001285,CLI000132,26/02/2025,Agencia
TRX00004117,PRD000432,CLI000512,26/08/2024,App
TRX00004118,PRD000264,CLI000481,01/10/2022,Agencia
TRX00004119,PRD000093,CLI000009,31/07/2024,App
TRX00004120,PRD001809,CLI000425,12/02/2025,App
TRX00004121,PRD000229,CLI000229,05/01/2018,App
TRX00004122,PRD000627,CLI000489,14/10/2018,App
TRX00004123,PRD001692,CLI000220,16/06/2018,Agencia
TRX00004124,PRD001563,CLI000563,17/09/2021,App
TRX00004125,PRD000784,CLI000314,07/05/2019,Agencia
TRX00004126,PRD000275,CLI000188,22/04/2015,App
TRX00004127,PRD001979,CLI000329,21/04/2026,App
TRX00004128,PRD001048,CLI000225,25/06/2025,App
TRX00004129,PRD001700,CLI000946,12/07/2020,App
TRX00004130,PRD001456,CLI000425,05/12/2014,App
TRX00004131,PRD000123,CLI000538,19/03/2022,App
TRX00004132,PRD000839,CLI000003,05/07/2025,App
TRX00004133,PRD001868,CLI000269,23/01/2026,Agencia
TRX00004134,PRD000788,CLI000444,29/06/2019,App
TRX00004135,PRD000421,CLI000920,06/11/2011,App
TRX00004136,PRD000489,CLI000359,31/12/2017,App
TRX00004137,PRD001278,CLI000042,24/11/2023,App
TRX00004138,PRD001869,CLI000869,07/10/2021,App
TRX00004139,PRD001280,CLI000544,24/10/2025,App
TRX00004140,PRD001591,CLI000998,12/06/2023,App
TRX00004141,PRD001409,CLI000035,11/07/2019,App
TRX00004142,PRD000118,CLI000168,21/07/2025,Agencia
TRX00004143,PRD001796,CLI000251,27/04/2026,App
TRX00004144,PRD001176,CLI000586,27/06/2023,App
TRX00004145,PRD001485,CLI000954,06/08/2025,App
TRX00004146,PRD001502,CLI000620,12/04/2018,App
TRX00004147,PRD001269,CLI000961,12/02/2024,App
TRX00004148,PRD001297,CLI000297,22/02/2026,App
TRX00004149,PRD001965,CLI000965,12/05/2024,Agencia
TRX00004150,PRD000955,CLI000476,23/12/2025,App
TRX00004151,PRD000173,CLI000394,13/08/2023,App
TRX00004152,PRD000126,CLI000126,26/03/2025,App
TRX00004153,PRD000389,CLI000144,01/01/2020,Agencia
TRX00004154,PRD001126,CLI000126,30/06/2025,App
TRX00004155,PRD001980,CLI000616,19/08/2026,App
TRX00004156,PRD000117,CLI000683,08/04/2025,App
TRX00004157,PRD001265,CLI000333,30/12/2020,App
TRX00004158,PRD001882,CLI000280,07/06/2019,App
TRX00004159,PRD001792,CLI000942,11/02/2019,App
TRX00004160,PRD001735,CLI000735,25/03/2020,App
TRX00004161,PRD000244,CLI000251,23/03/2025,App
TRX00004162,PRD001378,CLI000951,14/11/2015,App
TRX00004163,PRD000470,CLI000800,21/05/2021,App
TRX00004164,PRD001892,CLI000400,07/11/2019,App
TRX00004165,PRD000752,CLI000012,19/08/2016,App
TRX00004166,PRD001257,CLI000559,19/04/2022,App
TRX00004167,PRD000438,CLI000438,11/09/2017,Agencia
TRX00004168,PRD000802,CLI000423,13/09/2025,App
TRX00004169,PRD000832,CLI000832,16/12/2015,App
TRX00004170,PRD001807,CLI000807,21/07/2022,App
TRX00004171,PRD001452,CLI000341,24/06/2022,App
TRX00004172,PRD001182,CLI000182,12/07/2017,App
TRX00004173,PRD001339,CLI000346,24/06/2018,App
TRX00004174,PRD001655,CLI000881,25/08/2018,App
TRX00004175,PRD000126,CLI000769,05/10/2023,Agencia
TRX00004176,PRD000372,CLI000039,14/06/2025,App
TRX00004177,PRD001439,CLI000131,18/04/2023,Agencia
TRX00004178,PRD001294,CLI000294,19/07/2016,Agencia
TRX00004179,PRD001927,CLI000135,22/07/2020,App
TRX00004180,PRD000295,CLI000602,03/08/2026,App
TRX00004181,PRD001836,CLI000929,11/06/2025,App
TRX00004182,PRD000561,CLI000858,04/11/2025,Agencia
TRX00004183,PRD001113,CLI000460,28/02/2020,App
TRX00004184,PRD001111,CLI000679,09/12/2024,App
TRX00004185,PRD000534,CLI000092,24/06/2018,App
TRX00004186,PRD000625,CLI000237,08/02/2025,App
TRX00004187,PRD001552,CLI000453,18/05/2023,App
TRX00004188,PRD001790,CLI000610,07/01/2022,Agencia
TRX00004189,PRD000181,CLI000181,13/01/2014,App
TRX00004190,PRD000981,CLI000981,24/01/2017,App
TRX00004191,PRD000177,CLI000392,03/11/2017,Agencia
TRX00004192,PRD000367,CLI000960,02/06/2026,App
TRX00004193,PRD001562,CLI000860,17/07/2026,Agencia
TRX00004194,PRD001197,CLI000961,08/02/2024,App
TRX00004195,PRD001320,CLI000883,01/05/2025,App
TRX00004196,PRD001248,CLI000155,03/10/2022,App
TRX00004197,PRD001875,CLI000026,09/09/2022,Agencia
TRX00004198,PRD000631,CLI000269,31/12/2025,App
TRX00004199,PRD001075,CLI000060,18/05/2016,App
TRX00004200,PRD001911,CLI000246,26/03/2026,App
TRX00004201,PRD001520,CLI000197,04/01/2026,App
TRX00004202,PRD001119,CLI000119,09/06/2026,App
TRX00004203,PRD001118,CLI000505,07/08/2018,Agencia
TRX00004204,PRD000674,CLI000809,30/03/2021,App
TRX00004205,PRD000187,CLI000827,17/05/2025,Agencia
TRX00004206,PRD001706,CLI000641,14/12/2021,Agencia
TRX00004207,PRD000942,CLI000966,07/08/2020,App
TRX00004208,PRD000818,CLI000575,30/09/2025,App
TRX00004209,PRD000499,CLI000395,18/03/2025,App
TRX00004210,PRD001114,CLI000114,02/12/2024,App
TRX00004211,PRD001750,CLI000166,26/02/2026,App
TRX00004212,PRD001367,CLI000212,10/08/2019,Agencia
TRX00004213,PRD001773,CLI000759,22/02/2025,App
TRX00004214,PRD001986,CLI000043,13/02/2020,App
TRX00004215,PRD000893,CLI000661,30/10/2019,App
TRX00004216,PRD001992,CLI000698,24/12/2016,App
TRX00004217,PRD001554,CLI000243,01/07/2026,App
TRX00004218,PRD000111,CLI000136,12/07/2022,App
TRX00004219,PRD000399,CLI000492,15/07/2016,App
TRX00004220,PRD001960,CLI000708,24/06/2017,App
TRX00004221,PRD000521,CLI000338,27/11/2020,App
TRX00004222,PRD001330,CLI000330,24/08/2024,App
TRX00004223,PRD001343,CLI000685,04/09/2025,Agencia
TRX00004224,PRD001927,CLI000824,16/06/2018,App
TRX00004225,PRD001067,CLI000153,15/06/2026,Agencia
TRX00004226,PRD001966,CLI000966,20/10/2019,App
TRX00004227,PRD000700,CLI000700,28/03/2025,App
TRX00004228,PRD001309,CLI000898,06/05/2015,App
TRX00004229,PRD001652,CLI000085,17/02/2026,App
TRX00004230,PRD000122,CLI000953,16/11/2020,Agencia
TRX00004231,PRD000227,CLI000090,15/09/2012,App
TRX00004232,PRD001803,CLI000051,25/07/2023,App
TRX00004233,PRD001100,CLI000584,30/07/2019,App
TRX00004234,PRD001923,CLI000642,25/02/2022,App
TRX00004235,PRD000748,CLI000315,19/06/2020,App
TRX00004236,PRD001577,CLI000577,18/08/2025,App
TRX00004237,PRD001452,CLI000841,28/05/2014,App
TRX00004238,PRD001074,CLI000064,06/04/2025,App
TRX00004239,PRD000356,CLI000153,04/05/2026,App
TRX00004240,PRD000683,CLI000188,15/10/2019,App
TRX00004241,PRD000309,CLI000170,26/02/2022,App
TRX00004242,PRD000176,CLI000113,20/12/2022,App
TRX00004243,PRD000302,CLI000302,22/10/2022,App
TRX00004244,PRD000627,CLI000358,30/05/2026,App
TRX00004245,PRD000755,CLI000789,27/12/2017,App
TRX00004246,PRD001903,CLI000903,18/10/2023,Agencia
TRX00004247,PRD000878,CLI000188,08/10/2017,Agencia
TRX00004248,PRD001017,CLI000196,29/07/2020,Agencia
TRX00004249,PRD001118,CLI000271,06/01/2023,Agencia
TRX00004250,PRD001024,CLI000704,12/05/2023,App
TRX00004251,PRD001339,CLI000339,16/06/2018,App
TRX00004252,PRD001774,CLI000362,09/06/2023,Agencia
TRX00004253,PRD001419,CLI000810,25/02/2025,Agencia
TRX00004254,PRD000134,CLI000607,13/09/2020,App
TRX00004255,PRD001738,CLI000738,20/02/2022,App
TRX00004256,PRD001335,CLI000335,25/08/2024,App
TRX00004257,PRD000297,CLI000802,06/01/2025,App
TRX00004258,PRD000086,CLI000894,01/02/2023,App
TRX00004259,PRD001456,CLI000872,13/02/2015,Agencia
TRX00004260,PRD001752,CLI000599,18/07/2025,App
TRX00004261,PRD001298,CLI000586,30/08/2022,App
TRX00004262,PRD001162,CLI000927,18/03/2018,App
TRX00004263,PRD001155,CLI000699,13/08/2026,App
TRX00004264,PRD001688,CLI000295,15/04/2014,App
TRX00004265,PRD001647,CLI000109,15/01/2020,Agencia
TRX00004266,PRD001604,CLI000999,27/04/2020,App
TRX00004267,PRD000123,CLI000276,03/04/2019,App
TRX00004268,PRD000043,CLI000871,12/10/2016,App
TRX00004269,PRD000975,CLI000626,08/06/2021,App
TRX00004270,PRD001098,CLI000313,09/04/2025,App
TRX00004271,PRD001221,CLI000221,04/11/2025,App
TRX00004272,PRD001297,CLI000664,28/11/2024,App
TRX00004273,PRD000535,CLI000106,30/03/2024,App
TRX00004274,PRD000701,CLI000738,05/11/2024,App
TRX00004275,PRD001311,CLI000311,05/10/2020,App
TRX00004276,PRD001837,CLI000837,07/12/2025,App
TRX00004277,PRD000159,CLI000226,07/07/2023,Agencia
TRX00004278,PRD000167,CLI000339,24/04/2015,App
TRX00004279,PRD000503,CLI000558,15/03/2020,App
TRX00004280,PRD001352,CLI000908,13/07/2015,Agencia
TRX00004281,PRD001186,CLI000186,26/09/2023,App
TRX00004282,PRD000151,CLI000671,08/02/2021,App
TRX00004283,PRD001699,CLI000944,14/09/2025,App
TRX00004284,PRD000735,CLI000735,15/09/2014,App
TRX00004285,PRD000153,CLI000732,10/08/2026,App
TRX00004286,PRD000421,CLI000348,31/07/2026,App
TRX00004287,PRD001182,CLI000054,01/09/2025,App
TRX00004288,PRD001239,CLI000305,13/03/2017,Agencia
TRX00004289,PRD000091,CLI000296,19/01/2018,Agencia
TRX00004290,PRD001226,CLI000227,18/01/2025,App
TRX00004291,PRD001305,CLI000143,08/02/2023,Agencia
TRX00004292,PRD000600,CLI000149,14/01/2020,Agencia
TRX00004293,PRD000299,CLI000761,19/10/2025,Agencia
TRX00004294,PRD000899,CLI000368,14/12/2024,App
TRX00004295,PRD000415,CLI000199,21/01/2021,App
TRX00004296,PRD000403,CLI000647,02/04/2026,Agencia
TRX00004297,PRD001251,CLI000102,17/04/2023,App
TRX00004298,PRD000171,CLI000273,12/04/2021,App
TRX00004299,PRD001734,CLI000734,07/04/2025,App
TRX00004300,PRD001337,CLI000428,22/04/2025,App
TRX00004301,PRD000673,CLI000594,19/04/2025,App
TRX00004302,PRD001336,CLI000336,19/05/2024,Agencia
TRX00004303,PRD000761,CLI000822,06/10/2019,App
TRX00004304,PRD001310,CLI000310,22/02/2023,App
TRX00004305,PRD000821,CLI000821,12/03/2025,Agencia
TRX00004306,PRD001609,CLI000211,02/03/2026,Agencia
TRX00004307,PRD001590,CLI000552,04/06/2024,App
TRX00004308,PRD001874,CLI000874,30/07/2015,App
TRX00004309,PRD000239,CLI000535,02/02/2021,App
TRX00004310,PRD000618,CLI000618,19/04/2023,Agencia
TRX00004311,PRD001457,CLI000879,19/12/2023,App
TRX00004312,PRD000888,CLI000888,09/04/2017,App
TRX00004313,PRD000503,CLI000015,28/06/2023,App
TRX00004314,PRD000907,CLI000205,17/02/2016,App
TRX00004315,PRD000838,CLI000132,03/02/2024,App
TRX00004316,PRD001168,CLI000973,29/11/2025,App
TRX00004317,PRD001332,CLI000998,28/02/2021,App
TRX00004318,PRD001271,CLI000560,20/10/2025,App
TRX00004319,PRD001814,CLI000814,02/06/2022,App
TRX00004320,PRD000945,CLI000882,17/01/2019,App
TRX00004321,PRD000068,CLI000068,06/09/2024,Agencia
TRX00004322,PRD001684,CLI000414,02/10/2024,App
TRX00004323,PRD000653,CLI000640,19/11/2025,App
TRX00004324,PRD000436,CLI000755,23/03/2019,App
TRX00004325,PRD000967,CLI000792,18/04/2022,App
TRX00004326,PRD001963,CLI000346,24/03/2023,App
TRX00004327,PRD000514,CLI000695,28/02/2024,Agencia
TRX00004328,PRD000193,CLI000487,05/03/2025,Agencia
TRX00004329,PRD000880,CLI000258,12/10/2022,App
TRX00004330,PRD000954,CLI000954,13/04/2026,App
TRX00004331,PRD000822,CLI000751,20/12/2021,App
TRX00004332,PRD000144,CLI000526,13/07/2026,App
TRX00004333,PRD001642,CLI000082,25/07/2026,App
TRX00004334,PRD000924,CLI000480,27/06/2024,Agencia
TRX00004335,PRD001170,CLI000526,26/07/2023,App
TRX00004336,PRD001783,CLI000783,08/06/2019,App
TRX00004337,PRD000490,CLI000244,26/07/2025,App
TRX00004338,PRD001855,CLI000855,28/01/2020,Agencia
TRX00004339,PRD001785,CLI000785,06/12/2024,App
TRX00004340,PRD000939,CLI000314,17/09/2016,Agencia
TRX00004341,PRD001338,CLI000663,02/06/2023,App
TRX00004342,PRD001800,CLI000002,23/07/2026,App
TRX00004343,PRD001179,CLI000034,02/05/2022,App
TRX00004344,PRD000570,CLI000378,03/12/2023,App
TRX00004345,PRD001862,CLI000862,08/06/2022,App
TRX00004346,PRD001733,CLI000033,07/08/2025,App
TRX00004347,PRD001476,CLI000655,14/09/2022,Agencia
TRX00004348,PRD000682,CLI000640,26/02/2026,Agencia
TRX00004349,PRD001366,CLI000138,18/07/2024,App
TRX00004350,PRD000542,CLI000247,18/11/2015,Agencia
TRX00004351,PRD000479,CLI000662,15/03/2023,Agencia
TRX00004352,PRD000574,CLI000521,26/12/2018,App
TRX00004353,PRD000738,CLI000013,04/08/2014,App
TRX00004354,PRD001557,CLI000540,04/06/2026,Agencia
TRX00004355,PRD001132,CLI000989,10/08/2022,Agencia
TRX00004356,PRD001241,CLI000318,14/03/2023,App
TRX00004357,PRD001370,CLI000552,23/01/2026,App
TRX00004358,PRD001420,CLI000420,20/10/2022,Agencia
TRX00004359,PRD000411,CLI000723,24/07/2026,App
TRX00004360,PRD001661,CLI000412,20/01/2023,App
TRX00004361,PRD000831,CLI000435,23/05/2015,App
TRX00004362,PRD000252,CLI000499,22/11/2017,App
TRX00004363,PRD001143,CLI000228,23/05/2023,App
TRX00004364,PRD000612,CLI000048,05/04/2019,Agencia
TRX00004365,PRD001898,CLI000705,11/10/2020,App
TRX00004366,PRD000023,CLI000023,31/07/2026,App
TRX00004367,PRD001833,CLI000714,13/10/2015,Agencia
TRX00004368,PRD001137,CLI000690,17/07/2024,Agencia
TRX00004369,PRD000973,CLI000973,07/09/2023,Agencia
TRX00004370,PRD000717,CLI000693,04/12/2013,Agencia
TRX00004371,PRD000749,CLI000940,15/08/2018,App
TRX00004372,PRD001674,CLI000606,06/04/2026,App
TRX00004373,PRD000607,CLI000362,09/01/2014,App
TRX00004374,PRD001686,CLI000189,03/03/2023,App
TRX00004375,PRD000951,CLI000499,13/06/2017,Agencia
TRX00004376,PRD001280,CLI000837,16/11/2021,App
TRX00004377,PRD000524,CLI000358,05/09/2025,App
TRX00004378,PRD001829,CLI000517,15/02/2017,App
TRX00004379,PRD000205,CLI000205,13/01/2020,Agencia
TRX00004380,PRD001784,CLI000784,13/11/2018,Agencia
TRX00004381,PRD001357,CLI000469,11/01/2025,Agencia
TRX00004382,PRD000222,CLI000222,05/10/2021,Agencia
TRX00004383,PRD001581,CLI000087,17/05/2025,App
TRX00004384,PRD000071,CLI000638,25/11/2021,App
TRX00004385,PRD001829,CLI000758,14/06/2025,App
TRX00004386,PRD001484,CLI000136,02/07/2021,Agencia
TRX00004387,PRD000867,CLI000390,01/07/2025,App
TRX00004388,PRD001389,CLI000618,16/06/2018,App
TRX00004389,PRD001707,CLI000610,17/09/2023,App
TRX00004390,PRD000221,CLI000605,18/08/2026,App
TRX00004391,PRD001433,CLI000450,17/06/2023,App
TRX00004392,PRD001308,CLI000308,06/07/2026,App
TRX00004393,PRD000441,CLI000681,02/01/2015,Agencia
TRX00004394,PRD000043,CLI000640,12/04/2026,Agencia
TRX00004395,PRD000803,CLI000015,15/04/2022,App
TRX00004396,PRD000666,CLI000166,05/10/2025,App
TRX00004397,PRD000479,CLI000548,12/09/2021,App
TRX00004398,PRD001131,CLI000732,14/08/2026,App
TRX00004399,PRD001649,CLI000378,09/08/2025,App
TRX00004400,PRD001789,CLI000340,08/04/2022,App
TRX00004401,PRD001805,CLI000057,01/06/2017,App
TRX00004402,PRD000119,CLI000912,24/06/2014,App
TRX00004403,PRD000363,CLI000812,11/11/2021,App
TRX00004404,PRD000221,CLI000022,17/05/2025,App
TRX00004405,PRD000964,CLI000964,04/10/2025,Agencia
TRX00004406,PRD001181,CLI000957,26/11/2021,App
TRX00004407,PRD001087,CLI000330,10/12/2025,Agencia
TRX00004408,PRD000125,CLI000817,29/05/2026,App
TRX00004409,PRD001720,CLI000461,13/05/2026,Agencia
TRX00004410,PRD000224,CLI000454,24/05/2026,App
TRX00004411,PRD001115,CLI000883,30/09/2025,App
TRX00004412,PRD000232,CLI000522,23/06/2022,App
TRX00004413,PRD001400,CLI000121,21/01/2026,App
TRX00004414,PRD000941,CLI000439,21/01/2024,App
TRX00004415,PRD000792,CLI000895,08/05/2026,Agencia
TRX00004416,PRD001885,CLI000632,23/02/2018,App
TRX00004417,PRD001370,CLI000370,04/06/2020,App
TRX00004418,PRD001762,CLI000762,11/12/2014,App
TRX00004419,PRD001204,CLI000204,31/12/2019,App
TRX00004420,PRD001771,CLI000132,01/06/2020,App
TRX00004421,PRD001747,CLI000824,09/01/2020,App
TRX00004422,PRD001639,CLI000723,03/07/2026,App
TRX00004423,PRD000511,CLI000249,10/01/2019,App
TRX00004424,PRD000623,CLI000623,31/12/2021,Agencia
TRX00004425,PRD001741,CLI000569,16/08/2023,App
TRX00004426,PRD000596,CLI000256,17/03/2025,Agencia
TRX00004427,PRD000946,CLI000853,11/10/2020,Agencia
TRX00004428,PRD001374,CLI000104,18/02/2022,Agencia
TRX00004429,PRD000751,CLI000751,09/03/2018,App
TRX00004430,PRD001159,CLI000091,12/08/2022,App
TRX00004431,PRD000397,CLI000943,01/08/2024,App
TRX00004432,PRD000229,CLI000690,27/06/2022,App
TRX00004433,PRD001353,CLI000907,16/04/2012,Agencia
TRX00004434,PRD001663,CLI000663,08/02/2023,App
TRX00004435,PRD000493,CLI000657,17/08/2017,App
TRX00004436,PRD000312,CLI000392,04/09/2025,App
TRX00004437,PRD001000,CLI000215,31/01/2025,App
TRX00004438,PRD001278,CLI000681,24/02/2013,App
TRX00004439,PRD000974,CLI000572,08/10/2021,App
TRX00004440,PRD000179,CLI000621,15/09/2013,Agencia
TRX00004441,PRD000339,CLI000976,29/09/2021,App
TRX00004442,PRD001224,CLI000224,29/04/2020,App
TRX00004443,PRD000161,CLI000161,28/03/2025,App
TRX00004444,PRD000758,CLI000190,06/09/2020,Agencia
TRX00004445,PRD001894,CLI000319,23/06/2023,Agencia
TRX00004446,PRD000602,CLI000831,29/06/2015,App
TRX00004447,PRD000056,CLI000056,22/01/2026,App
TRX00004448,PRD001328,CLI000820,25/07/2026,App
TRX00004449,PRD001262,CLI000906,29/08/2020,App
TRX00004450,PRD001716,CLI000716,28/06/2026,App
TRX00004451,PRD000655,CLI000655,19/06/2018,App
TRX00004452,PRD001313,CLI000855,30/08/2023,App
TRX00004453,PRD000433,CLI000240,26/10/2020,App
TRX00004454,PRD000320,CLI000491,17/12/2020,App
TRX00004455,PRD000882,CLI000882,04/06/2025,Agencia
TRX00004456,PRD000877,CLI000167,14/04/2021,App
TRX00004457,PRD001039,CLI000039,30/01/2016,App
TRX00004458,PRD001508,CLI000303,10/05/2025,App
TRX00004459,PRD000303,CLI000633,01/11/2018,App
TRX00004460,PRD001059,CLI000059,15/03/2026,App
TRX00004461,PRD001552,CLI000893,17/08/2017,App
TRX00004462,PRD001656,CLI000338,26/09/2022,Agencia
TRX00004463,PRD001867,CLI000338,16/10/2021,Agencia
TRX00004464,PRD001542,CLI000589,27/05/2022,App
TRX00004465,PRD000738,CLI000529,27/11/2019,App
TRX00004466,PRD001400,CLI000623,08/09/2021,App
TRX00004467,PRD000968,CLI000968,10/01/2021,App
TRX00004468,PRD000694,CLI000791,09/07/2023,App
TRX00004469,PRD000289,CLI000957,19/03/2023,App
TRX00004470,PRD000791,CLI000065,27/11/2024,App
TRX00004471,PRD001657,CLI000924,02/02/2023,Agencia
TRX00004472,PRD001577,CLI000384,02/11/2021,App
TRX00004473,PRD001972,CLI000786,13/01/2019,App
TRX00004474,PRD001027,CLI000619,12/11/2024,App
TRX00004475,PRD000047,CLI000047,30/05/2026,Agencia
TRX00004476,PRD001708,CLI000970,22/04/2021,Agencia
TRX00004477,PRD001615,CLI000574,11/12/2025,App
TRX00004478,PRD001659,CLI000862,07/04/2022,App
TRX00004479,PRD001780,CLI000450,14/04/2020,App
TRX00004480,PRD001931,CLI000931,10/03/2015,Agencia
TRX00004481,PRD000764,CLI000687,02/06/2019,Agencia
TRX00004482,PRD001722,CLI000722,13/06/2025,App
TRX00004483,PRD000017,CLI000563,30/08/2016,App
TRX00004484,PRD000666,CLI000936,14/06/2026,Agencia
TRX00004485,PRD001011,CLI000477,22/09/2021,App
TRX00004486,PRD001282,CLI000340,12/12/2023,App
TRX00004487,PRD001219,CLI000793,18/07/2026,App
TRX00004488,PRD000596,CLI000046,20/07/2016,App
TRX00004489,PRD001032,CLI000235,17/05/2023,App
TRX00004490,PRD001875,CLI000238,29/05/2023,Agencia
TRX00004491,PRD000063,CLI000115,30/09/2017,App
TRX00004492,PRD000247,CLI000247,02/10/2023,Agencia
TRX00004493,PRD001453,CLI000522,28/06/2022,Agencia
TRX00004494,PRD000982,CLI000199,16/02/2020,Agencia
TRX00004495,PRD001287,CLI000217,20/12/2023,App
TRX00004496,PRD000622,CLI000622,07/02/2023,App
TRX00004497,PRD001778,CLI000705,30/04/2019,Agencia
TRX00004498,PRD001063,CLI000019,30/06/2012,App
TRX00004499,PRD000257,CLI000187,09/07/2026,App
TRX00004500,PRD000076,CLI000224,10/08/2024,Agencia
TRX00004501,PRD001710,CLI000508,10/02/2021,Agencia
TRX00004502,PRD000860,CLI000108,11/02/2017,App
TRX00004503,PRD001403,CLI000171,07/04/2017,App
TRX00004504,PRD001115,CLI000940,21/03/2016,App
TRX00004505,PRD000265,CLI000905,07/05/2026,App
TRX00004506,PRD001991,CLI000742,19/12/2025,Agencia
TRX00004507,PRD001874,CLI000197,04/05/2020,App
TRX00004508,PRD001358,CLI000651,10/08/2018,Agencia
TRX00004509,PRD000164,CLI000250,09/07/2015,App
TRX00004510,PRD000827,CLI000300,30/11/2024,App
TRX00004511,PRD001582,CLI000142,18/01/2026,App
TRX00004512,PRD000838,CLI000657,11/10/2019,App
TRX00004513,PRD001607,CLI000961,26/07/2023,App
TRX00004514,PRD001954,CLI000774,16/04/2023,App
TRX00004515,PRD000747,CLI000747,04/03/2026,Agencia
TRX00004516,PRD001711,CLI000557,18/09/2015,Agencia
TRX00004517,PRD001301,CLI000651,02/02/2024,Agencia
TRX00004518,PRD000169,CLI000380,08/10/2023,App
TRX00004519,PRD001978,CLI000902,30/05/2024,App
TRX00004520,PRD000807,CLI000809,25/09/2017,Agencia
TRX00004521,PRD000735,CLI000020,23/02/2024,App
TRX00004522,PRD001562,CLI000522,13/01/2025,App
TRX00004523,PRD001929,CLI000929,04/08/2022,App
TRX00004524,PRD001315,CLI000428,15/09/2023,App
TRX00004525,PRD000529,CLI000112,25/10/2017,App
TRX00004526,PRD001610,CLI000312,23/10/2025,App
TRX00004527,PRD001422,CLI000508,12/01/2020,App
TRX00004528,PRD001142,CLI000713,22/07/2025,Agencia
TRX00004529,PRD000349,CLI000349,17/08/2013,Agencia
TRX00004530,PRD001035,CLI000900,08/08/2015,App
TRX00004531,PRD001994,CLI000151,25/11/2023,App
TRX00004532,PRD000114,CLI000734,17/11/2024,App
TRX00004533,PRD000157,CLI000288,19/06/2026,App
TRX00004534,PRD001445,CLI000445,15/08/2026,App
TRX00004535,PRD001419,CLI000419,10/12/2021,Agencia
TRX00004536,PRD001497,CLI000732,10/08/2026,App
TRX00004537,PRD001386,CLI000979,19/11/2020,Agencia
TRX00004538,PRD001590,CLI000156,13/12/2015,Agencia
TRX00004539,PRD000987,CLI000959,10/07/2023,App
TRX00004540,PRD001620,CLI000516,21/03/2017,App
TRX00004541,PRD001170,CLI000170,18/10/2020,Agencia
TRX00004542,PRD000837,CLI000837,29/05/2026,Agencia
TRX00004543,PRD000184,CLI000362,31/03/2018,Agencia
TRX00004544,PRD000961,CLI000643,31/01/2026,Agencia
TRX00004545,PRD001436,CLI000436,24/06/2024,App
TRX00004546,PRD000867,CLI000911,11/02/2025,App
TRX00004547,PRD000985,CLI000420,17/07/2023,Agencia
TRX00004548,PRD000482,CLI000093,07/09/2017,App
TRX00004549,PRD001596,CLI000876,10/07/2026,Agencia
TRX00004550,PRD001677,CLI000397,02/02/2014,App
TRX00004551,PRD000087,CLI000078,14/12/2018,App
TRX00004552,PRD000729,CLI000641,14/04/2015,App
TRX00004553,PRD001823,CLI000482,01/04/2022,App
TRX00004554,PRD000409,CLI000129,27/07/2023,App
TRX00004555,PRD000851,CLI000851,18/07/2026,App
TRX00004556,PRD000319,CLI000538,07/05/2025,App
TRX00004557,PRD000132,CLI000132,03/06/2026,App
TRX00004558,PRD001647,CLI000154,15/06/2026,App
TRX00004559,PRD001813,CLI000031,02/08/2023,Agencia
TRX00004560,PRD000101,CLI000101,05/11/2019,App
TRX00004561,PRD001681,CLI000992,04/05/2017,App
TRX00004562,PRD000676,CLI000523,17/12/2016,App
TRX00004563,PRD000413,CLI000513,28/01/2020,App
TRX00004564,PRD001591,CLI000591,01/12/2022,App
TRX00004565,PRD001686,CLI000751,29/10/2021,Agencia
TRX00004566,PRD001316,CLI000575,09/05/2022,App
TRX00004567,PRD000848,CLI000525,07/09/2021,App
TRX00004568,PRD000386,CLI000531,05/10/2025,App
TRX00004569,PRD001970,CLI000970,11/08/2023,App
TRX00004570,PRD000053,CLI000053,07/07/2019,Agencia
TRX00004571,PRD000960,CLI000557,21/11/2015,App
TRX00004572,PRD000674,CLI000371,27/09/2024,App
TRX00004573,PRD000066,CLI000732,17/08/2026,App
TRX00004574,PRD001698,CLI000404,16/11/2021,App
TRX00004575,PRD001472,CLI000224,08/06/2019,App
TRX00004576,PRD001958,CLI000074,15/02/2023,App
TRX00004577,PRD001871,CLI000155,24/08/2025,App
TRX00004578,PRD001778,CLI000185,17/08/2026,Agencia
TRX00004579,PRD001718,CLI000718,07/07/2020,Agencia
TRX00004580,PRD001653,CLI000273,28/05/2016,App
TRX00004581,PRD000522,CLI000537,08/10/2014,App
TRX00004582,PRD000335,CLI000732,12/08/2026,App
TRX00004583,PRD000897,CLI000897,04/11/2024,App
TRX00004584,PRD000591,CLI000678,23/10/2024,App
TRX00004585,PRD001387,CLI000387,03/12/2024,Agencia
TRX00004586,PRD000279,CLI000969,17/02/2020,Agencia
TRX00004587,PRD001738,CLI000780,02/08/2022,App
TRX00004588,PRD001620,CLI000250,14/05/2019,App
TRX00004589,PRD001191,CLI000191,26/05/2020,App
TRX00004590,PRD001898,CLI000433,30/06/2025,App
TRX00004591,PRD000450,CLI000885,19/03/2017,App
TRX00004592,PRD001470,CLI000470,09/06/2022,Agencia
TRX00004593,PRD000931,CLI000620,19/06/2024,App
TRX00004594,PRD000977,CLI000162,01/11/2012,App
TRX00004595,PRD001655,CLI000669,01/08/2020,App
TRX00004596,PRD000998,CLI000935,07/06/2016,App
TRX00004597,PRD001658,CLI000913,29/04/2022,App
TRX00004598,PRD000913,CLI000729,20/07/2022,App
TRX00004599,PRD001583,CLI000583,01/12/2017,App
TRX00004600,PRD000406,CLI000720,20/01/2024,Agencia
TRX00004601,PRD001965,CLI000112,30/01/2015,App
TRX00004602,PRD001418,CLI000702,01/01/2024,Agencia
TRX00004603,PRD001381,CLI000779,28/06/2026,App
TRX00004604,PRD000880,CLI000163,16/06/2014,App
TRX00004605,PRD000707,CLI000944,07/03/2026,Agencia
TRX00004606,PRD001264,CLI000264,29/07/2016,Agencia
TRX00004607,PRD001526,CLI000970,07/05/2022,App
TRX00004608,PRD001664,CLI000549,13/02/2018,Agencia
TRX00004609,PRD000951,CLI000824,26/07/2022,App
TRX00004610,PRD001843,CLI000721,14/03/2021,App
TRX00004611,PRD000034,CLI000926,28/03/2024,Agencia
TRX00004612,PRD000766,CLI000766,01/02/2024,Agencia
TRX00004613,PRD001444,CLI000186,22/07/2013,App
TRX00004614,PRD001906,CLI000906,26/11/2019,App
TRX00004615,PRD000616,CLI000616,17/06/2026,App
TRX00004616,PRD001931,CLI000519,24/01/2024,App
TRX00004617,PRD000715,CLI000625,04/10/2021,App
TRX00004618,PRD001238,CLI000292,14/05/2026,App
TRX00004619,PRD000438,CLI000222,18/02/2022,App
TRX00004620,PRD001215,CLI000946,05/01/2021,App
TRX00004621,PRD000162,CLI000221,26/12/2024,App
TRX00004622,PRD001769,CLI000092,22/09/2025,App
TRX00004623,PRD001685,CLI000817,21/08/2015,App
TRX00004624,PRD000819,CLI000819,17/12/2023,Agencia
TRX00004625,PRD001035,CLI000564,07/05/2023,App
TRX00004626,PRD000315,CLI000141,19/08/2026,Agencia
TRX00004627,PRD001771,CLI000558,21/02/2026,App
TRX00004628,PRD001139,CLI000139,08/11/2013,Agencia
TRX00004629,PRD001976,CLI000976,29/04/2026,Agencia
TRX00004630,PRD000828,CLI000524,07/11/2016,App
TRX00004631,PRD000975,CLI000414,07/06/2023,App
TRX00004632,PRD000414,CLI000486,22/04/2018,App
TRX00004633,PRD001592,CLI000803,23/10/2025,Agencia
TRX00004634,PRD001381,CLI000949,04/05/2026,App
TRX00004635,PRD001067,CLI000067,14/09/2015,App
TRX00004636,PRD000579,CLI000579,22/01/2026,Agencia
TRX00004637,PRD001880,CLI000941,12/06/2024,App
TRX00004638,PRD000849,CLI000849,04/07/2019,App
TRX00004639,PRD000973,CLI000829,25/07/2025,App
TRX00004640,PRD000284,CLI000284,30/01/2024,App
TRX00004641,PRD001601,CLI000679,25/05/2025,App
TRX00004642,PRD000396,CLI000036,27/12/2025,App
TRX00004643,PRD000769,CLI000951,14/02/2021,App
TRX00004644,PRD000896,CLI000648,28/04/2022,App
TRX00004645,PRD000143,CLI000539,14/01/2025,App
TRX00004646,PRD001264,CLI000628,16/03/2025,App
TRX00004647,PRD000287,CLI000781,26/03/2015,App
TRX00004648,PRD000410,CLI000993,02/05/2021,App
TRX00004649,PRD000885,CLI000075,03/03/2026,Agencia
TRX00004650,PRD000352,CLI000963,15/08/2021,App
TRX00004651,PRD001474,CLI000143,31/05/2019,App
TRX00004652,PRD000388,CLI000428,28/12/2022,App
TRX00004653,PRD000820,CLI000820,25/02/2025,App
TRX00004654,PRD001061,CLI000867,25/09/2025,App
TRX00004655,PRD000599,CLI000675,06/12/2023,App
TRX00004656,PRD001577,CLI000573,25/03/2026,App
TRX00004657,PRD001425,CLI000120,29/04/2026,Agencia
TRX00004658,PRD001289,CLI000301,19/12/2013,App
TRX00004659,PRD001897,CLI000524,23/03/2021,App
TRX00004660,PRD000224,CLI000702,05/12/2019,App
TRX00004661,PRD001300,CLI000300,29/06/2022,App
TRX00004662,PRD001047,CLI000047,24/02/2026,Agencia
TRX00004663,PRD001933,CLI000810,01/05/2026,App
TRX00004664,PRD000538,CLI000468,01/05/2023,Agencia
TRX00004665,PRD001829,CLI000309,29/11/2022,Agencia
TRX00004666,PRD000509,CLI000509,23/06/2025,App
TRX00004667,PRD000472,CLI000050,18/04/2021,Agencia
TRX00004668,PRD000801,CLI000058,25/03/2025,App
TRX00004669,PRD000894,CLI000894,17/06/2022,Agencia
TRX00004670,PRD000818,CLI000818,24/05/2021,Agencia
TRX00004671,PRD001240,CLI000963,21/06/2026,App
TRX00004672,PRD000201,CLI000348,17/08/2026,App
TRX00004673,PRD000968,CLI000861,01/05/2014,App
TRX00004674,PRD001685,CLI000792,19/01/2013,Agencia
TRX00004675,PRD000324,CLI000200,03/07/2026,App
TRX00004676,PRD001581,CLI000055,28/11/2015,App
TRX00004677,PRD000664,CLI000664,01/08/2025,App
TRX00004678,PRD000949,CLI000089,24/01/2018,App
TRX00004679,PRD001331,CLI000736,19/04/2022,App
TRX00004680,PRD001251,CLI000634,21/06/2026,App
TRX00004681,PRD000087,CLI000780,12/08/2019,App
TRX00004682,PRD000030,CLI000002,01/05/2025,App
TRX00004683,PRD000492,CLI000410,20/10/2023,Agencia
TRX00004684,PRD001363,CLI000461,26/05/2020,App
TRX00004685,PRD001413,CLI000413,31/01/2022,App
TRX00004686,PRD000146,CLI000153,02/08/2026,App
TRX00004687,PRD001315,CLI000649,31/12/2019,App
TRX00004688,PRD000538,CLI000912,26/10/2019,App
TRX00004689,PRD000653,CLI000391,11/05/2024,App
TRX00004690,PRD001623,CLI000604,27/08/2021,App
TRX00004691,PRD000149,CLI000209,16/04/2026,App
TRX00004692,PRD000712,CLI000888,06/07/2023,Agencia
TRX00004693,PRD001909,CLI000698,15/12/2016,Agencia
TRX00004694,PRD001607,CLI000853,25/07/2026,App
TRX00004695,PRD000485,CLI000602,25/12/2020,App
TRX00004696,PRD000468,CLI000263,14/09/2022,App
TRX00004697,PRD001678,CLI000678,03/07/2013,App
TRX00004698,PRD000373,CLI000896,30/03/2021,App
TRX00004699,PRD000164,CLI000435,17/12/2013,App
TRX00004700,PRD000657,CLI000394,25/06/2022,Agencia
TRX00004701,PRD001374,CLI000210,31/07/2017,Agencia
TRX00004702,PRD000597,CLI000545,27/06/2018,App
TRX00004703,PRD000408,CLI000020,08/11/2024,App
TRX00004704,PRD001014,CLI000014,26/09/2016,App
TRX00004705,PRD000502,CLI000225,01/07/2025,App
TRX00004706,PRD001144,CLI000144,05/03/2026,Agencia
TRX00004707,PRD000201,CLI000145,17/08/2021,App
TRX00004708,PRD000587,CLI000053,17/03/2023,App
TRX00004709,PRD001009,CLI000944,21/05/2025,App
TRX00004710,PRD001237,CLI000237,03/12/2025,App
TRX00004711,PRD001622,CLI000622,11/01/2021,Agencia
TRX00004712,PRD000958,CLI000519,28/01/2021,App
TRX00004713,PRD001851,CLI000831,17/11/2022,App
TRX00004714,PRD000922,CLI000646,21/02/2018,App
TRX00004715,PRD001793,CLI000793,20/04/2026,Agencia
TRX00004716,PRD000050,CLI000327,30/05/2026,App
TRX00004717,PRD001121,CLI000711,28/07/2023,App
TRX00004718,PRD001571,CLI000322,24/09/2017,App
TRX00004719,PRD001398,CLI000630,22/07/2024,App
TRX00004720,PRD001376,CLI000376,26/05/2019,App
TRX00004721,PRD000698,CLI000234,24/04/2026,App
TRX00004722,PRD000656,CLI000539,04/08/2020,App
TRX00004723,PRD000540,CLI000420,22/06/2025,App
TRX00004724,PRD001111,CLI000473,11/03/2023,App
TRX00004725,PRD001210,CLI000382,05/01/2019,App
TRX00004726,PRD000653,CLI000052,06/11/2019,App
TRX00004727,PRD000604,CLI000985,29/03/2026,App
TRX00004728,PRD001596,CLI000596,21/06/2023,App
TRX00004729,PRD000129,CLI000616,17/08/2026,App
TRX00004730,PRD000508,CLI000832,27/12/2020,Agencia
TRX00004731,PRD000759,CLI000200,22/02/2013,App
TRX00004732,PRD000840,CLI000282,09/05/2025,App
TRX00004733,PRD001943,CLI000886,18/02/2025,App
TRX00004734,PRD000272,CLI000623,24/03/2024,Agencia
TRX00004735,PRD000275,CLI000275,10/03/2026,Agencia
TRX00004736,PRD001454,CLI000158,16/11/2023,App
TRX00004737,PRD001835,CLI000549,27/07/2019,App
TRX00004738,PRD000490,CLI000498,12/02/2022,App
TRX00004739,PRD000004,CLI000053,20/09/2023,App
TRX00004740,PRD001061,CLI000172,13/05/2026,Agencia
TRX00004741,PRD000381,CLI000748,22/01/2025,Agencia
TRX00004742,PRD000762,CLI000762,29/07/2026,App
TRX00004743,PRD000134,CLI000133,15/08/2026,Agencia
TRX00004744,PRD001076,CLI000076,13/03/2026,Agencia
TRX00004745,PRD000348,CLI000615,29/01/2019,App
TRX00004746,PRD000558,CLI000558,21/07/2021,App
TRX00004747,PRD001389,CLI000389,07/09/2025,App
TRX00004748,PRD000486,CLI000391,18/04/2023,App
TRX00004749,PRD001747,CLI000001,11/06/2016,App
TRX00004750,PRD000977,CLI000977,02/07/2022,App
TRX00004751,PRD001295,CLI000011,29/05/2018,App
TRX00004752,PRD001363,CLI000527,12/04/2021,App
TRX00004753,PRD000867,CLI000867,27/06/2023,App
TRX00004754,PRD000423,CLI000520,02/03/2022,App
TRX00004755,PRD001029,CLI000029,27/07/2024,App
TRX00004756,PRD001638,CLI000188,11/07/2025,App
TRX00004757,PRD000090,CLI000256,21/11/2024,App
TRX00004758,PRD001128,CLI000128,09/07/2025,App
TRX00004759,PRD001549,CLI000512,21/09/2022,Agencia
TRX00004760,PRD001008,CLI000008,15/12/2025,App
TRX00004761,PRD000570,CLI000368,24/02/2022,App
TRX00004762,PRD000338,CLI000206,25/01/2023,App
TRX00004763,PRD000173,CLI000027,25/12/2025,App
TRX00004764,PRD001809,CLI000923,30/12/2023,Agencia
TRX00004765,PRD000937,CLI000157,28/02/2026,App
TRX00004766,PRD000225,CLI000910,25/01/2022,App
TRX00004767,PRD001421,CLI000325,29/07/2025,Agencia
TRX00004768,PRD001607,CLI000607,08/02/2025,App
TRX00004769,PRD001765,CLI000521,16/11/2021,App
TRX00004770,PRD000976,CLI000027,24/08/2025,Agencia
TRX00004771,PRD001041,CLI000041,28/03/2020,App
TRX00004772,PRD000503,CLI000970,26/10/2020,Agencia
TRX00004773,PRD001860,CLI000860,29/07/2026,Agencia
TRX00004774,PRD001349,CLI000349,11/02/2020,Agencia
TRX00004775,PRD000377,CLI000377,02/09/2019,App
TRX00004776,PRD001785,CLI000742,23/04/2024,App
TRX00004777,PRD000985,CLI000658,05/10/2014,Agencia
TRX00004778,PRD001569,CLI000517,21/06/2022,App
TRX00004779,PRD001514,CLI000461,15/09/2025,App
TRX00004780,PRD001113,CLI000278,30/11/2024,App
TRX00004781,PRD000619,CLI000444,09/11/2015,App
TRX00004782,PRD000398,CLI000660,12/10/2024,App
TRX00004783,PRD001035,CLI000714,12/11/2021,Agencia
TRX00004784,PRD001030,CLI000748,20/08/2025,App
TRX00004785,PRD001576,CLI000188,05/05/2023,App
TRX00004786,PRD000027,CLI000932,06/08/2019,Agencia
TRX00004787,PRD000030,CLI000228,10/07/2026,App
TRX00004788,PRD000647,CLI000301,11/09/2013,App
TRX00004789,PRD000906,CLI000818,12/08/2017,App
TRX00004790,PRD000146,CLI000146,19/06/2026,Agencia
TRX00004791,PRD000900,CLI000900,04/05/2026,App
TRX00004792,PRD001877,CLI000833,08/01/2024,Agencia
TRX00004793,PRD001337,CLI000554,28/10/2020,App
TRX00004794,PRD000322,CLI000196,25/06/2025,App
TRX00004795,PRD001922,CLI000922,16/01/2025,Agencia
TRX00004796,PRD001837,CLI000449,29/11/2018,App
TRX00004797,PRD000451,CLI000506,25/01/2026,Agencia
TRX00004798,PRD001410,CLI000909,21/10/2022,App
TRX00004799,PRD000868,CLI000765,09/10/2024,App
TRX00004800,PRD000949,CLI000949,13/06/2026,Agencia
TRX00004801,PRD000609,CLI000609,27/07/2024,App
TRX00004802,PRD000578,CLI000578,20/08/2026,Agencia
TRX00004803,PRD001566,CLI000566,27/07/2021,App
TRX00004804,PRD001508,CLI000743,15/12/2025,App
TRX00004805,PRD001789,CLI000494,19/10/2024,Agencia
TRX00004806,PRD001497,CLI000797,18/12/2016,App
TRX00004807,PRD001348,CLI000090,29/07/2018,App
TRX00004808,PRD000664,CLI000387,07/03/2018,App
TRX00004809,PRD000155,CLI000459,15/03/2015,Agencia
TRX00004810,PRD000052,CLI000991,16/11/2025,App
TRX00004811,PRD001520,CLI000981,14/09/2022,App
TRX00004812,PRD000565,CLI000289,14/05/2022,App
TRX00004813,PRD001045,CLI000445,20/08/2026,Agencia
TRX00004814,PRD000262,CLI000262,05/05/2024,App
TRX00004815,PRD001633,CLI000903,19/03/2025,App
TRX00004816,PRD001304,CLI000598,23/03/2024,Agencia
TRX00004817,PRD000213,CLI000213,29/01/2016,Agencia
TRX00004818,PRD000198,CLI000613,21/03/2022,App
TRX00004819,PRD001880,CLI000032,20/04/2026,App
TRX00004820,PRD000921,CLI000868,06/07/2026,App
TRX00004821,PRD001056,CLI000725,19/11/2021,App
TRX00004822,PRD001794,CLI000794,21/05/2022,App
TRX00004823,PRD000553,CLI000319,07/12/2021,App
TRX00004824,PRD000894,CLI000542,31/07/2014,App
TRX00004825,PRD000530,CLI000996,28/06/2026,App
TRX00004826,PRD001374,CLI000374,20/04/2026,Agencia
TRX00004827,PRD001093,CLI000838,07/06/2023,App
TRX00004828,PRD001267,CLI000372,11/02/2025,Agencia
TRX00004829,PRD000178,CLI000394,19/10/2023,App
TRX00004830,PRD001290,CLI000571,23/04/2026,App
TRX00004831,PRD001798,CLI000659,05/07/2013,App
TRX00004832,PRD001457,CLI000224,14/08/2022,App
TRX00004833,PRD001359,CLI000078,13/04/2015,App
TRX00004834,PRD001996,CLI000464,11/12/2025,Agencia
TRX00004835,PRD001854,CLI000326,04/04/2025,App
TRX00004836,PRD000131,CLI000074,10/09/2018,App
TRX00004837,PRD000044,CLI000398,28/10/2024,App
TRX00004838,PRD001197,CLI000121,20/06/2026,Agencia
TRX00004839,PRD001100,CLI000612,25/02/2025,App
TRX00004840,PRD000133,CLI000080,17/08/2020,Agencia
TRX00004841,PRD000369,CLI000724,03/05/2016,App
TRX00004842,PRD001649,CLI000929,24/05/2023,Agencia
TRX00004843,PRD001790,CLI000902,18/09/2024,App
TRX00004844,PRD001362,CLI000963,08/05/2019,App
TRX00004845,PRD000229,CLI000518,29/09/2022,Agencia
TRX00004846,PRD001829,CLI000654,12/04/2026,App
TRX00004847,PRD001128,CLI000428,09/01/2024,Agencia
TRX00004848,PRD001864,CLI000452,22/10/2025,App
TRX00004849,PRD001732,CLI000911,27/07/2022,App
TRX00004850,PRD000644,CLI000644,30/11/2020,App
TRX00004851,PRD000874,CLI000045,06/02/2024,App
TRX00004852,PRD001551,CLI000032,16/09/2020,App
TRX00004853,PRD000854,CLI000745,17/06/2026,App
TRX00004854,PRD000441,CLI000720,02/10/2024,App
TRX00004855,PRD001535,CLI000535,16/03/2022,App
TRX00004856,PRD000824,CLI000824,20/04/2023,App
TRX00004857,PRD001783,CLI000077,13/09/2025,Agencia
TRX00004858,PRD000483,CLI000483,14/02/2019,App
TRX00004859,PRD001394,CLI000954,27/04/2025,App
TRX00004860,PRD001731,CLI000531,17/05/2026,App
TRX00004861,PRD001227,CLI000227,14/04/2026,App
TRX00004862,PRD001522,CLI000599,18/10/2019,App
TRX00004863,PRD001433,CLI000643,16/04/2025,App
TRX00004864,PRD001400,CLI000820,03/08/2024,App
TRX00004865,PRD001687,CLI000721,27/10/2024,App
TRX00004866,PRD000773,CLI000482,05/04/2026,App
TRX00004867,PRD001812,CLI000992,25/10/2016,App
TRX00004868,PRD000350,CLI000350,07/09/2025,App
TRX00004869,PRD000682,CLI000752,07/05/2024,App
TRX00004870,PRD001568,CLI000086,09/12/2023,App
TRX00004871,PRD000626,CLI000937,20/09/2025,App
TRX00004872,PRD000034,CLI000522,28/02/2022,Agencia
TRX00004873,PRD001962,CLI000603,08/10/2014,App
TRX00004874,PRD001153,CLI000651,02/04/2020,App
TRX00004875,PRD001369,CLI000137,10/10/2023,App
TRX00004876,PRD001037,CLI000037,13/06/2026,Agencia
TRX00004877,PRD000877,CLI000839,11/11/2018,App
TRX00004878,PRD001269,CLI000269,29/11/2025,App
TRX00004879,PRD000087,CLI000087,18/06/2021,App
TRX00004880,PRD001290,CLI000290,30/06/2018,Agencia
TRX00004881,PRD001282,CLI000282,31/08/2025,App
TRX00004882,PRD001371,CLI000322,08/01/2018,Agencia
TRX00004883,PRD000671,CLI000685,22/07/2025,App
TRX00004884,PRD001993,CLI000510,21/05/2026,Agencia
TRX00004885,PRD001787,CLI000524,20/05/2021,App
TRX00004886,PRD000344,CLI000126,28/07/2022,App
TRX00004887,PRD000445,CLI000018,25/09/2021,App
TRX00004888,PRD000776,CLI000013,19/06/2017,App
TRX00004889,PRD001438,CLI000438,28/05/2024,App
TRX00004890,PRD000111,CLI000994,16/02/2026,App
TRX00004891,PRD001104,CLI000426,01/02/2024,App
TRX00004892,PRD000704,CLI000077,16/12/2025,App
TRX00004893,PRD001984,CLI000172,23/05/2026,App
TRX00004894,PRD001693,CLI000159,22/12/2022,App
TRX00004895,PRD001687,CLI000817,27/03/2023,Agencia
TRX00004896,PRD001443,CLI000443,09/10/2020,App
TRX00004897,PRD000715,CLI000719,19/12/2024,App
TRX00004898,PRD000017,CLI000017,26/05/2022,Agencia
TRX00004899,PRD000653,CLI000124,13/07/2015,App
TRX00004900,PRD000716,CLI000851,07/05/2026,App
TRX00004901,PRD000364,CLI000364,07/04/2011,App
TRX00004902,PRD001249,CLI000039,17/06/2025,App
TRX00004903,PRD000072,CLI000811,28/04/2015,App
TRX00004904,PRD000136,CLI000136,08/10/2022,Agencia
TRX00004905,PRD000020,CLI000020,28/10/2013,App
TRX00004906,PRD000044,CLI000177,14/12/2024,Agencia
TRX00004907,PRD001110,CLI000151,06/07/2021,App
TRX00004908,PRD001035,CLI000354,20/08/2016,App
TRX00004909,PRD001074,CLI000952,25/11/2017,App
TRX00004910,PRD000689,CLI000689,04/05/2022,Agencia
TRX00004911,PRD001633,CLI000261,08/06/2017,Agencia
TRX00004912,PRD000638,CLI000658,19/03/2013,Agencia
TRX00004913,PRD001066,CLI000963,16/04/2020,App
TRX00004914,PRD001266,CLI000922,04/02/2020,Agencia
TRX00004915,PRD001844,CLI000844,28/12/2016,App
TRX00004916,PRD001557,CLI000536,28/12/2016,Agencia
TRX00004917,PRD000075,CLI000075,10/01/2026,Agencia
TRX00004918,PRD000286,CLI000374,11/06/2026,App
TRX00004919,PRD001241,CLI000241,15/05/2014,App
TRX00004920,PRD001831,CLI000634,15/02/2025,Agencia
TRX00004921,PRD001096,CLI000945,14/08/2021,App
TRX00004922,PRD000460,CLI000207,26/06/2021,App
TRX00004923,PRD001436,CLI000882,12/01/2024,Agencia
TRX00004924,PRD000635,CLI000635,18/09/2025,Agencia
TRX00004925,PRD001251,CLI000989,01/02/2017,App
TRX00004926,PRD001305,CLI000098,17/10/2024,App
TRX00004927,PRD000486,CLI000382,18/09/2020,Agencia
TRX00004928,PRD001098,CLI000293,13/10/2025,App
TRX00004929,PRD000780,CLI000589,05/12/2024,App
TRX00004930,PRD001964,CLI000390,18/10/2023,Agencia
TRX00004931,PRD000146,CLI000133,20/07/2024,Agencia
TRX00004932,PRD000861,CLI000823,02/01/2024,Agencia
TRX00004933,PRD001550,CLI000283,01/03/2026,App
TRX00004934,PRD000772,CLI000071,18/08/2026,App
TRX00004935,PRD001689,CLI000689,31/01/2022,Agencia
TRX00004936,PRD001830,CLI000020,04/08/2011,App
TRX00004937,PRD000893,CLI000745,12/04/2020,App
TRX00004938,PRD000654,CLI000243,27/12/2024,Agencia
TRX00004939,PRD000226,CLI000613,02/12/2021,App
TRX00004940,PRD000754,CLI000154,23/09/2025,App
TRX00004941,PRD001968,CLI000968,24/06/2021,App
TRX00004942,PRD001108,CLI000258,16/12/2021,App
TRX00004943,PRD001706,CLI000558,10/12/2022,App
TRX00004944,PRD000502,CLI000007,07/07/2026,App
TRX00004945,PRD001496,CLI000997,14/12/2019,App
TRX00004946,PRD000280,CLI000445,13/08/2026,App
TRX00004947,PRD001830,CLI000114,07/04/2023,App
TRX00004948,PRD000408,CLI000224,21/07/2024,App
TRX00004949,PRD000552,CLI000763,18/10/2025,App
TRX00004950,PRD001479,CLI000479,17/08/2026,App
TRX00004951,PRD000975,CLI000669,09/06/2020,Agencia
TRX00004952,PRD001189,CLI000189,26/08/2020,App
TRX00004953,PRD000053,CLI000573,09/11/2025,App
TRX00004954,PRD001414,CLI000912,13/09/2022,Agencia
TRX00004955,PRD000407,CLI000407,08/11/2017,App
TRX00004956,PRD000378,CLI000462,09/09/2025,Agencia
TRX00004957,PRD001866,CLI000440,10/04/2022,App
TRX00004958,PRD001524,CLI000524,13/08/2014,App
TRX00004959,PRD000874,CLI000819,08/09/2022,App
TRX00004960,PRD000883,CLI000672,15/06/2021,App
TRX00004961,PRD000303,CLI000233,01/07/2025,App
TRX00004962,PRD001146,CLI000146,21/09/2018,App
TRX00004963,PRD001104,CLI000241,17/11/2013,App
TRX00004964,PRD001364,CLI000290,10/12/2021,App
TRX00004965,PRD001973,CLI000846,13/02/2026,App
TRX00004966,PRD000929,CLI000929,01/03/2023,App
TRX00004967,PRD001673,CLI000673,10/01/2018,Agencia
TRX00004968,PRD000285,CLI000225,23/05/2026,Agencia
TRX00004969,PRD000208,CLI000208,21/02/2018,Agencia
TRX00004970,PRD001897,CLI000226,08/06/2025,App
TRX00004971,PRD000519,CLI000459,24/11/2018,App
TRX00004972,PRD000238,CLI000927,22/09/2015,App
TRX00004973,PRD000755,CLI000297,28/02/2026,App
TRX00004974,PRD000097,CLI000097,25/05/2023,Agencia
TRX00004975,PRD001694,CLI000064,10/04/2024,App
TRX00004976,PRD000611,CLI000611,05/06/2026,Agencia
TRX00004977,PRD000470,CLI000338,25/07/2021,Agencia
TRX00004978,PRD001178,CLI000774,04/12/2021,App
TRX00004979,PRD000597,CLI000665,11/12/2025,App
TRX00004980,PRD000640,CLI000135,26/07/2022,Agencia
TRX00004981,PRD000994,CLI000028,02/01/2025,App
TRX00004982,PRD001990,CLI000415,13/08/2026,Agencia
TRX00004983,PRD001761,CLI000205,20/03/2020,App
TRX00004984,PRD001080,CLI000993,25/06/2024,Agencia
TRX00004985,PRD000884,CLI000377,25/07/2025,App
TRX00004986,PRD001103,CLI000966,11/01/2023,App
TRX00004987,PRD001862,CLI000306,25/06/2025,Agencia
TRX00004988,PRD001208,CLI000389,01/10/2016,App
TRX00004989,PRD000787,CLI000787,28/04/2023,Agencia
TRX00004990,PRD001357,CLI000902,24/12/2024,App
TRX00004991,PRD000513,CLI000303,24/06/2024,Agencia
TRX00004992,PRD001540,CLI000809,02/05/2026,App
TRX00004993,PRD001755,CLI000713,17/05/2023,Agencia
TRX00004994,PRD001853,CLI000853,11/11/2023,App
TRX00004995,PRD000342,CLI000558,02/08/2025,App
TRX00004996,PRD001834,CLI000834,11/02/2025,Agencia
TRX00004997,PRD000339,CLI000951,15/06/2016,Agencia
TRX00004998,PRD001240,CLI000240,14/11/2019,App
TRX00004999,PRD000393,CLI000115,25/03/2018,App
TRX00005000,PRD000763,CLI000238,16/08/2024,App
TRX00005001,PRD000245,CLI000293,15/02/2026,App
TRX00005002,PRD000766,CLI000746,14/05/2022,App
TRX00005003,PRD001685,CLI000032,30/12/2019,App
TRX00005004,PRD001763,CLI000810,10/05/2025,App
TRX00005005,PRD001562,CLI000193,02/12/2018,App
TRX00005006,PRD000944,CLI000174,06/06/2026,App
TRX00005007,PRD001182,CLI000193,13/11/2018,App
TRX00005008,PRD000326,CLI000065,06/05/2014,App
TRX00005009,PRD001177,CLI000571,22/06/2026,Agencia
TRX00005010,PRD001059,CLI000767,12/10/2024,App
TRX00005011,PRD001322,CLI000090,11/05/2016,Agencia
TRX00005012,PRD000561,CLI000552,19/02/2023,App
TRX00005013,PRD000083,CLI000021,04/10/2024,Agencia
TRX00005014,PRD000420,CLI000827,30/11/2024,App
TRX00005015,PRD000743,CLI000743,19/08/2026,App
TRX00005016,PRD001471,CLI000219,20/04/2023,App
TRX00005017,PRD001763,CLI000763,21/03/2025,App
TRX00005018,PRD001767,CLI000715,27/05/2019,Agencia
TRX00005019,PRD000172,CLI000949,01/05/2026,App
TRX00005020,PRD001983,CLI000983,04/07/2026,App
TRX00005021,PRD001382,CLI000267,03/02/2020,App
TRX00005022,PRD000886,CLI000079,20/07/2024,App
TRX00005023,PRD000618,CLI000738,04/01/2026,App
TRX00005024,PRD000209,CLI000209,07/08/2026,App
TRX00005025,PRD000416,CLI000339,25/10/2015,Agencia
TRX00005026,PRD000040,CLI000040,25/06/2026,Agencia
TRX00005027,PRD000240,CLI000919,11/07/2025,Agencia
TRX00005028,PRD001960,CLI000732,05/08/2026,App
TRX00005029,PRD000698,CLI000687,24/08/2020,App
TRX00005030,PRD001555,CLI000998,09/11/2021,Agencia
TRX00005031,PRD000818,CLI000994,08/06/2022,App
TRX00005032,PRD000502,CLI000854,18/03/2023,Agencia
TRX00005033,PRD000425,CLI000931,08/02/2015,App
TRX00005034,PRD000204,CLI000307,11/03/2024,App
TRX00005035,PRD000183,CLI000471,27/03/2025,Agencia
TRX00005036,PRD000042,CLI000159,14/05/2026,App
TRX00005037,PRD000156,CLI000156,24/03/2021,App
TRX00005038,PRD001979,CLI000518,19/02/2020,Agencia
TRX00005039,PRD001398,CLI000449,28/04/2021,App
TRX00005040,PRD000704,CLI000068,04/06/2021,App
TRX00005041,PRD000925,CLI000067,24/12/2025,App
TRX00005042,PRD000961,CLI000961,14/04/2025,App
TRX00005043,PRD001731,CLI000169,04/05/2025,Agencia
TRX00005044,PRD001375,CLI000235,22/08/2016,App
TRX00005045,PRD001603,CLI000007,24/04/2023,App
TRX00005046,PRD000539,CLI000166,22/02/2026,Agencia
TRX00005047,PRD000708,CLI000881,22/04/2024,App
TRX00005048,PRD000173,CLI000199,25/06/2016,Agencia
TRX00005049,PRD001052,CLI000409,11/04/2026,App
TRX00005050,PRD001932,CLI000759,11/05/2024,App
TRX00005051,PRD000110,CLI000297,26/04/2026,App
TRX00005052,PRD001301,CLI000301,09/08/2022,App
TRX00005053,PRD001032,CLI000032,28/12/2021,Agencia
TRX00005054,PRD001883,CLI000657,18/07/2026,App
TRX00005055,PRD000124,CLI000901,18/06/2012,App
TRX00005056,PRD001657,CLI000632,20/02/2018,App
TRX00005057,PRD001862,CLI000648,28/09/2022,App
TRX00005058,PRD001243,CLI000314,10/10/2014,App
TRX00005059,PRD001028,CLI000886,11/10/2025,App
TRX00005060,PRD000658,CLI000630,17/12/2023,App
TRX00005061,PRD000006,CLI000989,01/10/2023,App
TRX00005062,PRD000559,CLI000559,18/04/2022,App
TRX00005063,PRD001242,CLI000978,15/08/2026,App
TRX00005064,PRD000325,CLI000325,21/08/2025,App
TRX00005065,PRD000210,CLI000594,26/11/2022,App
TRX00005066,PRD001275,CLI000523,13/07/2017,App
TRX00005067,PRD001528,CLI000528,11/02/2023,App
TRX00005068,PRD000737,CLI000244,17/03/2026,App
TRX00005069,PRD000273,CLI000282,31/03/2024,Agencia
TRX00005070,PRD000094,CLI000612,06/01/2019,App
TRX00005071,PRD000943,CLI000943,05/11/2025,App
TRX00005072,PRD001753,CLI000523,06/12/2022,Agencia
TRX00005073,PRD001991,CLI000512,12/04/2020,App
TRX00005074,PRD001077,CLI000114,27/06/2013,Agencia
TRX00005075,PRD000954,CLI000501,01/01/2022,App
TRX00005076,PRD000812,CLI000296,10/11/2019,App
TRX00005077,PRD001592,CLI000236,15/03/2024,App
TRX00005078,PRD000378,CLI000559,15/05/2026,Agencia
TRX00005079,PRD001014,CLI000864,20/09/2015,App
TRX00005080,PRD001800,CLI000471,23/06/2026,Agencia
TRX00005081,PRD000023,CLI000707,03/04/2026,Agencia
TRX00005082,PRD001148,CLI000148,03/05/2020,App
TRX00005083,PRD001003,CLI000246,10/03/2026,App
TRX00005084,PRD000911,CLI000137,12/06/2024,Agencia
TRX00005085,PRD001986,CLI000901,24/08/2017,App
TRX00005086,PRD000691,CLI000691,10/04/2026,App
TRX00005087,PRD000135,CLI000718,13/08/2018,Agencia
TRX00005088,PRD001528,CLI000248,08/03/2020,App
TRX00005089,PRD001238,CLI000238,02/03/2024,App
TRX00005090,PRD000088,CLI000088,10/11/2019,App
TRX00005091,PRD001753,CLI000078,28/07/2020,App
TRX00005092,PRD001614,CLI000113,15/09/2025,App
TRX00005093,PRD000983,CLI000998,04/03/2026,App
TRX00005094,PRD001333,CLI000333,21/02/2015,App
TRX00005095,PRD000237,CLI000544,06/07/2022,Agencia
TRX00005096,PRD001326,CLI000326,29/07/2022,App
TRX00005097,PRD001280,CLI000722,15/04/2024,App
TRX00005098,PRD001830,CLI000217,14/10/2022,App
TRX00005099,PRD000424,CLI000060,24/04/2023,App
TRX00005100,PRD000131,CLI000423,29/04/2024,App
TRX00005101,PRD000355,CLI000391,07/06/2020,App
TRX00005102,PRD000798,CLI000077,04/05/2026,Agencia
TRX00005103,PRD001297,CLI000056,22/07/2025,App
TRX00005104,PRD000149,CLI000012,17/04/2022,App
TRX00005105,PRD000086,CLI000931,20/08/2013,App
TRX00005106,PRD001675,CLI000124,15/01/2023,App
TRX00005107,PRD000819,CLI000937,07/03/2023,Agencia
TRX00005108,PRD000429,CLI000787,15/02/2020,App
TRX00005109,PRD001394,CLI000072,11/05/2023,App
TRX00005110,PRD000855,CLI000149,22/04/2015,App
TRX00005111,PRD000434,CLI000817,21/05/2026,Agencia
TRX00005112,PRD000197,CLI000197,22/05/2024,App
TRX00005113,PRD000745,CLI000388,07/05/2026,Agencia
TRX00005114,PRD001281,CLI000281,22/08/2025,App
TRX00005115,PRD000013,CLI000057,01/09/2025,Agencia
TRX00005116,PRD001549,CLI000563,30/07/2019,App
TRX00005117,PRD001339,CLI000700,22/09/2023,App
TRX00005118,PRD001876,CLI000812,14/04/2019,App
TRX00005119,PRD001822,CLI000767,23/11/2019,App
TRX00005120,PRD001440,CLI000440,22/12/2023,App
TRX00005121,PRD001674,CLI000181,13/08/2013,Agencia
TRX00005122,PRD000783,CLI000783,05/10/2024,App
TRX00005123,PRD000035,CLI000028,09/06/2026,App
TRX00005124,PRD001598,CLI000263,08/06/2026,Agencia
TRX00005125,PRD000572,CLI000384,25/10/2022,App
TRX00005126,PRD000561,CLI000561,04/05/2021,App
TRX00005127,PRD000172,CLI000153,07/06/2026,App
TRX00005128,PRD001838,CLI000242,30/12/2025,App
TRX00005129,PRD000698,CLI000698,28/04/2016,App
TRX00005130,PRD001355,CLI000361,04/03/2025,Agencia
TRX00005131,PRD000654,CLI000315,21/05/2023,App
TRX00005132,PRD000319,CLI000034,26/09/2017,Agencia
TRX00005133,PRD000826,CLI000870,29/03/2024,Agencia
TRX00005134,PRD001591,CLI000535,04/11/2021,App
TRX00005135,PRD000128,CLI000511,10/08/2019,App
TRX00005136,PRD001321,CLI000321,05/03/2017,App
TRX00005137,PRD000903,CLI000067,01/06/2014,App
TRX00005138,PRD000928,CLI000928,01/11/2024,Agencia
TRX00005139,PRD001274,CLI000116,11/01/2018,App
TRX00005140,PRD000164,CLI000524,05/03/2024,App
TRX00005141,PRD001284,CLI000723,20/08/2026,App
TRX00005142,PRD001770,CLI000323,14/04/2018,App
TRX00005143,PRD001656,CLI000487,28/02/2014,App
TRX00005144,PRD000892,CLI000221,03/03/2024,App
TRX00005145,PRD000916,CLI000916,07/12/2023,Agencia
TRX00005146,PRD001987,CLI000987,16/06/2020,App
TRX00005147,PRD001132,CLI000600,29/01/2020,App
TRX00005148,PRD001313,CLI000968,05/04/2020,App
TRX00005149,PRD001106,CLI000049,05/11/2024,App
TRX00005150,PRD001982,CLI000021,16/02/2022,Agencia
TRX00005151,PRD000352,CLI000352,11/08/2025,App
TRX00005152,PRD000455,CLI000455,01/05/2021,Agencia
TRX00005153,PRD001627,CLI000568,06/07/2016,App
TRX00005154,PRD000369,CLI000369,13/10/2016,Agencia
TRX00005155,PRD001902,CLI000429,10/05/2021,App
TRX00005156,PRD000497,CLI000352,29/11/2024,App
TRX00005157,PRD001213,CLI000213,18/05/2017,Agencia
TRX00005158,PRD001695,CLI000749,30/03/2019,Agencia
TRX00005159,PRD000197,CLI000243,29/05/2026,App
TRX00005160,PRD001648,CLI000186,04/05/2019,App
TRX00005161,PRD001197,CLI000262,19/07/2021,App
TRX00005162,PRD001353,CLI000664,18/08/2023,Agencia
TRX00005163,PRD000952,CLI000060,14/07/2023,Agencia
TRX00005164,PRD000418,CLI000546,04/05/2021,App
TRX00005165,PRD000032,CLI000819,18/11/2024,App
TRX00005166,PRD000156,CLI000562,25/10/2025,App
TRX00005167,PRD000712,CLI000712,22/07/2013,App
TRX00005168,PRD001119,CLI000761,06/02/2022,App
TRX00005169,PRD000700,CLI000765,25/07/2025,App
TRX00005170,PRD001933,CLI000889,24/11/2025,App
TRX00005171,PRD000974,CLI000974,05/10/2021,Agencia
TRX00005172,PRD000002,CLI000627,16/09/2019,Agencia
TRX00005173,PRD001408,CLI000353,27/03/2025,App
TRX00005174,PRD000164,CLI000705,20/03/2021,App
TRX00005175,PRD000373,CLI000421,16/08/2015,Agencia
TRX00005176,PRD001789,CLI000289,14/05/2025,App
TRX00005177,PRD000087,CLI000078,02/06/2023,App
TRX00005178,PRD001646,CLI000126,28/10/2019,Agencia
TRX00005179,PRD000912,CLI000421,29/10/2018,Agencia
TRX00005180,PRD000087,CLI000100,24/04/2025,App
TRX00005181,PRD001017,CLI000770,21/10/2019,App
TRX00005182,PRD000017,CLI000958,21/03/2024,App
TRX00005183,PRD000703,CLI000884,03/01/2026,App
TRX00005184,PRD000025,CLI000014,10/04/2018,App
TRX00005185,PRD000430,CLI000236,05/03/2025,App
TRX00005186,PRD001196,CLI000938,27/03/2026,App
TRX00005187,PRD000525,CLI000585,06/09/2025,App
TRX00005188,PRD001717,CLI000684,26/01/2024,App
TRX00005189,PRD000937,CLI000491,16/01/2024,App
TRX00005190,PRD000260,CLI000773,11/03/2026,App
TRX00005191,PRD001148,CLI000757,28/06/2022,App
TRX00005192,PRD000402,CLI000420,12/12/2025,App
TRX00005193,PRD000955,CLI000231,12/03/2024,App
TRX00005194,PRD000731,CLI000731,12/12/2023,Agencia
TRX00005195,PRD000934,CLI000818,25/06/2022,App
TRX00005196,PRD001024,CLI000944,05/01/2026,App
TRX00005197,PRD000774,CLI000774,04/08/2020,App
TRX00005198,PRD000963,CLI000161,12/02/2018,App
TRX00005199,PRD001151,CLI000708,17/02/2020,App
TRX00005200,PRD000105,CLI000363,13/11/2025,Agencia
TRX00005201,PRD001032,CLI000552,20/08/2026,App
TRX00005202,PRD000721,CLI000429,23/09/2024,Agencia
TRX00005203,PRD001665,CLI000780,21/02/2024,App
TRX00005204,PRD001960,CLI000924,29/10/2024,App
TRX00005205,PRD000666,CLI000549,28/04/2024,App
TRX00005206,PRD001402,CLI000774,12/06/2017,App
TRX00005207,PRD000842,CLI000580,12/05/2021,App
TRX00005208,PRD000360,CLI000122,13/12/2021,App
TRX00005209,PRD000767,CLI000767,27/04/2025,App
TRX00005210,PRD000266,CLI000834,24/11/2023,Agencia
TRX00005211,PRD001751,CLI000751,23/07/2019,App
TRX00005212,PRD000604,CLI000357,04/02/2026,App
TRX00005213,PRD000386,CLI000696,24/02/2017,Agencia
TRX00005214,PRD000842,CLI000842,05/01/2016,App
TRX00005215,PRD000290,CLI000999,18/06/2014,App
TRX00005216,PRD000416,CLI000416,04/12/2021,App
TRX00005217,PRD001395,CLI000198,11/05/2025,Agencia
TRX00005218,PRD000725,CLI000725,24/12/2024,App
TRX00005219,PRD000564,CLI000163,29/03/2025,App
TRX00005220,PRD001637,CLI000174,26/06/2026,App
TRX00005221,PRD001453,CLI000453,12/08/2020,Agencia
TRX00005222,PRD000601,CLI000642,07/03/2026,App
TRX00005223,PRD000737,CLI000504,01/12/2022,App
TRX00005224,PRD001166,CLI000166,16/11/2025,App
TRX00005225,PRD000484,CLI000484,18/11/2024,App
TRX00005226,PRD000119,CLI000267,29/06/2015,Agencia
TRX00005227,PRD001013,CLI000013,13/05/2019,Agencia
TRX00005228,PRD000902,CLI000902,22/06/2022,App
TRX00005229,PRD001661,CLI000638,28/08/2022,App
TRX00005230,PRD000996,CLI000281,25/03/2025,Agencia
TRX00005231,PRD000024,CLI000938,29/12/2025,App
TRX00005232,PRD001364,CLI000031,15/11/2024,App
TRX00005233,PRD001356,CLI000234,09/08/2024,Agencia
TRX00005234,PRD000358,CLI000143,09/04/2012,Agencia
TRX00005235,PRD000832,CLI000808,29/06/2025,App
TRX00005236,PRD000034,CLI000420,18/05/2021,App
TRX00005237,PRD001336,CLI000067,11/09/2023,Agencia
TRX00005238,PRD001836,CLI000938,24/11/2025,App
TRX00005239,PRD000255,CLI000897,28/08/2025,App
TRX00005240,PRD000916,CLI000910,30/12/2022,App
TRX00005241,PRD001314,CLI000314,04/05/2012,Agencia
TRX00005242,PRD000445,CLI000818,13/01/2017,App
TRX00005243,PRD000129,CLI000817,18/06/2019,App
TRX00005244,PRD001331,CLI000499,11/03/2026,App
TRX00005245,PRD000548,CLI000761,30/11/2017,App
TRX00005246,PRD000956,CLI000290,01/04/2020,App
TRX00005247,PRD001736,CLI000539,11/01/2023,Agencia
TRX00005248,PRD001508,CLI000570,20/11/2023,App
TRX00005249,PRD001676,CLI000859,16/12/2020,App
TRX00005250,PRD000597,CLI000597,11/05/2025,App
TRX00005251,PRD000314,CLI000314,20/06/2011,App
TRX00005252,PRD000293,CLI000293,26/04/2024,Agencia
TRX00005253,PRD000373,CLI000373,10/04/2026,Agencia
TRX00005254,PRD000816,CLI000816,10/10/2025,App
TRX00005255,PRD000637,CLI000474,28/03/2024,App
TRX00005256,PRD001851,CLI000457,26/07/2024,App
TRX00005257,PRD000986,CLI000986,12/04/2024,App
TRX00005258,PRD000942,CLI000052,17/06/2025,Agencia
TRX00005259,PRD001772,CLI000664,04/05/2025,Agencia
TRX00005260,PRD000968,CLI000092,01/07/2021,App
TRX00005261,PRD000712,CLI000523,15/12/2024,App
TRX00005262,PRD001255,CLI000689,12/10/2022,App
TRX00005263,PRD000352,CLI000460,03/11/2012,Agencia
TRX00005264,PRD001641,CLI000309,01/05/2024,App
TRX00005265,PRD001405,CLI000065,23/08/2023,App
TRX00005266,PRD000552,CLI000552,21/07/2023,App
TRX00005267,PRD000879,CLI000810,17/06/2026,Agencia
TRX00005268,PRD001719,CLI000719,14/12/2020,Agencia
TRX00005269,PRD000162,CLI000220,08/10/2022,App
TRX00005270,PRD000248,CLI000116,03/09/2020,App
TRX00005271,PRD000861,CLI000861,20/07/2023,App
TRX00005272,PRD000544,CLI000318,14/11/2025,Agencia
TRX00005273,PRD000232,CLI000588,11/10/2020,App
TRX00005274,PRD001369,CLI000608,03/11/2025,Agencia
TRX00005275,PRD000186,CLI000771,21/08/2019,Agencia
TRX00005276,PRD000510,CLI000053,18/09/2024,App
TRX00005277,PRD000977,CLI000749,20/04/2020,App
TRX00005278,PRD001472,CLI000408,15/04/2026,App
TRX00005279,PRD001876,CLI000215,12/03/2019,App
TRX00005280,PRD001911,CLI000224,23/06/2021,App
TRX00005281,PRD000140,CLI000660,13/10/2022,App
TRX00005282,PRD001436,CLI000006,28/05/2026,App
TRX00005283,PRD001322,CLI000159,26/10/2022,App
TRX00005284,PRD001589,CLI000709,28/11/2014,App
TRX00005285,PRD001432,CLI000719,02/09/2023,App
TRX00005286,PRD001195,CLI000516,21/10/2020,Agencia
TRX00005287,PRD000264,CLI000880,26/08/2020,Agencia
TRX00005288,PRD000419,CLI000419,11/11/2025,App
TRX00005289,PRD001248,CLI000506,10/07/2024,Agencia
TRX00005290,PRD000538,CLI000571,02/08/2026,App
TRX00005291,PRD001045,CLI000655,23/03/2026,App
TRX00005292,PRD001029,CLI000409,15/09/2024,App
TRX00005293,PRD001404,CLI000711,25/07/2026,App
TRX00005294,PRD001050,CLI000630,16/03/2018,Agencia
TRX00005295,PRD001471,CLI000897,05/06/2026,App
TRX00005296,PRD001449,CLI000029,20/03/2021,App
TRX00005297,PRD000399,CLI000961,04/04/2022,Agencia
TRX00005298,PRD000797,CLI000015,02/09/2015,App
TRX00005299,PRD000403,CLI000705,22/08/2019,Agencia
TRX00005300,PRD001561,CLI000946,07/08/2018,App
TRX00005301,PRD000936,CLI000210,13/02/2026,App
TRX00005302,PRD001832,CLI000644,04/01/2016,Agencia
TRX00005303,PRD000166,CLI000539,05/11/2022,App
TRX00005304,PRD000697,CLI000697,14/12/2021,Agencia
TRX00005305,PRD000087,CLI000837,21/08/2025,App
TRX00005306,PRD000988,CLI000394,21/06/2024,App
TRX00005307,PRD001700,CLI000294,05/05/2022,App
TRX00005308,PRD001685,CLI000063,15/02/2026,App
TRX00005309,PRD000528,CLI000413,16/05/2023,App
TRX00005310,PRD000321,CLI000130,11/07/2018,Agencia
TRX00005311,PRD001375,CLI000375,13/06/2024,App
TRX00005312,PRD001042,CLI000114,24/10/2018,App
TRX00005313,PRD001665,CLI000665,26/03/2017,Agencia
TRX00005314,PRD001912,CLI000643,22/11/2024,App
TRX00005315,PRD001307,CLI000005,04/07/2023,App
TRX00005316,PRD001714,CLI000273,18/03/2021,App
TRX00005317,PRD001337,CLI000393,20/01/2024,Agencia
TRX00005318,PRD000328,CLI000328,21/01/2024,App
TRX00005319,PRD000285,CLI000323,30/11/2015,App
TRX00005320,PRD000557,CLI000299,27/08/2023,App
TRX00005321,PRD000455,CLI000231,17/04/2021,App
TRX00005322,PRD001126,CLI000249,05/11/2024,App
TRX00005323,PRD000963,CLI000934,20/02/2018,Agencia
TRX00005324,PRD000049,CLI000700,03/10/2024,App
TRX00005325,PRD000005,CLI000128,24/05/2026,Agencia
TRX00005326,PRD000219,CLI000219,23/08/2021,Agencia
TRX00005327,PRD000830,CLI000170,19/08/2024,Agencia
TRX00005328,PRD001554,CLI000908,07/01/2019,App
TRX00005329,PRD000606,CLI000131,30/04/2022,App
TRX00005330,PRD001525,CLI000135,25/07/2025,App
TRX00005331,PRD000764,CLI000738,21/03/2022,App
TRX00005332,PRD000795,CLI000034,03/06/2015,App
TRX00005333,PRD001879,CLI000163,07/01/2023,App
TRX00005334,PRD001477,CLI000105,05/06/2025,Agencia
TRX00005335,PRD000147,CLI000793,10/06/2026,App
TRX00005336,PRD001724,CLI000693,26/02/2023,Agencia
TRX00005337,PRD000070,CLI000070,25/11/2024,Agencia
TRX00005338,PRD000182,CLI000182,03/11/2025,App
TRX00005339,PRD000723,CLI000918,07/12/2022,Agencia
TRX00005340,PRD001219,CLI000329,07/12/2025,Agencia
TRX00005341,PRD001993,CLI000272,19/09/2024,App
TRX00005342,PRD000330,CLI000408,25/05/2023,App
TRX00005343,PRD000720,CLI000743,03/06/2024,App
TRX00005344,PRD000097,CLI000901,18/12/2014,App
TRX00005345,PRD001450,CLI000959,19/08/2025,App
TRX00005346,PRD001382,CLI000332,07/12/2024,App
TRX00005347,PRD001379,CLI000358,12/03/2026,App
TRX00005348,PRD000806,CLI000819,19/10/2025,App
TRX00005349,PRD000123,CLI000136,19/11/2023,Agencia
TRX00005350,PRD001411,CLI000411,15/01/2026,Agencia
TRX00005351,PRD001974,CLI000974,23/05/2026,App
TRX00005352,PRD000831,CLI000085,01/10/2025,App
TRX00005353,PRD000667,CLI000495,20/02/2021,App
TRX00005354,PRD000411,CLI000411,08/06/2021,App
TRX00005355,PRD000938,CLI000938,14/08/2026,App
TRX00005356,PRD001554,CLI000628,03/12/2015,App
TRX00005357,PRD001989,CLI000953,18/04/2020,App
TRX00005358,PRD000125,CLI000482,05/06/2025,Agencia
TRX00005359,PRD001711,CLI000556,22/06/2026,App
TRX00005360,PRD001146,CLI000483,05/06/2023,App
TRX00005361,PRD000011,CLI000011,11/11/2020,App
TRX00005362,PRD001738,CLI000069,23/03/2021,Agencia
TRX00005363,PRD000239,CLI000569,16/08/2025,App
TRX00005364,PRD000626,CLI000037,03/08/2026,App
TRX00005365,PRD000766,CLI000154,15/03/2026,Agencia
TRX00005366,PRD000355,CLI000355,22/10/2025,App
TRX00005367,PRD001425,CLI000177,09/06/2020,App
TRX00005368,PRD001312,CLI000097,25/10/2021,App
TRX00005369,PRD000749,CLI000084,10/08/2023,App
TRX00005370,PRD000837,CLI000003,29/09/2020,App
TRX00005371,PRD001162,CLI000335,24/11/2022,Agencia
TRX00005372,PRD001830,CLI000606,03/08/2026,App
TRX00005373,PRD000307,CLI000307,01/01/2026,App
TRX00005374,PRD001728,CLI000728,01/05/2020,App
TRX00005375,PRD000130,CLI000884,21/01/2024,App
TRX00005376,PRD000335,CLI000983,20/06/2016,App
TRX00005377,PRD001428,CLI000428,21/07/2024,Agencia
TRX00005378,PRD000341,CLI000212,14/07/2014,App
TRX00005379,PRD001980,CLI000286,18/08/2019,App
TRX00005380,PRD000033,CLI000033,27/02/2019,Agencia
TRX00005381,PRD001055,CLI000886,23/02/2026,App
TRX00005382,PRD001358,CLI000100,04/09/2025,App
TRX00005383,PRD001072,CLI000072,09/08/2022,App
TRX00005384,PRD000348,CLI000603,12/07/2024,Agencia
TRX00005385,PRD001708,CLI000397,07/12/2023,Agencia
TRX00005386,PRD001883,CLI000883,11/10/2025,App
TRX00005387,PRD000878,CLI000949,26/04/2026,App
TRX00005388,PRD000332,CLI000102,19/01/2023,App
TRX00005389,PRD001697,CLI000349,01/11/2014,App
TRX00005390,PRD000328,CLI000129,28/05/2023,App
TRX00005391,PRD000261,CLI000825,11/09/2019,Agencia
TRX00005392,PRD000980,CLI000083,26/06/2019,Agencia
TRX00005393,PRD001104,CLI000913,06/12/2025,App
TRX00005394,PRD001314,CLI000423,23/11/2025,Agencia
TRX00005395,PRD000256,CLI000384,08/04/2021,App
TRX00005396,PRD000532,CLI000112,21/04/2022,Agencia
TRX00005397,PRD000209,CLI000271,15/01/2024,App
TRX00005398,PRD000088,CLI000400,06/02/2021,App
TRX00005399,PRD000481,CLI000158,22/06/2015,App
TRX00005400,PRD001012,CLI000036,17/10/2025,App
TRX00005401,PRD000108,CLI000108,24/06/2017,App
TRX00005402,PRD001653,CLI000089,20/04/2016,App
TRX00005403,PRD000750,CLI000361,21/07/2024,App
TRX00005404,PRD001496,CLI000952,08/12/2020,App
TRX00005405,PRD001272,CLI000280,21/01/2022,App
TRX00005406,PRD000571,CLI000245,10/10/2019,App
TRX00005407,PRD001613,CLI000899,16/07/2025,Agencia
TRX00005408,PRD001871,CLI000871,27/04/2016,App
TRX00005409,PRD001175,CLI000077,06/09/2025,App
TRX00005410,PRD000799,CLI000685,07/12/2025,App
TRX00005411,PRD000951,CLI000951,30/08/2015,Agencia
TRX00005412,PRD001218,CLI000310,25/08/2023,Agencia
TRX00005413,PRD001190,CLI000358,13/11/2023,Agencia
TRX00005414,PRD000804,CLI000004,15/01/2023,App
TRX00005415,PRD000414,CLI000915,25/06/2016,App
TRX00005416,PRD001986,CLI000986,30/06/2026,App
TRX00005417,PRD000831,CLI000052,27/03/2021,App
TRX00005418,PRD000001,CLI000925,07/08/2024,App
TRX00005419,PRD001696,CLI000327,11/01/2026,Agencia
TRX00005420,PRD000048,CLI000584,05/11/2015,App
TRX00005421,PRD001661,CLI000171,13/09/2020,App
TRX00005422,PRD001601,CLI000104,31/03/2016,Agencia
TRX00005423,PRD001139,CLI000630,09/12/2019,App
TRX00005424,PRD001508,CLI000656,21/01/2024,App
TRX00005425,PRD000998,CLI000765,22/10/2025,Agencia
TRX00005426,PRD000206,CLI000497,25/12/2024,Agencia
TRX00005427,PRD000415,CLI000067,10/03/2023,App
TRX00005428,PRD001671,CLI000424,25/06/2026,App
TRX00005429,PRD000973,CLI000155,28/08/2023,App
TRX00005430,PRD001292,CLI000400,30/09/2024,App
TRX00005431,PRD001901,CLI000756,17/04/2024,App
TRX00005432,PRD000987,CLI000031,14/08/2026,Agencia
TRX00005433,PRD001524,CLI000623,17/06/2026,App
TRX00005434,PRD001179,CLI000179,07/01/2025,App
TRX00005435,PRD001390,CLI000390,04/03/2022,App
TRX00005436,PRD000367,CLI000237,25/11/2025,App
TRX00005437,PRD001986,CLI000610,11/04/2023,Agencia
TRX00005438,PRD001643,CLI000393,15/02/2025,App
TRX00005439,PRD000735,CLI000541,25/11/2025,App
TRX00005440,PRD001501,CLI000808,07/05/2026,App
TRX00005441,PRD001660,CLI000345,02/03/2026,App
TRX00005442,PRD000442,CLI000442,17/06/2022,Agencia
TRX00005443,PRD001201,CLI000774,19/03/2016,App
TRX00005444,PRD000896,CLI000534,24/12/2021,App
TRX00005445,PRD001016,CLI000643,19/08/2025,App
TRX00005446,PRD000546,CLI000606,29/03/2026,Agencia
TRX00005447,PRD000677,CLI000677,31/07/2026,App
TRX00005448,PRD000735,CLI000206,30/12/2020,App
TRX00005449,PRD000207,CLI000207,07/05/2020,Agencia
TRX00005450,PRD001019,CLI000286,11/11/2017,App
TRX00005451,PRD001230,CLI000730,01/04/2022,Agencia
TRX00005452,PRD001425,CLI000425,18/08/2023,Agencia
TRX00005453,PRD001177,CLI000177,30/01/2026,App
TRX00005454,PRD001909,CLI000909,28/07/2023,Agencia
TRX00005455,PRD001410,CLI000410,02/12/2016,App
TRX00005456,PRD001442,CLI000738,15/05/2022,App
TRX00005457,PRD000007,CLI000007,02/10/2023,App
TRX00005458,PRD000159,CLI000159,20/07/2024,App
TRX00005459,PRD001616,CLI000036,19/07/2026,App
TRX00005460,PRD000983,CLI000983,08/08/2021,App
TRX00005461,PRD000371,CLI000371,02/04/2025,App
TRX00005462,PRD001693,CLI000241,05/10/2024,App
TRX00005463,PRD000547,CLI000913,23/11/2019,App
TRX00005464,PRD001013,CLI000695,19/08/2025,Agencia
TRX00005465,PRD001967,CLI000725,23/02/2022,App
TRX00005466,PRD000022,CLI000620,23/12/2023,App
TRX00005467,PRD000486,CLI000218,04/11/2025,Agencia
TRX00005468,PRD001856,CLI000856,10/04/2024,App
TRX00005469,PRD001502,CLI000455,19/09/2022,App
TRX00005470,PRD001977,CLI000975,12/05/2017,App
TRX00005471,PRD001750,CLI000590,23/01/2024,App
TRX00005472,PRD000843,CLI000748,19/11/2024,App
TRX00005473,PRD000793,CLI000924,26/08/2025,App
TRX00005474,PRD000039,CLI000640,17/02/2026,App
TRX00005475,PRD001426,CLI000536,05/08/2026,App
TRX00005476,PRD000848,CLI000649,19/10/2025,App
TRX00005477,PRD000855,CLI000783,26/03/2020,App
TRX00005478,PRD001959,CLI000959,21/12/2015,App
TRX00005479,PRD000118,CLI000077,28/12/2025,Agencia
TRX00005480,PRD001864,CLI000653,23/10/2019,App
TRX00005481,PRD000978,CLI000978,15/02/2021,App
TRX00005482,PRD000683,CLI000658,02/07/2023,App
TRX00005483,PRD001608,CLI000316,18/10/2023,App
TRX00005484,PRD000761,CLI000914,08/08/2024,Agencia
TRX00005485,PRD000277,CLI000019,12/04/2022,App
TRX00005486,PRD000862,CLI000862,26/11/2025,Agencia
TRX00005487,PRD000849,CLI000125,09/10/2017,App
TRX00005488,PRD001662,CLI000640,27/02/2026,App
TRX00005489,PRD001994,CLI000994,11/07/2024,App
TRX00005490,PRD001841,CLI000747,08/04/2015,App
TRX00005491,PRD001264,CLI000416,06/01/2020,Agencia
TRX00005492,PRD000816,CLI000980,28/08/2020,App
TRX00005493,PRD001268,CLI000842,29/10/2020,App
TRX00005494,PRD001802,CLI000486,07/12/2025,App
TRX00005495,PRD000704,CLI000809,16/11/2022,Agencia
TRX00005496,PRD001489,CLI000489,30/07/2022,App
TRX00005497,PRD000049,CLI000288,28/06/2026,App
TRX00005498,PRD001842,CLI000842,09/05/2014,Agencia
TRX00005499,PRD000298,CLI000742,26/01/2023,Agencia
TRX00005500,PRD000096,CLI000134,01/05/2023,Agencia
TRX00005501,PRD001444,CLI000444,12/07/2019,Agencia
TRX00005502,PRD000376,CLI000369,13/04/2018,Agencia
TRX00005503,PRD000894,CLI000142,20/05/2023,App
TRX00005504,PRD001234,CLI000186,14/04/2023,Agencia
TRX00005505,PRD000277,CLI000421,29/07/2013,App
TRX00005506,PRD001517,CLI000438,31/05/2015,App
TRX00005507,PRD001565,CLI000484,18/11/2021,App
TRX00005508,PRD000301,CLI000713,21/07/2024,App
TRX00005509,PRD000479,CLI000479,28/10/2022,App
TRX00005510,PRD000706,CLI000817,16/02/2019,App
TRX00005511,PRD001350,CLI000868,06/06/2026,App
TRX00005512,PRD000684,CLI000502,15/03/2025,App
TRX00005513,PRD000164,CLI000227,21/04/2026,App
TRX00005514,PRD000874,CLI000947,10/06/2023,App
TRX00005515,PRD000728,CLI000076,25/12/2025,App
TRX00005516,PRD001513,CLI000360,18/11/2023,App
TRX00005517,PRD001001,CLI000889,25/10/2025,App
TRX00005518,PRD001774,CLI000455,01/08/2021,App
TRX00005519,PRD000716,CLI000949,24/05/2026,App
TRX00005520,PRD000015,CLI000015,30/04/2025,App
TRX00005521,PRD001737,CLI000616,05/08/2026,App
TRX00005522,PRD001053,CLI000157,21/09/2025,App
TRX00005523,PRD000915,CLI000749,12/12/2018,App
TRX00005524,PRD001543,CLI000422,13/08/2026,App
TRX00005525,PRD001048,CLI000535,08/08/2018,App
TRX00005526,PRD000984,CLI000984,07/07/2026,App
TRX00005527,PRD000141,CLI000559,27/08/2022,App
TRX00005528,PRD001015,CLI000015,23/01/2019,App
TRX00005529,PRD001859,CLI000549,13/12/2021,App
TRX00005530,PRD001019,CLI000019,21/08/2020,Agencia
TRX00005531,PRD001071,CLI000704,26/05/2020,App
TRX00005532,PRD000432,CLI000948,09/03/2024,Agencia
TRX00005533,PRD000650,CLI000050,16/09/2012,App
TRX00005534,PRD001899,CLI000923,10/11/2021,App
TRX00005535,PRD001938,CLI000573,16/12/2024,Agencia
TRX00005536,PRD001741,CLI000764,15/12/2018,App
TRX00005537,PRD000888,CLI000881,29/08/2023,App
TRX00005538,PRD000661,CLI000031,29/05/2024,App
TRX00005539,PRD001245,CLI000716,20/08/2015,App
TRX00005540,PRD000390,CLI000835,15/05/2026,App
TRX00005541,PRD000486,CLI000486,22/06/2021,App
TRX00005542,PRD000677,CLI000410,12/05/2018,Agencia
TRX00005543,PRD000131,CLI000131,25/05/2021,App
TRX00005544,PRD001797,CLI000980,12/10/2015,App
TRX00005545,PRD001215,CLI000536,11/10/2019,Agencia
TRX00005546,PRD000359,CLI000721,11/08/2018,App
TRX00005547,PRD001321,CLI000526,23/03/2025,App
TRX00005548,PRD001916,CLI000882,22/07/2018,App
TRX00005549,PRD001734,CLI000311,01/04/2015,App
TRX00005550,PRD000885,CLI000081,17/10/2025,Agencia
TRX00005551,PRD001785,CLI000955,24/03/2024,App
TRX00005552,PRD001949,CLI000949,20/04/2026,Agencia
TRX00005553,PRD000441,CLI000441,31/05/2026,Agencia
TRX00005554,PRD001610,CLI000863,26/11/2014,Agencia
TRX00005555,PRD000096,CLI000703,21/07/2025,App
TRX00005556,PRD000289,CLI000289,23/06/2026,App
TRX00005557,PRD000741,CLI000741,12/07/2025,Agencia
TRX00005558,PRD000896,CLI000921,31/07/2026,Agencia
TRX00005559,PRD001412,CLI000440,21/12/2025,App
TRX00005560,PRD000036,CLI000801,25/07/2026,App
TRX00005561,PRD001656,CLI000656,20/07/2024,App
TRX00005562,PRD001373,CLI000752,29/06/2017,App
TRX00005563,PRD000923,CLI000407,21/01/2019,App
TRX00005564,PRD001302,CLI000702,04/07/2023,Agencia
TRX00005565,PRD000449,CLI000735,12/11/2025,App
TRX00005566,PRD000965,CLI000670,06/01/2020,App
TRX00005567,PRD000935,CLI000404,25/07/2020,App
TRX00005568,PRD000347,CLI000347,30/11/2025,Agencia
TRX00005569,PRD001912,CLI000912,24/05/2019,Agencia
TRX00005570,PRD000980,CLI000981,25/08/2024,App
TRX00005571,PRD001838,CLI000476,25/02/2026,App
TRX00005572,PRD000370,CLI000149,21/01/2024,Agencia
TRX00005573,PRD000391,CLI000391,13/07/2025,Agencia
TRX00005574,PRD000555,CLI000838,04/06/2024,Agencia
TRX00005575,PRD000505,CLI000505,03/06/2020,App
TRX00005576,PRD001325,CLI000062,08/04/2021,App
TRX00005577,PRD000962,CLI000568,30/05/2020,App
TRX00005578,PRD000868,CLI000785,02/02/2025,Agencia
TRX00005579,PRD001349,CLI000460,10/08/2015,App
TRX00005580,PRD000846,CLI000330,28/05/2022,Agencia
TRX00005581,PRD000435,CLI000435,31/03/2017,Agencia
TRX00005582,PRD000760,CLI000644,11/01/2016,App
TRX00005583,PRD000233,CLI000233,12/12/2016,Agencia
TRX00005584,PRD001507,CLI000848,02/09/2025,App
TRX00005585,PRD001029,CLI000577,04/09/2017,App
TRX00005586,PRD001785,CLI000917,06/08/2026,App
TRX00005587,PRD001302,CLI000009,08/11/2020,Agencia
TRX00005588,PRD001515,CLI000373,02/04/2024,Agencia
TRX00005589,PRD000350,CLI000241,14/01/2020,App
TRX00005590,PRD001029,CLI000681,28/09/2022,Agencia
TRX00005591,PRD001200,CLI000749,12/02/2018,App
TRX00005592,PRD000892,CLI000741,06/07/2025,App
TRX00005593,PRD001617,CLI000899,04/08/2024,App
TRX00005594,PRD000903,CLI000019,20/12/2018,App
TRX00005595,PRD001104,CLI000096,30/08/2019,App
TRX00005596,PRD001092,CLI000092,05/04/2020,App
TRX00005597,PRD000942,CLI000912,08/10/2025,App
TRX00005598,PRD001661,CLI000096,25/07/2026,App
TRX00005599,PRD001360,CLI000429,08/11/2023,Agencia
TRX00005600,PRD001137,CLI000323,22/12/2025,App
TRX00005601,PRD000569,CLI000569,09/07/2025,App
TRX00005602,PRD000911,CLI000911,09/12/2021,App
TRX00005603,PRD000643,CLI000643,05/01/2025,App
TRX00005604,PRD000961,CLI000183,04/09/2018,App
TRX00005605,PRD001130,CLI000981,02/04/2024,App
TRX00005606,PRD001020,CLI000459,29/10/2024,App
TRX00005607,PRD001860,CLI000012,15/12/2024,App
TRX00005608,PRD001552,CLI000552,26/04/2026,App
TRX00005609,PRD001831,CLI000921,20/07/2026,App
TRX00005610,PRD001615,CLI000519,30/10/2018,Agencia
TRX00005611,PRD001454,CLI000980,06/02/2016,App
TRX00005612,PRD000299,CLI000451,16/01/2021,App
TRX00005613,PRD001297,CLI000734,18/12/2022,App
TRX00005614,PRD000967,CLI000254,30/06/2025,App
TRX00005615,PRD001038,CLI000072,31/12/2020,App
TRX00005616,PRD001690,CLI000283,05/07/2019,App
TRX00005617,PRD000459,CLI000459,14/03/2022,App
TRX00005618,PRD000437,CLI000437,05/09/2024,App
TRX00005619,PRD000291,CLI000758,26/07/2023,Agencia
TRX00005620,PRD000274,CLI000668,25/11/2024,Agencia
TRX00005621,PRD001200,CLI000200,11/07/2021,Agencia
TRX00005622,PRD000140,CLI000683,17/06/2025,Agencia
TRX00005623,PRD000114,CLI000268,20/10/2021,App
TRX00005624,PRD000192,CLI000192,03/06/2011,App
TRX00005625,PRD001980,CLI000960,15/07/2025,App
TRX00005626,PRD001786,CLI000786,10/05/2023,App
TRX00005627,PRD001059,CLI000211,24/08/2025,App
TRX00005628,PRD001284,CLI000306,29/08/2023,App
TRX00005629,PRD000001,CLI000307,23/07/2026,App
TRX00005630,PRD001056,CLI000056,01/06/2017,Agencia
TRX00005631,PRD000527,CLI000527,21/12/2021,App
TRX00005632,PRD000016,CLI000258,16/10/2021,App
TRX00005633,PRD001675,CLI000439,05/11/2024,App
TRX00005634,PRD001325,CLI000532,18/01/2022,App
TRX00005635,PRD000881,CLI000614,09/10/2014,App
TRX00005636,PRD001263,CLI000263,17/10/2024,Agencia
TRX00005637,PRD001015,CLI000479,10/01/2025,App
TRX00005638,PRD001429,CLI000485,22/12/2023,Agencia
TRX00005639,PRD001002,CLI000002,23/11/2024,App
TRX00005640,PRD001510,CLI000041,14/04/2023,App
TRX00005641,PRD000537,CLI000537,22/06/2021,App
TRX00005642,PRD001467,CLI000412,20/11/2024,App
TRX00005643,PRD000179,CLI000977,17/12/2022,App
TRX00005644,PRD001406,CLI000290,04/03/2023,Agencia
TRX00005645,PRD000271,CLI000487,04/09/2021,App
TRX00005646,PRD001454,CLI000454,14/07/2026,App
TRX00005647,PRD000042,CLI000042,05/02/2018,Agencia
TRX00005648,PRD000168,CLI000841,20/04/2015,App
TRX00005649,PRD001804,CLI000564,09/08/2022,App
TRX00005650,PRD001918,CLI000918,21/09/2023,App
TRX00005651,PRD001183,CLI000282,01/05/2025,App
TRX00005652,PRD001392,CLI000294,16/07/2014,Agencia
TRX00005653,PRD000067,CLI000891,22/11/2015,App
TRX00005654,PRD000543,CLI000063,02/08/2026,App
TRX00005655,PRD000765,CLI000514,02/08/2014,App
TRX00005656,PRD000570,CLI000347,20/01/2026,Agencia
TRX00005657,PRD000529,CLI000869,30/04/2025,App
TRX00005658,PRD000152,CLI000788,23/03/2026,App
TRX00005659,PRD001603,CLI000830,05/08/2014,App
TRX00005660,PRD000918,CLI000436,23/07/2022,App
TRX00005661,PRD000660,CLI000684,11/11/2023,App
TRX00005662,PRD000093,CLI000093,03/03/2026,Agencia
TRX00005663,PRD000287,CLI000287,03/03/2025,Agencia
TRX00005664,PRD001262,CLI000758,04/06/2022,App
TRX00005665,PRD000838,CLI000929,22/02/2023,Agencia
TRX00005666,PRD001721,CLI000410,16/11/2014,App
TRX00005667,PRD001838,CLI000424,25/07/2026,App
TRX00005668,PRD000062,CLI000417,23/08/2022,Agencia
TRX00005669,PRD000684,CLI000684,06/05/2022,Agencia
TRX00005670,PRD000545,CLI000565,09/08/2018,App
TRX00005671,PRD001466,CLI000633,12/01/2024,App
TRX00005672,PRD000705,CLI000710,23/03/2023,Agencia
TRX00005673,PRD000663,CLI000025,09/08/2022,App
TRX00005674,PRD001411,CLI000683,04/07/2025,App
TRX00005675,PRD000105,CLI000529,30/03/2018,App
TRX00005676,PRD000820,CLI000821,08/02/2022,Agencia
TRX00005677,PRD001259,CLI000987,24/01/2019,App
TRX00005678,PRD000413,CLI000912,13/10/2018,Agencia
TRX00005679,PRD001203,CLI000443,15/04/2021,Agencia
TRX00005680,PRD001111,CLI000254,17/04/2015,App
TRX00005681,PRD001863,CLI000863,02/05/2020,App
TRX00005682,PRD000549,CLI000310,06/02/2022,Agencia
TRX00005683,PRD000326,CLI000579,14/04/2026,App
TRX00005684,PRD001405,CLI000354,19/07/2014,App
TRX00005685,PRD001746,CLI000195,17/08/2016,App
TRX00005686,PRD001675,CLI000434,10/01/2024,App
TRX00005687,PRD001605,CLI000627,22/02/2018,Agencia
TRX00005688,PRD001766,CLI000837,04/09/2021,Agencia
TRX00005689,PRD000490,CLI000659,10/07/2025,App
TRX00005690,PRD001750,CLI000742,27/07/2024,App
TRX00005691,PRD000039,CLI000468,20/06/2017,Agencia
TRX00005692,PRD001594,CLI000364,01/07/2018,Agencia
TRX00005693,PRD001327,CLI000271,08/03/2015,App
TRX00005694,PRD000854,CLI000854,21/11/2023,App
TRX00005695,PRD001535,CLI000266,05/10/2018,App
TRX00005696,PRD001753,CLI000394,30/07/2026,Agencia
TRX00005697,PRD000208,CLI000218,11/01/2024,Agencia
TRX00005698,PRD001616,CLI000992,08/09/2017,App
TRX00005699,PRD000721,CLI000721,16/12/2020,App
TRX00005700,PRD001058,CLI000058,20/02/2025,App
TRX00005701,PRD001903,CLI000362,01/01/2022,App
TRX00005702,PRD001746,CLI000609,15/05/2022,App
TRX00005703,PRD001806,CLI000156,23/06/2019,App
TRX00005704,PRD000373,CLI000169,29/04/2025,Agencia
TRX00005705,PRD000876,CLI000646,07/07/2013,Agencia
TRX00005706,PRD000399,CLI000399,19/11/2024,App
TRX00005707,PRD001899,CLI000935,05/08/2022,App
TRX00005708,PRD001126,CLI000978,14/07/2016,App
TRX00005709,PRD000506,CLI000741,06/07/2026,App
TRX00005710,PRD000868,CLI000868,18/09/2025,Agencia
TRX00005711,PRD000471,CLI000471,19/12/2015,App
TRX00005712,PRD000545,CLI000178,26/07/2022,Agencia
TRX00005713,PRD000636,CLI000702,09/03/2022,App
TRX00005714,PRD001467,CLI000195,27/03/2018,Agencia
TRX00005715,PRD001612,CLI000807,16/08/2014,App
TRX00005716,PRD001119,CLI000196,09/05/2017,App
TRX00005717,PRD001953,CLI000386,21/05/2021,App
TRX00005718,PRD000497,CLI000497,06/01/2025,App
TRX00005719,PRD000427,CLI000752,29/03/2025,Agencia
TRX00005720,PRD001373,CLI000462,18/06/2019,App
TRX00005721,PRD000296,CLI000769,22/09/2025,App
TRX00005722,PRD001269,CLI000468,03/05/2018,Agencia
TRX00005723,PRD001684,CLI000684,07/11/2021,Agencia
TRX00005724,PRD001721,CLI000400,05/01/2023,App
TRX00005725,PRD000018,CLI000018,04/12/2019,App
TRX00005726,PRD001415,CLI000562,13/02/2026,App
TRX00005727,PRD001494,CLI000917,16/05/2025,Agencia
TRX00005728,PRD001772,CLI000562,18/09/2025,App
TRX00005729,PRD001811,CLI000019,12/12/2022,App
TRX00005730,PRD001505,CLI000920,05/12/2014,App
TRX00005731,PRD001855,CLI000631,17/02/2017,Agencia
TRX00005732,PRD001562,CLI000395,07/05/2023,Agencia
TRX00005733,PRD001679,CLI000981,04/08/2020,App
TRX00005734,PRD001768,CLI000768,12/06/2015,Agencia
TRX00005735,PRD000589,CLI000709,06/02/2024,Agencia
TRX00005736,PRD001017,CLI000017,25/04/2024,App
TRX00005737,PRD000511,CLI000938,24/11/2025,App
TRX00005738,PRD001590,CLI000111,02/01/2025,App
TRX00005739,PRD000111,CLI000898,12/03/2024,App
TRX00005740,PRD001948,CLI000948,12/06/2023,App
TRX00005741,PRD001797,CLI000797,19/05/2014,Agencia
TRX00005742,PRD001227,CLI000167,16/05/2020,App
TRX00005743,PRD000147,CLI000147,25/07/2022,App
TRX00005744,PRD001789,CLI000604,11/09/2022,Agencia
TRX00005745,PRD001891,CLI000467,21/02/2020,App
TRX00005746,PRD000967,CLI000967,16/01/2024,Agencia
TRX00005747,PRD000336,CLI000336,14/08/2020,App
TRX00005748,PRD000299,CLI000459,17/11/2023,Agencia
TRX00005749,PRD000016,CLI000578,09/08/2026,App
TRX00005750,PRD000945,CLI000382,02/01/2023,App
TRX00005751,PRD001644,CLI000631,18/01/2024,App
TRX00005752,PRD001407,CLI000407,31/10/2018,App
TRX00005753,PRD000294,CLI000657,30/05/2021,App
TRX00005754,PRD001553,CLI000798,07/06/2026,App
TRX00005755,PRD001983,CLI000255,13/01/2015,App
TRX00005756,PRD000521,CLI000096,01/05/2023,App
TRX00005757,PRD000106,CLI000094,02/01/2020,App
TRX00005758,PRD001812,CLI000617,14/07/2026,Agencia
TRX00005759,PRD001790,CLI000732,23/07/2026,Agencia
TRX00005760,PRD001760,CLI000760,27/02/2026,App
TRX00005761,PRD001451,CLI000381,06/03/2026,App
TRX00005762,PRD001731,CLI000990,26/01/2024,App
TRX00005763,PRD001879,CLI000879,10/01/2025,Agencia
TRX00005764,PRD000258,CLI000300,05/03/2025,Agencia
TRX00005765,PRD001414,CLI000004,19/07/2023,App
TRX00005766,PRD001540,CLI000540,24/09/2023,App
TRX00005767,PRD001191,CLI000316,11/03/2024,App
TRX00005768,PRD001254,CLI000219,10/07/2020,Agencia
TRX00005769,PRD001578,CLI000460,20/10/2017,App
TRX00005770,PRD000223,CLI000223,18/01/2023,App
TRX00005771,PRD000624,CLI000579,15/01/2026,Agencia
TRX00005772,PRD000366,CLI000707,01/08/2026,Agencia
TRX00005773,PRD000808,CLI000808,21/06/2025,Agencia
TRX00005774,PRD000772,CLI000984,03/04/2014,App
TRX00005775,PRD001260,CLI000636,13/08/2020,App
TRX00005776,PRD001612,CLI000612,13/11/2024,App
TRX00005777,PRD001536,CLI000466,08/06/2024,App
TRX00005778,PRD000024,CLI000247,17/11/2022,App
TRX00005779,PRD000007,CLI000227,30/03/2026,App
TRX00005780,PRD001871,CLI000915,23/06/2021,App
TRX00005781,PRD001735,CLI000294,05/10/2025,App
TRX00005782,PRD001542,CLI000834,05/11/2025,Agencia
TRX00005783,PRD000925,CLI000675,02/06/2025,App
TRX00005784,PRD000989,CLI000989,10/12/2017,Agencia
TRX00005785,PRD000773,CLI000859,09/02/2016,App
TRX00005786,PRD000348,CLI000279,16/03/2024,App
TRX00005787,PRD001386,CLI000626,08/07/2020,Agencia
TRX00005788,PRD000977,CLI000755,05/03/2019,Agencia
TRX00005789,PRD000194,CLI000194,09/05/2025,Agencia
TRX00005790,PRD001545,CLI000882,17/06/2023,App
TRX00005791,PRD001608,CLI000724,28/05/2020,App
TRX00005792,PRD001950,CLI000514,02/04/2019,App
TRX00005793,PRD001712,CLI000742,05/10/2021,Agencia
TRX00005794,PRD000472,CLI000648,12/08/2025,App
TRX00005795,PRD001409,CLI000640,05/08/2026,App
TRX00005796,PRD000875,CLI000899,03/03/2023,App
TRX00005797,PRD001782,CLI000879,26/06/2015,App
TRX00005798,PRD001325,CLI000302,22/09/2025,App
TRX00005799,PRD000039,CLI000071,09/05/2020,App
TRX00005800,PRD001963,CLI000071,20/12/2025,App
TRX00005801,PRD000538,CLI000363,11/07/2025,App
TRX00005802,PRD001314,CLI000299,01/02/2025,App
TRX00005803,PRD000964,CLI000320,26/01/2018,App
TRX00005804,PRD000271,CLI000046,17/04/2016,Agencia
TRX00005805,PRD001729,CLI000311,16/12/2016,App
TRX00005806,PRD000738,CLI000082,28/04/2026,App
TRX00005807,PRD000405,CLI000253,14/08/2026,App
TRX00005808,PRD000105,CLI000235,06/07/2016,App
TRX00005809,PRD001391,CLI000391,25/02/2021,App
TRX00005810,PRD000092,CLI000092,08/07/2022,App
TRX00005811,PRD001134,CLI000134,27/11/2023,App
TRX00005812,PRD000728,CLI000236,31/10/2024,Agencia
TRX00005813,PRD000642,CLI000778,19/08/2021,App
TRX00005814,PRD000527,CLI000696,08/09/2022,App
TRX00005815,PRD001514,CLI000514,02/02/2023,App
TRX00005816,PRD000309,CLI000753,17/03/2015,Agencia
TRX00005817,PRD000179,CLI000179,13/02/2022,App
TRX00005818,PRD000803,CLI000288,29/05/2026,App
TRX00005819,PRD001883,CLI000261,26/08/2023,Agencia
TRX00005820,PRD001532,CLI000315,24/11/2023,App
TRX00005821,PRD000883,CLI000226,19/02/2025,App
TRX00005822,PRD000169,CLI000221,13/07/2024,App
TRX00005823,PRD000280,CLI000448,15/07/2026,App
TRX00005824,PRD000781,CLI000149,12/02/2026,App
TRX00005825,PRD000763,CLI000763,07/04/2026,App
TRX00005826,PRD000243,CLI000417,11/08/2018,App
TRX00005827,PRD000563,CLI000306,20/10/2019,App
TRX00005828,PRD001435,CLI000065,15/04/2021,App
TRX00005829,PRD000188,CLI000210,26/08/2025,App
TRX00005830,PRD000031,CLI000746,20/12/2022,App
TRX00005831,PRD001013,CLI000986,03/07/2025,App
TRX00005832,PRD000334,CLI000343,23/12/2014,App
TRX00005833,PRD000615,CLI000615,08/05/2020,App
TRX00005834,PRD000246,CLI000570,16/12/2025,App
TRX00005835,PRD001060,CLI000444,15/08/2023,Agencia
TRX00005836,PRD000420,CLI000227,16/12/2025,App
TRX00005837,PRD001751,CLI000369,03/04/2015,App
TRX00005838,PRD000326,CLI000886,24/06/2025,App
TRX00005839,PRD001466,CLI000087,23/01/2014,App
TRX00005840,PRD000649,CLI000437,29/12/2023,App
TRX00005841,PRD001979,CLI000743,16/12/2024,App
TRX00005842,PRD000434,CLI000434,23/10/2023,App
TRX00005843,PRD000736,CLI000030,16/06/2026,Agencia
TRX00005844,PRD000253,CLI000253,24/11/2025,App
TRX00005845,PRD001287,CLI000287,26/12/2024,Agencia
TRX00005846,PRD001295,CLI000479,17/01/2024,Agencia
TRX00005847,PRD001654,CLI000212,15/02/2014,App
TRX00005848,PRD001840,CLI000796,08/03/2015,App
TRX00005849,PRD001809,CLI000809,10/06/2018,Agencia
TRX00005850,PRD001843,CLI000172,01/02/2026,App
TRX00005851,PRD000308,CLI000891,30/11/2015,App
TRX00005852,PRD000009,CLI000247,19/10/2022,App
TRX00005853,PRD001083,CLI000083,09/03/2017,App
TRX00005854,PRD000112,CLI000112,03/03/2013,App
TRX00005855,PRD001489,CLI000859,13/03/2026,App
TRX00005856,PRD000433,CLI000433,20/11/2017,App
TRX00005857,PRD000065,CLI000173,12/02/2026,App
TRX00005858,PRD001919,CLI000374,02/05/2026,App
TRX00005859,PRD000124,CLI000124,22/04/2015,App
TRX00005860,PRD000642,CLI000810,02/03/2025,App
TRX00005861,PRD000597,CLI000461,08/05/2025,Agencia
TRX00005862,PRD000589,CLI000589,09/09/2024,App
TRX00005863,PRD000600,CLI000942,12/08/2014,App
TRX00005864,PRD001117,CLI000590,29/10/2024,App
TRX00005865,PRD001796,CLI000624,15/10/2011,App
TRX00005866,PRD000215,CLI000660,01/10/2022,Agencia
TRX00005867,PRD001271,CLI000872,04/08/2026,Agencia
TRX00005868,PRD001084,CLI000389,27/05/2025,App
TRX00005869,PRD000563,CLI000563,27/03/2026,App
TRX00005870,PRD000466,CLI000362,01/08/2019,App
TRX00005871,PRD000950,CLI000950,21/04/2022,App
TRX00005872,PRD001403,CLI000803,17/03/2024,App
TRX00005873,PRD001320,CLI000829,01/07/2025,Agencia
TRX00005874,PRD000458,CLI000239,10/12/2024,App
TRX00005875,PRD001174,CLI000941,27/04/2020,App
TRX00005876,PRD000319,CLI000212,04/04/2020,Agencia
TRX00005877,PRD000044,CLI000044,22/07/2024,App
TRX00005878,PRD000627,CLI000376,12/03/2024,App
TRX00005879,PRD001443,CLI000249,11/04/2022,App
TRX00005880,PRD000198,CLI000481,27/07/2024,Agencia
TRX00005881,PRD001920,CLI000212,28/05/2025,App
TRX00005882,PRD001822,CLI000966,04/06/2021,Agencia
TRX00005883,PRD000329,CLI000482,26/09/2025,App
TRX00005884,PRD000154,CLI000154,26/07/2026,Agencia
TRX00005885,PRD001950,CLI000950,19/07/2024,Agencia
TRX00005886,PRD000805,CLI000805,13/05/2019,App
TRX00005887,PRD001817,CLI000650,20/08/2024,App
TRX00005888,PRD001922,CLI000001,29/11/2021,Agencia
TRX00005889,PRD000198,CLI000929,15/03/2023,App
TRX00005890,PRD000826,CLI000826,25/05/2021,App
TRX00005891,PRD001581,CLI000256,07/12/2025,Agencia
TRX00005892,PRD001000,CLI000918,30/03/2020,App
TRX00005893,PRD001917,CLI000837,15/02/2021,Agencia
TRX00005894,PRD000241,CLI000647,27/01/2026,App
TRX00005895,PRD000848,CLI000313,20/11/2022,App
TRX00005896,PRD000134,CLI000957,25/11/2022,Agencia
TRX00005897,PRD001902,CLI000496,11/01/2016,App
TRX00005898,PRD000503,CLI000428,01/12/2022,App
TRX00005899,PRD000942,CLI000031,11/10/2022,Agencia
TRX00005900,PRD000258,CLI000938,06/02/2026,Agencia
TRX00005901,PRD001747,CLI000567,28/10/2019,App
TRX00005902,PRD001140,CLI000892,17/08/2020,App
TRX00005903,PRD000899,CLI000899,18/04/2025,App
TRX00005904,PRD000904,CLI000904,28/06/2024,App
TRX00005905,PRD001141,CLI000160,28/09/2024,App
TRX00005906,PRD001510,CLI000404,05/07/2025,App
TRX00005907,PRD001081,CLI000392,04/02/2020,App
TRX00005908,PRD000071,CLI000680,22/01/2025,App
TRX00005909,PRD001343,CLI000495,10/01/2013,App
TRX00005910,PRD000522,CLI000893,20/06/2020,Agencia
TRX00005911,PRD001510,CLI000920,13/10/2019,App
TRX00005912,PRD000336,CLI000570,02/11/2023,App
TRX00005913,PRD001352,CLI000352,21/10/2019,App
TRX00005914,PRD001127,CLI000463,20/11/2021,App
TRX00005915,PRD000780,CLI000185,19/06/2026,App
TRX00005916,PRD001029,CLI000388,08/06/2026,App
TRX00005917,PRD000586,CLI000191,08/12/2018,App
TRX00005918,PRD001993,CLI000333,19/12/2020,App
TRX00005919,PRD000453,CLI000102,13/08/2025,Agencia
TRX00005920,PRD001668,CLI000668,05/05/2025,App
TRX00005921,PRD001256,CLI000019,30/03/2026,Agencia
TRX00005922,PRD001277,CLI000889,08/01/2026,App
TRX00005923,PRD000036,CLI000103,31/01/2026,App
TRX00005924,PRD001917,CLI000917,27/03/2026,App
TRX00005925,PRD000812,CLI000008,07/03/2024,App
TRX00005926,PRD000185,CLI000721,09/03/2016,App
TRX00005927,PRD001627,CLI000309,20/07/2026,Agencia
TRX00005928,PRD000835,CLI000835,28/05/2025,App
TRX00005929,PRD001742,CLI000472,25/04/2012,App
TRX00005930,PRD001948,CLI000887,11/11/2015,App
TRX00005931,PRD001246,CLI000330,02/02/2026,App
TRX00005932,PRD000057,CLI000350,23/03/2026,Agencia
TRX00005933,PRD001993,CLI000130,18/08/2019,App
TRX00005934,PRD001557,CLI000866,23/06/2021,App
TRX00005935,PRD000211,CLI000656,13/03/2025,Agencia
TRX00005936,PRD000361,CLI000136,26/03/2024,App
TRX00005937,PRD000051,CLI000051,29/01/2026,Agencia
TRX00005938,PRD001292,CLI000027,25/04/2026,App
TRX00005939,PRD001633,CLI000286,08/07/2026,App
TRX00005940,PRD001211,CLI000168,27/09/2023,App
TRX00005941,PRD000150,CLI000150,21/04/2018,App
TRX00005942,PRD001209,CLI000209,22/12/2025,App
TRX00005943,PRD000094,CLI000762,25/09/2025,App
TRX00005944,PRD001213,CLI000912,10/08/2022,App
TRX00005945,PRD001046,CLI000170,20/08/2026,App
TRX00005946,PRD001536,CLI000649,04/06/2019,Agencia
TRX00005947,PRD000872,CLI000782,15/11/2023,App
TRX00005948,PRD001336,CLI000897,31/12/2023,App
TRX00005949,PRD001108,CLI000924,20/06/2025,App
TRX00005950,PRD000007,CLI000055,25/05/2015,App
TRX00005951,PRD000998,CLI000107,21/04/2023,App
TRX00005952,PRD000948,CLI000617,26/07/2021,Agencia
TRX00005953,PRD001785,CLI000902,18/02/2025,Agencia
TRX00005954,PRD000746,CLI000361,16/04/2024,App
TRX00005955,PRD000387,CLI000320,02/11/2020,Agencia
TRX00005956,PRD001648,CLI000717,26/04/2022,Agencia
TRX00005957,PRD000908,CLI000908,19/10/2019,App
TRX00005958,PRD001205,CLI000830,13/02/2015,Agencia
TRX00005959,PRD001542,CLI000921,13/08/2026,App
TRX00005960,PRD000716,CLI000781,01/10/2016,App
TRX00005961,PRD000444,CLI000335,17/04/2021,App
TRX00005962,PRD001176,CLI000176,08/09/2025,App
TRX00005963,PRD001211,CLI000211,30/11/2024,Agencia
TRX00005964,PRD001946,CLI000844,17/11/2017,Agencia
TRX00005965,PRD001714,CLI000964,11/02/2026,App
TRX00005966,PRD000109,CLI000040,27/03/2026,Agencia
TRX00005967,PRD000046,CLI000582,08/05/2023,App
TRX00005968,PRD000588,CLI000770,24/03/2026,App
TRX00005969,PRD001001,CLI000933,23/06/2022,App
TRX00005970,PRD000286,CLI000106,19/02/2016,App
TRX00005971,PRD000582,CLI000637,10/06/2015,Agencia
TRX00005972,PRD001447,CLI000447,18/05/2023,Agencia
TRX00005973,PRD001438,CLI000773,21/07/2017,Agencia
TRX00005974,PRD001940,CLI000764,22/05/2019,App
TRX00005975,PRD001828,CLI000795,20/11/2014,App
TRX00005976,PRD001838,CLI000135,13/05/2021,Agencia
TRX00005977,PRD000610,CLI000291,07/06/2025,App
TRX00005978,PRD001020,CLI000497,24/02/2020,App
TRX00005979,PRD001085,CLI000953,14/03/2026,App
TRX00005980,PRD001406,CLI000406,31/05/2017,App
TRX00005981,PRD001585,CLI000145,09/11/2021,App
TRX00005982,PRD001636,CLI000648,12/10/2021,App
TRX00005983,PRD000907,CLI000907,24/09/2021,App
TRX00005984,PRD001777,CLI000777,06/03/2021,App
TRX00005985,PRD001706,CLI000498,31/01/2026,App
TRX00005986,PRD001572,CLI000572,25/09/2023,App
TRX00005987,PRD000528,CLI000528,13/03/2024,App
TRX00005988,PRD001581,CLI000317,01/07/2026,App
TRX00005989,PRD001342,CLI000342,26/02/2017,App
TRX00005990,PRD001766,CLI000766,22/03/2020,App
TRX00005991,PRD001588,CLI000958,06/05/2024,App
TRX00005992,PRD000673,CLI000964,01/01/2026,Agencia
TRX00005993,PRD001132,CLI000132,10/10/2024,Agencia
TRX00005994,PRD000422,CLI000781,28/01/2024,App
TRX00005995,PRD001465,CLI000829,23/11/2025,App
TRX00005996,PRD001745,CLI000745,30/08/2024,App
TRX00005997,PRD000922,CLI000064,15/02/2021,App
TRX00005998,PRD001411,CLI000525,12/09/2023,App
TRX00005999,PRD001230,CLI000083,23/04/2018,App
TRX00006000,PRD000465,CLI000465,22/02/2015,App
TRX00006001,PRD000168,CLI000153,10/05/2026,App
TRX00006002,PRD001871,CLI000490,19/04/2026,App
TRX00006003,PRD000923,CLI000687,30/04/2026,App
TRX00006004,PRD001879,CLI000747,18/12/2016,App
TRX00006005,PRD001948,CLI000752,26/03/2025,App
TRX00006006,PRD000641,CLI000641,14/10/2018,App
TRX00006007,PRD001941,CLI000519,21/12/2023,App
TRX00006008,PRD001127,CLI000305,30/11/2025,Agencia
TRX00006009,PRD000570,CLI000799,20/08/2019,App
TRX00006010,PRD000349,CLI000852,11/10/2020,App
TRX00006011,PRD001557,CLI000094,11/11/2017,Agencia
TRX00006012,PRD001920,CLI000281,12/01/2025,App
TRX00006013,PRD001954,CLI000193,13/11/2025,App
TRX00006014,PRD000272,CLI000634,25/02/2025,App
TRX00006015,PRD001031,CLI000164,30/01/2026,Agencia
TRX00006016,PRD000749,CLI000832,02/12/2016,App
TRX00006017,PRD001435,CLI000164,19/05/2025,App
TRX00006018,PRD001885,CLI000885,27/06/2025,App
TRX00006019,PRD000161,CLI000594,10/02/2025,App
TRX00006020,PRD000351,CLI000351,30/04/2024,App
TRX00006021,PRD000376,CLI000936,20/05/2026,App
TRX00006022,PRD000919,CLI000903,17/07/2022,App
TRX00006023,PRD001606,CLI000606,29/05/2026,Agencia
TRX00006024,PRD001616,CLI000089,28/02/2015,App
TRX00006025,PRD000032,CLI000353,08/04/2018,App
TRX00006026,PRD001907,CLI000478,28/02/2023,App
TRX00006027,PRD001263,CLI000652,12/09/2024,App
TRX00006028,PRD001946,CLI000932,30/11/2021,App
TRX00006029,PRD000349,CLI000752,16/12/2025,App
TRX00006030,PRD001127,CLI000127,11/05/2019,Agencia
TRX00006031,PRD000308,CLI000697,21/10/2017,Agencia
TRX00006032,PRD000279,CLI000784,09/10/2023,App
TRX00006033,PRD001706,CLI000706,16/07/2026,Agencia
TRX00006034,PRD000313,CLI000313,05/04/2026,App
TRX00006035,PRD001653,CLI000893,04/11/2013,App
TRX00006036,PRD001086,CLI000086,15/11/2022,App
TRX00006037,PRD001461,CLI000116,02/05/2017,App
TRX00006038,PRD001268,CLI000291,21/08/2025,App
TRX00006039,PRD000288,CLI000108,17/09/2022,Agencia
TRX00006040,PRD000039,CLI000150,11/12/2019,App
TRX00006041,PRD000780,CLI000918,23/03/2026,App
TRX00006042,PRD001281,CLI000865,01/01/2024,App
TRX00006043,PRD000630,CLI000499,19/03/2018,App
TRX00006044,PRD001447,CLI000173,09/08/2025,Agencia
TRX00006045,PRD001341,CLI000341,09/07/2019,Agencia
TRX00006046,PRD000453,CLI000602,20/01/2024,Agencia
TRX00006047,PRD000558,CLI000353,08/02/2020,App
TRX00006048,PRD000685,CLI000538,23/01/2016,App
TRX00006049,PRD000437,CLI000194,21/05/2023,App
TRX00006050,PRD001585,CLI000696,02/05/2017,App
TRX00006051,PRD001310,CLI000854,26/03/2011,App
TRX00006052,PRD001630,CLI000994,31/12/2025,Agencia
TRX00006053,PRD001224,CLI000039,12/04/2017,App
TRX00006054,PRD000547,CLI000865,10/04/2023,Agencia
TRX00006055,PRD001650,CLI000090,21/07/2026,Agencia
TRX00006056,PRD000869,CLI000570,21/05/2023,App
TRX00006057,PRD000860,CLI000860,05/08/2026,Agencia
TRX00006058,PRD001774,CLI000371,10/06/2026,App
TRX00006059,PRD000522,CLI000110,21/10/2020,App
TRX00006060,PRD001340,CLI000627,11/03/2025,Agencia
TRX00006061,PRD000559,CLI000401,21/06/2018,App
TRX00006062,PRD000877,CLI000011,23/11/2017,App
TRX00006063,PRD001679,CLI000252,07/01/2013,Agencia
TRX00006064,PRD001065,CLI000065,22/04/2023,App
TRX00006065,PRD000596,CLI000955,06/02/2014,App
TRX00006066,PRD001649,CLI000325,11/10/2025,Agencia
TRX00006067,PRD000291,CLI000291,11/04/2026,App
TRX00006068,PRD001062,CLI000062,25/06/2017,Agencia
TRX00006069,PRD001959,CLI000843,15/08/2026,App
TRX00006070,PRD001957,CLI000957,13/04/2025,App
TRX00006071,PRD000902,CLI000213,29/05/2023,Agencia
TRX00006072,PRD001535,CLI000074,07/07/2025,App
TRX00006073,PRD001541,CLI000240,04/10/2017,App
TRX00006074,PRD001985,CLI000163,05/11/2019,App
TRX00006075,PRD000073,CLI000073,15/02/2022,App
TRX00006076,PRD001997,CLI000373,23/10/2025,App
TRX00006077,PRD000705,CLI000257,09/12/2021,App
TRX00006078,PRD000784,CLI000894,29/07/2022,App
TRX00006079,PRD001570,CLI000570,04/10/2019,Agencia
TRX00006080,PRD000391,CLI000617,12/07/2020,App
TRX00006081,PRD001997,CLI000997,16/10/2023,App
TRX00006082,PRD000979,CLI000979,18/12/2024,App
TRX00006083,PRD001465,CLI000399,28/06/2023,App
TRX00006084,PRD001137,CLI000245,17/02/2025,Agencia
TRX00006085,PRD001388,CLI000952,30/08/2018,Agencia
TRX00006086,PRD000360,CLI000302,04/01/2025,Agencia
TRX00006087,PRD000361,CLI000361,25/01/2025,App
TRX00006088,PRD000473,CLI000222,13/02/2022,App
TRX00006089,PRD001847,CLI000161,05/08/2019,App
TRX00006090,PRD000078,CLI000411,29/10/2023,App
TRX00006091,PRD000831,CLI000958,19/11/2022,App
TRX00006092,PRD001909,CLI000362,02/08/2020,Agencia
TRX00006093,PRD000585,CLI000585,16/04/2025,App
TRX00006094,PRD001305,CLI000911,13/10/2023,App
TRX00006095,PRD000478,CLI000818,05/07/2021,App
TRX00006096,PRD001984,CLI000979,26/12/2024,App
TRX00006097,PRD001411,CLI000538,29/10/2024,App
TRX00006098,PRD001075,CLI000990,24/10/2023,App
TRX00006099,PRD000394,CLI000143,24/05/2025,App
TRX00006100,PRD001629,CLI000609,26/12/2022,Agencia
TRX00006101,PRD001018,CLI000967,27/08/2022,Agencia
TRX00006102,PRD001138,CLI000138,01/06/2026,App
TRX00006103,PRD000787,CLI000093,07/08/2024,Agencia
TRX00006104,PRD000041,CLI000319,04/05/2024,Agencia
TRX00006105,PRD000932,CLI000745,06/01/2025,App
TRX00006106,PRD001593,CLI000305,16/09/2019,App
TRX00006107,PRD001102,CLI000581,10/11/2022,App
TRX00006108,PRD001252,CLI000314,14/07/2014,Agencia
TRX00006109,PRD000756,CLI000921,17/08/2026,Agencia
TRX00006110,PRD000998,CLI000940,26/06/2019,App
TRX00006111,PRD000749,CLI000521,11/08/2016,App
TRX00006112,PRD001943,CLI000048,23/11/2025,App
TRX00006113,PRD001344,CLI000996,20/01/2024,App
TRX00006114,PRD001390,CLI000162,08/12/2024,App
TRX00006115,PRD001203,CLI000809,03/07/2023,App
TRX00006116,PRD001346,CLI000346,05/10/2018,App
TRX00006117,PRD000694,CLI000127,26/03/2020,Agencia
TRX00006118,PRD001157,CLI000922,27/04/2025,App
TRX00006119,PRD001749,CLI000749,23/12/2019,App
TRX00006120,PRD000740,CLI000446,08/04/2023,App
TRX00006121,PRD000301,CLI000554,28/05/2022,App
TRX00006122,PRD000390,CLI000390,01/12/2024,App
TRX00006123,PRD000431,CLI000302,25/05/2026,App
TRX00006124,PRD000593,CLI000032,15/05/2018,App
TRX00006125,PRD000424,CLI000424,30/06/2026,Agencia
TRX00006126,PRD000179,CLI000994,17/07/2023,App
TRX00006127,PRD001888,CLI000586,31/05/2025,Agencia
TRX00006128,PRD001482,CLI000270,21/01/2026,Agencia
TRX00006129,PRD001627,CLI000645,20/12/2016,App
TRX00006130,PRD000012,CLI000564,24/11/2021,App
TRX00006131,PRD001083,CLI000756,06/02/2025,Agencia
TRX00006132,PRD001381,CLI000738,28/02/2026,Agencia
TRX00006133,PRD000183,CLI000095,14/10/2025,Agencia
TRX00006134,PRD001157,CLI000125,01/05/2016,Agencia
TRX00006135,PRD000293,CLI000711,02/11/2025,Agencia
TRX00006136,PRD001589,CLI000619,23/12/2017,App
TRX00006137,PRD000410,CLI000133,28/12/2024,App
TRX00006138,PRD000268,CLI000548,11/09/2020,App
TRX00006139,PRD001130,CLI000021,15/08/2022,App
TRX00006140,PRD000960,CLI000985,08/01/2026,App
TRX00006141,PRD000544,CLI000737,24/10/2025,App
TRX00006142,PRD000976,CLI000188,10/08/2019,Agencia
TRX00006143,PRD001406,CLI000759,18/05/2026,App
TRX00006144,PRD001653,CLI000741,13/08/2026,App
TRX00006145,PRD000421,CLI000219,30/07/2026,App
TRX00006146,PRD001763,CLI000921,18/08/2026,App
TRX00006147,PRD000525,CLI000730,03/10/2023,App
TRX00006148,PRD000296,CLI000296,13/11/2018,App
TRX00006149,PRD000110,CLI000490,08/10/2025,App
TRX00006150,PRD001206,CLI000713,12/06/2024,Agencia
TRX00006151,PRD001367,CLI000367,07/05/2026,App
TRX00006152,PRD000417,CLI000417,06/08/2019,Agencia
TRX00006153,PRD001292,CLI000292,27/02/2026,App
TRX00006154,PRD001175,CLI000352,20/09/2023,App
TRX00006155,PRD001270,CLI000684,02/12/2023,Agencia
TRX00006156,PRD000927,CLI000286,08/01/2022,App
TRX00006157,PRD000988,CLI000156,15/06/2024,App
TRX00006158,PRD000717,CLI000717,17/04/2021,App
TRX00006159,PRD001299,CLI000747,27/03/2023,App
TRX00006160,PRD001158,CLI000266,22/04/2025,Agencia
TRX00006161,PRD001939,CLI000939,22/07/2026,App
TRX00006162,PRD000573,CLI000450,04/02/2023,App
TRX00006163,PRD000302,CLI000266,24/08/2018,Agencia
TRX00006164,PRD001585,CLI000007,20/10/2023,App
TRX00006165,PRD001115,CLI000655,22/10/2018,App
TRX00006166,PRD000265,CLI001000,27/10/2023,App
TRX00006167,PRD000573,CLI000565,24/10/2018,App
TRX00006168,PRD000046,CLI000028,24/10/2024,Agencia
TRX00006169,PRD001680,CLI000526,24/01/2026,Agencia
TRX00006170,PRD001565,CLI000749,01/11/2016,App
TRX00006171,PRD000212,CLI000814,18/08/2024,Agencia
TRX00006172,PRD001301,CLI000348,22/06/2021,App
TRX00006173,PRD001711,CLI000196,28/12/2024,App
TRX00006174,PRD000545,CLI000545,06/07/2024,Agencia
TRX00006175,PRD001498,CLI000819,25/09/2021,Agencia
TRX00006176,PRD001408,CLI000025,10/06/2026,App
TRX00006177,PRD001983,CLI000781,22/09/2023,App
TRX00006178,PRD000424,CLI000395,17/11/2024,App
TRX00006179,PRD001507,CLI000507,17/04/2023,App
TRX00006180,PRD001776,CLI000155,17/12/2022,Agencia
TRX00006181,PRD000556,CLI000556,07/05/2026,App
TRX00006182,PRD000273,CLI000438,26/06/2017,Agencia
TRX00006183,PRD000078,CLI000150,03/05/2026,App
TRX00006184,PRD000799,CLI000870,03/07/2025,App
TRX00006185,PRD000697,CLI000405,13/10/2011,Agencia
TRX00006186,PRD001431,CLI000751,18/08/2018,App
TRX00006187,PRD000366,CLI000203,07/02/2024,App
TRX00006188,PRD000392,CLI000427,16/04/2026,Agencia
TRX00006189,PRD000471,CLI000648,09/11/2022,Agencia
TRX00006190,PRD001151,CLI000423,01/06/2025,Agencia
TRX00006191,PRD001866,CLI000612,12/08/2020,App
TRX00006192,PRD001928,CLI000576,14/08/2023,App
TRX00006193,PRD000606,CLI000196,26/07/2016,App
TRX00006194,PRD000485,CLI000067,04/11/2024,App
TRX00006195,PRD001900,CLI000016,02/01/2018,App
TRX00006196,PRD001776,CLI000547,07/01/2024,Agencia
TRX00006197,PRD001492,CLI000899,19/06/2021,Agencia
TRX00006198,PRD000436,CLI000520,06/09/2023,App
TRX00006199,PRD000666,CLI000698,31/03/2018,App
TRX00006200,PRD001021,CLI000748,14/07/2025,Agencia
TRX00006201,PRD000459,CLI000431,07/08/2024,App
TRX00006202,PRD001339,CLI000537,18/08/2018,App
TRX00006203,PRD001684,CLI000351,14/02/2024,App
TRX00006204,PRD001407,CLI000410,20/08/2020,Agencia
TRX00006205,PRD000833,CLI000996,08/03/2026,App
TRX00006206,PRD000437,CLI000491,06/08/2023,App
TRX00006207,PRD001282,CLI000338,29/07/2019,App
TRX00006208,PRD001897,CLI000962,09/05/2017,Agencia
TRX00006209,PRD001630,CLI000630,16/04/2024,App
TRX00006210,PRD001471,CLI000471,21/11/2024,App
TRX00006211,PRD001377,CLI000966,06/09/2024,Agencia
TRX00006212,PRD000194,CLI000365,03/01/2026,Agencia
TRX00006213,PRD000365,CLI000921,23/07/2026,App
TRX00006214,PRD001819,CLI000310,16/09/2025,App
TRX00006215,PRD001221,CLI000828,07/12/2024,App
TRX00006216,PRD000634,CLI000634,16/05/2025,Agencia
TRX00006217,PRD000822,CLI000822,26/02/2024,App
TRX00006218,PRD001390,CLI000210,01/01/2011,Agencia
TRX00006219,PRD001467,CLI000041,15/08/2025,Agencia
TRX00006220,PRD000286,CLI000716,21/09/2020,App
TRX00006221,PRD000271,CLI000383,08/01/2026,App
TRX00006222,PRD001722,CLI000052,22/07/2021,App
TRX00006223,PRD000688,CLI000298,27/09/2024,App
TRX00006224,PRD001732,CLI000127,17/09/2021,App
TRX00006225,PRD001436,CLI000877,30/06/2024,App
TRX00006226,PRD001298,CLI000655,29/11/2019,App
TRX00006227,PRD001243,CLI000943,01/02/2024,Agencia
TRX00006228,PRD001125,CLI000125,23/12/2016,App
TRX00006229,PRD001895,CLI000434,06/01/2024,App
TRX00006230,PRD001856,CLI000502,18/08/2025,Agencia
TRX00006231,PRD001485,CLI000488,03/05/2024,Agencia
TRX00006232,PRD000006,CLI000089,20/05/2016,App
TRX00006233,PRD000360,CLI000360,27/07/2021,Agencia
TRX00006234,PRD001682,CLI000637,25/05/2018,App
TRX00006235,PRD001064,CLI000954,20/02/2025,App
TRX00006236,PRD000718,CLI000841,28/03/2016,App
TRX00006237,PRD001380,CLI000771,20/12/2022,Agencia
TRX00006238,PRD001309,CLI000309,09/07/2022,App
TRX00006239,PRD001432,CLI000024,14/03/2015,App
TRX00006240,PRD001188,CLI000496,18/09/2025,App
TRX00006241,PRD000195,CLI000037,13/08/2026,App
TRX00006242,PRD000619,CLI000619,02/07/2019,App
TRX00006243,PRD001652,CLI000624,17/11/2020,App
TRX00006244,PRD000647,CLI000647,13/01/2026,App
TRX00006245,PRD000699,CLI000777,30/03/2022,Agencia
TRX00006246,PRD001072,CLI000488,16/04/2023,App
TRX00006247,PRD000207,CLI000066,29/06/2016,App
TRX00006248,PRD001049,CLI000992,26/02/2024,App
TRX00006249,PRD001537,CLI000957,29/04/2023,Agencia
TRX00006250,PRD001256,CLI000256,14/07/2024,App
TRX00006251,PRD001028,CLI000515,21/04/2026,App
TRX00006252,PRD000479,CLI000377,05/11/2017,App
TRX00006253,PRD000908,CLI000588,14/09/2024,App
TRX00006254,PRD000596,CLI000774,09/06/2024,App
TRX00006255,PRD001000,CLI000070,09/03/2026,App
TRX00006256,PRD000432,CLI000272,06/06/2021,Agencia
TRX00006257,PRD001511,CLI000482,26/09/2025,App
TRX00006258,PRD001717,CLI000418,24/08/2025,Agencia
TRX00006259,PRD000227,CLI000227,29/11/2024,Agencia
TRX00006260,PRD000360,CLI000338,28/06/2022,Agencia
TRX00006261,PRD000635,CLI000518,04/04/2026,App
TRX00006262,PRD001784,CLI000583,24/08/2025,App
TRX00006263,PRD001987,CLI000400,10/01/2024,App
TRX00006264,PRD001102,CLI000736,22/05/2023,App
TRX00006265,PRD001989,CLI000888,27/05/2025,Agencia
TRX00006266,PRD000924,CLI000924,19/11/2025,App
TRX00006267,PRD001444,CLI000439,10/03/2025,App
TRX00006268,PRD000743,CLI000415,26/04/2018,Agencia
TRX00006269,PRD000630,CLI000630,30/06/2017,App
TRX00006270,PRD000690,CLI000978,30/03/2025,App
TRX00006271,PRD000417,CLI000209,11/01/2026,Agencia
TRX00006272,PRD000801,CLI000801,24/05/2026,Agencia
TRX00006273,PRD000888,CLI000966,05/02/2022,App
TRX00006274,PRD001326,CLI000916,16/08/2022,App
TRX00006275,PRD001428,CLI000454,21/06/2026,App
TRX00006276,PRD000582,CLI000363,11/11/2024,App
TRX00006277,PRD001816,CLI000808,14/02/2026,App
TRX00006278,PRD000506,CLI000352,12/02/2016,App
TRX00006279,PRD001052,CLI000450,21/03/2025,App
TRX00006280,PRD001962,CLI000527,26/07/2025,App
TRX00006281,PRD001266,CLI000673,20/03/2018,App
TRX00006282,PRD001336,CLI000193,24/03/2020,App
TRX00006283,PRD001795,CLI000795,29/10/2024,App
TRX00006284,PRD000237,CLI000832,19/04/2022,App
TRX00006285,PRD000594,CLI000267,26/01/2025,Agencia
TRX00006286,PRD000808,CLI000036,08/09/2025,Agencia
TRX00006287,PRD000884,CLI000416,06/03/2024,App
TRX00006288,PRD000142,CLI000388,05/05/2026,App
TRX00006289,PRD000012,CLI000529,04/01/2022,App
TRX00006290,PRD001500,CLI000262,17/02/2024,App
TRX00006291,PRD001889,CLI000142,19/04/2026,Agencia
TRX00006292,PRD000709,CLI000242,09/01/2024,Agencia
TRX00006293,PRD001750,CLI000004,25/11/2019,Agencia
TRX00006294,PRD001965,CLI000029,30/01/2024,App
TRX00006295,PRD001780,CLI000490,10/04/2026,Agencia
TRX00006296,PRD001696,CLI000355,23/07/2023,App
TRX00006297,PRD000005,CLI000324,04/06/2025,App
TRX00006298,PRD000263,CLI000197,15/05/2023,App
TRX00006299,PRD001137,CLI000152,16/07/2024,App
TRX00006300,PRD001720,CLI000672,03/09/2021,App
TRX00006301,PRD001487,CLI000487,13/02/2013,App
TRX00006302,PRD000767,CLI000775,14/05/2026,App
TRX00006303,PRD000157,CLI000157,06/02/2025,Agencia
TRX00006304,PRD000902,CLI000942,30/12/2025,App
TRX00006305,PRD000225,CLI000435,14/06/2015,Agencia
TRX00006306,PRD001754,CLI000898,29/04/2015,App
TRX00006307,PRD001331,CLI000602,23/06/2020,Agencia
TRX00006308,PRD000445,CLI000988,02/05/2026,App
TRX00006309,PRD001705,CLI000705,05/09/2021,App
TRX00006310,PRD001000,CLI000453,12/06/2015,Agencia
TRX00006311,PRD001401,CLI000401,08/03/2018,Agencia
TRX00006312,PRD000899,CLI000509,14/11/2024,App
TRX00006313,PRD000069,CLI000273,21/03/2016,App
TRX00006314,PRD001426,CLI000469,05/08/2026,App
TRX00006315,PRD001829,CLI000829,02/01/2026,App
TRX00006316,PRD001208,CLI000208,19/09/2019,App
TRX00006317,PRD000670,CLI000738,11/07/2023,App
TRX00006318,PRD001434,CLI000906,24/04/2016,App
TRX00006319,PRD001198,CLI000198,08/11/2023,App
TRX00006320,PRD001648,CLI000498,30/06/2023,App
TRX00006321,PRD000778,CLI000647,16/03/2026,App
TRX00006322,PRD000215,CLI000763,12/06/2026,App
TRX00006323,PRD000473,CLI000559,16/03/2026,App
TRX00006324,PRD001863,CLI000995,14/04/2024,Agencia
TRX00006325,PRD000280,CLI000505,27/07/2022,Agencia
TRX00006326,PRD000292,CLI000292,17/03/2026,App
TRX00006327,PRD001872,CLI000050,11/12/2018,Agencia
TRX00006328,PRD000148,CLI000030,21/04/2026,App
TRX00006329,PRD000303,CLI000653,13/11/2020,App
TRX00006330,PRD000255,CLI000185,29/12/2025,App
TRX00006331,PRD000255,CLI000255,20/07/2023,Agencia
TRX00006332,PRD000874,CLI000577,11/01/2018,App
TRX00006333,PRD000981,CLI000702,06/08/2021,Agencia
TRX00006334,PRD000362,CLI000313,28/12/2023,App
TRX00006335,PRD000270,CLI000423,15/05/2024,Agencia
TRX00006336,PRD000967,CLI000615,13/11/2018,Agencia
TRX00006337,PRD000146,CLI000576,22/12/2025,App
TRX00006338,PRD000167,CLI000752,05/10/2019,App
TRX00006339,PRD001901,CLI000901,13/09/2020,App
TRX00006340,PRD000408,CLI000408,05/12/2025,App
TRX00006341,PRD000482,CLI000482,01/07/2024,App
TRX00006342,PRD001086,CLI000451,13/10/2020,Agencia
TRX00006343,PRD001827,CLI000069,12/01/2025,Agencia
TRX00006344,PRD001590,CLI000975,31/12/2011,App
TRX00006345,PRD001882,CLI000044,10/09/2024,App
TRX00006346,PRD001684,CLI000121,11/07/2026,App
TRX00006347,PRD001769,CLI000769,26/06/2022,App
TRX00006348,PRD001873,CLI000488,19/05/2019,App
TRX00006349,PRD001864,CLI000134,12/02/2024,Agencia
TRX00006350,PRD000109,CLI000443,08/06/2019,App
TRX00006351,PRD001272,CLI000497,19/07/2019,App
TRX00006352,PRD000371,CLI000821,12/07/2021,Agencia
TRX00006353,PRD001523,CLI000287,19/01/2012,App
TRX00006354,PRD001040,CLI000040,12/10/2025,Agencia
TRX00006355,PRD000128,CLI000128,10/02/2026,App
TRX00006356,PRD001428,CLI000123,30/09/2014,Agencia
TRX00006357,PRD000709,CLI000709,09/09/2019,Agencia
TRX00006358,PRD001702,CLI000835,09/02/2026,App
TRX00006359,PRD001209,CLI000098,11/03/2021,App
TRX00006360,PRD001101,CLI000101,29/11/2024,App
TRX00006361,PRD001674,CLI000096,09/08/2013,App
TRX00006362,PRD000739,CLI000427,12/07/2024,App
TRX00006363,PRD000570,CLI000506,15/01/2024,Agencia
TRX00006364,PRD000863,CLI000422,13/04/2025,Agencia
TRX00006365,PRD001867,CLI000621,21/08/2025,App
TRX00006366,PRD000143,CLI000356,26/11/2019,App
TRX00006367,PRD001590,CLI000363,28/10/2024,App
TRX00006368,PRD001758,CLI000034,27/05/2025,App
TRX00006369,PRD000229,CLI000193,20/05/2026,Agencia
TRX00006370,PRD001799,CLI000799,05/08/2025,App
TRX00006371,PRD000451,CLI000275,18/01/2026,App
TRX00006372,PRD001565,CLI000830,19/09/2017,App
TRX00006373,PRD000110,CLI000110,14/06/2021,Agencia
TRX00006374,PRD000461,CLI000445,15/08/2026,App
TRX00006375,PRD000188,CLI000188,02/04/2019,App
TRX00006376,PRD000386,CLI000594,13/03/2025,App
TRX00006377,PRD001812,CLI000812,21/04/2025,Agencia
TRX00006378,PRD000786,CLI000289,22/08/2021,App
TRX00006379,PRD001948,CLI000998,14/04/2024,Agencia
TRX00006380,PRD000944,CLI000301,13/04/2015,App
TRX00006381,PRD001510,CLI000506,07/07/2026,App
TRX00006382,PRD001480,CLI000576,02/03/2022,App
TRX00006383,PRD001733,CLI000037,06/06/2026,App
TRX00006384,PRD001911,CLI000799,27/07/2025,App
TRX00006385,PRD001621,CLI000742,14/04/2023,App
TRX00006386,PRD000355,CLI000519,19/07/2024,App
TRX00006387,PRD001629,CLI000577,20/01/2026,App
TRX00006388,PRD001581,CLI000581,03/12/2023,App
TRX00006389,PRD001293,CLI000192,12/07/2019,App
TRX00006390,PRD001112,CLI000277,16/07/2020,App
TRX00006391,PRD001998,CLI000655,08/01/2021,App
TRX00006392,PRD000850,CLI000022,21/04/2025,App
TRX00006393,PRD001185,CLI000185,10/04/2026,Agencia
TRX00006394,PRD000637,CLI000637,06/09/2025,App
TRX00006395,PRD000583,CLI000196,06/11/2025,App
TRX00006396,PRD001297,CLI000598,02/05/2014,Agencia
TRX00006397,PRD001009,CLI000221,06/02/2022,App
TRX00006398,PRD001506,CLI000970,25/03/2026,App
TRX00006399,PRD000655,CLI000199,20/04/2026,App
TRX00006400,PRD000787,CLI000685,15/04/2026,App
TRX00006401,PRD001851,CLI000851,26/06/2026,App
TRX00006402,PRD000274,CLI000372,02/05/2024,App
TRX00006403,PRD000634,CLI000945,19/09/2025,App
TRX00006404,PRD000732,CLI000030,18/06/2026,App
TRX00006405,PRD001063,CLI000063,05/12/2025,Agencia
TRX00006406,PRD001204,CLI000055,13/03/2019,App
TRX00006407,PRD000988,CLI000988,01/02/2026,Agencia
TRX00006408,PRD001947,CLI000947,10/05/2026,App
TRX00006409,PRD000537,CLI000166,21/10/2025,App
TRX00006410,PRD000254,CLI000247,28/09/2021,Agencia
TRX00006411,PRD000633,CLI000591,19/02/2020,App
TRX00006412,PRD000935,CLI000971,08/12/2025,App
TRX00006413,PRD001567,CLI000815,23/08/2023,App
TRX00006414,PRD000617,CLI000617,09/06/2018,App
TRX00006415,PRD000160,CLI000160,01/10/2025,App
TRX00006416,PRD001553,CLI000211,17/06/2024,App
TRX00006417,PRD001692,CLI000913,13/06/2025,App
TRX00006418,PRD000836,CLI000836,03/06/2022,Agencia
TRX00006419,PRD000678,CLI000444,17/11/2021,App
TRX00006420,PRD001510,CLI000747,17/10/2023,App
TRX00006421,PRD000574,CLI000819,20/04/2022,App
TRX00006422,PRD000353,CLI000119,22/06/2026,App
TRX00006423,PRD001351,CLI000599,25/03/2011,Agencia
TRX00006424,PRD000093,CLI000632,11/09/2019,App
TRX00006425,PRD000114,CLI000785,27/03/2026,App
TRX00006426,PRD001758,CLI000350,27/08/2025,App
TRX00006427,PRD000292,CLI000714,08/03/2014,App
TRX00006428,PRD000431,CLI000587,04/08/2015,App
TRX00006429,PRD000135,CLI000213,28/11/2021,App
TRX00006430,PRD001263,CLI000354,07/02/2024,App
TRX00006431,PRD000214,CLI000214,08/08/2018,App
TRX00006432,PRD000817,CLI000210,02/10/2016,App
TRX00006433,PRD001705,CLI000217,13/03/2023,App
TRX00006434,PRD001852,CLI000170,07/01/2022,App
TRX00006435,PRD001549,CLI000549,10/07/2018,App
TRX00006436,PRD000235,CLI000932,20/06/2025,App
TRX00006437,PRD000118,CLI000372,05/11/2023,App
TRX00006438,PRD001609,CLI000997,28/08/2010,App
TRX00006439,PRD000453,CLI000462,08/11/2021,App
TRX00006440,PRD001149,CLI000924,12/06/2024,App
TRX00006441,PRD000318,CLI000318,22/04/2025,Agencia
TRX00006442,PRD001685,CLI000034,17/05/2024,App
TRX00006443,PRD000041,CLI000041,06/02/2021,Agencia
TRX00006444,PRD000720,CLI000558,28/10/2022,App
TRX00006445,PRD001849,CLI000732,17/07/2026,App
TRX00006446,PRD000843,CLI000969,24/04/2021,App
TRX00006447,PRD001438,CLI000713,27/08/2025,App
TRX00006448,PRD000636,CLI000657,30/11/2022,App
TRX00006449,PRD001242,CLI000958,09/12/2022,App
TRX00006450,PRD000762,CLI000854,14/01/2023,App
TRX00006451,PRD001907,CLI000115,02/08/2017,Agencia
TRX00006452,PRD000076,CLI000020,11/08/2022,App
TRX00006453,PRD000997,CLI000997,09/05/2026,App
TRX00006454,PRD000952,CLI000952,04/07/2025,App
TRX00006455,PRD000878,CLI000878,09/07/2014,App
TRX00006456,PRD000030,CLI000355,23/11/2022,Agencia
TRX00006457,PRD001481,CLI000481,05/11/2024,App
TRX00006458,PRD001443,CLI000678,29/01/2026,Agencia
TRX00006459,PRD000419,CLI000184,03/12/2023,Agencia
TRX00006460,PRD001845,CLI000623,03/08/2023,Agencia
TRX00006461,PRD001659,CLI000924,22/11/2025,Agencia
TRX00006462,PRD001138,CLI000246,14/10/2024,Agencia
TRX00006463,PRD000094,CLI000094,12/02/2024,App
TRX00006464,PRD000034,CLI000365,25/08/2021,App
TRX00006465,PRD001188,CLI000188,07/02/2019,Agencia
TRX00006466,PRD000315,CLI000255,04/02/2026,App
TRX00006467,PRD001005,CLI000010,30/03/2017,App
TRX00006468,PRD001626,CLI000917,08/08/2026,Agencia
TRX00006469,PRD000050,CLI000551,22/02/2025,App
TRX00006470,PRD001928,CLI000928,05/03/2026,App
TRX00006471,PRD001455,CLI000611,14/04/2015,App
TRX00006472,PRD000934,CLI000934,08/01/2025,App
TRX00006473,PRD001791,CLI000644,17/09/2016,Agencia
TRX00006474,PRD000001,CLI000258,06/06/2021,App
TRX00006475,PRD000472,CLI000495,23/05/2013,Agencia
TRX00006476,PRD000907,CLI000374,02/07/2026,App
TRX00006477,PRD001026,CLI000760,11/02/2026,App
TRX00006478,PRD001996,CLI000996,06/01/2025,Agencia
TRX00006479,PRD001537,CLI000330,15/05/2025,Agencia
TRX00006480,PRD001399,CLI000635,15/03/2023,App
TRX00006481,PRD000926,CLI000597,22/04/2025,App
TRX00006482,PRD001779,CLI000856,24/01/2025,Agencia
TRX00006483,PRD000957,CLI000918,04/01/2026,App
TRX00006484,PRD001114,CLI000527,04/01/2025,Agencia
TRX00006485,PRD001987,CLI000921,31/07/2026,Agencia
TRX00006486,PRD001341,CLI000195,02/11/2024,App
TRX00006487,PRD001345,CLI000923,14/02/2022,App
TRX00006488,PRD000062,CLI000455,21/07/2021,App
TRX00006489,PRD000256,CLI000295,22/02/2019,Agencia
TRX00006490,PRD001260,CLI000489,15/10/2024,App
TRX00006491,PRD000675,CLI000414,25/12/2022,Agencia
TRX00006492,PRD000288,CLI000252,18/03/2014,App
TRX00006493,PRD000792,CLI000792,02/11/2013,Agencia
TRX00006494,PRD001732,CLI000821,17/04/2024,App
TRX00006495,PRD001446,CLI000228,05/01/2024,App
TRX00006496,PRD000593,CLI000720,06/04/2022,App
TRX00006497,PRD001672,CLI000019,30/01/2011,App
TRX00006498,PRD001733,CLI000997,29/09/2016,App
TRX00006499,PRD000673,CLI000757,16/10/2025,Agencia
TRX00006500,PRD000153,CLI000916,26/08/2018,App
TRX00006501,PRD000167,CLI000167,02/06/2017,App
TRX00006502,PRD000369,CLI000581,05/10/2022,App
TRX00006503,PRD001904,CLI000076,13/02/2026,App
TRX00006504,PRD000402,CLI000127,09/11/2025,App
TRX00006505,PRD001272,CLI000876,11/05/2023,Agencia
TRX00006506,PRD001585,CLI000585,24/10/2017,App
TRX00006507,PRD001976,CLI000151,11/02/2018,App
TRX00006508,PRD001299,CLI000299,27/09/2025,App
TRX00006509,PRD001206,CLI000774,10/02/2026,App
TRX00006510,PRD001663,CLI000581,21/10/2021,Agencia
TRX00006511,PRD001229,CLI000229,07/02/2021,App
TRX00006512,PRD001139,CLI000883,29/10/2025,Agencia
TRX00006513,PRD001278,CLI000083,03/10/2012,Agencia
TRX00006514,PRD000137,CLI000063,31/07/2026,App
TRX00006515,PRD000377,CLI000967,12/12/2025,App
TRX00006516,PRD001686,CLI000984,17/07/2026,App
TRX00006517,PRD000687,CLI000687,10/12/2022,App
TRX00006518,PRD001076,CLI000216,11/11/2024,App
TRX00006519,PRD000121,CLI000295,23/04/2011,App
TRX00006520,PRD000992,CLI000073,15/06/2017,App
TRX00006521,PRD001243,CLI000642,29/06/2018,Agencia
TRX00006522,PRD001053,CLI000205,13/01/2025,App
TRX00006523,PRD000898,CLI000428,23/09/2023,App
TRX00006524,PRD001952,CLI000574,04/12/2025,App
TRX00006525,PRD000983,CLI000876,12/08/2019,App
TRX00006526,PRD000501,CLI000501,08/10/2019,App
TRX00006527,PRD000602,CLI000602,24/11/2020,App
TRX00006528,PRD001666,CLI000249,29/02/2024,App
TRX00006529,PRD000448,CLI000969,02/02/2018,App
TRX00006530,PRD000808,CLI000569,23/02/2024,App
TRX00006531,PRD000679,CLI000347,18/07/2026,App
TRX00006532,PRD001024,CLI000895,08/03/2026,App
TRX00006533,PRD001435,CLI000958,22/06/2022,App
TRX00006534,PRD001761,CLI000761,25/06/2016,App
TRX00006535,PRD000805,CLI000829,23/01/2026,App
TRX00006536,PRD001702,CLI000702,06/11/2018,App
TRX00006537,PRD000239,CLI000320,23/01/2026,App
TRX00006538,PRD001579,CLI000946,27/07/2023,App
TRX00006539,PRD001274,CLI000593,07/12/2012,App
TRX00006540,PRD000345,CLI000345,28/02/2022,App
TRX00006541,PRD000372,CLI000608,12/11/2024,App
TRX00006542,PRD000722,CLI000309,01/02/2021,Agencia
TRX00006543,PRD000016,CLI000291,27/11/2023,App
TRX00006544,PRD000663,CLI000663,16/03/2025,App
TRX00006545,PRD000627,CLI000936,09/05/2026,Agencia
TRX00006546,PRD000925,CLI000925,30/03/2026,App
TRX00006547,PRD000807,CLI000063,30/01/2026,Agencia
TRX00006548,PRD001356,CLI000311,31/07/2015,App
TRX00006549,PRD000076,CLI000507,20/06/2026,App
TRX00006550,PRD000993,CLI000950,20/02/2026,App
TRX00006551,PRD000104,CLI000104,04/12/2015,App
TRX00006552,PRD000627,CLI000627,04/09/2025,Agencia
TRX00006553,PRD000653,CLI000653,14/01/2023,App
TRX00006554,PRD001685,CLI000873,16/06/2026,App
TRX00006555,PRD000760,CLI000752,14/03/2016,App
TRX00006556,PRD000356,CLI000927,23/12/2011,App
TRX00006557,PRD000807,CLI000631,27/07/2015,Agencia
TRX00006558,PRD000414,CLI000568,30/07/2021,App
TRX00006559,PRD001800,CLI000416,29/07/2019,App
TRX00006560,PRD001484,CLI000389,18/02/2026,Agencia
TRX00006561,PRD001234,CLI000730,24/05/2022,App
TRX00006562,PRD000570,CLI000350,03/03/2025,App
TRX00006563,PRD001577,CLI000650,05/07/2021,Agencia
TRX00006564,PRD001872,CLI000112,12/12/2019,Agencia
TRX00006565,PRD001334,CLI000334,09/03/2021,Agencia
TRX00006566,PRD000454,CLI000871,06/11/2023,App
TRX00006567,PRD001210,CLI000411,08/04/2026,App
TRX00006568,PRD000942,CLI000181,15/12/2016,App
TRX00006569,PRD001707,CLI000180,07/02/2022,Agencia
TRX00006570,PRD001636,CLI000740,25/11/2024,Agencia
TRX00006571,PRD000829,CLI000541,14/08/2026,App
TRX00006572,PRD000045,CLI000129,12/09/2022,App
TRX00006573,PRD000800,CLI000800,16/08/2025,Agencia
TRX00006574,PRD001892,CLI000801,13/04/2026,App
TRX00006575,PRD001019,CLI000082,13/04/2026,App
TRX00006576,PRD000195,CLI000195,01/11/2018,App
TRX00006577,PRD000977,CLI000869,23/06/2018,App
TRX00006578,PRD001621,CLI000672,31/01/2021,App
TRX00006579,PRD001113,CLI000113,20/03/2025,App
TRX00006580,PRD001275,CLI000275,14/04/2026,App
TRX00006581,PRD001558,CLI000327,23/04/2025,Agencia
TRX00006582,PRD001910,CLI000180,21/09/2024,App
TRX00006583,PRD001931,CLI000354,28/02/2016,App
TRX00006584,PRD000153,CLI000303,15/09/2024,App
TRX00006585,PRD000287,CLI000980,11/11/2015,Agencia
TRX00006586,PRD000550,CLI000101,12/09/2023,App
TRX00006587,PRD000317,CLI000054,02/08/2021,App
TRX00006588,PRD000667,CLI000222,23/11/2022,Agencia
TRX00006589,PRD001660,CLI000929,04/05/2022,Agencia
TRX00006590,PRD000170,CLI000897,11/12/2025,App
TRX00006591,PRD000590,CLI000590,14/04/2025,Agencia
TRX00006592,PRD000990,CLI000540,09/07/2024,App
TRX00006593,PRD000702,CLI000418,02/03/2017,Agencia
TRX00006594,PRD000863,CLI000067,09/01/2026,App
TRX00006595,PRD001255,CLI000255,05/09/2014,App
TRX00006596,PRD001378,CLI000378,07/01/2020,App
TRX00006597,PRD000201,CLI000916,08/04/2020,App
TRX00006598,PRD000442,CLI000769,20/09/2025,App
TRX00006599,PRD000030,CLI000030,23/03/2026,App
TRX00006600,PRD001115,CLI000356,11/10/2019,Agencia
TRX00006601,PRD001131,CLI000625,07/11/2021,App
TRX00006602,PRD001015,CLI000308,29/10/2010,App
TRX00006603,PRD001453,CLI000555,27/09/2024,Agencia
TRX00006604,PRD001476,CLI000001,30/07/2024,App
TRX00006605,PRD000226,CLI000464,03/01/2021,Agencia
TRX00006606,PRD001854,CLI000854,19/02/2012,App
TRX00006607,PRD001760,CLI000850,27/05/2011,App
TRX00006608,PRD001115,CLI000449,25/02/2026,Agencia
TRX00006609,PRD000109,CLI000145,30/06/2019,App
TRX00006610,PRD001240,CLI000558,24/06/2022,App
TRX00006611,PRD000976,CLI000920,06/11/2013,App
TRX00006612,PRD000393,CLI000393,15/05/2025,Agencia
TRX00006613,PRD000340,CLI000082,26/01/2026,Agencia
TRX00006614,PRD000868,CLI000220,29/11/2023,Agencia
TRX00006615,PRD000985,CLI000171,03/12/2023,App
TRX00006616,PRD000659,CLI000659,04/09/2018,App
TRX00006617,PRD000844,CLI000235,14/06/2021,App
TRX00006618,PRD001731,CLI000537,06/02/2026,App
TRX00006619,PRD001436,CLI000421,16/11/2015,App
TRX00006620,PRD000658,CLI000962,28/06/2016,App
TRX00006621,PRD001086,CLI000963,13/10/2024,Agencia
TRX00006622,PRD001586,CLI000172,06/04/2026,App
TRX00006623,PRD001935,CLI000989,28/04/2021,App
TRX00006624,PRD001577,CLI000336,23/12/2022,App
TRX00006625,PRD001815,CLI000396,19/03/2025,App
TRX00006626,PRD000586,CLI000356,27/03/2023,App
TRX00006627,PRD001668,CLI000765,30/06/2026,App
TRX00006628,PRD001766,CLI000033,18/04/2022,Agencia
TRX00006629,PRD001163,CLI000682,22/09/2014,Agencia
TRX00006630,PRD000581,CLI000854,09/06/2022,Agencia
TRX00006631,PRD000129,CLI000658,03/06/2010,App
TRX00006632,PRD001347,CLI000347,15/04/2026,App
TRX00006633,PRD001920,CLI000920,04/02/2013,App
TRX00006634,PRD000957,CLI000957,29/10/2025,App
TRX00006635,PRD000412,CLI000963,06/03/2021,App
TRX00006636,PRD000320,CLI000907,30/04/2019,App
TRX00006637,PRD001163,CLI000163,31/03/2021,Agencia
TRX00006638,PRD000604,CLI000768,19/10/2019,App
TRX00006639,PRD000542,CLI000255,21/08/2017,Agencia
TRX00006640,PRD000052,CLI000492,30/06/2018,App
TRX00006641,PRD001601,CLI000244,15/05/2026,Agencia
TRX00006642,PRD001068,CLI000659,17/03/2022,App
TRX00006643,PRD001521,CLI000423,27/10/2024,App
TRX00006644,PRD000654,CLI000179,03/06/2026,App
TRX00006645,PRD001603,CLI000766,07/02/2015,App
TRX00006646,PRD000623,CLI000678,08/09/2014,Agencia
TRX00006647,PRD001328,CLI000757,01/12/2015,App
TRX00006648,PRD001519,CLI000484,13/11/2023,App
TRX00006649,PRD000143,CLI000323,05/10/2017,App
TRX00006650,PRD001195,CLI000027,25/04/2026,App
TRX00006651,PRD000361,CLI000782,27/09/2025,App
TRX00006652,PRD001685,CLI000413,01/03/2024,Agencia
TRX00006653,PRD001178,CLI000416,15/12/2019,App
TRX00006654,PRD001650,CLI000881,06/10/2023,App
TRX00006655,PRD001132,CLI000732,28/07/2026,App
TRX00006656,PRD000166,CLI000166,16/11/2025,App
TRX00006657,PRD001878,CLI000192,14/07/2010,App
TRX00006658,PRD001167,CLI000412,12/11/2014,Agencia
TRX00006659,PRD001867,CLI000867,20/06/2021,App
TRX00006660,PRD000506,CLI000986,23/02/2024,App
TRX00006661,PRD001713,CLI000584,13/04/2019,App
TRX00006662,PRD000562,CLI000892,26/09/2013,Agencia
TRX00006663,PRD000313,CLI000321,30/05/2017,Agencia
TRX00006664,PRD001062,CLI000081,22/12/2025,App
TRX00006665,PRD001080,CLI000701,30/11/2022,App
TRX00006666,PRD001072,CLI000626,29/06/2022,App
TRX00006667,PRD001087,CLI000792,13/06/2020,App
TRX00006668,PRD000787,CLI000073,12/04/2019,App
TRX00006669,PRD001157,CLI000157,29/11/2023,App
TRX00006670,PRD001943,CLI000601,31/05/2022,Agencia
TRX00006671,PRD001269,CLI000589,04/06/2024,Agencia
TRX00006672,PRD001765,CLI000301,30/07/2017,App
TRX00006673,PRD000681,CLI000296,14/06/2015,Agencia
TRX00006674,PRD001383,CLI000277,21/05/2023,App
TRX00006675,PRD000285,CLI000010,14/10/2019,Agencia
TRX00006676,PRD000027,CLI000837,25/01/2021,App
TRX00006677,PRD001127,CLI000765,19/06/2023,App
TRX00006678,PRD000468,CLI000730,14/08/2024,App
TRX00006679,PRD000719,CLI000542,20/12/2025,App
TRX00006680,PRD001213,CLI000028,27/07/2026,Agencia
TRX00006681,PRD001246,CLI000406,04/12/2023,Agencia
TRX00006682,PRD000869,CLI000065,19/03/2023,App
TRX00006683,PRD001021,CLI000711,25/07/2026,App
TRX00006684,PRD001680,CLI000380,06/01/2018,Agencia
TRX00006685,PRD001109,CLI000369,07/08/2026,App
TRX00006686,PRD001132,CLI000335,14/04/2026,Agencia
TRX00006687,PRD001091,CLI000810,30/08/2024,Agencia
TRX00006688,PRD000581,CLI000581,13/09/2024,App
TRX00006689,PRD001610,CLI000105,20/12/2025,App
TRX00006690,PRD000002,CLI000074,29/12/2018,App
TRX00006691,PRD001000,CLI000231,20/02/2026,Agencia
TRX00006692,PRD001990,CLI000990,29/06/2025,App
TRX00006693,PRD001092,CLI000722,20/12/2025,App
TRX00006694,PRD000516,CLI000176,30/03/2021,App
TRX00006695,PRD000002,CLI000824,08/02/2019,App
TRX00006696,PRD001730,CLI000652,05/03/2026,App
TRX00006697,PRD001527,CLI000138,11/08/2019,App
TRX00006698,PRD000918,CLI000972,10/12/2017,App
TRX00006699,PRD000751,CLI000955,16/07/2011,App
TRX00006700,PRD000016,CLI000824,24/10/2023,App
TRX00006701,PRD000606,CLI000181,30/11/2014,App
TRX00006702,PRD001093,CLI000553,29/08/2020,App
TRX00006703,PRD000515,CLI000519,20/11/2021,App
TRX00006704,PRD001485,CLI000513,03/04/2022,App
TRX00006705,PRD000069,CLI000069,17/07/2026,App
TRX00006706,PRD000890,CLI000890,23/04/2014,App
TRX00006707,PRD001480,CLI000434,17/10/2025,App
TRX00006708,PRD001228,CLI000870,01/09/2021,Agencia
TRX00006709,PRD000665,CLI000579,13/01/2026,App
TRX00006710,PRD000609,CLI000974,02/09/2023,App
TRX00006711,PRD001739,CLI000636,18/06/2026,App
TRX00006712,PRD001653,CLI000874,10/12/2021,App
TRX00006713,PRD001595,CLI000015,05/12/2016,App
TRX00006714,PRD000885,CLI000513,11/06/2021,Agencia
TRX00006715,PRD000115,CLI000872,22/11/2016,App
TRX00006716,PRD000461,CLI000461,20/07/2024,App
TRX00006717,PRD000263,CLI000263,02/12/2022,App
TRX00006718,PRD001821,CLI000474,06/02/2025,App
TRX00006719,PRD000548,CLI000548,05/10/2020,App
TRX00006720,PRD001112,CLI000554,06/01/2021,App
TRX00006721,PRD001697,CLI000697,11/08/2022,App
TRX00006722,PRD001316,CLI000296,31/10/2021,App
TRX00006723,PRD001205,CLI000134,22/09/2022,Agencia
TRX00006724,PRD000664,CLI000479,06/03/2024,App
TRX00006725,PRD001061,CLI000102,23/08/2024,App
TRX00006726,PRD001972,CLI000927,21/12/2013,App
TRX00006727,PRD000669,CLI000603,30/07/2023,App
TRX00006728,PRD001201,CLI000403,20/06/2026,App
TRX00006729,PRD000806,CLI000203,05/09/2025,App
TRX00006730,PRD001552,CLI000473,11/03/2023,App
TRX00006731,PRD001402,CLI000532,25/03/2025,Agencia
TRX00006732,PRD001862,CLI000017,05/09/2025,App
TRX00006733,PRD001564,CLI000564,09/05/2026,App
TRX00006734,PRD001795,CLI000104,19/11/2017,App
TRX00006735,PRD001118,CLI000900,19/05/2021,App
TRX00006736,PRD001687,CLI000237,02/05/2025,Agencia
TRX00006737,PRD001520,CLI000332,15/04/2023,App
TRX00006738,PRD000286,CLI000185,15/04/2025,App
TRX00006739,PRD000713,CLI000713,06/08/2024,Agencia
TRX00006740,PRD000085,CLI000085,12/05/2023,Agencia
TRX00006741,PRD000979,CLI000599,13/07/2018,App
TRX00006742,PRD000001,CLI000475,16/02/2022,Agencia
TRX00006743,PRD000037,CLI000896,28/05/2018,App
TRX00006744,PRD001344,CLI000184,29/01/2021,App
TRX00006745,PRD000493,CLI000493,26/01/2019,App
TRX00006746,PRD000684,CLI000134,31/03/2024,App
TRX00006747,PRD001331,CLI000401,16/06/2017,App
TRX00006748,PRD000212,CLI000510,05/03/2019,App
TRX00006749,PRD000504,CLI000785,03/09/2021,Agencia
TRX00006750,PRD000779,CLI000779,03/07/2026,App
TRX00006751,PRD001917,CLI000513,05/06/2019,App
TRX00006752,PRD001151,CLI000947,21/09/2025,Agencia
TRX00006753,PRD001731,CLI000240,27/11/2019,Agencia
TRX00006754,PRD001639,CLI000639,26/05/2024,App
TRX00006755,PRD000514,CLI000353,28/05/2021,App
TRX00006756,PRD001007,CLI000007,17/06/2025,Agencia
TRX00006757,PRD001295,CLI000834,25/01/2025,App
TRX00006758,PRD001789,CLI000711,29/10/2025,App
TRX00006759,PRD000806,CLI000561,22/09/2025,Agencia
TRX00006760,PRD000934,CLI000544,13/04/2025,App
TRX00006761,PRD001998,CLI000992,01/08/2012,App
TRX00006762,PRD001448,CLI000855,23/12/2018,Agencia
TRX00006763,PRD001810,CLI000810,06/03/2024,App
TRX00006764,PRD001841,CLI000574,19/11/2024,Agencia
TRX00006765,PRD000523,CLI000523,18/04/2022,Agencia
TRX00006766,PRD001843,CLI000391,13/09/2025,Agencia
TRX00006767,PRD001875,CLI000304,28/08/2022,App
TRX00006768,PRD001373,CLI000329,22/01/2025,Agencia
TRX00006769,PRD001004,CLI000004,15/09/2019,Agencia
TRX00006770,PRD000725,CLI000904,10/04/2020,App
TRX00006771,PRD001289,CLI000413,27/04/2026,Agencia
TRX00006772,PRD000879,CLI000518,31/12/2019,App
TRX00006773,PRD001384,CLI000444,20/03/2015,App
TRX00006774,PRD001395,CLI000395,06/03/2023,App
TRX00006775,PRD001678,CLI000675,05/09/2013,App
TRX00006776,PRD000752,CLI000506,27/12/2023,App
TRX00006777,PRD000132,CLI000796,03/03/2022,App
TRX00006778,PRD001138,CLI000903,24/04/2023,App
TRX00006779,PRD000167,CLI000302,03/07/2024,App
TRX00006780,PRD001497,CLI000289,31/07/2022,Agencia
TRX00006781,PRD001829,CLI000838,03/06/2023,App
TRX00006782,PRD000261,CLI000239,05/04/2025,Agencia
TRX00006783,PRD000930,CLI000930,06/04/2025,App
TRX00006784,PRD000156,CLI000341,24/05/2013,App
TRX00006785,PRD000135,CLI000682,24/12/2012,App
TRX00006786,PRD001790,CLI000140,25/06/2020,App
TRX00006787,PRD001181,CLI000181,16/11/2011,Agencia
TRX00006788,PRD001571,CLI000242,10/11/2021,Agencia
TRX00006789,PRD001771,CLI000394,23/09/2023,App
TRX00006790,PRD000598,CLI000276,27/11/2019,Agencia
TRX00006791,PRD001350,CLI000908,03/05/2016,App
TRX00006792,PRD000350,CLI000056,10/07/2023,App
TRX00006793,PRD001132,CLI000402,04/06/2026,App
TRX00006794,PRD000328,CLI000387,22/07/2015,Agencia
TRX00006795,PRD000128,CLI000154,05/05/2025,Agencia
TRX00006796,PRD000857,CLI000846,24/06/2023,App
TRX00006797,PRD001590,CLI000497,29/08/2022,Agencia
TRX00006798,PRD001561,CLI000751,17/03/2022,App
TRX00006799,PRD000468,CLI000953,28/04/2019,App
TRX00006800,PRD001579,CLI000500,19/06/2021,App
TRX00006801,PRD001229,CLI000152,02/04/2022,Agencia
TRX00006802,PRD001892,CLI000892,01/11/2021,App
TRX00006803,PRD001879,CLI000154,20/01/2026,App
TRX00006804,PRD001485,CLI000172,29/04/2026,App
TRX00006805,PRD000040,CLI000134,02/12/2024,App
TRX00006806,PRD000919,CLI000919,30/11/2025,App
TRX00006807,PRD001123,CLI000695,30/03/2025,App
TRX00006808,PRD001049,CLI000049,28/11/2023,Agencia
TRX00006809,PRD000798,CLI000576,05/06/2024,App
TRX00006810,PRD001191,CLI000677,20/07/2026,App
TRX00006811,PRD000903,CLI000005,09/10/2024,App
TRX00006812,PRD000634,CLI000939,16/01/2026,App
TRX00006813,PRD001099,CLI000411,06/12/2020,App
TRX00006814,PRD000417,CLI000314,22/03/2024,App
TRX00006815,PRD000438,CLI000848,20/01/2025,App
TRX00006816,PRD001783,CLI000932,28/03/2021,Agencia
TRX00006817,PRD001048,CLI000048,18/10/2023,App
TRX00006818,PRD000354,CLI000354,22/05/2014,App
TRX00006819,PRD000460,CLI000560,14/08/2026,App
TRX00006820,PRD001681,CLI000682,27/11/2020,App
TRX00006821,PRD001287,CLI000663,12/07/2022,App
TRX00006822,PRD001811,CLI000811,15/09/2025,Agencia
TRX00006823,PRD001389,CLI000205,22/02/2026,App
TRX00006824,PRD001689,CLI000058,24/12/2025,App
TRX00006825,PRD001416,CLI000117,19/02/2015,App
TRX00006826,PRD001556,CLI000296,22/02/2013,App
TRX00006827,PRD000486,CLI000605,28/01/2019,App
TRX00006828,PRD000720,CLI000050,19/09/2016,Agencia
TRX00006829,PRD000410,CLI000756,26/06/2024,Agencia
TRX00006830,PRD001645,CLI000200,18/06/2012,Agencia
TRX00006831,PRD000506,CLI000615,01/12/2018,App
TRX00006832,PRD000403,CLI000557,08/05/2022,App
TRX00006833,PRD001364,CLI000257,05/06/2025,App
TRX00006834,PRD000622,CLI000855,18/08/2023,Agencia
TRX00006835,PRD000525,CLI000105,11/02/2025,App
TRX00006836,PRD001484,CLI000044,18/12/2024,App
TRX00006837,PRD000554,CLI000496,08/12/2013,Agencia
TRX00006838,PRD001377,CLI000398,24/07/2024,App
TRX00006839,PRD000313,CLI000350,20/06/2025,App
TRX00006840,PRD001470,CLI000826,02/08/2018,App
TRX00006841,PRD000894,CLI000030,15/07/2026,App
TRX00006842,PRD001640,CLI000051,24/06/2018,App
TRX00006843,PRD000825,CLI000116,12/08/2017,App
TRX00006844,PRD001949,CLI000004,29/06/2021,App
TRX00006845,PRD000596,CLI000596,03/07/2023,App
TRX00006846,PRD001203,CLI000708,22/04/2024,App
TRX00006847,PRD001971,CLI000949,10/07/2026,Agencia
TRX00006848,PRD001648,CLI000583,28/04/2020,App
TRX00006849,PRD001627,CLI000294,04/02/2023,App
TRX00006850,PRD000892,CLI000320,13/09/2015,App
TRX00006851,PRD001948,CLI000774,26/11/2019,App
TRX00006852,PRD000808,CLI000550,18/10/2024,App
TRX00006853,PRD000952,CLI000835,20/02/2026,App
TRX00006854,PRD000013,CLI000013,08/05/2026,App
TRX00006855,PRD000102,CLI000565,13/12/2024,App
TRX00006856,PRD001872,CLI000872,10/12/2012,App
TRX00006857,PRD000697,CLI000089,01/03/2019,App
TRX00006858,PRD000714,CLI000714,31/03/2013,App
TRX00006859,PRD000490,CLI000611,10/08/2022,Agencia
TRX00006860,PRD000516,CLI000516,12/10/2025,App
TRX00006861,PRD001843,CLI000843,10/07/2025,Agencia
TRX00006862,PRD001174,CLI000232,20/05/2023,App
TRX00006863,PRD000232,CLI000232,28/05/2024,Agencia
TRX00006864,PRD000556,CLI000586,19/04/2017,App
TRX00006865,PRD000384,CLI000384,25/08/2022,App
TRX00006866,PRD001435,CLI000435,19/04/2017,Agencia
TRX00006867,PRD000368,CLI000047,27/07/2026,App
TRX00006868,PRD001619,CLI000619,24/06/2021,App
TRX00006869,PRD000508,CLI000508,06/03/2025,App
TRX00006870,PRD000283,CLI000004,11/09/2019,App
TRX00006871,PRD000830,CLI000830,30/04/2022,App
TRX00006872,PRD000582,CLI000887,26/06/2019,Agencia
TRX00006873,PRD001647,CLI000647,21/07/2026,Agencia
TRX00006874,PRD000933,CLI000173,28/05/2025,App
TRX00006875,PRD001129,CLI000700,09/11/2024,Agencia
TRX00006876,PRD001538,CLI000558,01/05/2023,App
TRX00006877,PRD000554,CLI000554,24/01/2024,App
TRX00006878,PRD001446,CLI000827,11/06/2026,App
TRX00006879,PRD001672,CLI000479,27/06/2021,App
TRX00006880,PRD001456,CLI000903,11/04/2022,App
TRX00006881,PRD000382,CLI000836,25/11/2025,Agencia
TRX00006882,PRD001381,CLI000903,29/09/2025,Agencia
TRX00006883,PRD000392,CLI000785,21/11/2023,Agencia
TRX00006884,PRD001137,CLI000436,04/10/2023,App
TRX00006885,PRD001764,CLI000869,10/07/2019,App
TRX00006886,PRD000494,CLI000454,13/02/2026,App
TRX00006887,PRD001635,CLI000850,09/10/2022,Agencia
TRX00006888,PRD000507,CLI000146,18/10/2024,Agencia
TRX00006889,PRD001186,CLI000536,07/02/2021,Agencia
TRX00006890,PRD000456,CLI000958,01/05/2022,App
TRX00006891,PRD001368,CLI000825,26/04/2019,App
TRX00006892,PRD001810,CLI000010,09/12/2023,Agencia
TRX00006893,PRD000694,CLI000694,09/06/2024,App
TRX00006894,PRD000101,CLI000541,14/05/2024,App
TRX00006895,PRD001862,CLI000656,19/04/2024,Agencia
TRX00006896,PRD001416,CLI000416,08/06/2026,App
TRX00006897,PRD000398,CLI000384,23/09/2020,Agencia
TRX00006898,PRD001367,CLI000510,29/11/2018,App
TRX00006899,PRD000581,CLI000376,16/02/2024,Agencia
TRX00006900,PRD001543,CLI000154,30/11/2025,Agencia
TRX00006901,PRD001179,CLI000262,01/07/2025,App
TRX00006902,PRD000258,CLI000724,15/01/2024,App
TRX00006903,PRD001450,CLI000744,22/05/2025,App
TRX00006904,PRD001859,CLI000045,23/10/2019,Agencia
TRX00006905,PRD000201,CLI000201,27/12/2023,Agencia
TRX00006906,PRD001891,CLI000330,25/05/2025,Agencia
TRX00006907,PRD001991,CLI000397,21/08/2012,App
TRX00006908,PRD000736,CLI000140,29/09/2014,App
TRX00006909,PRD000748,CLI000748,21/06/2025,App
TRX00006910,PRD001080,CLI000891,26/06/2024,App
TRX00006911,PRD001442,CLI000442,26/10/2025,App
TRX00006912,PRD001397,CLI000999,29/04/2015,Agencia
TRX00006913,PRD001925,CLI000296,31/03/2026,Agencia
TRX00006914,PRD001378,CLI000117,24/09/2018,App
TRX00006915,PRD000132,CLI000263,12/12/2021,Agencia
TRX00006916,PRD001414,CLI000520,02/05/2021,Agencia
TRX00006917,PRD001709,CLI000695,17/06/2023,App
TRX00006918,PRD001936,CLI000763,23/04/2025,App
TRX00006919,PRD001816,CLI000816,29/10/2025,App
TRX00006920,PRD000775,CLI000661,29/05/2018,Agencia
TRX00006921,PRD000916,CLI000238,18/04/2026,App
TRX00006922,PRD001241,CLI000960,12/10/2025,App
TRX00006923,PRD001533,CLI000533,19/09/2024,App
TRX00006924,PRD001488,CLI000498,13/03/2019,App
TRX00006925,PRD000057,CLI000968,15/04/2021,App
TRX00006926,PRD000237,CLI000237,16/06/2025,App
TRX00006927,PRD000271,CLI000271,29/10/2014,Agencia
TRX00006928,PRD001027,CLI000998,16/07/2021,App
TRX00006929,PRD001958,CLI000329,05/02/2025,App
TRX00006930,PRD000327,CLI000327,23/05/2026,Agencia
TRX00006931,PRD001414,CLI000999,13/03/2015,Agencia
TRX00006932,PRD001237,CLI000561,08/06/2019,App
TRX00006933,PRD000436,CLI000600,25/04/2018,App
TRX00006934,PRD001724,CLI000615,13/09/2020,Agencia
TRX00006935,PRD000512,CLI000512,13/09/2023,Agencia
TRX00006936,PRD001229,CLI000125,24/04/2026,Agencia
TRX00006937,PRD001403,CLI000151,18/10/2020,Agencia
TRX00006938,PRD001442,CLI000910,04/04/2023,App
TRX00006939,PRD000282,CLI000913,08/07/2019,Agencia
TRX00006940,PRD000574,CLI000574,06/10/2025,Agencia
TRX00006941,PRD000983,CLI000558,24/06/2022,App
TRX00006942,PRD000674,CLI000102,24/01/2025,Agencia
TRX00006943,PRD001415,CLI000415,02/02/2018,Agencia
TRX00006944,PRD000572,CLI000419,07/04/2021,App
TRX00006945,PRD000229,CLI000368,01/08/2026,App
TRX00006946,PRD000730,CLI000872,14/11/2014,App
TRX00006947,PRD001775,CLI000959,23/08/2019,App
TRX00006948,PRD000636,CLI000964,03/01/2026,App
TRX00006949,PRD001417,CLI000951,13/02/2017,App
TRX00006950,PRD000416,CLI000169,20/02/2025,App
TRX00006951,PRD000510,CLI000683,09/12/2025,App
TRX00006952,PRD001089,CLI000646,24/08/2011,App
TRX00006953,PRD001196,CLI000075,23/07/2026,Agencia
TRX00006954,PRD001331,CLI000431,29/08/2021,App
TRX00006955,PRD001139,CLI000888,23/04/2017,App
TRX00006956,PRD000249,CLI000249,28/03/2019,App
TRX00006957,PRD001135,CLI000135,18/09/2022,App
TRX00006958,PRD001721,CLI000721,17/04/2021,App
TRX00006959,PRD001078,CLI000748,28/04/2026,App
TRX00006960,PRD000669,CLI000669,03/09/2013,App
TRX00006961,PRD001675,CLI000479,04/10/2024,App
TRX00006962,PRD000776,CLI000776,17/02/2019,App
TRX00006963,PRD000628,CLI000611,12/05/2018,App
TRX00006964,PRD001739,CLI000265,19/04/2026,App
TRX00006965,PRD001541,CLI000233,26/05/2018,App
TRX00006966,PRD001773,CLI000773,17/04/2026,App
TRX00006967,PRD001321,CLI000128,13/05/2025,Agencia
TRX00006968,PRD000504,CLI000132,06/02/2022,App
TRX00006969,PRD001685,CLI000705,23/02/2019,Agencia
TRX00006970,PRD001794,CLI000276,09/05/2017,App
TRX00006971,PRD001573,CLI000573,07/09/2025,App
TRX00006972,PRD000679,CLI000254,08/04/2014,App
TRX00006973,PRD000761,CLI000727,22/04/2019,App
TRX00006974,PRD000387,CLI000316,10/10/2017,App
TRX00006975,PRD000659,CLI000575,10/03/2021,App
TRX00006976,PRD001578,CLI000546,25/04/2026,Agencia
TRX00006977,PRD001259,CLI000991,24/01/2021,App
TRX00006978,PRD000117,CLI000117,14/08/2025,App
TRX00006979,PRD001106,CLI000311,10/05/2016,Agencia
TRX00006980,PRD001284,CLI000268,09/08/2026,App
TRX00006981,PRD001901,CLI000235,04/01/2015,App
TRX00006982,PRD000457,CLI000457,05/07/2026,App
TRX00006983,PRD000330,CLI000202,21/06/2023,Agencia
TRX00006984,PRD001675,CLI000521,22/10/2020,App
TRX00006985,PRD000696,CLI000851,14/06/2026,App
TRX00006986,PRD000744,CLI000443,22/10/2022,App
TRX00006987,PRD001619,CLI000837,07/01/2025,App
TRX00006988,PRD000234,CLI000696,23/10/2022,App
TRX00006989,PRD000089,CLI000656,17/08/2024,App
TRX00006990,PRD001299,CLI000790,21/05/2016,App
TRX00006991,PRD000332,CLI000156,06/05/2021,Agencia
TRX00006992,PRD000117,CLI000990,07/09/2023,App
TRX00006993,PRD001097,CLI000657,20/10/2022,App
TRX00006994,PRD000274,CLI000601,27/11/2024,Agencia
TRX00006995,PRD001592,CLI000653,19/06/2021,App
TRX00006996,PRD000155,CLI000155,28/11/2025,App
TRX00006997,PRD001599,CLI000971,23/11/2024,Agencia
TRX00006998,PRD001345,CLI000015,12/01/2018,App
TRX00006999,PRD000633,CLI000633,28/01/2018,App
TRX00007000,PRD001099,CLI000668,14/03/2024,App
TRX00007001,PRD001373,CLI000080,01/08/2024,App
TRX00007002,PRD001218,CLI000245,27/11/2025,App
TRX00007003,PRD001743,CLI000328,13/04/2025,App
TRX00007004,PRD000381,CLI000381,24/05/2023,App
TRX00007005,PRD000174,CLI000541,18/01/2026,Agencia
TRX00007006,PRD000870,CLI000675,29/11/2015,App
TRX00007007,PRD000089,CLI000613,01/04/2021,Agencia
TRX00007008,PRD001739,CLI000120,15/07/2023,Agencia
TRX00007009,PRD001183,CLI000827,22/12/2023,App
TRX00007010,PRD001423,CLI000887,01/12/2021,App
TRX00007011,PRD000910,CLI000542,13/07/2014,App
TRX00007012,PRD000275,CLI000424,13/06/2026,App
TRX00007013,PRD001383,CLI000473,23/01/2025,App
TRX00007014,PRD000895,CLI000302,23/07/2025,Agencia
TRX00007015,PRD000491,CLI000119,21/06/2026,Agencia
TRX00007016,PRD000784,CLI000928,21/04/2022,Agencia
TRX00007017,PRD001356,CLI000074,30/11/2017,App
TRX00007018,PRD000107,CLI000107,18/03/2024,Agencia
TRX00007019,PRD001698,CLI000029,09/06/2024,App
TRX00007020,PRD000161,CLI000499,30/01/2025,App
TRX00007021,PRD000682,CLI000725,05/07/2022,App
TRX00007022,PRD001023,CLI000656,29/07/2025,App
TRX00007023,PRD001981,CLI000239,08/12/2024,App
TRX00007024,PRD001491,CLI000491,01/07/2026,Agencia
TRX00007025,PRD001176,CLI000229,28/08/2020,App
TRX00007026,PRD000302,CLI000574,25/04/2025,Agencia
TRX00007027,PRD001674,CLI000451,14/10/2025,App
TRX00007028,PRD001194,CLI000063,18/01/2026,App
TRX00007029,PRD001157,CLI000500,29/03/2026,App
TRX00007030,PRD001152,CLI000184,17/03/2024,App
TRX00007031,PRD000833,CLI000789,26/07/2016,App
TRX00007032,PRD001896,CLI000930,03/03/2018,Agencia
TRX00007033,PRD000553,CLI000449,15/03/2015,App
TRX00007034,PRD001756,CLI000046,05/09/2022,App
TRX00007035,PRD001434,CLI000434,27/12/2024,App
TRX00007036,PRD001433,CLI000471,13/07/2019,App
TRX00007037,PRD001715,CLI000715,29/01/2024,App
TRX00007038,PRD000654,CLI000991,26/09/2021,App
TRX00007039,PRD001400,CLI000635,26/06/2026,App
TRX00007040,PRD001635,CLI000702,17/03/2022,App
TRX00007041,PRD000344,CLI000879,28/08/2017,App
TRX00007042,PRD000445,CLI000318,31/12/2023,App
TRX00007043,PRD000337,CLI000337,22/05/2024,Agencia
TRX00007044,PRD000250,CLI000914,26/03/2022,App
TRX00007045,PRD001159,CLI000159,06/02/2023,App
TRX00007046,PRD001493,CLI000064,23/03/2025,App
TRX00007047,PRD000773,CLI000889,18/07/2026,App
TRX00007048,PRD000092,CLI000614,17/04/2021,Agencia
TRX00007049,PRD000684,CLI000755,08/07/2019,Agencia
TRX00007050,PRD000079,CLI000861,09/09/2022,App
TRX00007051,PRD000889,CLI000412,07/09/2015,Agencia
TRX00007052,PRD000271,CLI000998,15/10/2025,App
TRX00007053,PRD001234,CLI000234,27/09/2023,Agencia
TRX00007054,PRD000060,CLI000270,05/11/2025,App
TRX00007055,PRD001830,CLI000498,31/01/2022,App
TRX00007056,PRD001849,CLI000450,01/06/2016,App
TRX00007057,PRD001244,CLI000993,29/01/2022,App
TRX00007058,PRD000836,CLI000317,19/08/2026,App
TRX00007059,PRD001027,CLI000070,19/04/2025,App
TRX00007060,PRD000006,CLI000494,29/11/2024,App
TRX00007061,PRD001070,CLI000969,21/02/2021,App
TRX00007062,PRD001542,CLI000542,03/05/2010,Agencia
TRX00007063,PRD000572,CLI000486,01/01/2025,App
TRX00007064,PRD000793,CLI000459,06/01/2019,App
TRX00007065,PRD000021,CLI000021,05/07/2025,App
TRX00007066,PRD000145,CLI000349,19/03/2019,Agencia
TRX00007067,PRD000010,CLI000633,29/01/2025,App
TRX00007068,PRD001357,CLI000145,12/09/2024,App
TRX00007069,PRD001055,CLI000644,07/05/2023,Agencia
TRX00007070,PRD001774,CLI000391,20/04/2023,Agencia
TRX00007071,PRD001884,CLI000627,31/10/2013,App
TRX00007072,PRD000345,CLI000935,30/08/2011,App
TRX00007073,PRD000462,CLI000113,01/01/2025,App
TRX00007074,PRD001591,CLI000702,20/03/2022,App
TRX00007075,PRD000135,CLI000135,12/01/2019,App
TRX00007076,PRD001259,CLI000867,25/03/2026,App
TRX00007077,PRD000111,CLI000111,26/04/2022,App
TRX00007078,PRD001808,CLI000917,01/07/2026,App
TRX00007079,PRD001838,CLI000797,19/07/2012,App
TRX00007080,PRD001650,CLI000650,03/09/2022,Agencia
TRX00007081,PRD000780,CLI000958,10/02/2024,App
TRX00007082,PRD001409,CLI000818,23/04/2018,App
TRX00007083,PRD001808,CLI000971,20/01/2026,App
TRX00007084,PRD001244,CLI000244,31/12/2025,Agencia
TRX00007085,PRD000118,CLI000688,26/08/2011,App
TRX00007086,PRD000323,CLI000184,28/05/2026,App
TRX00007087,PRD000687,CLI000065,02/10/2016,Agencia
TRX00007088,PRD001250,CLI000715,14/03/2015,App
TRX00007089,PRD000832,CLI000814,23/10/2020,App
TRX00007090,PRD001456,CLI000456,18/06/2025,App
TRX00007091,PRD000239,CLI000325,26/05/2025,Agencia
TRX00007092,PRD000481,CLI000809,29/02/2016,App
TRX00007093,PRD000708,CLI000708,27/04/2021,App
TRX00007094,PRD000717,CLI000134,03/10/2025,App
TRX00007095,PRD000175,CLI000175,01/08/2025,App
TRX00007096,PRD000708,CLI000663,31/12/2024,Agencia
TRX00007097,PRD000850,CLI000645,09/08/2019,App
TRX00007098,PRD000013,CLI000241,14/04/2017,App
TRX00007099,PRD000259,CLI000734,24/10/2023,App
TRX00007100,PRD000031,CLI000031,05/09/2022,App
TRX00007101,PRD000084,CLI000084,21/08/2024,Agencia
TRX00007102,PRD001093,CLI000075,02/07/2026,App
TRX00007103,PRD001569,CLI000658,22/01/2015,App
TRX00007104,PRD001600,CLI000871,06/10/2021,App
TRX00007105,PRD001393,CLI000538,22/04/2021,Agencia
TRX00007106,PRD000822,CLI000505,18/03/2025,App
TRX00007107,PRD001807,CLI000759,05/05/2023,App
TRX00007108,PRD000899,CLI000062,25/02/2024,App
TRX00007109,PRD001104,CLI000377,01/09/2022,App
TRX00007110,PRD000481,CLI000209,02/03/2026,App
TRX00007111,PRD001651,CLI000743,06/10/2024,App
TRX00007112,PRD000830,CLI000003,19/10/2018,App
TRX00007113,PRD000999,CLI000956,08/05/2024,App
TRX00007114,PRD000648,CLI000497,22/04/2022,App
TRX00007115,PRD000212,CLI000364,08/11/2011,App
TRX00007116,PRD001443,CLI000605,04/09/2018,Agencia
TRX00007117,PRD000853,CLI000323,12/11/2019,Agencia
TRX00007118,PRD001321,CLI000172,24/04/2026,Agencia
TRX00007119,PRD001607,CLI000891,21/03/2023,App
TRX00007120,PRD000498,CLI000787,12/04/2025,App
TRX00007121,PRD001990,CLI000055,07/11/2020,App
TRX00007122,PRD000703,CLI000209,23/03/2026,App
TRX00007123,PRD001548,CLI000818,20/05/2018,App
TRX00007124,PRD001476,CLI000476,27/05/2021,App
TRX00007125,PRD000028,CLI000028,09/08/2026,App
TRX00007126,PRD001104,CLI000696,05/06/2024,App
TRX00007127,PRD001851,CLI000388,21/07/2026,App
TRX00007128,PRD000769,CLI000038,30/05/2026,Agencia
TRX00007129,PRD001972,CLI000964,19/01/2026,App
TRX00007130,PRD000233,CLI000875,27/07/2026,Agencia
TRX00007131,PRD001139,CLI000390,09/08/2023,Agencia
TRX00007132,PRD001609,CLI000790,19/04/2021,App
TRX00007133,PRD001136,CLI000601,17/07/2023,App
TRX00007134,PRD000047,CLI000937,03/08/2023,Agencia
TRX00007135,PRD000976,CLI000857,18/07/2026,App
TRX00007136,PRD000540,CLI000540,26/11/2021,App
TRX00007137,PRD001721,CLI000186,28/05/2019,Agencia
TRX00007138,PRD000721,CLI000466,07/01/2020,Agencia
TRX00007139,PRD001593,CLI000624,21/08/2012,App
TRX00007140,PRD000693,CLI000897,03/08/2025,App
TRX00007141,PRD001961,CLI000031,13/04/2025,App
TRX00007142,PRD001568,CLI000072,06/12/2019,App
TRX00007143,PRD001977,CLI000485,12/01/2024,App
TRX00007144,PRD001948,CLI000589,15/07/2024,App
TRX00007145,PRD001387,CLI000846,06/10/2025,Agencia
TRX00007146,PRD001121,CLI000121,21/04/2026,Agencia
TRX00007147,PRD001044,CLI000591,16/10/2021,Agencia
TRX00007148,PRD000304,CLI000947,11/08/2026,App
TRX00007149,PRD001236,CLI000980,18/10/2022,Agencia
TRX00007150,PRD000603,CLI000787,24/12/2020,Agencia
TRX00007151,PRD000200,CLI000941,27/09/2019,Agencia
TRX00007152,PRD001072,CLI000051,02/10/2023,App
TRX00007153,PRD000921,CLI000997,18/09/2018,App
TRX00007154,PRD001880,CLI000610,16/07/2026,Agencia
TRX00007155,PRD000631,CLI000631,27/09/2024,App
TRX00007156,PRD001171,CLI000015,08/06/2017,App
TRX00007157,PRD001767,CLI000055,10/09/2024,Agencia
TRX00007158,PRD001916,CLI000776,25/11/2022,Agencia
TRX00007159,PRD001915,CLI000283,13/11/2024,Agencia
TRX00007160,PRD001662,CLI000662,28/03/2019,App
TRX00007161,PRD001655,CLI000798,24/06/2026,Agencia
TRX00007162,PRD000884,CLI000092,21/06/2021,App
TRX00007163,PRD000428,CLI000115,04/12/2013,App
TRX00007164,PRD001696,CLI000646,15/05/2012,App
TRX00007165,PRD001084,CLI000178,30/03/2018,Agencia
TRX00007166,PRD001707,CLI000212,23/08/2016,Agencia
TRX00007167,PRD000784,CLI000834,07/09/2023,Agencia
TRX00007168,PRD000426,CLI000280,20/04/2013,App
TRX00007169,PRD000620,CLI000431,29/02/2024,App
TRX00007170,PRD000594,CLI000594,01/07/2023,Agencia
TRX00007171,PRD000237,CLI000365,31/03/2024,App
TRX00007172,PRD001494,CLI000292,31/08/2025,Agencia
TRX00007173,PRD001021,CLI000021,11/01/2024,Agencia
TRX00007174,PRD000300,CLI000761,03/01/2023,App
TRX00007175,PRD000101,CLI000059,26/09/2023,App
TRX00007176,PRD000354,CLI000924,31/05/2023,Agencia
TRX00007177,PRD000855,CLI000058,16/06/2026,App
TRX00007178,PRD001485,CLI000485,15/03/2020,Agencia
TRX00007179,PRD000970,CLI000970,21/10/2024,Agencia
TRX00007180,PRD000754,CLI000995,24/11/2017,App
TRX00007181,PRD001422,CLI000832,03/11/2011,Agencia
TRX00007182,PRD000003,CLI000003,05/01/2024,Agencia
TRX00007183,PRD000775,CLI000065,27/09/2013,App
TRX00007184,PRD000145,CLI000349,16/12/2020,Agencia
TRX00007185,PRD000960,CLI000509,22/12/2025,App
TRX00007186,PRD000263,CLI000018,12/10/2015,App
TRX00007187,PRD000331,CLI000817,29/12/2021,App
TRX00007188,PRD000374,CLI000797,16/09/2017,App
TRX00007189,PRD001971,CLI000309,29/01/2024,Agencia
TRX00007190,PRD001063,CLI000959,18/01/2016,Agencia
TRX00007191,PRD000875,CLI000982,28/07/2026,Agencia
TRX00007192,PRD000425,CLI000327,20/10/2025,App
TRX00007193,PRD001599,CLI000599,07/07/2010,App
TRX00007194,PRD001232,CLI000762,23/03/2017,Agencia
TRX00007195,PRD000270,CLI000481,17/08/2022,Agencia
TRX00007196,PRD001464,CLI000994,27/07/2019,Agencia
TRX00007197,PRD000869,CLI000869,07/07/2022,App
TRX00007198,PRD001320,CLI000585,26/11/2021,Agencia
TRX00007199,PRD000906,CLI000769,02/06/2025,Agencia
TRX00007200,PRD000711,CLI001000,29/01/2020,App
TRX00007201,PRD001922,CLI000597,25/10/2025,App
TRX00007202,PRD000121,CLI000121,07/07/2026,App
TRX00007203,PRD001140,CLI000973,16/02/2024,App
TRX00007204,PRD001984,CLI000359,26/06/2021,App
TRX00007205,PRD001711,CLI000090,23/06/2022,Agencia
TRX00007206,PRD000801,CLI000965,11/05/2020,Agencia
TRX00007207,PRD000008,CLI000166,30/08/2025,App
TRX00007208,PRD000203,CLI000178,14/05/2019,Agencia
TRX00007209,PRD000367,CLI000262,04/03/2025,App
TRX00007210,PRD000771,CLI000221,13/12/2022,Agencia
TRX00007211,PRD001180,CLI000689,06/06/2024,Agencia
TRX00007212,PRD001833,CLI000928,11/10/2019,Agencia
TRX00007213,PRD001084,CLI000726,20/08/2016,App
TRX00007214,PRD000676,CLI000612,11/03/2025,App
TRX00007215,PRD000244,CLI000295,23/06/2021,App
TRX00007216,PRD001062,CLI000083,16/08/2015,App
TRX00007217,PRD000777,CLI000777,17/01/2023,App
TRX00007218,PRD001515,CLI000777,31/03/2024,App
TRX00007219,PRD000681,CLI000808,30/09/2025,App
TRX00007220,PRD000830,CLI000961,27/06/2024,App
TRX00007221,PRD000326,CLI000428,06/10/2022,App
TRX00007222,PRD000440,CLI000440,20/05/2018,App
TRX00007223,PRD000359,CLI000569,19/07/2026,App
TRX00007224,PRD001176,CLI000368,30/12/2025,App
TRX00007225,PRD001084,CLI000084,19/08/2026,Agencia
TRX00007226,PRD001620,CLI000556,25/05/2026,Agencia
TRX00007227,PRD000627,CLI000748,06/04/2025,App
TRX00007228,PRD001665,CLI000969,13/08/2017,Agencia
TRX00007229,PRD000080,CLI000780,24/10/2023,App
TRX00007230,PRD001174,CLI000533,23/09/2023,App
TRX00007231,PRD000135,CLI000147,11/11/2024,App
TRX00007232,PRD001262,CLI000836,02/09/2021,App
TRX00007233,PRD001815,CLI000657,16/11/2025,App
TRX00007234,PRD001166,CLI000836,20/02/2023,App
TRX00007235,PRD001694,CLI000125,18/05/2017,App
TRX00007236,PRD001343,CLI000343,22/10/2019,App
TRX00007237,PRD000780,CLI000119,10/08/2026,App
TRX00007238,PRD000841,CLI000841,10/11/2019,Agencia
TRX00007239,PRD001139,CLI000115,06/08/2022,App
TRX00007240,PRD001703,CLI000048,26/07/2019,App
TRX00007241,PRD000298,CLI000161,03/09/2022,App
TRX00007242,PRD001521,CLI000521,03/04/2017,App
TRX00007243,PRD001079,CLI000079,05/05/2025,App
TRX00007244,PRD000874,CLI000265,08/05/2019,App
TRX00007245,PRD000642,CLI000060,23/07/2019,App
TRX00007246,PRD001553,CLI000553,13/01/2025,App
TRX00007247,PRD000209,CLI000831,11/12/2020,App
TRX00007248,PRD001100,CLI000852,28/05/2024,App
TRX00007249,PRD000838,CLI000838,31/01/2025,App
TRX00007250,PRD000409,CLI000528,27/07/2016,App
TRX00007251,PRD001560,CLI000315,12/07/2024,Agencia
TRX00007252,PRD001633,CLI000423,01/12/2025,Agencia
TRX00007253,PRD001587,CLI000695,01/05/2026,Agencia
TRX00007254,PRD001495,CLI000495,17/03/2017,App
TRX00007255,PRD000315,CLI000622,05/05/2022,App
TRX00007256,PRD001233,CLI000081,26/04/2024,App
TRX00007257,PRD000809,CLI000508,07/08/2013,App
TRX00007258,PRD001351,CLI000260,07/11/2014,App
TRX00007259,PRD001079,CLI000345,22/09/2021,App
TRX00007260,PRD001128,CLI000201,10/02/2025,App
TRX00007261,PRD000688,CLI000080,10/10/2025,App
TRX00007262,PRD001086,CLI000057,03/06/2022,App
TRX00007263,PRD000943,CLI000731,26/09/2025,Agencia
TRX00007264,PRD000915,CLI000472,23/06/2014,Agencia
TRX00007265,PRD000699,CLI000888,16/11/2020,App
TRX00007266,PRD001189,CLI000322,13/07/2023,App
TRX00007267,PRD001567,CLI000567,18/11/2021,Agencia
TRX00007268,PRD001237,CLI000237,21/09/2025,App
TRX00007269,PRD001512,CLI000067,07/05/2023,Agencia
TRX00007270,PRD000029,CLI000699,18/12/2025,App
TRX00007271,PRD001369,CLI000423,09/09/2024,App
TRX00007272,PRD000249,CLI000708,30/07/2025,App
TRX00007273,PRD000586,CLI000804,11/04/2025,Agencia
TRX00007274,PRD000589,CLI000495,08/11/2019,App
TRX00007275,PRD001790,CLI000025,07/05/2023,App
TRX00007276,PRD000471,CLI000225,04/06/2025,App
TRX00007277,PRD001640,CLI000209,17/12/2025,App
TRX00007278,PRD001018,CLI000875,25/07/2026,App
TRX00007279,PRD001071,CLI000218,24/10/2023,App
TRX00007280,PRD000894,CLI000627,09/09/2014,Agencia
TRX00007281,PRD000843,CLI000024,09/09/2014,App
TRX00007282,PRD000606,CLI000606,19/04/2026,Agencia
TRX00007283,PRD000612,CLI000617,31/07/2017,Agencia
TRX00007284,PRD000718,CLI000319,30/03/2024,Agencia
TRX00007285,PRD001632,CLI000719,22/11/2024,App
TRX00007286,PRD001084,CLI000056,24/08/2019,App
TRX00007287,PRD000016,CLI000944,13/01/2026,Agencia
TRX00007288,PRD000674,CLI000674,15/12/2020,App
TRX00007289,PRD000698,CLI000617,09/10/2024,App
TRX00007290,PRD000497,CLI000294,28/06/2010,App
TRX00007291,PRD001042,CLI000042,22/03/2014,Agencia
TRX00007292,PRD000931,CLI000931,16/05/2020,App
TRX00007293,PRD000646,CLI000149,31/07/2018,Agencia
TRX00007294,PRD001619,CLI000194,17/12/2019,App
TRX00007295,PRD001914,CLI000914,04/05/2025,App
TRX00007296,PRD000642,CLI000450,10/10/2023,App
TRX00007297,PRD000784,CLI000795,21/12/2017,App
TRX00007298,PRD001276,CLI000276,30/05/2025,App
TRX00007299,PRD000212,CLI000267,01/10/2017,Agencia
TRX00007300,PRD000683,CLI000605,08/04/2021,App
TRX00007301,PRD000833,CLI000833,17/03/2021,App
TRX00007302,PRD001768,CLI000461,30/07/2020,Agencia
TRX00007303,PRD000326,CLI000575,08/09/2025,App
TRX00007304,PRD001023,CLI000028,17/06/2024,App
TRX00007305,PRD001633,CLI000392,20/12/2017,Agencia
TRX00007306,PRD001614,CLI000230,05/06/2026,App
TRX00007307,PRD001687,CLI000662,10/06/2012,App
TRX00007308,PRD000165,CLI000969,04/09/2019,App
TRX00007309,PRD000245,CLI000639,20/03/2026,App
TRX00007310,PRD001420,CLI000857,26/06/2026,App
TRX00007311,PRD001114,CLI000891,01/03/2025,Agencia
TRX00007312,PRD001423,CLI000553,25/10/2025,Agencia
TRX00007313,PRD000074,CLI000421,11/05/2021,Agencia
TRX00007314,PRD001919,CLI000919,16/08/2025,App
TRX00007315,PRD000695,CLI000149,11/05/2017,Agencia
TRX00007316,PRD001821,CLI000170,28/05/2023,Agencia
TRX00007317,PRD000967,CLI000877,23/09/2025,Agencia
TRX00007318,PRD001898,CLI000505,23/04/2025,App
TRX00007319,PRD000859,CLI000987,29/03/2013,App
TRX00007320,PRD001580,CLI000580,17/12/2023,App
TRX00007321,PRD001203,CLI000511,23/10/2021,App
TRX00007322,PRD000468,CLI000320,30/08/2017,Agencia
TRX00007323,PRD000088,CLI000213,13/03/2014,Agencia
TRX00007324,PRD000797,CLI000515,12/12/2025,App
TRX00007325,PRD000768,CLI000768,20/08/2021,App
TRX00007326,PRD000997,CLI000750,16/04/2023,App
TRX00007327,PRD001304,CLI000599,14/10/2023,App
TRX00007328,PRD001902,CLI000369,22/02/2023,Agencia
TRX00007329,PRD000502,CLI000334,12/12/2024,Agencia
TRX00007330,PRD000787,CLI000591,07/02/2019,App
TRX00007331,PRD000473,CLI000311,18/01/2022,App
TRX00007332,PRD000734,CLI000445,18/07/2026,Agencia
TRX00007333,PRD000255,CLI000627,28/03/2026,App
TRX00007334,PRD000549,CLI000549,13/05/2015,App
TRX00007335,PRD001024,CLI000033,08/08/2025,App
TRX00007336,PRD001892,CLI000780,13/05/2020,App
TRX00007337,PRD001422,CLI000504,15/09/2024,Agencia
TRX00007338,PRD001345,CLI000345,06/12/2020,App
TRX00007339,PRD001318,CLI000846,05/04/2025,App
TRX00007340,PRD000397,CLI000397,19/11/2015,App
TRX00007341,PRD000409,CLI000127,06/12/2022,App
TRX00007342,PRD000632,CLI000139,11/01/2021,Agencia
TRX00007343,PRD001845,CLI000726,30/01/2024,App
TRX00007344,PRD000061,CLI000061,22/11/2022,App
TRX00007345,PRD000803,CLI000803,21/10/2024,Agencia
TRX00007346,PRD000649,CLI000649,05/09/2021,Agencia
TRX00007347,PRD000837,CLI000674,22/05/2017,App
TRX00007348,PRD000412,CLI000004,21/04/2023,App
TRX00007349,PRD001950,CLI000713,22/04/2025,App
TRX00007350,PRD001247,CLI000419,02/12/2022,App
TRX00007351,PRD001148,CLI000591,10/06/2019,App
TRX00007352,PRD000255,CLI000666,04/05/2019,App
TRX00007353,PRD000885,CLI000950,06/06/2024,App
TRX00007354,PRD000583,CLI000583,27/02/2020,App
TRX00007355,PRD000262,CLI000945,09/11/2025,Agencia
TRX00007356,PRD000963,CLI000608,03/07/2026,App
TRX00007357,PRD001743,CLI000846,06/05/2024,Agencia
TRX00007358,PRD000212,CLI000212,05/01/2020,Agencia
TRX00007359,PRD001651,CLI000906,30/03/2022,App
TRX00007360,PRD000136,CLI000979,10/04/2021,App
TRX00007361,PRD001805,CLI000831,26/03/2018,App
TRX00007362,PRD001257,CLI000016,03/05/2021,App
TRX00007363,PRD001423,CLI000423,10/01/2024,Agencia
TRX00007364,PRD000801,CLI000695,23/07/2026,App
TRX00007365,PRD000341,CLI000341,17/12/2012,App
TRX00007366,PRD000477,CLI000477,27/07/2024,App
TRX00007367,PRD001804,CLI000804,11/07/2026,Agencia
TRX00007368,PRD001366,CLI000366,11/01/2025,Agencia
TRX00007369,PRD001243,CLI000243,19/03/2025,App
TRX00007370,PRD001401,CLI000103,15/12/2021,App
TRX00007371,PRD000926,CLI000078,05/12/2020,App
TRX00007372,PRD001319,CLI000744,30/03/2025,App
TRX00007373,PRD001343,CLI000719,03/05/2026,App
TRX00007374,PRD001865,CLI000087,12/07/2014,App
TRX00007375,PRD000927,CLI000702,31/10/2020,App
TRX00007376,PRD001634,CLI000253,10/07/2025,App
TRX00007377,PRD001068,CLI000197,22/04/2026,Agencia
TRX00007378,PRD001909,CLI000368,04/08/2024,App
TRX00007379,PRD001353,CLI000025,25/11/2022,App
TRX00007380,PRD001136,CLI000136,31/01/2021,Agencia
TRX00007381,PRD000485,CLI000665,09/09/2023,Agencia
TRX00007382,PRD000381,CLI000253,29/12/2025,App
TRX00007383,PRD000298,CLI000298,23/04/2025,Agencia
TRX00007384,PRD000272,CLI000135,02/04/2025,App
TRX00007385,PRD000715,CLI000643,05/07/2026,App
TRX00007386,PRD001288,CLI000367,29/06/2026,App
TRX00007387,PRD001681,CLI000515,09/12/2025,App
TRX00007388,PRD000868,CLI000494,12/06/2020,App
TRX00007389,PRD000305,CLI000305,01/02/2021,App
TRX00007390,PRD001026,CLI000981,13/12/2016,App
TRX00007391,PRD000471,CLI000250,04/08/2022,App
TRX00007392,PRD000344,CLI000344,27/08/2025,App
TRX00007393,PRD000200,CLI000200,16/11/2015,Agencia
TRX00007394,PRD000161,CLI000191,12/07/2026,App
TRX00007395,PRD000506,CLI000506,02/03/2023,App
TRX00007396,PRD001759,CLI000690,09/08/2023,App
TRX00007397,PRD000256,CLI000253,01/06/2026,App
TRX00007398,PRD001456,CLI000631,17/01/2019,App
TRX00007399,PRD000856,CLI000911,12/05/2023,App
TRX00007400,PRD001396,CLI000310,01/04/2021,App
TRX00007401,PRD001291,CLI000848,17/02/2026,Agencia
TRX00007402,PRD001902,CLI000194,20/09/2019,Agencia
TRX00007403,PRD000094,CLI000011,02/09/2018,App
TRX00007404,PRD000491,CLI000157,18/06/2025,App
TRX00007405,PRD000840,CLI000245,03/09/2025,Agencia
TRX00007406,PRD000164,CLI000414,28/09/2024,Agencia
TRX00007407,PRD001281,CLI000033,24/07/2019,Agencia
TRX00007408,PRD001159,CLI000835,30/09/2025,Agencia
TRX00007409,PRD001794,CLI000066,08/03/2021,Agencia
TRX00007410,PRD000521,CLI000114,31/03/2015,App
TRX00007411,PRD000120,CLI000120,08/09/2025,Agencia
TRX00007412,PRD001476,CLI000096,10/07/2013,App
TRX00007413,PRD000575,CLI000402,30/01/2026,App
TRX00007414,PRD000199,CLI000791,26/02/2022,App
TRX00007415,PRD000427,CLI000427,15/11/2025,App
TRX00007416,PRD000438,CLI000569,08/08/2026,App
TRX00007417,PRD000072,CLI000583,28/08/2023,Agencia
TRX00007418,PRD001953,CLI000953,02/06/2025,App
TRX00007419,PRD001484,CLI000607,06/05/2023,Agencia
TRX00007420,PRD000972,CLI000585,10/10/2017,App
TRX00007421,PRD000542,CLI000110,07/11/2021,App
TRX00007422,PRD000696,CLI000696,29/01/2019,App
TRX00007423,PRD001776,CLI000529,24/07/2023,App
TRX00007424,PRD001772,CLI000772,31/05/2024,App
TRX00007425,PRD001506,CLI000506,04/03/2022,App
TRX00007426,PRD000881,CLI000985,03/11/2025,Agencia
TRX00007427,PRD001699,CLI000466,20/07/2023,App
TRX00007428,PRD000392,CLI000252,29/06/2020,App
TRX00007429,PRD000299,CLI000170,24/07/2021,App
TRX00007430,PRD000643,CLI000428,11/03/2023,App
TRX00007431,PRD001941,CLI000033,06/08/2026,App
TRX00007432,PRD001101,CLI000116,17/09/2018,App
TRX00007433,PRD000090,CLI000700,09/11/2024,App
TRX00007434,PRD001458,CLI000836,09/10/2022,App
TRX00007435,PRD000568,CLI000878,09/01/2023,App
TRX00007436,PRD001665,CLI000130,15/07/2025,App
TRX00007437,PRD001225,CLI000216,18/07/2025,App
TRX00007438,PRD001540,CLI000474,15/09/2023,App
TRX00007439,PRD000267,CLI000080,09/03/2018,Agencia
TRX00007440,PRD000006,CLI000244,17/05/2026,App
TRX00007441,PRD000412,CLI000805,15/12/2021,App
TRX00007442,PRD001450,CLI000832,02/08/2020,App
TRX00007443,PRD001159,CLI000344,22/11/2025,Agencia
TRX00007444,PRD001723,CLI000723,30/06/2026,App
TRX00007445,PRD000066,CLI000188,12/09/2024,App
TRX00007446,PRD001608,CLI000608,20/07/2026,App
TRX00007447,PRD000797,CLI000448,27/07/2026,App
TRX00007448,PRD001204,CLI000253,28/07/2026,App
TRX00007449,PRD001391,CLI000749,21/05/2021,Agencia
TRX00007450,PRD000344,CLI000145,18/08/2020,App
TRX00007451,PRD001272,CLI000198,01/04/2025,App
TRX00007452,PRD000252,CLI000252,15/01/2019,App
TRX00007453,PRD001471,CLI000428,24/01/2023,Agencia
TRX00007454,PRD001221,CLI000894,05/02/2024,Agencia
TRX00007455,PRD001188,CLI000385,24/12/2020,App
TRX00007456,PRD000705,CLI000020,25/08/2011,Agencia
TRX00007457,PRD001652,CLI000720,29/04/2022,App
TRX00007458,PRD000861,CLI000525,10/02/2016,App
TRX00007459,PRD001577,CLI000324,23/10/2025,Agencia
TRX00007460,PRD000160,CLI000650,11/04/2019,Agencia
TRX00007461,PRD001954,CLI000734,15/02/2025,Agencia
TRX00007462,PRD001248,CLI000248,10/06/2020,App
TRX00007463,PRD001449,CLI000449,18/03/2019,App
TRX00007464,PRD001818,CLI000818,14/03/2026,App
TRX00007465,PRD001338,CLI000849,12/03/2021,App
TRX00007466,PRD001694,CLI000178,28/10/2023,App
TRX00007467,PRD001663,CLI000883,06/11/2025,App
TRX00007468,PRD001354,CLI000354,24/09/2019,App
TRX00007469,PRD000193,CLI000064,07/05/2020,App
TRX00007470,PRD001668,CLI000178,20/05/2020,App
TRX00007471,PRD000754,CLI000516,13/01/2022,App
TRX00007472,PRD000457,CLI000310,02/11/2022,App
TRX00007473,PRD000423,CLI000728,28/06/2022,App
TRX00007474,PRD001541,CLI000417,21/12/2019,App
TRX00007475,PRD001613,CLI000415,27/01/2016,App
TRX00007476,PRD000963,CLI000523,31/01/2020,App
TRX00007477,PRD001266,CLI000266,15/08/2020,App
TRX00007478,PRD000979,CLI000245,29/01/2022,App
TRX00007479,PRD000182,CLI000065,30/08/2024,App
TRX00007480,PRD000966,CLI000760,23/02/2026,Agencia
TRX00007481,PRD001263,CLI000187,17/08/2019,App
TRX00007482,PRD001377,CLI000048,13/09/2017,Agencia
TRX00007483,PRD001995,CLI000993,15/07/2025,App
TRX00007484,PRD001624,CLI000885,09/08/2021,App
TRX00007485,PRD001890,CLI000890,15/09/2014,App
TRX00007486,PRD001161,CLI000161,19/04/2021,Agencia
TRX00007487,PRD001938,CLI000020,15/07/2025,Agencia
TRX00007488,PRD000991,CLI000991,07/04/2024,App
TRX00007489,PRD000787,CLI000365,07/10/2022,App
TRX00007490,PRD001471,CLI000703,10/03/2024,Agencia
TRX00007491,PRD001080,CLI000080,02/03/2020,App
TRX00007492,PRD001373,CLI000373,14/08/2025,App
TRX00007493,PRD001602,CLI000185,02/02/2025,Agencia
TRX00007494,PRD000864,CLI000893,06/03/2018,App
TRX00007495,PRD000856,CLI000481,12/08/2022,App
TRX00007496,PRD001455,CLI000455,09/09/2022,App
TRX00007497,PRD001559,CLI000720,06/01/2021,Agencia
TRX00007498,PRD001162,CLI000338,19/10/2022,Agencia
TRX00007499,PRD000971,CLI000447,12/01/2019,App
TRX00007500,PRD001892,CLI000833,07/04/2016,App
TRX00007501,PRD000394,CLI000394,02/11/2023,Agencia
TRX00007502,PRD001738,CLI000358,26/07/2024,App
TRX00007503,PRD001633,CLI000633,19/12/2017,App
TRX00007504,PRD001517,CLI000251,30/05/2023,Agencia
TRX00007505,PRD000024,CLI000515,13/10/2025,App
TRX00007506,PRD000889,CLI000496,24/07/2025,Agencia
TRX00007507,PRD000079,CLI000079,24/08/2021,App
TRX00007508,PRD001280,CLI000280,11/12/2015,App
TRX00007509,PRD001548,CLI000548,29/08/2025,Agencia
TRX00007510,PRD001292,CLI000850,18/09/2016,App
TRX00007511,PRD000826,CLI000442,07/07/2022,Agencia
TRX00007512,PRD001607,CLI000367,22/01/2026,Agencia
TRX00007513,PRD000128,CLI000768,03/07/2020,App
TRX00007514,PRD001960,CLI000960,22/01/2026,Agencia
TRX00007515,PRD001772,CLI000066,23/11/2019,Agencia
TRX00007516,PRD001967,CLI000492,17/04/2023,App
TRX00007517,PRD001350,CLI000350,15/06/2024,App
TRX00007518,PRD000709,CLI000435,08/08/2012,App
TRX00007519,PRD001756,CLI000756,15/03/2026,App
TRX00007520,PRD001409,CLI000290,31/05/2018,App
TRX00007521,PRD000303,CLI000435,13/01/2025,App
TRX00007522,PRD000909,CLI000577,20/08/2024,App
TRX00007523,PRD000811,CLI000418,03/02/2015,App
TRX00007524,PRD000733,CLI000733,20/06/2023,App
TRX00007525,PRD001620,CLI000065,31/10/2013,Agencia
TRX00007526,PRD001080,CLI000619,06/10/2019,App
TRX00007527,PRD000547,CLI000499,12/06/2024,Agencia
TRX00007528,PRD001746,CLI000156,05/04/2020,App
TRX00007529,PRD000906,CLI000196,26/04/2026,App
TRX00007530,PRD001542,CLI000555,25/01/2026,App
TRX00007531,PRD000650,CLI000928,15/02/2018,App
TRX00007532,PRD001944,CLI000412,19/11/2019,App
TRX00007533,PRD001318,CLI000318,10/09/2024,App
TRX00007534,PRD001404,CLI000825,05/11/2024,Agencia
TRX00007535,PRD000959,CLI000008,01/08/2025,App
TRX00007536,PRD001788,CLI000788,29/07/2017,App
TRX00007537,PRD000089,CLI000798,01/07/2026,App
TRX00007538,PRD000414,CLI000414,22/12/2024,Agencia
TRX00007539,PRD000308,CLI000308,12/01/2013,App
TRX00007540,PRD001427,CLI000965,30/10/2021,App
TRX00007541,PRD001680,CLI000558,07/11/2023,App
TRX00007542,PRD000165,CLI000974,19/02/2024,App
TRX00007543,PRD001877,CLI000955,26/04/2014,App
TRX00007544,PRD000155,CLI000568,02/04/2020,App
TRX00007545,PRD001969,CLI000242,14/02/2023,Agencia
TRX00007546,PRD000592,CLI000203,08/05/2026,App
TRX00007547,PRD000694,CLI000421,16/11/2018,App
TRX00007548,PRD000126,CLI000918,01/07/2021,App
TRX00007549,PRD001628,CLI000628,22/04/2017,Agencia
TRX00007550,PRD000770,CLI000551,25/06/2024,Agencia
TRX00007551,PRD001644,CLI000869,29/12/2023,App
TRX00007552,PRD000068,CLI000053,21/08/2022,App
TRX00007553,PRD000777,CLI000619,07/08/2015,App
TRX00007554,PRD001968,CLI000004,17/02/2022,App
TRX00007555,PRD001655,CLI000249,10/04/2020,Agencia
TRX00007556,PRD000695,CLI000110,17/01/2021,Agencia
TRX00007557,PRD000459,CLI000062,14/07/2025,App
TRX00007558,PRD000482,CLI000310,16/06/2022,App
TRX00007559,PRD001052,CLI000072,31/01/2025,App
TRX00007560,PRD001945,CLI000545,12/06/2026,Agencia
TRX00007561,PRD001947,CLI000173,24/10/2025,App
TRX00007562,PRD001534,CLI000575,17/07/2025,Agencia
TRX00007563,PRD001993,CLI000954,29/03/2025,App
TRX00007564,PRD000314,CLI000219,25/02/2022,App
TRX00007565,PRD001967,CLI000322,12/05/2026,App
TRX00007566,PRD000095,CLI000622,05/06/2016,App
TRX00007567,PRD000812,CLI000478,06/09/2021,Agencia
TRX00007568,PRD000312,CLI000499,31/07/2021,App
TRX00007569,PRD000129,CLI000552,13/05/2021,App
TRX00007570,PRD001807,CLI000110,23/11/2023,App
TRX00007571,PRD000972,CLI000032,21/01/2023,Agencia
TRX00007572,PRD000916,CLI000436,01/02/2021,App
TRX00007573,PRD001145,CLI000317,19/08/2026,App
TRX00007574,PRD000672,CLI000497,13/12/2021,App
TRX00007575,PRD001258,CLI000481,22/10/2023,App
TRX00007576,PRD001051,CLI000914,23/10/2025,Agencia
TRX00007577,PRD000522,CLI000684,20/05/2025,App
TRX00007578,PRD001691,CLI000691,10/09/2023,App
TRX00007579,PRD001574,CLI000612,28/03/2022,Agencia
TRX00007580,PRD000363,CLI000194,25/10/2017,App
TRX00007581,PRD001270,CLI000270,19/07/2026,App
TRX00007582,PRD000956,CLI000820,06/06/2026,Agencia
TRX00007583,PRD000762,CLI000353,14/06/2021,App
TRX00007584,PRD000238,CLI000883,08/06/2026,App
TRX00007585,PRD000026,CLI000707,24/06/2026,Agencia
TRX00007586,PRD000287,CLI000602,10/03/2026,Agencia
TRX00007587,PRD001311,CLI000165,22/05/2026,Agencia
TRX00007588,PRD000812,CLI000469,25/06/2026,App
TRX00007589,PRD000525,CLI000525,23/12/2019,App
TRX00007590,PRD000310,CLI000532,22/08/2022,App
TRX00007591,PRD000965,CLI000029,03/12/2021,Agencia
TRX00007592,PRD000643,CLI000465,25/12/2015,Agencia
TRX00007593,PRD000350,CLI000055,04/05/2017,App
TRX00007594,PRD000221,CLI000484,13/03/2025,App
TRX00007595,PRD000334,CLI000521,22/02/2024,App
TRX00007596,PRD000602,CLI000838,24/03/2026,App
TRX00007597,PRD000113,CLI000015,22/07/2022,App
TRX00007598,PRD000159,CLI000860,12/08/2026,Agencia
TRX00007599,PRD000585,CLI000929,02/08/2026,App
TRX00007600,PRD000691,CLI000501,12/05/2022,Agencia
TRX00007601,PRD000497,CLI000303,26/10/2024,App
TRX00007602,PRD001398,CLI000514,12/11/2024,App
TRX00007603,PRD001015,CLI000797,15/02/2014,App
TRX00007604,PRD001372,CLI000919,09/11/2025,Agencia
TRX00007605,PRD000558,CLI000183,25/08/2019,App
TRX00007606,PRD001997,CLI000555,04/09/2024,App
TRX00007607,PRD000434,CLI000219,28/02/2019,App
TRX00007608,PRD000212,CLI000884,12/12/2023,App
TRX00007609,PRD000365,CLI000095,02/09/2021,App
TRX00007610,PRD001100,CLI000134,31/08/2023,Agencia
TRX00007611,PRD000459,CLI000136,29/04/2021,App
TRX00007612,PRD000348,CLI000348,16/04/2025,Agencia
TRX00007613,PRD000124,CLI000349,01/07/2015,App
TRX00007614,PRD001458,CLI000458,02/02/2025,App
TRX00007615,PRD000595,CLI000093,03/07/2022,Agencia
TRX00007616,PRD001805,CLI000274,24/10/2013,App
TRX00007617,PRD000191,CLI000191,21/12/2018,App
TRX00007618,PRD000857,CLI000929,17/09/2023,Agencia
TRX00007619,PRD001661,CLI000661,17/07/2022,App
TRX00007620,PRD000301,CLI000301,07/03/2016,App
TRX00007621,PRD001644,CLI000320,06/09/2018,App
TRX00007622,PRD000009,CLI000666,16/08/2024,App
TRX00007623,PRD000613,CLI000713,13/09/2024,Agencia
TRX00007624,PRD001924,CLI000924,30/12/2024,App
TRX00007625,PRD000326,CLI000352,21/10/2021,Agencia
TRX00007626,PRD001724,CLI000177,16/11/2020,App
TRX00007627,PRD000154,CLI000479,07/09/2020,App
TRX00007628,PRD000167,CLI000940,09/02/2020,Agencia
TRX00007629,PRD000387,CLI000446,12/03/2024,App
TRX00007630,PRD001831,CLI000811,25/06/2016,App
TRX00007631,PRD000825,CLI000467,12/04/2022,App
TRX00007632,PRD000542,CLI000360,30/04/2018,Agencia
TRX00007633,PRD001144,CLI000377,13/09/2017,Agencia
TRX00007634,PRD000586,CLI000586,16/04/2025,Agencia
TRX00007635,PRD000194,CLI000184,13/10/2020,App
TRX00007636,PRD000063,CLI000829,19/10/2025,App
TRX00007637,PRD001413,CLI000312,03/12/2025,App
TRX00007638,PRD001740,CLI000212,18/07/2016,Agencia
TRX00007639,PRD001139,CLI000599,09/08/2015,App
TRX00007640,PRD000398,CLI000775,23/05/2026,App
TRX00007641,PRD001153,CLI000153,11/06/2026,Agencia
TRX00007642,PRD000203,CLI000656,15/07/2025,App
TRX00007643,PRD000198,CLI000570,27/07/2023,App
TRX00007644,PRD001898,CLI000898,21/02/2019,App
TRX00007645,PRD000223,CLI000742,29/03/2023,App
TRX00007646,PRD001033,CLI000071,15/02/2024,App
TRX00007647,PRD001314,CLI000696,18/01/2023,Agencia
TRX00007648,PRD000425,CLI000451,05/04/2025,App
TRX00007649,PRD000389,CLI000296,27/04/2019,App
TRX00007650,PRD000186,CLI000571,25/04/2026,App
TRX00007651,PRD001974,CLI000162,21/08/2011,App
TRX00007652,PRD000342,CLI000342,01/06/2026,App
TRX00007653,PRD000518,CLI000878,15/04/2021,App
TRX00007654,PRD000833,CLI000650,29/07/2026,App
TRX00007655,PRD001158,CLI000449,02/06/2026,App
TRX00007656,PRD001515,CLI000663,17/05/2023,App
TRX00007657,PRD000546,CLI000913,19/01/2024,App
TRX00007658,PRD001922,CLI000538,21/04/2017,App
TRX00007659,PRD000309,CLI000309,17/08/2023,App
TRX00007660,PRD001601,CLI000601,01/01/2024,Agencia
TRX00007661,PRD001949,CLI000402,23/11/2025,App
TRX00007662,PRD000511,CLI000481,14/03/2026,Agencia
TRX00007663,PRD000742,CLI000105,30/10/2023,Agencia
TRX00007664,PRD001869,CLI000077,04/01/2021,App
TRX00007665,PRD001213,CLI000524,23/08/2010,App
TRX00007666,PRD001557,CLI000557,22/11/2017,App
TRX00007667,PRD001902,CLI000946,06/10/2018,App
TRX00007668,PRD000784,CLI000596,21/11/2024,App
TRX00007669,PRD001100,CLI000823,04/08/2024,App
TRX00007670,PRD000132,CLI000620,22/10/2025,App
TRX00007671,PRD001708,CLI000683,04/12/2025,Agencia
TRX00007672,PRD001316,CLI000956,04/01/2025,App
TRX00007673,PRD001504,CLI000314,02/06/2010,Agencia
TRX00007674,PRD000567,CLI000567,06/06/2026,App
TRX00007675,PRD000371,CLI000472,28/02/2023,App
TRX00007676,PRD001900,CLI000239,14/11/2024,Agencia
TRX00007677,PRD001992,CLI000958,19/02/2026,App
TRX00007678,PRD000116,CLI000116,17/10/2024,App
TRX00007679,PRD000737,CLI000118,03/05/2016,App
TRX00007680,PRD000927,CLI000474,03/04/2026,Agencia
TRX00007681,PRD000612,CLI000612,09/05/2023,App
TRX00007682,PRD001672,CLI000873,03/11/2025,App
TRX00007683,PRD001098,CLI000286,16/06/2016,App
TRX00007684,PRD001383,CLI000383,11/10/2022,App
TRX00007685,PRD001603,CLI000236,30/11/2025,Agencia
TRX00007686,PRD000398,CLI000398,25/07/2026,App
TRX00007687,PRD001996,CLI000943,16/04/2024,App
TRX00007688,PRD001158,CLI000764,27/07/2022,App
TRX00007689,PRD000015,CLI000213,23/11/2021,App
TRX00007690,PRD000322,CLI000322,08/08/2026,Agencia
TRX00007691,PRD000209,CLI000020,16/04/2016,App
TRX00007692,PRD001644,CLI000072,14/09/2025,App
TRX00007693,PRD001700,CLI000245,06/04/2020,App
TRX00007694,PRD000047,CLI000927,11/05/2017,Agencia
TRX00007695,PRD001581,CLI000825,14/04/2017,App
TRX00007696,PRD000174,CLI000174,06/08/2026,App
TRX00007697,PRD001467,CLI000467,16/01/2022,App
TRX00007698,PRD000339,CLI000199,12/11/2024,App
TRX00007699,PRD001859,CLI000830,13/12/2017,App
TRX00007700,PRD000605,CLI000518,22/01/2025,App
TRX00007701,PRD001126,CLI000095,30/03/2022,Agencia
TRX00007702,PRD001979,CLI000979,21/11/2018,App
TRX00007703,PRD001762,CLI000166,29/10/2025,App
TRX00007704,PRD001438,CLI000072,04/01/2024,App
TRX00007705,PRD000361,CLI000251,21/03/2025,Agencia
TRX00007706,PRD001894,CLI000592,10/07/2026,Agencia
TRX00007707,PRD001880,CLI000688,29/07/2019,App
TRX00007708,PRD001218,CLI000993,13/04/2022,App
TRX00007709,PRD000782,CLI000834,20/10/2022,Agencia
TRX00007710,PRD000068,CLI000688,04/02/2017,App
TRX00007711,PRD001792,CLI000864,06/03/2022,App
TRX00007712,PRD001096,CLI000076,26/07/2026,App
TRX00007713,PRD001166,CLI000197,02/10/2020,App
TRX00007714,PRD000820,CLI000867,23/01/2026,App
TRX00007715,PRD000923,CLI000631,10/12/2022,App
TRX00007716,PRD000433,CLI000317,09/07/2025,App
TRX00007717,PRD001609,CLI000105,03/11/2025,Agencia
TRX00007718,PRD001084,CLI000918,22/08/2024,App
TRX00007719,PRD001865,CLI000865,04/03/2023,App
TRX00007720,PRD000625,CLI000822,16/01/2024,App
TRX00007721,PRD001268,CLI000268,01/12/2015,App
TRX00007722,PRD001170,CLI000917,20/08/2025,Agencia
TRX00007723,PRD001969,CLI000356,29/12/2020,App
TRX00007724,PRD000273,CLI000685,08/03/2026,App
TRX00007725,PRD001930,CLI000251,12/07/2023,Agencia
TRX00007726,PRD000605,CLI000367,01/04/2026,App
TRX00007727,PRD001592,CLI000338,15/07/2025,Agencia
TRX00007728,PRD000686,CLI000136,30/07/2022,App
TRX00007729,PRD000103,CLI000041,21/11/2025,App
TRX00007730,PRD000887,CLI000783,14/11/2020,Agencia
TRX00007731,PRD000758,CLI000275,01/05/2025,App
TRX00007732,PRD000410,CLI000260,26/12/2014,App
TRX00007733,PRD001355,CLI000911,09/11/2021,App
TRX00007734,PRD001169,CLI000316,17/12/2023,App
TRX00007735,PRD000541,CLI000557,27/06/2025,App
TRX00007736,PRD001211,CLI000365,20/01/2012,Agencia
TRX00007737,PRD000431,CLI000431,11/09/2024,Agencia
TRX00007738,PRD000378,CLI000739,09/08/2026,App
TRX00007739,PRD001478,CLI000478,09/06/2023,Agencia
TRX00007740,PRD000590,CLI000441,26/05/2026,App
TRX00007741,PRD001619,CLI000350,05/02/2025,App
TRX00007742,PRD000278,CLI000539,05/09/2022,App
TRX00007743,PRD001510,CLI000362,23/10/2021,App
TRX00007744,PRD000532,CLI000532,08/09/2025,App
TRX00007745,PRD001725,CLI000725,03/09/2023,Agencia
TRX00007746,PRD000031,CLI000733,08/06/2025,App
TRX00007747,PRD001388,CLI000513,24/12/2025,Agencia
TRX00007748,PRD000571,CLI000571,20/02/2026,Agencia
TRX00007749,PRD001176,CLI000487,28/09/2015,Agencia
TRX00007750,PRD001140,CLI000304,22/01/2025,Agencia
TRX00007751,PRD001744,CLI000930,20/12/2018,Agencia
TRX00007752,PRD000968,CLI000802,26/01/2019,App
TRX00007753,PRD001237,CLI000781,19/03/2013,App
TRX00007754,PRD000775,CLI000055,23/10/2018,App
TRX00007755,PRD001512,CLI000986,07/02/2026,App
TRX00007756,PRD001679,CLI000679,28/02/2026,App
TRX00007757,PRD000521,CLI000521,14/02/2018,App
TRX00007758,PRD001901,CLI000597,31/05/2025,App
TRX00007759,PRD001160,CLI000918,02/09/2021,Agencia
TRX00007760,PRD000607,CLI000823,08/09/2024,App
TRX00007761,PRD001130,CLI000734,11/01/2025,Agencia
TRX00007762,PRD001723,CLI000003,26/08/2020,App
TRX00007763,PRD000472,CLI000472,20/12/2018,App
TRX00007764,PRD000658,CLI000590,22/01/2026,App
TRX00007765,PRD001520,CLI000516,13/02/2022,App
TRX00007766,PRD000415,CLI000415,14/06/2023,App
TRX00007767,PRD000549,CLI000761,17/06/2016,Agencia
TRX00007768,PRD000500,CLI000174,19/08/2026,Agencia
TRX00007769,PRD000068,CLI000953,15/01/2021,Agencia
TRX00007770,PRD000286,CLI000901,07/10/2018,App
TRX00007771,PRD001481,CLI000177,08/01/2015,App
TRX00007772,PRD000085,CLI001000,21/01/2013,App
TRX00007773,PRD001747,CLI000085,18/02/2025,App
TRX00007774,PRD001669,CLI000191,27/07/2026,App
TRX00007775,PRD001254,CLI000254,18/04/2021,App
TRX00007776,PRD001812,CLI000300,25/12/2022,App
TRX00007777,PRD000779,CLI000556,31/01/2026,App
TRX00007778,PRD001857,CLI000857,19/07/2026,App
TRX00007779,PRD000361,CLI000391,19/11/2022,App
TRX00007780,PRD001536,CLI000405,11/11/2017,Agencia
TRX00007781,PRD000017,CLI000449,17/10/2012,App
TRX00007782,PRD000262,CLI000566,03/12/2023,App
TRX00007783,PRD001299,CLI000220,05/11/2017,App
TRX00007784,PRD001774,CLI000296,18/08/2017,App
TRX00007785,PRD000351,CLI000232,27/06/2026,App
TRX00007786,PRD000769,CLI000046,17/07/2021,App
TRX00007787,PRD001726,CLI000790,15/12/2021,Agencia
TRX00007788,PRD000232,CLI000827,16/03/2022,App
TRX00007789,PRD000983,CLI000004,01/02/2023,App
TRX00007790,PRD001167,CLI000167,01/09/2023,App
TRX00007791,PRD000172,CLI000518,15/03/2020,App
TRX00007792,PRD001650,CLI000629,29/11/2020,Agencia
TRX00007793,PRD001892,CLI000464,23/04/2026,App
TRX00007794,PRD001345,CLI000550,16/06/2017,App
TRX00007795,PRD000681,CLI000918,23/12/2021,Agencia
TRX00007796,PRD001559,CLI000423,02/03/2026,App
TRX00007797,PRD001424,CLI000774,10/12/2017,App
TRX00007798,PRD000826,CLI000523,03/10/2016,Agencia
TRX00007799,PRD000844,CLI000079,12/04/2021,App
TRX00007800,PRD001195,CLI000838,30/03/2023,App
TRX00007801,PRD001621,CLI000520,04/08/2022,Agencia
TRX00007802,PRD000307,CLI000815,30/03/2021,App
TRX00007803,PRD000873,CLI000797,05/05/2011,App
TRX00007804,PRD001219,CLI000802,03/02/2022,App
TRX00007805,PRD001001,CLI000286,06/08/2013,App
TRX00007806,PRD000440,CLI000931,18/02/2020,App
TRX00007807,PRD000933,CLI000209,15/07/2026,App
TRX00007808,PRD001457,CLI000793,22/04/2026,App
TRX00007809,PRD000662,CLI000662,04/08/2025,App
TRX00007810,PRD001980,CLI000688,01/09/2025,App
TRX00007811,PRD000334,CLI000612,17/06/2026,App
TRX00007812,PRD001952,CLI000598,20/04/2021,App
TRX00007813,PRD000430,CLI000084,05/09/2024,Agencia
TRX00007814,PRD001096,CLI000096,02/05/2013,App
TRX00007815,PRD001509,CLI000601,07/07/2024,App
TRX00007816,PRD001850,CLI000850,31/08/2018,Agencia
TRX00007817,PRD001059,CLI000149,27/06/2014,App
TRX00007818,PRD000397,CLI000636,24/02/2024,App
TRX00007819,PRD000958,CLI000958,05/11/2022,App
TRX00007820,PRD001286,CLI000157,23/02/2026,App
TRX00007821,PRD000926,CLI000926,27/11/2022,App
TRX00007822,PRD000350,CLI000400,23/06/2026,App
TRX00007823,PRD001868,CLI000813,17/08/2024,App
TRX00007824,PRD001790,CLI000198,27/03/2026,App
TRX00007825,PRD001937,CLI000855,12/10/2023,App
TRX00007826,PRD001545,CLI000883,27/08/2025,App
TRX00007827,PRD000303,CLI000303,23/08/2024,App
TRX00007828,PRD000546,CLI000546,08/08/2025,App
TRX00007829,PRD000355,CLI000165,27/12/2023,App
TRX00007830,PRD001866,CLI000866,16/05/2018,App
TRX00007831,PRD000822,CLI000199,24/06/2025,App
TRX00007832,PRD001924,CLI000826,04/01/2022,App
TRX00007833,PRD000279,CLI000217,25/06/2024,Agencia
TRX00007834,PRD001896,CLI000624,19/01/2016,App
TRX00007835,PRD001694,CLI000413,02/03/2025,Agencia
TRX00007836,PRD001378,CLI000192,15/03/2014,App
TRX00007837,PRD001994,CLI000434,10/08/2023,Agencia
TRX00007838,PRD000340,CLI000710,09/06/2025,App
TRX00007839,PRD001900,CLI000653,30/01/2025,App
TRX00007840,PRD001942,CLI000632,09/05/2021,Agencia
TRX00007841,PRD000523,CLI000957,12/07/2021,App
TRX00007842,PRD001946,CLI000705,12/04/2024,Agencia
TRX00007843,PRD000349,CLI000265,22/12/2020,App
TRX00007844,PRD001873,CLI000596,24/12/2025,App
TRX00007845,PRD001842,CLI000457,21/12/2023,App
TRX00007846,PRD001398,CLI000343,20/04/2021,App
TRX00007847,PRD001798,CLI000833,13/02/2018,App
TRX00007848,PRD000915,CLI000915,28/06/2018,App
TRX00007849,PRD000409,CLI000409,30/01/2025,App
TRX00007850,PRD001562,CLI000904,14/01/2024,App
TRX00007851,PRD000002,CLI000081,13/09/2025,App
TRX00007852,PRD000350,CLI000414,15/01/2021,App
TRX00007853,PRD001286,CLI000655,31/05/2017,App
TRX00007854,PRD000054,CLI000721,03/02/2024,App
TRX00007855,PRD000681,CLI000410,09/10/2025,App
TRX00007856,PRD000060,CLI000935,01/11/2016,App
TRX00007857,PRD000050,CLI000909,15/08/2022,App
TRX00007858,PRD000814,CLI000989,06/06/2026,App
TRX00007859,PRD000009,CLI000790,29/04/2018,Agencia
TRX00007860,PRD001844,CLI000231,04/08/2025,App
TRX00007861,PRD000842,CLI000825,27/05/2021,App
TRX00007862,PRD000692,CLI000692,02/08/2020,App
TRX00007863,PRD001840,CLI000919,12/01/2025,App
TRX00007864,PRD000650,CLI000033,04/11/2025,App
TRX00007865,PRD000099,CLI000287,20/05/2025,App
TRX00007866,PRD001162,CLI000162,17/05/2017,Agencia
TRX00007867,PRD000694,CLI000802,08/09/2025,App
TRX00007868,PRD001390,CLI000346,04/04/2025,App
TRX00007869,PRD001282,CLI000341,19/07/2021,Agencia
TRX00007870,PRD001526,CLI000252,02/02/2014,App
TRX00007871,PRD000243,CLI000243,08/06/2025,App
TRX00007872,PRD001189,CLI000441,12/07/2026,App
TRX00007873,PRD000582,CLI000325,09/12/2025,App
TRX00007874,PRD000438,CLI000090,04/04/2024,Agencia
TRX00007875,PRD001095,CLI000095,12/10/2021,App
TRX00007876,PRD001148,CLI000521,02/01/2021,App
TRX00007877,PRD001952,CLI000384,09/06/2026,App
TRX00007878,PRD000162,CLI000510,16/08/2020,App
TRX00007879,PRD000787,CLI000700,13/01/2023,App
TRX00007880,PRD000536,CLI000816,01/07/2024,App
TRX00007881,PRD001717,CLI000016,15/11/2019,App
TRX00007882,PRD001053,CLI000479,24/07/2021,App
TRX00007883,PRD001459,CLI000459,24/02/2014,App
TRX00007884,PRD000727,CLI000104,18/01/2018,Agencia
TRX00007885,PRD000575,CLI000575,26/07/2022,App
TRX00007886,PRD001713,CLI000858,01/02/2026,Agencia
TRX00007887,PRD001840,CLI000352,05/12/2021,App
TRX00007888,PRD001490,CLI000177,16/04/2018,App
TRX00007889,PRD001799,CLI000163,12/06/2020,App
TRX00007890,PRD001599,CLI000051,13/02/2026,Agencia
TRX00007891,PRD000950,CLI000510,16/12/2018,App
TRX00007892,PRD000648,CLI000648,28/12/2025,App
TRX00007893,PRD001966,CLI000533,18/08/2024,App
TRX00007894,PRD001759,CLI000248,06/11/2016,App
TRX00007895,PRD000375,CLI000375,03/10/2016,App
TRX00007896,PRD001168,CLI000037,11/05/2026,App
TRX00007897,PRD000160,CLI000340,27/02/2025,Agencia
TRX00007898,PRD000654,CLI000654,15/08/2026,App
TRX00007899,PRD000791,CLI000791,27/11/2022,Agencia
TRX00007900,PRD001351,CLI000351,18/08/2025,App
TRX00007901,PRD001825,CLI000746,21/05/2023,App
TRX00007902,PRD000927,CLI000846,01/07/2025,Agencia
TRX00007903,PRD000993,CLI000008,17/03/2024,Agencia
TRX00007904,PRD000448,CLI000174,06/06/2026,App
TRX00007905,PRD001861,CLI000728,07/01/2020,App
TRX00007906,PRD000603,CLI000603,30/03/2016,App
TRX00007907,PRD001786,CLI000212,27/07/2015,App
TRX00007908,PRD001268,CLI000064,26/12/2021,Agencia
TRX00007909,PRD000976,CLI000423,26/10/2025,Agencia
TRX00007910,PRD000693,CLI000470,25/11/2017,App
TRX00007911,PRD001458,CLI000950,09/12/2022,App
TRX00007912,PRD001335,CLI000972,05/01/2026,App
TRX00007913,PRD000699,CLI000699,09/05/2025,App
TRX00007914,PRD001376,CLI000215,07/12/2016,App
TRX00007915,PRD000417,CLI000581,28/08/2018,App
TRX00007916,PRD000122,CLI000569,26/03/2026,App
TRX00007917,PRD001573,CLI000422,29/09/2019,Agencia
TRX00007918,PRD000764,CLI000407,07/07/2016,App
TRX00007919,PRD000683,CLI000683,07/08/2026,App
TRX00007920,PRD001400,CLI000089,12/03/2025,App
TRX00007921,PRD001212,CLI000497,23/05/2025,App
TRX00007922,PRD001046,CLI000120,26/06/2023,App
TRX00007923,PRD001550,CLI000210,30/11/2025,App
TRX00007924,PRD000788,CLI000643,26/06/2025,Agencia
TRX00007925,PRD001545,CLI000418,25/07/2017,App
TRX00007926,PRD001862,CLI000929,11/08/2025,App
TRX00007927,PRD000392,CLI000339,24/10/2024,App
TRX00007928,PRD000589,CLI000257,15/06/2022,App
TRX00007929,PRD001686,CLI000624,23/03/2014,App
TRX00007930,PRD001682,CLI000671,06/04/2015,Agencia
TRX00007931,PRD000969,CLI000019,21/07/2021,Agencia
TRX00007932,PRD000634,CLI000973,19/05/2024,App
TRX00007933,PRD001630,CLI000834,28/10/2022,App
TRX00007934,PRD000539,CLI000493,28/06/2026,App
TRX00007935,PRD001003,CLI000648,16/09/2025,Agencia
TRX00007936,PRD001464,CLI000878,09/06/2016,App
TRX00007937,PRD001003,CLI000188,24/02/2025,App
TRX00007938,PRD000403,CLI000075,21/05/2026,Agencia
TRX00007939,PRD001549,CLI000968,23/07/2023,Agencia
TRX00007940,PRD001111,CLI000319,12/04/2024,Agencia
TRX00007941,PRD001805,CLI000485,14/07/2026,App
TRX00007942,PRD001227,CLI000427,23/10/2022,App
TRX00007943,PRD001051,CLI000051,03/04/2019,App
TRX00007944,PRD000433,CLI000174,14/07/2026,Agencia
TRX00007945,PRD001045,CLI000238,19/04/2022,Agencia
TRX00007946,PRD001150,CLI000068,22/07/2022,App
TRX00007947,PRD000598,CLI000941,25/02/2016,App
TRX00007948,PRD000128,CLI000223,02/07/2022,App
TRX00007949,PRD000391,CLI000699,24/08/2023,App
TRX00007950,PRD000230,CLI000801,01/08/2026,App
TRX00007951,PRD001352,CLI000762,20/02/2022,App
TRX00007952,PRD001718,CLI000717,04/09/2022,Agencia
TRX00007953,PRD000522,CLI000787,21/10/2021,Agencia
TRX00007954,PRD001160,CLI000160,09/04/2025,App
TRX00007955,PRD000478,CLI000478,28/09/2017,Agencia
TRX00007956,PRD001756,CLI000719,21/08/2023,App
TRX00007957,PRD000513,CLI000719,21/08/2023,App
TRX00007958,PRD000193,CLI000193,19/06/2019,Agencia
TRX00007959,PRD000012,CLI000291,30/06/2025,App
TRX00007960,PRD000162,CLI000162,16/01/2016,App
TRX00007961,PRD000426,CLI000426,15/03/2026,App
TRX00007962,PRD001013,CLI000530,24/03/2015,App
TRX00007963,PRD000696,CLI000019,13/06/2014,App
TRX00007964,PRD001672,CLI000999,19/09/2015,App
TRX00007965,PRD001700,CLI000507,09/09/2023,App
TRX00007966,PRD000515,CLI000791,11/07/2023,App
TRX00007967,PRD000617,CLI000185,30/11/2025,App
TRX00007968,PRD000320,CLI000024,02/07/2022,Agencia
TRX00007969,PRD001135,CLI000633,23/06/2021,App
TRX00007970,PRD000865,CLI000565,13/05/2022,App
TRX00007971,PRD001632,CLI000518,08/02/2025,App
TRX00007972,PRD000462,CLI000315,31/08/2023,Agencia
TRX00007973,PRD000147,CLI000856,04/07/2025,Agencia
TRX00007974,PRD001611,CLI000108,21/12/2020,App
TRX00007975,PRD001192,CLI000192,06/12/2010,App
TRX00007976,PRD000377,CLI000011,28/03/2023,App
TRX00007977,PRD001021,CLI000724,18/12/2020,App
TRX00007978,PRD001901,CLI000654,14/03/2026,App
TRX00007979,PRD001170,CLI000152,30/09/2023,Agencia
TRX00007980,PRD000241,CLI000241,23/09/2014,App
TRX00007981,PRD000808,CLI000453,04/05/2020,App
TRX00007982,PRD000022,CLI000259,01/05/2022,App
TRX00007983,PRD001179,CLI000072,15/06/2023,App
TRX00007984,PRD001555,CLI000555,02/01/2025,Agencia
TRX00007985,PRD000791,CLI000225,06/03/2026,App
TRX00007986,PRD000187,CLI000187,13/10/2024,App
TRX00007987,PRD000898,CLI000454,01/03/2026,App
TRX00007988,PRD001118,CLI000278,02/09/2012,Agencia
TRX00007989,PRD000565,CLI000565,10/02/2020,Agencia
TRX00007990,PRD000874,CLI000952,19/09/2024,Agencia
TRX00007991,PRD000576,CLI000576,19/07/2025,App
TRX00007992,PRD000806,CLI000420,04/01/2024,App
TRX00007993,PRD000344,CLI000887,14/11/2020,App
TRX00007994,PRD000226,CLI000226,30/05/2026,App
TRX00007995,PRD001767,CLI000833,12/06/2016,Agencia
TRX00007996,PRD001046,CLI000046,29/05/2019,App
TRX00007997,PRD001263,CLI000978,27/07/2026,App
TRX00007998,PRD000086,CLI000076,04/08/2026,Agencia
TRX00007999,PRD000825,CLI000979,21/02/2018,App
TRX00008000,PRD000364,CLI000011,22/08/2023,App
TRX00008001,PRD001444,CLI000824,01/08/2022,App
TRX00008002,PRD000522,CLI000185,09/11/2025,App
TRX00008003,PRD001703,CLI000703,16/05/2025,App
TRX00008004,PRD001737,CLI000831,10/02/2021,App
TRX00008005,PRD000208,CLI000057,30/06/2015,Agencia
TRX00008006,PRD000310,CLI000310,23/06/2023,App
TRX00008007,PRD000802,CLI000523,25/02/2021,App
TRX00008008,PRD001414,CLI000351,30/07/2025,Agencia
TRX00008009,PRD000891,CLI000938,09/05/2026,App
TRX00008010,PRD000274,CLI000308,30/03/2021,App
TRX00008011,PRD001842,CLI000257,27/04/2025,App
TRX00008012,PRD000395,CLI000673,08/07/2022,App
TRX00008013,PRD001414,CLI000414,12/04/2025,App
TRX00008014,PRD001930,CLI000322,01/02/2018,App
TRX00008015,PRD000530,CLI000170,29/10/2019,App
TRX00008016,PRD000895,CLI000564,19/02/2022,App
TRX00008017,PRD001120,CLI000018,30/01/2019,App
TRX00008018,PRD000320,CLI000780,09/04/2019,App
TRX00008019,PRD001192,CLI000655,03/10/2022,Agencia
TRX00008020,PRD000860,CLI000085,26/09/2023,App
TRX00008021,PRD000724,CLI000724,27/06/2025,App
TRX00008022,PRD000060,CLI000060,24/04/2020,App
TRX00008023,PRD000969,CLI000969,19/09/2018,App
TRX00008024,PRD000489,CLI000685,17/04/2026,App
TRX00008025,PRD001205,CLI000285,20/12/2024,Agencia
TRX00008026,PRD001742,CLI000633,05/12/2021,App
TRX00008027,PRD001660,CLI000529,18/04/2017,App
TRX00008028,PRD000461,CLI000706,10/03/2026,App
TRX00008029,PRD000464,CLI000707,31/03/2026,Agencia
TRX00008030,PRD001256,CLI000603,29/01/2021,Agencia
TRX00008031,PRD001759,CLI000095,28/08/2020,App
TRX00008032,PRD001523,CLI000395,19/06/2022,Agencia
TRX00008033,PRD001673,CLI000168,27/06/2025,App
TRX00008034,PRD000097,CLI000038,02/02/2022,Agencia
TRX00008035,PRD001163,CLI000926,03/04/2026,App
TRX00008036,PRD000387,CLI000387,16/08/2021,Agencia
TRX00008037,PRD001863,CLI000905,16/08/2026,App
TRX00008038,PRD000946,CLI000193,29/08/2017,Agencia
TRX00008039,PRD001570,CLI000568,14/06/2022,App
TRX00008040,PRD001098,CLI000098,22/12/2015,App
TRX00008041,PRD001246,CLI000590,02/01/2024,Agencia
TRX00008042,PRD000995,CLI000376,08/08/2023,App
TRX00008043,PRD001219,CLI000046,18/10/2017,App
TRX00008044,PRD000604,CLI000111,22/07/2024,App
TRX00008045,PRD001277,CLI000449,30/01/2023,Agencia
TRX00008046,PRD000604,CLI000013,26/11/2024,App
TRX00008047,PRD000722,CLI000722,02/06/2026,App
TRX00008048,PRD001695,CLI000695,18/01/2024,Agencia
TRX00008049,PRD000007,CLI000916,13/06/2019,App
TRX00008050,PRD000763,CLI000044,09/11/2025,App
TRX00008051,PRD001124,CLI000787,30/10/2023,App
TRX00008052,PRD000587,CLI000892,18/05/2022,App
TRX00008053,PRD001583,CLI000672,10/07/2023,App
TRX00008054,PRD000252,CLI000005,29/10/2024,App
TRX00008055,PRD000362,CLI000362,20/09/2019,App
TRX00008056,PRD000372,CLI000372,18/08/2023,App
TRX00008057,PRD000887,CLI000887,08/04/2019,App
TRX00008058,PRD000576,CLI000605,21/01/2022,Agencia
TRX00008059,PRD001493,CLI000248,12/03/2026,App
TRX00008060,PRD000537,CLI000997,07/04/2017,App
TRX00008061,PRD000872,CLI000872,12/12/2024,App
TRX00008062,PRD000524,CLI000504,11/06/2022,Agencia
TRX00008063,PRD000265,CLI000190,15/08/2022,App
TRX00008064,PRD000072,CLI000658,02/08/2018,Agencia
TRX00008065,PRD001626,CLI000830,17/05/2022,Agencia
TRX00008066,PRD001787,CLI000076,20/01/2026,App
TRX00008067,PRD001255,CLI000296,21/11/2025,Agencia
TRX00008068,PRD001018,CLI000018,01/02/2014,App
TRX00008069,PRD000133,CLI000889,16/12/2025,App
TRX00008070,PRD000544,CLI000544,13/11/2022,App
TRX00008071,PRD000143,CLI000907,29/01/2014,Agencia
TRX00008072,PRD001178,CLI000772,08/09/2024,App
TRX00008073,PRD001353,CLI000353,13/12/2018,App
TRX00008074,PRD000050,CLI000072,29/06/2020,App
TRX00008075,PRD001010,CLI000152,10/03/2022,Agencia
TRX00008076,PRD001836,CLI000069,27/01/2012,Agencia
TRX00008077,PRD001437,CLI000481,22/04/2026,App
TRX00008078,PRD000978,CLI000348,04/02/2023,App
TRX00008079,PRD000117,CLI000243,20/06/2025,App
TRX00008080,PRD001144,CLI000678,16/08/2020,Agencia
TRX00008081,PRD001497,CLI000497,28/02/2020,App
TRX00008082,PRD001629,CLI000629,16/12/2025,App
TRX00008083,PRD000320,CLI000773,19/09/2021,Agencia
TRX00008084,PRD000900,CLI000612,21/02/2021,App
TRX00008085,PRD000183,CLI000183,17/04/2018,App
TRX00008086,PRD001096,CLI000700,16/12/2024,App
TRX00008087,PRD000371,CLI000833,10/03/2023,App
TRX00008088,PRD001236,CLI000702,19/05/2025,Agencia
TRX00008089,PRD000357,CLI000357,06/11/2025,Agencia
TRX00008090,PRD001420,CLI000386,20/11/2019,App
TRX00008091,PRD000876,CLI000312,08/05/2025,App
TRX00008092,PRD000843,CLI000843,10/03/2026,App
TRX00008093,PRD001137,CLI000439,22/08/2024,App
TRX00008094,PRD000781,CLI000687,23/01/2024,App
TRX00008095,PRD000153,CLI000153,23/06/2026,App
TRX00008096,PRD001083,CLI000200,28/08/2015,App
TRX00008097,PRD001446,CLI000465,04/08/2013,App
TRX00008098,PRD000151,CLI000049,23/12/2024,App
TRX00008099,PRD000202,CLI000671,25/04/2024,App
TRX00008100,PRD001568,CLI000568,14/01/2018,App
TRX00008101,PRD001635,CLI000080,23/05/2026,Agencia
TRX00008102,PRD000165,CLI000235,11/01/2014,App
TRX00008103,PRD001615,CLI000324,08/08/2025,App
TRX00008104,PRD000313,CLI000261,16/07/2025,App
TRX00008105,PRD001744,CLI000867,02/08/2024,Agencia
TRX00008106,PRD000780,CLI000443,13/07/2026,App
TRX00008107,PRD001530,CLI000537,20/08/2016,App
TRX00008108,PRD001517,CLI000517,04/08/2017,App
TRX00008109,PRD000100,CLI000100,24/12/2025,Agencia
TRX00008110,PRD001965,CLI000842,02/04/2019,Agencia
TRX00008111,PRD000262,CLI000030,02/04/2026,Agencia
TRX00008112,PRD000365,CLI000135,01/06/2019,Agencia
TRX00008113,PRD000147,CLI000454,03/05/2026,App
TRX00008114,PRD000302,CLI000044,11/01/2025,App
TRX00008115,PRD001963,CLI000368,08/12/2024,App
TRX00008116,PRD001285,CLI000285,06/07/2025,App
TRX00008117,PRD000802,CLI000444,01/03/2019,App
TRX00008118,PRD001932,CLI000932,03/07/2025,App
TRX00008119,PRD000449,CLI000549,24/03/2019,App
TRX00008120,PRD000604,CLI000190,18/10/2015,Agencia
TRX00008121,PRD001288,CLI000288,06/05/2026,App
TRX00008122,PRD001958,CLI000825,07/11/2025,Agencia
TRX00008123,PRD000995,CLI000777,23/02/2022,App
TRX00008124,PRD001582,CLI000524,14/04/2015,App
TRX00008125,PRD001337,CLI000976,15/12/2022,App
TRX00008126,PRD000685,CLI000966,19/04/2023,App
TRX00008127,PRD000444,CLI000444,26/06/2020,App
TRX00008128,PRD001202,CLI000462,01/12/2018,Agencia
TRX00008129,PRD001427,CLI000830,08/07/2014,App
TRX00008130,PRD001598,CLI000882,24/11/2020,App
TRX00008131,PRD000069,CLI000971,25/03/2025,Agencia
TRX00008132,PRD000571,CLI000708,31/03/2019,App
TRX00008133,PRD001161,CLI000523,21/04/2025,App
TRX00008134,PRD000090,CLI000643,28/07/2025,App
TRX00008135,PRD001111,CLI000111,20/09/2025,App
TRX00008136,PRD000651,CLI000345,19/04/2025,Agencia
TRX00008137,PRD001742,CLI000742,30/08/2025,App
TRX00008138,PRD001600,CLI000183,23/03/2023,Agencia
TRX00008139,PRD001675,CLI000168,21/01/2023,Agencia
TRX00008140,PRD001836,CLI000865,21/03/2022,App
TRX00008141,PRD001696,CLI000360,26/01/2024,App
TRX00008142,PRD000290,CLI000817,16/05/2015,App
TRX00008143,PRD001559,CLI000940,07/10/2023,App
TRX00008144,PRD000757,CLI000757,31/10/2015,App
TRX00008145,PRD000304,CLI000128,19/01/2026,App
TRX00008146,PRD000797,CLI000297,01/02/2026,App
TRX00008147,PRD000334,CLI000419,17/03/2021,App
TRX00008148,PRD000234,CLI000526,24/01/2024,Agencia
TRX00008149,PRD000508,CLI000700,10/04/2023,Agencia
TRX00008150,PRD000080,CLI000829,04/08/2024,App
TRX00008151,PRD001628,CLI000699,13/06/2026,App
TRX00008152,PRD001042,CLI000685,19/08/2026,App
TRX00008153,PRD000288,CLI000906,19/09/2020,App
TRX00008154,PRD000116,CLI000357,04/08/2026,App
TRX00008155,PRD000070,CLI000801,27/12/2025,Agencia
TRX00008156,PRD001584,CLI000261,19/08/2018,App
TRX00008157,PRD000903,CLI000578,09/08/2026,Agencia
TRX00008158,PRD001092,CLI000513,09/07/2023,App
TRX00008159,PRD001614,CLI000702,06/09/2019,App
TRX00008160,PRD001707,CLI000479,04/02/2023,Agencia
TRX00008161,PRD000507,CLI000507,12/04/2026,App
TRX00008162,PRD000336,CLI000784,03/08/2024,App
TRX00008163,PRD001590,CLI000710,24/06/2022,Agencia
TRX00008164,PRD000663,CLI000035,23/05/2018,Agencia
TRX00008165,PRD001424,CLI000424,03/07/2026,App
TRX00008166,PRD000995,CLI000862,09/02/2021,App
TRX00008167,PRD000376,CLI000383,15/12/2019,App
TRX00008168,PRD000494,CLI000494,04/06/2021,Agencia
TRX00008169,PRD001532,CLI000532,14/03/2025,App
TRX00008170,PRD000091,CLI000499,29/05/2016,App
TRX00008171,PRD001963,CLI000643,24/05/2026,App
TRX00008172,PRD000196,CLI000196,03/06/2019,App
TRX00008173,PRD001412,CLI000595,15/07/2020,App
TRX00008174,PRD000428,CLI000119,30/06/2026,Agencia
TRX00008175,PRD000227,CLI000389,26/01/2018,App
TRX00008176,PRD001787,CLI000849,07/08/2018,App
TRX00008177,PRD001711,CLI000711,11/01/2025,App
TRX00008178,PRD000533,CLI000033,08/04/2019,Agencia
TRX00008179,PRD000456,CLI000100,18/08/2024,App
TRX00008180,PRD001114,CLI000173,10/08/2025,Agencia
TRX00008181,PRD001803,CLI000803,19/02/2025,App
TRX00008182,PRD001386,CLI000335,25/08/2021,App
TRX00008183,PRD000610,CLI000371,20/01/2026,App
TRX00008184,PRD000195,CLI000581,06/10/2021,App
TRX00008185,PRD000896,CLI000983,05/05/2022,App
TRX00008186,PRD001414,CLI000305,17/08/2021,App
TRX00008187,PRD000103,CLI000557,15/05/2018,Agencia
TRX00008188,PRD001307,CLI000307,01/04/2026,App
TRX00008189,PRD001237,CLI000956,08/05/2024,App
TRX00008190,PRD001766,CLI000619,06/01/2024,Agencia
TRX00008191,PRD000754,CLI000924,01/06/2025,App
TRX00008192,PRD001477,CLI000947,22/04/2022,Agencia
TRX00008193,PRD000180,CLI000180,19/08/2016,App
TRX00008194,PRD000244,CLI000244,05/01/2025,Agencia
TRX00008195,PRD000383,CLI000730,08/10/2014,Agencia
TRX00008196,PRD000587,CLI000196,28/04/2016,App
TRX00008197,PRD000279,CLI000279,01/12/2025,App
TRX00008198,PRD001617,CLI000352,25/11/2017,App
TRX00008199,PRD000526,CLI000411,18/04/2022,App
TRX00008200,PRD001507,CLI000730,07/08/2025,App
TRX00008201,PRD001611,CLI000589,21/01/2020,App
TRX00008202,PRD000052,CLI000833,11/11/2015,App
TRX00008203,PRD001328,CLI000527,02/12/2024,App
TRX00008204,PRD001562,CLI000781,09/10/2017,Agencia
TRX00008205,PRD001758,CLI000929,20/07/2025,Agencia
TRX00008206,PRD000613,CLI000412,25/02/2025,App
TRX00008207,PRD000037,CLI000193,04/09/2017,Agencia
TRX00008208,PRD000271,CLI000302,13/09/2022,App
TRX00008209,PRD000496,CLI000425,15/12/2017,App
TRX00008210,PRD000255,CLI000526,20/05/2025,App
TRX00008211,PRD001101,CLI000459,24/03/2024,App
TRX00008212,PRD001739,CLI000739,19/06/2026,App
TRX00008213,PRD000667,CLI000259,26/05/2019,App
TRX00008214,PRD000482,CLI000092,18/10/2024,Agencia
TRX00008215,PRD000780,CLI000856,26/09/2024,Agencia
TRX00008216,PRD001813,CLI000854,07/06/2020,App
TRX00008217,PRD000965,CLI000345,04/02/2023,App
TRX00008218,PRD001508,CLI000746,15/11/2022,App
TRX00008219,PRD001062,CLI000841,17/11/2012,App
TRX00008220,PRD001184,CLI000527,19/10/2021,App
TRX00008221,PRD001038,CLI000038,28/10/2016,App
TRX00008222,PRD000437,CLI000983,22/05/2025,App
TRX00008223,PRD000143,CLI000143,23/07/2012,App
TRX00008224,PRD000908,CLI000486,28/02/2026,App
TRX00008225,PRD001551,CLI000551,19/06/2026,App
TRX00008226,PRD000454,CLI000454,17/03/2026,Agencia
TRX00008227,PRD000122,CLI000122,30/04/2018,App
TRX00008228,PRD001623,CLI000255,02/11/2019,Agencia
TRX00008229,PRD000070,CLI000858,15/04/2026,App
TRX00008230,PRD001735,CLI000496,11/05/2017,App
TRX00008231,PRD000192,CLI000675,25/01/2022,App
TRX00008232,PRD001100,CLI000100,23/12/2025,App
TRX00008233,PRD001217,CLI000965,28/08/2019,App
TRX00008234,PRD000173,CLI000142,02/11/2024,App
TRX00008235,PRD001975,CLI000082,11/06/2026,App
TRX00008236,PRD000788,CLI000605,26/03/2021,App
TRX00008237,PRD001989,CLI000989,01/12/2024,Agencia
TRX00008238,PRD001318,CLI000695,28/01/2026,App
TRX00008239,PRD001082,CLI000082,07/12/2025,Agencia
TRX00008240,PRD000678,CLI000405,06/04/2018,Agencia
TRX00008241,PRD001123,CLI000956,30/05/2024,App
TRX00008242,PRD001958,CLI000463,24/09/2024,Agencia
TRX00008243,PRD001676,CLI000518,13/12/2023,Agencia
TRX00008244,PRD000646,CLI000524,05/11/2011,Agencia
TRX00008245,PRD000994,CLI000994,03/01/2026,App
TRX00008246,PRD001340,CLI000861,22/08/2025,App
TRX00008247,PRD000723,CLI000324,20/06/2026,Agencia
TRX00008248,PRD000142,CLI000025,29/04/2022,App
TRX00008249,PRD000507,CLI000611,20/06/2013,App
TRX00008250,PRD001506,CLI000620,17/07/2019,App
TRX00008251,PRD000493,CLI000977,09/12/2023,App
TRX00008252,PRD001340,CLI000098,14/04/2016,App
TRX00008253,PRD001005,CLI000093,22/01/2024,App
TRX00008254,PRD000589,CLI000329,26/07/2025,Agencia
TRX00008255,PRD001025,CLI000093,07/04/2020,Agencia
TRX00008256,PRD001942,CLI000942,02/10/2014,App
TRX00008257,PRD000575,CLI000584,22/09/2019,App
TRX00008258,PRD001836,CLI000756,26/08/2024,App
TRX00008259,PRD000384,CLI000130,27/02/2026,App
TRX00008260,PRD000525,CLI000532,06/02/2026,App
TRX00008261,PRD001747,CLI000670,17/10/2025,App
TRX00008262,PRD000487,CLI000657,08/10/2023,App
TRX00008263,PRD001773,CLI000233,28/08/2022,App
TRX00008264,PRD000510,CLI000004,05/10/2019,App
TRX00008265,PRD001312,CLI000187,07/08/2025,App
TRX00008266,PRD000132,CLI000665,28/03/2013,Agencia
TRX00008267,PRD000752,CLI000752,25/02/2025,App
TRX00008268,PRD000475,CLI000064,27/08/2017,App
TRX00008269,PRD000055,CLI000436,26/01/2021,App
TRX00008270,PRD000632,CLI000517,16/06/2017,Agencia
TRX00008271,PRD000407,CLI000261,17/12/2020,App
TRX00008272,PRD001207,CLI000809,02/10/2021,App
TRX00008273,PRD001665,CLI000352,03/08/2022,Agencia
TRX00008274,PRD000186,CLI000186,21/09/2024,App
TRX00008275,PRD000318,CLI000614,13/02/2020,Agencia
TRX00008276,PRD001564,CLI000094,16/04/2024,App
TRX00008277,PRD000482,CLI000761,03/11/2022,App
TRX00008278,PRD000812,CLI000955,12/07/2018,App
TRX00008279,PRD000841,CLI000118,21/04/2026,App
TRX00008280,PRD000798,CLI000798,22/06/2026,App
TRX00008281,PRD001815,CLI000815,22/02/2016,App
TRX00008282,PRD001113,CLI000368,25/12/2025,Agencia
TRX00008283,PRD001627,CLI000534,29/06/2021,App
TRX00008284,PRD000176,CLI000971,14/12/2025,App
TRX00008285,PRD001131,CLI000212,09/11/2019,App
TRX00008286,PRD001193,CLI000484,24/07/2020,App
TRX00008287,PRD001401,CLI000877,05/07/2023,Agencia
TRX00008288,PRD000036,CLI000971,20/04/2026,App
TRX00008289,PRD000743,CLI000080,25/09/2016,Agencia
TRX00008290,PRD001925,CLI000921,10/08/2026,App
TRX00008291,PRD001087,CLI000149,19/07/2023,App
TRX00008292,PRD000168,CLI000168,17/02/2025,Agencia
TRX00008293,PRD001215,CLI000215,10/01/2026,App
TRX00008294,PRD001115,CLI000524,13/08/2016,App
TRX00008295,PRD000804,CLI000491,01/09/2025,App
TRX00008296,PRD001087,CLI000754,21/04/2024,App
TRX00008297,PRD000432,CLI000432,27/07/2020,Agencia
TRX00008298,PRD000186,CLI000917,30/03/2026,App
TRX00008299,PRD001517,CLI000847,13/07/2020,App
TRX00008300,PRD001623,CLI000623,21/10/2024,App
TRX00008301,PRD000258,CLI000973,23/05/2025,App
TRX00008302,PRD000932,CLI000420,29/04/2026,App
TRX00008303,PRD000091,CLI000642,27/06/2016,App
TRX00008304,PRD001460,CLI000732,12/07/2026,App
TRX00008305,PRD000744,CLI000271,02/12/2020,App
TRX00008306,PRD001319,CLI000620,09/01/2018,Agencia
TRX00008307,PRD001027,CLI000027,24/05/2026,Agencia
TRX00008308,PRD001543,CLI000543,03/04/2022,App
TRX00008309,PRD000152,CLI000152,03/08/2025,App
TRX00008310,PRD001913,CLI000913,29/11/2018,Agencia
TRX00008311,PRD000106,CLI000320,11/11/2015,Agencia
TRX00008312,PRD000354,CLI000203,02/02/2026,App
TRX00008313,PRD001522,CLI000522,05/06/2021,App
TRX00008314,PRD001639,CLI000181,18/01/2022,App
TRX00008315,PRD000896,CLI000272,25/03/2023,App
TRX00008316,PRD001412,CLI000264,13/10/2020,App
TRX00008317,PRD001306,CLI000660,04/11/2022,App
TRX00008318,PRD000287,CLI000973,22/03/2021,App
TRX00008319,PRD000807,CLI000807,01/10/2017,App
TRX00008320,PRD000633,CLI000335,20/06/2022,App
TRX00008321,PRD000517,CLI000206,06/11/2022,App
TRX00008322,PRD000215,CLI000077,29/12/2021,App
TRX00008323,PRD001232,CLI000507,03/09/2025,App
TRX00008324,PRD001539,CLI000352,12/10/2017,App
TRX00008325,PRD001980,CLI000657,03/07/2017,Agencia
TRX00008326,PRD000785,CLI000785,30/05/2026,Agencia
TRX00008327,PRD000189,CLI000387,01/01/2023,App
TRX00008328,PRD001494,CLI000593,20/02/2020,Agencia
TRX00008329,PRD001694,CLI000846,31/05/2025,App
TRX00008330,PRD000513,CLI000513,06/10/2023,App
TRX00008331,PRD001833,CLI000699,08/10/2022,App
TRX00008332,PRD000678,CLI000947,28/08/2025,App
TRX00008333,PRD001747,CLI000805,20/12/2021,App
TRX00008334,PRD001548,CLI000207,16/12/2019,Agencia
TRX00008335,PRD000535,CLI000535,16/05/2023,App
TRX00008336,PRD001696,CLI000131,29/03/2022,App
TRX00008337,PRD001474,CLI000809,09/09/2012,App
TRX00008338,PRD001365,CLI000365,05/11/2013,Agencia
TRX00008339,PRD000853,CLI000162,30/06/2013,App
TRX00008340,PRD001941,CLI000941,22/11/2016,App
TRX00008341,PRD001492,CLI000492,10/01/2023,App
TRX00008342,PRD000250,CLI000968,07/04/2014,Agencia
TRX00008343,PRD000365,CLI000338,13/01/2022,App
TRX00008344,PRD000814,CLI000814,18/06/2022,App
TRX00008345,PRD000975,CLI000975,24/02/2021,App
TRX00008346,PRD000962,CLI000962,03/11/2021,App
TRX00008347,PRD000243,CLI000694,06/11/2017,App
TRX00008348,PRD001928,CLI000577,20/04/2018,App
TRX00008349,PRD000198,CLI000094,15/04/2023,Agencia
TRX00008350,PRD001915,CLI000915,23/04/2021,App
TRX00008351,PRD000925,CLI000488,09/11/2025,App
TRX00008352,PRD001289,CLI000815,18/08/2023,App
TRX00008353,PRD000656,CLI000656,18/01/2026,App
TRX00008354,PRD001539,CLI000454,03/07/2026,App
TRX00008355,PRD000838,CLI000996,14/12/2022,Agencia
TRX00008356,PRD000601,CLI000601,07/12/2024,App
TRX00008357,PRD001247,CLI000247,25/04/2022,App
TRX00008358,PRD001235,CLI000548,12/07/2023,Agencia
TRX00008359,PRD001620,CLI000172,29/04/2026,Agencia
TRX00008360,PRD001729,CLI000729,09/04/2014,App
TRX00008361,PRD001381,CLI000381,22/10/2021,App
TRX00008362,PRD000852,CLI000661,17/04/2016,App
TRX00008363,PRD001112,CLI000112,07/07/2020,App
TRX00008364,PRD000290,CLI000290,23/05/2021,App
TRX00008365,PRD001882,CLI000226,29/09/2025,App
TRX00008366,PRD000316,CLI000316,09/07/2019,Agencia
TRX00008367,PRD000115,CLI000835,19/01/2026,App
TRX00008368,PRD001716,CLI000321,18/11/2021,App
TRX00008369,PRD000385,CLI000558,26/07/2022,App
TRX00008370,PRD000063,CLI000063,17/04/2026,App
TRX00008371,PRD001545,CLI000348,20/12/2022,Agencia
TRX00008372,PRD001808,CLI000808,28/09/2025,Agencia
TRX00008373,PRD001434,CLI000868,22/12/2024,App
TRX00008374,PRD001529,CLI000673,25/06/2019,App
TRX00008375,PRD000541,CLI000699,07/11/2019,App
TRX00008376,PRD000942,CLI000942,29/03/2023,App
TRX00008377,PRD001466,CLI000889,25/07/2026,Agencia
TRX00008378,PRD001862,CLI000160,06/08/2026,App
TRX00008379,PRD001656,CLI000533,31/10/2023,Agencia
TRX00008380,PRD000054,CLI000328,04/06/2022,Agencia
TRX00008381,PRD000681,CLI000349,28/12/2013,Agencia
TRX00008382,PRD000619,CLI000114,11/03/2021,App
TRX00008383,PRD001716,CLI000752,28/04/2022,App
TRX00008384,PRD001248,CLI000652,06/07/2024,App
TRX00008385,PRD001352,CLI000647,05/03/2026,App
TRX00008386,PRD001899,CLI000821,20/03/2026,App
TRX00008387,PRD000411,CLI000948,10/01/2019,App
TRX00008388,PRD000696,CLI000407,16/11/2023,App
TRX00008389,PRD001621,CLI000966,11/08/2022,App
TRX00008390,PRD000102,CLI000102,19/02/2026,App
TRX00008391,PRD000064,CLI000039,31/03/2026,App
TRX00008392,PRD001005,CLI000586,24/08/2021,Agencia
TRX00008393,PRD000937,CLI000040,12/06/2026,Agencia
TRX00008394,PRD001236,CLI000514,01/06/2020,Agencia
TRX00008395,PRD001218,CLI000144,31/07/2020,App
TRX00008396,PRD001440,CLI000878,22/02/2014,App
TRX00008397,PRD001999,CLI000999,07/08/2022,Agencia
TRX00008398,PRD000539,CLI000539,21/09/2024,Agencia
TRX00008399,PRD000825,CLI000096,10/12/2022,Agencia
TRX00008400,PRD001367,CLI000318,16/05/2025,Agencia
TRX00008401,PRD001810,CLI000309,19/10/2024,App
TRX00008402,PRD001508,CLI000927,09/10/2013,App
TRX00008403,PRD000724,CLI000178,08/10/2025,App
TRX00008404,PRD001649,CLI000649,01/08/2026,App
TRX00008405,PRD001100,CLI001000,08/05/2013,App
TRX00008406,PRD001803,CLI000433,13/09/2025,Agencia
TRX00008407,PRD001928,CLI000650,27/02/2026,App
TRX00008408,PRD001093,CLI000068,14/06/2024,App
TRX00008409,PRD000072,CLI000751,20/11/2020,Agencia
TRX00008410,PRD000239,CLI000239,01/02/2026,App
TRX00008411,PRD000990,CLI000987,31/05/2022,App
TRX00008412,PRD000681,CLI000089,25/07/2026,App
TRX00008413,PRD001602,CLI000602,16/02/2023,App
TRX00008414,PRD001833,CLI000941,16/07/2015,Agencia
TRX00008415,PRD001217,CLI000217,06/06/2024,App
TRX00008416,PRD001485,CLI000676,09/06/2022,App
TRX00008417,PRD001654,CLI000654,21/04/2026,App
TRX00008418,PRD001154,CLI000154,08/11/2025,App
TRX00008419,PRD000614,CLI000760,11/08/2026,App
TRX00008420,PRD000940,CLI000663,10/04/2026,Agencia
TRX00008421,PRD000172,CLI000240,30/08/2019,App
TRX00008422,PRD001029,CLI000914,27/06/2024,Agencia
TRX00008423,PRD000882,CLI000588,02/11/2017,App
TRX00008424,PRD000928,CLI000761,29/08/2014,App
TRX00008425,PRD000550,CLI000672,23/12/2022,App
TRX00008426,PRD001618,CLI000789,14/12/2013,App
TRX00008427,PRD001675,CLI000347,21/01/2026,App
TRX00008428,PRD001066,CLI000101,02/07/2021,App
TRX00008429,PRD001621,CLI000651,26/06/2019,App
TRX00008430,PRD001314,CLI000344,21/03/2026,App
TRX00008431,PRD000809,CLI000391,12/12/2020,App
TRX00008432,PRD001981,CLI000981,01/07/2014,Agencia
TRX00008433,PRD000668,CLI000447,01/03/2023,Agencia
TRX00008434,PRD000711,CLI000711,27/04/2026,App
TRX00008435,PRD000063,CLI000905,16/07/2025,App
TRX00008436,PRD000837,CLI000532,10/07/2022,Agencia
TRX00008437,PRD000382,CLI000753,23/01/2026,Agencia
TRX00008438,PRD000909,CLI000257,26/09/2025,App
TRX00008439,PRD000827,CLI000251,21/12/2025,App
TRX00008440,PRD000731,CLI000303,04/03/2025,App
TRX00008441,PRD000455,CLI000353,11/07/2026,Agencia
TRX00008442,PRD001737,CLI000737,03/10/2022,App
TRX00008443,PRD000774,CLI000421,16/02/2025,App
TRX00008444,PRD001984,CLI000340,04/01/2025,App
TRX00008445,PRD001882,CLI000934,30/08/2024,App
TRX00008446,PRD000225,CLI000581,08/08/2019,App
TRX00008447,PRD001551,CLI000967,19/02/2024,App
TRX00008448,PRD000679,CLI000491,15/08/2019,App
TRX00008449,PRD000806,CLI000388,10/08/2026,App
TRX00008450,PRD000638,CLI000638,24/02/2025,App
TRX00008451,PRD001866,CLI000451,11/09/2022,App
TRX00008452,PRD000326,CLI000671,22/04/2023,Agencia
TRX00008453,PRD000257,CLI000072,08/05/2023,App
TRX00008454,PRD001187,CLI000187,19/03/2026,App
TRX00008455,PRD000253,CLI000899,19/11/2023,App
TRX00008456,PRD000924,CLI000648,04/11/2024,App
TRX00008457,PRD001919,CLI000197,12/02/2022,Agencia
TRX00008458,PRD000634,CLI000042,28/01/2023,App
TRX00008459,PRD000831,CLI000831,22/06/2013,App
TRX00008460,PRD000491,CLI000491,18/04/2023,App
TRX00008461,PRD000249,CLI000788,12/10/2020,Agencia
TRX00008462,PRD000907,CLI000252,18/09/2012,App
TRX00008463,PRD000282,CLI000381,17/02/2025,App
TRX00008464,PRD001948,CLI000356,21/01/2024,App
TRX00008465,PRD000177,CLI000177,20/12/2016,App
TRX00008466,PRD001959,CLI000411,27/07/2023,App
TRX00008467,PRD000402,CLI000561,21/02/2024,Agencia
TRX00008468,PRD000418,CLI000022,10/08/2024,App
TRX00008469,PRD000015,CLI000257,27/02/2024,App
TRX00008470,PRD001385,CLI000225,11/04/2026,App
TRX00008471,PRD000199,CLI000199,01/01/2020,App
TRX00008472,PRD001888,CLI000488,20/02/2016,Agencia
TRX00008473,PRD000123,CLI000123,15/12/2022,App
TRX00008474,PRD000605,CLI000669,13/10/2015,App
TRX00008475,PRD000660,CLI000274,08/08/2019,App
TRX00008476,PRD000611,CLI000809,10/12/2013,App
TRX00008477,PRD001954,CLI000954,16/01/2025,App
TRX00008478,PRD000788,CLI000356,04/04/2018,Agencia
TRX00008479,PRD001605,CLI000605,29/03/2022,App
TRX00008480,PRD000598,CLI000362,26/03/2023,Agencia
TRX00008481,PRD001683,CLI000703,30/09/2025,App
TRX00008482,PRD001991,CLI000991,08/06/2021,App
TRX00008483,PRD000297,CLI000555,16/11/2024,App
TRX00008484,PRD001220,CLI000220,06/07/2025,Agencia
TRX00008485,PRD000030,CLI000929,06/06/2024,App
TRX00008486,PRD001251,CLI000190,24/10/2025,Agencia
TRX00008487,PRD001241,CLI000879,09/09/2014,App
TRX00008488,PRD001935,CLI000972,30/10/2021,App
TRX00008489,PRD000730,CLI000297,18/03/2026,App
TRX00008490,PRD000311,CLI000096,08/06/2018,App
TRX00008491,PRD000240,CLI000950,22/06/2025,App
TRX00008492,PRD000108,CLI000595,19/09/2024,Agencia
TRX00008493,PRD001296,CLI000211,08/12/2024,App
TRX00008494,PRD000946,CLI000946,03/12/2019,App
TRX00008495,PRD000686,CLI000288,25/05/2026,App
TRX00008496,PRD001563,CLI000494,16/08/2025,App
TRX00008497,PRD001157,CLI000576,15/03/2025,Agencia
TRX00008498,PRD000563,CLI000804,12/02/2024,Agencia
TRX00008499,PRD000241,CLI000100,27/04/2025,Agencia
TRX00008500,PRD001567,CLI000459,19/08/2014,App
TRX00008501,PRD001343,CLI000318,19/07/2025,App
TRX00008502,PRD001998,CLI000655,23/09/2024,Agencia
TRX00008503,PRD000430,CLI000804,15/04/2026,Agencia
TRX00008504,PRD001846,CLI000846,12/09/2024,App
TRX00008505,PRD000655,CLI000512,21/04/2020,App
TRX00008506,PRD001575,CLI000575,09/11/2025,App
TRX00008507,PRD000314,CLI000249,05/02/2024,App
TRX00008508,PRD000773,CLI000773,29/09/2015,App
TRX00008509,PRD001264,CLI000045,20/04/2021,Agencia
TRX00008510,PRD000763,CLI000924,17/10/2024,App
TRX00008511,PRD001721,CLI000048,07/01/2023,App
TRX00008512,PRD000453,CLI000517,04/04/2024,App
TRX00008513,PRD001897,CLI000929,10/07/2023,App
TRX00008514,PRD000170,CLI000170,16/08/2023,App
TRX00008515,PRD001302,CLI000302,25/08/2022,App
TRX00008516,PRD001828,CLI000828,27/08/2021,App
TRX00008517,PRD000665,CLI000740,22/01/2025,App
TRX00008518,PRD001980,CLI000630,17/12/2018,Agencia
TRX00008519,PRD000997,CLI000297,21/04/2026,App
TRX00008520,PRD000189,CLI000456,24/02/2026,Agencia
TRX00008521,PRD001745,CLI000744,14/08/2026,App
TRX00008522,PRD000799,CLI000799,07/10/2016,App
TRX00008523,PRD000353,CLI000615,29/11/2021,App
TRX00008524,PRD000898,CLI000741,26/09/2025,App
TRX00008525,PRD000453,CLI000407,10/04/2026,App
TRX00008526,PRD001175,CLI000175,01/05/2025,Agencia
TRX00008527,PRD001022,CLI000620,06/11/2014,App
TRX00008528,PRD000642,CLI000590,29/07/2026,App
TRX00008529,PRD001674,CLI000674,28/12/2016,App
TRX00008530,PRD000936,CLI000719,10/07/2023,App
TRX00008531,PRD001397,CLI000397,13/09/2016,App
TRX00008532,PRD000988,CLI000895,28/11/2025,App
TRX00008533,PRD001308,CLI000897,17/09/2024,Agencia
TRX00008534,PRD000515,CLI000515,23/06/2025,Agencia
TRX00008535,PRD000557,CLI000876,28/12/2024,App
TRX00008536,PRD001175,CLI000091,20/05/2024,App
TRX00008537,PRD001668,CLI000780,24/03/2023,App
TRX00008538,PRD001250,CLI000302,23/04/2022,Agencia
TRX00008539,PRD001284,CLI000207,28/06/2022,Agencia
TRX00008540,PRD001730,CLI000690,30/11/2023,Agencia
TRX00008541,PRD001704,CLI000704,13/11/2017,App
TRX00008542,PRD001340,CLI000340,01/03/2025,App
TRX00008543,PRD001742,CLI000578,04/08/2026,App
TRX00008544,PRD001287,CLI000026,10/12/2024,App
TRX00008545,PRD001767,CLI000869,25/01/2019,App
TRX00008546,PRD000403,CLI000403,27/05/2026,Agencia
TRX00008547,PRD000539,CLI000616,06/05/2026,App
TRX00008548,PRD001682,CLI000159,22/08/2023,App
TRX00008549,PRD001746,CLI000411,11/12/2018,Agencia
TRX00008550,PRD001697,CLI000858,29/07/2024,App
TRX00008551,PRD001461,CLI000461,09/05/2026,App
TRX00008552,PRD000276,CLI000276,14/06/2019,App
TRX00008553,PRD002000,CLI001000,03/02/2012,Agencia
TRX00008554,PRD000483,CLI000995,01/10/2014,Agencia
TRX00008555,PRD000929,CLI000801,26/11/2025,App
TRX00008556,PRD000134,CLI000115,04/07/2024,App
TRX00008557,PRD000040,CLI000872,02/05/2021,Agencia
TRX00008558,PRD001778,CLI000778,01/05/2026,App
TRX00008559,PRD001460,CLI000311,22/03/2023,App
TRX00008560,PRD001664,CLI000493,26/05/2025,App
TRX00008561,PRD001659,CLI000661,11/12/2012,Agencia
TRX00008562,PRD000880,CLI000579,09/12/2025,App
TRX00008563,PRD001370,CLI000241,25/08/2020,Agencia
TRX00008564,PRD001813,CLI000946,27/08/2021,App
TRX00008565,PRD000218,CLI000383,28/06/2016,App
TRX00008566,PRD001129,CLI000129,20/08/2023,Agencia
TRX00008567,PRD000698,CLI000658,24/07/2017,App
TRX00008568,PRD000846,CLI000895,15/12/2025,App
TRX00008569,PRD001046,CLI000685,05/08/2026,App
TRX00008570,PRD000496,CLI000644,11/05/2013,Agencia
TRX00008571,PRD001100,CLI000831,12/11/2016,App
TRX00008572,PRD000645,CLI000645,25/09/2018,App
TRX00008573,PRD001993,CLI000951,04/05/2020,Agencia
TRX00008574,PRD000804,CLI000826,27/08/2022,App
TRX00008575,PRD000573,CLI000573,03/08/2025,App
TRX00008576,PRD001576,CLI000576,08/10/2022,App
TRX00008577,PRD001135,CLI000433,23/02/2016,App
TRX00008578,PRD000911,CLI000899,27/01/2023,App
TRX00008579,PRD000695,CLI000361,09/05/2026,Agencia
TRX00008580,PRD000698,CLI000257,04/04/2023,App
TRX00008581,PRD001473,CLI000043,07/10/2020,App
TRX00008582,PRD000332,CLI000416,28/11/2018,Agencia
TRX00008583,PRD000029,CLI000807,22/04/2021,Agencia
TRX00008584,PRD000282,CLI000614,12/11/2015,App
TRX00008585,PRD001930,CLI000039,13/12/2022,App
TRX00008586,PRD001963,CLI000225,14/07/2026,Agencia
TRX00008587,PRD000644,CLI000791,08/05/2026,App
TRX00008588,PRD000903,CLI000835,07/07/2026,App
TRX00008589,PRD001840,CLI000840,02/08/2025,App
TRX00008590,PRD000691,CLI000798,31/07/2026,Agencia
TRX00008591,PRD001638,CLI000931,27/01/2020,Agencia
TRX00008592,PRD001024,CLI000992,25/04/2014,App
TRX00008593,PRD000659,CLI000748,24/11/2024,App
TRX00008594,PRD000857,CLI000248,07/03/2024,Agencia
TRX00008595,PRD000848,CLI000848,05/08/2026,Agencia
TRX00008596,PRD000688,CLI000500,14/07/2023,App
TRX00008597,PRD001183,CLI000183,31/03/2017,Agencia
TRX00008598,PRD001576,CLI000111,25/06/2026,App
TRX00008599,PRD001973,CLI000932,14/09/2020,App
TRX00008600,PRD000453,CLI000210,25/10/2023,App
TRX00008601,PRD001115,CLI000539,04/04/2021,App
TRX00008602,PRD001963,CLI000963,20/11/2021,Agencia
TRX00008603,PRD001835,CLI000239,15/12/2025,App
TRX00008604,PRD000465,CLI000405,16/10/2012,Agencia
TRX00008605,PRD001099,CLI000091,26/12/2023,App
TRX00008606,PRD000181,CLI000739,28/05/2026,App
TRX00008607,PRD000773,CLI000100,04/10/2024,Agencia
TRX00008608,PRD000788,CLI000863,14/09/2024,Agencia
TRX00008609,PRD000650,CLI000128,13/11/2025,Agencia
TRX00008610,PRD000206,CLI000124,07/10/2013,App
TRX00008611,PRD001382,CLI000408,05/07/2024,Agencia
TRX00008612,PRD001985,CLI000880,01/08/2012,Agencia
TRX00008613,PRD001087,CLI000951,24/12/2025,App
TRX00008614,PRD001267,CLI000682,13/07/2013,App
TRX00008615,PRD001133,CLI000133,04/11/2025,App
TRX00008616,PRD001138,CLI000746,06/02/2024,App
TRX00008617,PRD000397,CLI000746,11/06/2024,App
TRX00008618,PRD000029,CLI000029,15/01/2022,App
TRX00008619,PRD000301,CLI000595,05/11/2023,App
TRX00008620,PRD000480,CLI000480,02/01/2025,App
TRX00008621,PRD000013,CLI000584,27/09/2022,App
TRX00008622,PRD000221,CLI000413,01/07/2023,App
TRX00008623,PRD000169,CLI000113,25/05/2022,Agencia
TRX00008624,PRD001190,CLI000269,31/05/2026,App
TRX00008625,PRD001179,CLI000490,04/03/2025,Agencia
TRX00008626,PRD000701,CLI000798,21/06/2026,App
TRX00008627,PRD000231,CLI000039,08/06/2018,App
TRX00008628,PRD000481,CLI000660,03/05/2023,App
TRX00008629,PRD001258,CLI000340,28/09/2024,App
TRX00008630,PRD001039,CLI000633,04/10/2022,Agencia
TRX00008631,PRD001090,CLI000288,31/07/2026,App
TRX00008632,PRD001058,CLI000564,01/12/2022,App
TRX00008633,PRD001665,CLI000914,18/05/2023,App
TRX00008634,PRD000127,CLI000808,07/12/2025,App
TRX00008635,PRD001606,CLI000780,09/07/2024,App
TRX00008636,PRD001174,CLI000617,11/10/2018,App
TRX00008637,PRD000154,CLI000629,22/07/2020,App
TRX00008638,PRD000741,CLI000787,16/05/2022,App
TRX00008639,PRD001542,CLI000734,21/03/2026,Agencia
TRX00008640,PRD001053,CLI000439,04/12/2024,App
TRX00008641,PRD001636,CLI000804,04/06/2024,App
TRX00008642,PRD000090,CLI000969,06/03/2021,App
TRX00008643,PRD000578,CLI000062,14/03/2018,App
TRX00008644,PRD000598,CLI000598,26/12/2025,App
TRX00008645,PRD001888,CLI000231,21/02/2021,App
TRX00008646,PRD001861,CLI000375,26/09/2022,Agencia
TRX00008647,PRD001455,CLI000633,30/08/2019,Agencia
TRX00008648,PRD000178,CLI000475,26/03/2026,App
TRX00008649,PRD000416,CLI000360,03/07/2021,App
TRX00008650,PRD000986,CLI000042,15/05/2024,App
TRX00008651,PRD001034,CLI000948,22/02/2018,Agencia
TRX00008652,PRD001100,CLI000192,31/01/2015,Agencia
TRX00008653,PRD001387,CLI000839,27/10/2023,Agencia
TRX00008654,PRD001052,CLI000748,19/03/2025,Agencia
TRX00008655,PRD001788,CLI000878,18/10/2023,Agencia
TRX00008656,PRD001624,CLI000745,06/02/2020,App
TRX00008657,PRD001295,CLI000925,03/05/2025,Agencia
TRX00008658,PRD000098,CLI000944,07/06/2026,App
TRX00008659,PRD001804,CLI000619,06/12/2015,App
TRX00008660,PRD001276,CLI000652,28/03/2025,App
TRX00008661,PRD000723,CLI000723,22/07/2026,App
TRX00008662,PRD000735,CLI000789,20/03/2020,App
TRX00008663,PRD000538,CLI000835,28/05/2025,Agencia
TRX00008664,PRD000781,CLI000003,18/10/2022,App
TRX00008665,PRD000067,CLI000100,02/03/2026,App
TRX00008666,PRD001502,CLI000025,05/08/2024,Agencia
TRX00008667,PRD000352,CLI000601,02/07/2025,App
TRX00008668,PRD000618,CLI000442,14/08/2025,App
TRX00008669,PRD000537,CLI000164,07/12/2024,App
TRX00008670,PRD000941,CLI000571,19/01/2026,App
TRX00008671,PRD001610,CLI000311,20/09/2015,App
TRX00008672,PRD001589,CLI000581,29/05/2023,Agencia
TRX00008673,PRD001683,CLI000683,22/03/2025,App
TRX00008674,PRD001014,CLI000664,11/08/2025,App
TRX00008675,PRD001575,CLI000111,09/05/2021,App
TRX00008676,PRD000087,CLI000698,17/03/2024,Agencia
TRX00008677,PRD001372,CLI000957,02/08/2026,App
TRX00008678,PRD000442,CLI000128,16/04/2025,Agencia
TRX00008679,PRD001678,CLI000542,25/08/2017,App
TRX00008680,PRD001308,CLI000621,24/07/2025,Agencia
TRX00008681,PRD001557,CLI000093,18/08/2022,App
TRX00008682,PRD000503,CLI000154,02/02/2026,App
TRX00008683,PRD001470,CLI000721,25/11/2016,Agencia
TRX00008684,PRD001207,CLI000207,06/01/2023,App
TRX00008685,PRD000779,CLI000817,27/08/2017,App
TRX00008686,PRD000998,CLI000796,03/05/2020,App
TRX00008687,PRD001881,CLI000881,14/03/2024,App
TRX00008688,PRD000174,CLI000943,04/07/2024,App
TRX00008689,PRD000756,CLI000646,26/03/2021,App
TRX00008690,PRD000871,CLI000883,28/04/2025,App
TRX00008691,PRD000500,CLI000069,26/11/2023,App
TRX00008692,PRD000963,CLI000921,10/08/2026,Agencia
TRX00008693,PRD000596,CLI000858,11/12/2025,App
TRX00008694,PRD000888,CLI000068,11/07/2026,App
TRX00008695,PRD001867,CLI000922,20/07/2015,App
TRX00008696,PRD000926,CLI000782,18/02/2025,App
TRX00008697,PRD000788,CLI000788,26/01/2013,App
TRX00008698,PRD001557,CLI000315,16/07/2018,App
TRX00008699,PRD000175,CLI000574,28/05/2025,Agencia
TRX00008700,PRD001291,CLI000885,26/11/2022,App
TRX00008701,PRD001109,CLI000869,19/01/2025,App
TRX00008702,PRD000694,CLI000617,31/01/2021,Agencia
TRX00008703,PRD001079,CLI000733,07/10/2021,App
TRX00008704,PRD001732,CLI000085,15/11/2023,App
TRX00008705,PRD001588,CLI000207,11/02/2026,App
TRX00008706,PRD001015,CLI000174,25/07/2026,Agencia
TRX00008707,PRD001133,CLI000465,07/03/2012,Agencia
TRX00008708,PRD000974,CLI000209,29/07/2026,App
TRX00008709,PRD000866,CLI000762,02/02/2024,App
TRX00008710,PRD000343,CLI000732,14/08/2026,App
TRX00008711,PRD001758,CLI000553,11/09/2025,App
TRX00008712,PRD001604,CLI000726,26/03/2021,App
TRX00008713,PRD000260,CLI000271,05/08/2017,App
TRX00008714,PRD000632,CLI000742,30/07/2024,App
TRX00008715,PRD000680,CLI000066,25/10/2023,Agencia
TRX00008716,PRD001291,CLI000291,24/01/2026,App
TRX00008717,PRD000991,CLI000832,20/07/2026,App
TRX00008718,PRD000948,CLI000279,14/11/2023,Agencia
TRX00008719,PRD000505,CLI000969,30/08/2025,Agencia
TRX00008720,PRD001327,CLI000128,25/08/2025,App
TRX00008721,PRD000630,CLI000463,12/03/2023,App
TRX00008722,PRD001886,CLI000415,26/12/2024,App
TRX00008723,PRD000954,CLI000136,22/10/2020,Agencia
TRX00008724,PRD000099,CLI000324,18/01/2026,App
TRX00008725,PRD001514,CLI000790,16/10/2018,App
TRX00008726,PRD000033,CLI000537,05/02/2022,App
TRX00008727,PRD000333,CLI000333,03/07/2021,App
TRX00008728,PRD000885,CLI000885,14/03/2025,App
TRX00008729,PRD001149,CLI000548,02/02/2023,Agencia
TRX00008730,PRD000568,CLI000103,29/05/2025,Agencia
TRX00008731,PRD001464,CLI000232,13/07/2016,App
TRX00008732,PRD000532,CLI000352,06/07/2025,Agencia
TRX00008733,PRD000351,CLI000917,06/06/2025,App
TRX00008734,PRD000240,CLI000240,02/11/2019,App
TRX00008735,PRD001147,CLI000876,16/06/2020,App
TRX00008736,PRD000802,CLI000272,03/11/2024,Agencia
TRX00008737,PRD000877,CLI000546,12/07/2026,App
TRX00008738,PRD000834,CLI000643,08/07/2025,App
TRX00008739,PRD001925,CLI000389,13/07/2021,App
TRX00008740,PRD000693,CLI000513,02/12/2025,App
TRX00008741,PRD000265,CLI000750,28/01/2023,App
TRX00008742,PRD001904,CLI000467,10/12/2023,Agencia
TRX00008743,PRD001615,CLI000615,12/02/2022,App
TRX00008744,PRD000689,CLI000821,10/12/2024,Agencia
TRX00008745,PRD001003,CLI000003,18/09/2020,App
TRX00008746,PRD001764,CLI000076,23/04/2026,App
TRX00008747,PRD000250,CLI000250,19/11/2024,App
TRX00008748,PRD001710,CLI000710,10/03/2024,App
TRX00008749,PRD000941,CLI000336,23/03/2024,Agencia
TRX00008750,PRD000657,CLI000657,19/02/2020,App
TRX00008751,PRD000873,CLI000190,20/10/2014,App
TRX00008752,PRD001686,CLI000686,24/10/2023,Agencia
TRX00008753,PRD000707,CLI000884,26/03/2024,Agencia
TRX00008754,PRD000895,CLI000036,25/01/2025,App
TRX00008755,PRD000001,CLI000456,19/05/2025,App
TRX00008756,PRD001324,CLI000690,16/04/2022,App
TRX00008757,PRD000769,CLI000773,06/10/2017,App
TRX00008758,PRD000029,CLI000999,08/07/2019,App
TRX00008759,PRD001780,CLI000721,29/04/2025,App
TRX00008760,PRD000263,CLI000516,15/07/2022,App
TRX00008761,PRD000592,CLI000592,27/05/2026,App
TRX00008762,PRD001790,CLI000790,03/11/2025,App
TRX00008763,PRD000304,CLI000628,07/01/2015,App
TRX00008764,PRD001054,CLI000506,14/10/2021,App
TRX00008765,PRD000678,CLI000678,18/03/2023,Agencia
TRX00008766,PRD000115,CLI000115,09/04/2019,App
TRX00008767,PRD000076,CLI000980,22/12/2014,App
TRX00008768,PRD000860,CLI000108,08/11/2023,Agencia
TRX00008769,PRD001498,CLI000092,04/12/2021,App
TRX00008770,PRD001416,CLI000281,26/07/2025,App
TRX00008771,PRD000986,CLI000107,07/11/2021,App
TRX00008772,PRD000670,CLI000757,12/11/2018,Agencia
TRX00008773,PRD001293,CLI000293,16/07/2026,App
TRX00008774,PRD001170,CLI000461,16/05/2021,Agencia
TRX00008775,PRD001849,CLI000818,13/05/2020,App
TRX00008776,PRD000454,CLI000874,10/06/2025,App
TRX00008777,PRD001291,CLI000220,21/07/2021,App
TRX00008778,PRD001904,CLI000904,28/12/2020,App
TRX00008779,PRD000905,CLI000905,23/01/2026,App
TRX00008780,PRD001739,CLI000821,07/01/2023,Agencia
TRX00008781,PRD001355,CLI000395,26/12/2024,Agencia
TRX00008782,PRD001693,CLI000693,31/01/2026,App
TRX00008783,PRD000268,CLI000577,04/03/2019,App
TRX00008784,PRD001980,CLI000980,30/04/2024,App
TRX00008785,PRD001391,CLI000265,22/06/2018,App
TRX00008786,PRD001035,CLI000035,29/07/2024,App
TRX00008787,PRD000943,CLI000815,25/03/2024,App
TRX00008788,PRD000792,CLI000960,31/05/2025,App
TRX00008789,PRD000086,CLI000086,17/04/2022,App
TRX00008790,PRD001436,CLI000896,19/04/2025,App
TRX00008791,PRD001672,CLI000566,23/02/2020,App
TRX00008792,PRD000312,CLI000133,29/06/2024,App
TRX00008793,PRD000239,CLI000323,10/04/2020,App
TRX00008794,PRD000593,CLI000447,29/06/2021,App
TRX00008795,PRD000808,CLI000328,12/06/2025,Agencia
TRX00008796,PRD000077,CLI000270,11/01/2025,App
TRX00008797,PRD000656,CLI000852,08/03/2021,Agencia
TRX00008798,PRD000357,CLI000107,06/04/2025,App
TRX00008799,PRD001977,CLI000814,13/02/2024,App
TRX00008800,PRD000786,CLI000864,15/03/2017,App
TRX00008801,PRD001813,CLI000813,14/02/2024,App
TRX00008802,PRD000944,CLI000944,07/07/2026,App
TRX00008803,PRD001777,CLI000650,17/10/2023,App
TRX00008804,PRD001439,CLI000439,15/03/2026,App
TRX00008805,PRD000806,CLI000652,07/07/2026,App
TRX00008806,PRD001472,CLI000089,08/12/2025,App
TRX00008807,PRD000075,CLI000719,26/05/2021,App
TRX00008808,PRD000543,CLI000543,23/02/2025,Agencia
TRX00008809,PRD000628,CLI000776,02/05/2025,App
TRX00008810,PRD001719,CLI000344,15/08/2025,App
TRX00008811,PRD001586,CLI000992,20/02/2021,App
TRX00008812,PRD000953,CLI000592,03/11/2025,App
TRX00008813,PRD001995,CLI000040,06/08/2025,Agencia
TRX00008814,PRD000527,CLI000881,27/11/2021,App
TRX00008815,PRD000499,CLI000745,27/02/2023,App
TRX00008816,PRD000840,CLI000880,19/05/2022,App
TRX00008817,PRD000043,CLI000340,17/12/2022,App
TRX00008818,PRD001626,CLI000434,26/11/2023,Agencia
TRX00008819,PRD001329,CLI000372,01/03/2023,App
TRX00008820,PRD001409,CLI000161,26/03/2016,Agencia
TRX00008821,PRD001368,CLI000442,05/04/2025,App
TRX00008822,PRD001215,CLI000172,14/01/2026,App
TRX00008823,PRD000890,CLI000112,08/12/2014,App
TRX00008824,PRD001253,CLI000980,19/08/2020,Agencia
TRX00008825,PRD001240,CLI000311,03/07/2017,App
TRX00008826,PRD000456,CLI000273,09/10/2025,App
TRX00008827,PRD000122,CLI000007,03/02/2026,App
TRX00008828,PRD000891,CLI000891,24/11/2021,Agencia
TRX00008829,PRD000023,CLI000183,05/05/2017,App
TRX00008830,PRD000844,CLI000844,19/08/2022,App
TRX00008831,PRD001581,CLI000467,19/11/2025,App
TRX00008832,PRD000384,CLI000572,21/03/2019,App
TRX00008833,PRD001649,CLI000591,13/12/2018,App
TRX00008834,PRD001093,CLI000189,05/12/2014,App
TRX00008835,PRD001599,CLI000229,29/06/2025,Agencia
TRX00008836,PRD000958,CLI000425,24/01/2014,App
TRX00008837,PRD001155,CLI000155,07/10/2023,App
TRX00008838,PRD001966,CLI000915,27/12/2019,App
TRX00008839,PRD000780,CLI000780,12/09/2022,Agencia
TRX00008840,PRD001693,CLI000031,09/04/2023,App
TRX00008841,PRD001579,CLI000579,15/04/2026,App
TRX00008842,PRD001096,CLI000987,20/12/2023,App
TRX00008843,PRD001391,CLI000939,18/06/2026,Agencia
TRX00008844,PRD000211,CLI000211,23/03/2026,App
TRX00008845,PRD001266,CLI000070,22/11/2023,App
TRX00008846,PRD001630,CLI000595,12/03/2023,App
TRX00008847,PRD001430,CLI000430,11/03/2025,App
TRX00008848,PRD001854,CLI000362,12/05/2019,App
TRX00008849,PRD000499,CLI000499,16/03/2021,Agencia
TRX00008850,PRD001272,CLI000413,22/09/2020,App
TRX00008851,PRD000061,CLI000502,30/04/2026,App
TRX00008852,PRD000238,CLI000238,28/01/2026,Agencia
TRX00008853,PRD000752,CLI000122,17/03/2019,App
TRX00008854,PRD000797,CLI000143,05/01/2022,App
TRX00008855,PRD001846,CLI000260,28/08/2022,App
TRX00008856,PRD001698,CLI000261,10/10/2020,Agencia
TRX00008857,PRD001397,CLI000004,14/10/2023,App
TRX00008858,PRD000439,CLI000534,17/03/2019,App
TRX00008859,PRD001664,CLI000061,10/04/2023,App
TRX00008860,PRD000701,CLI000465,02/12/2013,App
TRX00008861,PRD000293,CLI000567,07/09/2019,App
TRX00008862,PRD000096,CLI000096,24/03/2025,Agencia
TRX00008863,PRD001424,CLI000269,11/08/2026,App
TRX00008864,PRD001279,CLI000252,17/12/2013,App
TRX00008865,PRD000566,CLI000566,30/05/2020,App
TRX00008866,PRD000071,CLI000771,07/04/2018,App
TRX00008867,PRD001523,CLI000744,25/03/2026,App
TRX00008868,PRD001552,CLI000657,17/11/2019,App
TRX00008869,PRD000720,CLI000720,04/06/2025,App
TRX00008870,PRD001831,CLI000031,14/02/2026,Agencia
TRX00008871,PRD000953,CLI000362,09/12/2012,Agencia
TRX00008872,PRD000175,CLI000798,17/07/2026,App
TRX00008873,PRD001105,CLI000299,04/02/2026,App
TRX00008874,PRD000639,CLI000680,16/05/2026,App
TRX00008875,PRD001121,CLI000455,21/02/2020,App
TRX00008876,PRD000220,CLI000803,13/02/2025,App
TRX00008877,PRD001876,CLI000748,04/01/2025,Agencia
TRX00008878,PRD000777,CLI000335,16/05/2021,App
TRX00008879,PRD001201,CLI000325,25/09/2025,App
TRX00008880,PRD001993,CLI000318,24/12/2022,App
TRX00008881,PRD001513,CLI000513,20/09/2020,App
TRX00008882,PRD001199,CLI000347,09/12/2025,App
TRX00008883,PRD001920,CLI000481,28/08/2022,App
TRX00008884,PRD000492,CLI000060,13/08/2026,App
TRX00008885,PRD001655,CLI000860,10/08/2026,App
TRX00008886,PRD000339,CLI000333,19/11/2018,App
TRX00008887,PRD000160,CLI000128,13/08/2026,Agencia
TRX00008888,PRD000237,CLI000931,05/02/2017,App
TRX00008889,PRD001223,CLI000472,08/09/2024,App
TRX00008890,PRD000309,CLI000394,15/07/2022,App
TRX00008891,PRD000736,CLI000736,06/09/2024,App
TRX00008892,PRD000522,CLI000297,09/03/2026,App
TRX00008893,PRD000395,CLI000821,23/07/2026,App
TRX00008894,PRD001094,CLI000094,06/02/2023,Agencia
TRX00008895,PRD000486,CLI000494,11/11/2024,Agencia
TRX00008896,PRD000373,CLI000510,02/08/2026,App
TRX00008897,PRD000486,CLI000478,03/12/2024,App
TRX00008898,PRD000954,CLI000144,09/08/2016,App
TRX00008899,PRD001878,CLI000878,04/11/2019,Agencia
TRX00008900,PRD001225,CLI000225,24/05/2025,App
TRX00008901,PRD001654,CLI000923,10/05/2021,App
TRX00008902,PRD001940,CLI000890,10/07/2025,Agencia
TRX00008903,PRD000138,CLI000212,02/10/2016,App
TRX00008904,PRD001162,CLI000428,16/09/2024,Agencia
TRX00008905,PRD000622,CLI000308,13/01/2022,App
TRX00008906,PRD001326,CLI000117,06/05/2018,App
TRX00008907,PRD000236,CLI000639,16/02/2024,App
TRX00008908,PRD000764,CLI000755,06/07/2022,App
TRX00008909,PRD001682,CLI000175,17/05/2025,Agencia
TRX00008910,PRD001400,CLI000053,21/02/2020,App
TRX00008911,PRD001931,CLI000901,13/05/2018,App
TRX00008912,PRD001698,CLI000698,23/08/2025,App
TRX00008913,PRD000734,CLI000219,28/01/2019,App
TRX00008914,PRD000449,CLI000449,28/10/2024,App
TRX00008915,PRD000482,CLI000947,28/03/2024,App
TRX00008916,PRD000685,CLI000116,11/06/2019,App
TRX00008917,PRD001026,CLI000353,13/04/2020,App
TRX00008918,PRD000333,CLI000562,20/12/2025,App
TRX00008919,PRD000603,CLI000810,18/12/2025,App
TRX00008920,PRD001950,CLI000839,11/03/2017,App
TRX00008921,PRD000667,CLI000891,19/10/2022,App
TRX00008922,PRD000682,CLI000283,05/12/2020,App
TRX00008923,PRD001545,CLI000100,19/01/2026,App
TRX00008924,PRD000672,CLI000713,17/07/2023,App
TRX00008925,PRD000408,CLI000354,15/12/2023,Agencia
TRX00008926,PRD001753,CLI000144,22/12/2016,App
TRX00008927,PRD000615,CLI000256,12/11/2023,App
TRX00008928,PRD000534,CLI000721,22/10/2015,Agencia
TRX00008929,PRD000924,CLI000272,12/09/2021,App
TRX00008930,PRD000052,CLI000038,02/12/2018,Agencia
TRX00008931,PRD001349,CLI000213,23/06/2019,App
TRX00008932,PRD001030,CLI000827,17/04/2026,Agencia
TRX00008933,PRD000877,CLI000348,12/12/2023,App
TRX00008934,PRD000933,CLI000486,11/12/2023,App
TRX00008935,PRD001006,CLI000280,25/11/2018,App
TRX00008936,PRD000798,CLI000644,06/05/2025,Agencia
TRX00008937,PRD001006,CLI000248,08/07/2017,Agencia
TRX00008938,PRD001073,CLI000365,29/09/2025,App
TRX00008939,PRD001825,CLI000906,21/12/2022,App
TRX00008940,PRD000073,CLI000759,03/08/2024,App
TRX00008941,PRD001505,CLI000107,01/11/2025,App
TRX00008942,PRD000057,CLI000157,06/01/2026,App
TRX00008943,PRD000654,CLI000253,25/11/2025,App
TRX00008944,PRD001709,CLI000289,03/08/2025,App
TRX00008945,PRD001734,CLI000076,30/06/2026,Agencia
TRX00008946,PRD000857,CLI000962,18/04/2020,App
TRX00008947,PRD000450,CLI000321,20/01/2021,Agencia
TRX00008948,PRD001151,CLI000405,28/02/2014,App
TRX00008949,PRD001968,CLI000773,17/11/2015,App
TRX00008950,PRD001875,CLI000476,19/04/2026,Agencia
TRX00008951,PRD000496,CLI000178,07/11/2016,App
TRX00008952,PRD001425,CLI000309,19/07/2021,App
TRX00008953,PRD000447,CLI000446,07/11/2025,App
TRX00008954,PRD001839,CLI000605,28/04/2020,App
TRX00008955,PRD001064,CLI000519,23/09/2022,App
TRX00008956,PRD001539,CLI000539,01/11/2023,App
TRX00008957,PRD001211,CLI000619,19/09/2017,App
TRX00008958,PRD000902,CLI000281,14/03/2026,Agencia
TRX00008959,PRD001471,CLI000884,11/10/2024,App
TRX00008960,PRD000584,CLI000317,18/08/2025,App
TRX00008961,PRD000337,CLI000490,20/09/2025,App
TRX00008962,PRD000266,CLI000359,12/06/2021,App
TRX00008963,PRD001139,CLI000112,11/11/2025,App
TRX00008964,PRD001647,CLI000232,18/08/2026,App
TRX00008965,PRD001761,CLI000164,20/04/2025,App
TRX00008966,PRD000063,CLI000328,07/07/2024,App
TRX00008967,PRD000403,CLI000653,26/08/2018,App
TRX00008968,PRD000965,CLI000409,14/01/2025,Agencia
TRX00008969,PRD001131,CLI000596,07/08/2023,App
TRX00008970,PRD000803,CLI000009,26/05/2026,Agencia
TRX00008971,PRD001308,CLI000606,06/07/2026,Agencia
TRX00008972,PRD000947,CLI000100,26/08/2024,Agencia
TRX00008973,PRD000236,CLI000236,05/12/2024,App
TRX00008974,PRD000588,CLI000393,04/03/2024,Agencia
TRX00008975,PRD000525,CLI000575,08/04/2022,Agencia
TRX00008976,PRD001253,CLI000253,07/06/2026,App
TRX00008977,PRD000112,CLI000727,30/06/2017,Agencia
TRX00008978,PRD001211,CLI000138,21/03/2022,App
TRX00008979,PRD001917,CLI000837,16/03/2022,Agencia
TRX00008980,PRD000530,CLI000023,29/07/2026,Agencia
TRX00008981,PRD001853,CLI000579,26/12/2025,App
TRX00008982,PRD000582,CLI000582,29/12/2019,App
TRX00008983,PRD001161,CLI000868,24/06/2024,App
TRX00008984,PRD001360,CLI000360,29/03/2023,App
TRX00008985,PRD000090,CLI000090,07/11/2015,Agencia
TRX00008986,PRD001971,CLI000226,31/08/2025,App
TRX00008987,PRD000282,CLI000730,23/11/2025,App
TRX00008988,PRD000966,CLI000829,07/10/2025,App
TRX00008989,PRD000706,CLI000964,05/12/2025,Agencia
TRX00008990,PRD001748,CLI000140,14/03/2015,App
TRX00008991,PRD001359,CLI000359,01/10/2014,App
TRX00008992,PRD001853,CLI000328,25/03/2019,App
TRX00008993,PRD000993,CLI000993,17/07/2019,Agencia
TRX00008994,PRD001738,CLI000704,07/04/2024,App
TRX00008995,PRD001115,CLI000115,03/05/2024,App
TRX00008996,PRD001754,CLI000754,23/10/2025,App
TRX00008997,PRD000681,CLI000168,09/02/2025,Agencia
TRX00008998,PRD000135,CLI000135,15/08/2020,App
TRX00008999,PRD001671,CLI000634,30/03/2026,App
TRX00009000,PRD001472,CLI000751,25/01/2025,Agencia
TRX00009001,PRD001610,CLI000786,25/05/2025,App
TRX00009002,PRD000808,CLI000595,21/11/2023,App
TRX00009003,PRD001574,CLI000726,13/06/2015,Agencia
TRX00009004,PRD001403,CLI000812,28/07/2022,App
TRX00009005,PRD001233,CLI000361,21/11/2024,Agencia
TRX00009006,PRD000064,CLI000949,02/06/2026,App
TRX00009007,PRD001156,CLI000349,08/10/2025,Agencia
TRX00009008,PRD000282,CLI000406,21/12/2024,App
TRX00009009,PRD001794,CLI000251,08/12/2024,App
TRX00009010,PRD001242,CLI000242,05/06/2026,Agencia
TRX00009011,PRD001072,CLI000826,01/08/2018,App
TRX00009012,PRD000390,CLI000313,19/07/2024,App
TRX00009013,PRD000422,CLI000422,20/10/2019,App
TRX00009014,PRD001726,CLI000726,21/03/2017,App
TRX00009015,PRD001157,CLI000046,24/07/2018,App
TRX00009016,PRD001434,CLI000440,12/08/2026,App
TRX00009017,PRD000389,CLI000794,12/05/2020,App
TRX00009018,PRD000127,CLI000297,04/07/2026,Agencia
TRX00009019,PRD000504,CLI000035,06/02/2021,App
TRX00009020,PRD001245,CLI000765,08/02/2026,App
TRX00009021,PRD001632,CLI000812,06/09/2021,App
TRX00009022,PRD001969,CLI000625,10/08/2023,Agencia
TRX00009023,PRD001373,CLI000990,21/12/2023,Agencia
TRX00009024,PRD000546,CLI000071,23/08/2021,App
TRX00009025,PRD000700,CLI000556,04/04/2026,App
TRX00009026,PRD000802,CLI000081,29/06/2026,App
TRX00009027,PRD000764,CLI000764,23/06/2026,App
TRX00009028,PRD001784,CLI000469,20/06/2026,App
TRX00009029,PRD001126,CLI000267,03/12/2020,App
TRX00009030,PRD001940,CLI000940,01/06/2015,App
TRX00009031,PRD001190,CLI000190,05/09/2014,App
TRX00009032,PRD000812,CLI000495,13/07/2017,App
TRX00009033,PRD000839,CLI000839,27/07/2018,App
TRX00009034,PRD000540,CLI000564,23/03/2026,App
TRX00009035,PRD000190,CLI000229,28/09/2021,App
TRX00009036,PRD001754,CLI000402,13/08/2026,App
TRX00009037,PRD001245,CLI000245,10/03/2020,Agencia
TRX00009038,PRD000781,CLI000149,30/08/2024,App
TRX00009039,PRD001798,CLI000808,07/06/2025,App
TRX00009040,PRD001016,CLI000938,09/01/2026,App
TRX00009041,PRD001613,CLI000613,01/06/2024,App
TRX00009042,PRD001071,CLI000071,01/09/2022,App
TRX00009043,PRD001274,CLI000642,27/12/2021,App
TRX00009044,PRD000404,CLI000306,31/08/2021,App
TRX00009045,PRD000459,CLI000492,21/07/2020,Agencia
TRX00009046,PRD000342,CLI000406,11/02/2014,Agencia
TRX00009047,PRD001554,CLI000948,04/04/2015,App
TRX00009048,PRD000617,CLI000802,05/09/2018,Agencia
TRX00009049,PRD001535,CLI000992,21/11/2013,App
TRX00009050,PRD001315,CLI000853,12/09/2021,App
TRX00009051,PRD000625,CLI000033,17/04/2026,App
TRX00009052,PRD001469,CLI000469,26/12/2024,App
TRX00009053,PRD000331,CLI000331,27/05/2024,App
TRX00009054,PRD000213,CLI000031,06/12/2025,App
TRX00009055,PRD000565,CLI000479,20/01/2023,App
TRX00009056,PRD001470,CLI000809,23/03/2017,Agencia
TRX00009057,PRD000780,CLI000159,11/03/2026,Agencia
TRX00009058,PRD000406,CLI000858,04/08/2024,App
TRX00009059,PRD001316,CLI000491,07/08/2023,Agencia
TRX00009060,PRD001180,CLI000933,05/02/2024,App
TRX00009061,PRD001473,CLI000904,05/03/2024,App
TRX00009062,PRD001231,CLI000472,09/12/2020,Agencia
TRX00009063,PRD001714,CLI000714,07/01/2024,App
TRX00009064,PRD001662,CLI000831,03/04/2017,Agencia
TRX00009065,PRD000529,CLI000529,10/08/2017,App
TRX00009066,PRD000539,CLI000315,31/10/2023,App
TRX00009067,PRD000522,CLI000145,09/05/2019,Agencia
TRX00009068,PRD001515,CLI000422,08/11/2019,App
TRX00009069,PRD000114,CLI000114,24/05/2019,App
TRX00009070,PRD001340,CLI000906,01/07/2018,Agencia
TRX00009071,PRD001365,CLI000598,06/08/2024,App
TRX00009072,PRD000102,CLI000441,14/08/2026,App
TRX00009073,PRD000121,CLI000625,24/03/2022,Agencia
TRX00009074,PRD000862,CLI000332,06/08/2022,Agencia
TRX00009075,PRD001464,CLI000338,10/12/2024,App
TRX00009076,PRD000109,CLI000069,22/06/2018,Agencia
TRX00009077,PRD000934,CLI000008,29/04/2024,App
TRX00009078,PRD001150,CLI000895,19/05/2026,App
TRX00009079,PRD001335,CLI000835,07/06/2025,Agencia
TRX00009080,PRD000641,CLI000745,02/08/2019,App
TRX00009081,PRD000857,CLI000392,20/05/2017,App
TRX00009082,PRD000367,CLI000225,04/11/2025,App
TRX00009083,PRD000952,CLI000497,07/09/2025,App
TRX00009084,PRD001477,CLI000477,20/03/2017,App
TRX00009085,PRD001431,CLI000475,09/01/2022,App
TRX00009086,PRD000003,CLI000311,09/01/2022,App
TRX00009087,PRD001073,CLI000376,20/11/2016,App
TRX00009088,PRD001194,CLI000194,30/06/2020,Agencia
TRX00009089,PRD001776,CLI000776,29/01/2021,Agencia
TRX00009090,PRD000988,CLI000770,02/12/2022,Agencia
TRX00009091,PRD001391,CLI000033,20/01/2023,App
TRX00009092,PRD000130,CLI000098,05/09/2023,App
TRX00009093,PRD001666,CLI000225,03/10/2025,App
TRX00009094,PRD001227,CLI000413,16/01/2025,Agencia
TRX00009095,PRD001185,CLI000551,03/05/2024,App
TRX00009096,PRD000452,CLI000034,26/08/2024,Agencia
TRX00009097,PRD000783,CLI000560,13/12/2025,App
TRX00009098,PRD001980,CLI000431,24/11/2024,Agencia
TRX00009099,PRD001300,CLI000322,22/01/2023,App
TRX00009100,PRD000140,CLI000598,04/05/2017,App
TRX00009101,PRD000474,CLI000474,28/01/2025,App
TRX00009102,PRD001091,CLI000091,26/11/2023,App
TRX00009103,PRD001663,CLI000719,15/05/2024,Agencia
TRX00009104,PRD001753,CLI000091,12/02/2025,App
TRX00009105,PRD000874,CLI000874,14/10/2022,Agencia
TRX00009106,PRD000270,CLI000805,05/05/2012,App
TRX00009107,PRD001187,CLI000431,31/08/2019,App
TRX00009108,PRD000338,CLI000160,21/08/2024,Agencia
TRX00009109,PRD001927,CLI000927,08/05/2021,Agencia
TRX00009110,PRD000475,CLI000460,09/12/2017,App
TRX00009111,PRD000712,CLI000450,21/05/2023,App
TRX00009112,PRD000586,CLI000324,14/01/2024,App
TRX00009113,PRD001598,CLI000618,02/07/2018,App
TRX00009114,PRD000989,CLI000331,20/01/2026,App
TRX00009115,PRD000196,CLI000757,14/05/2025,App
TRX00009116,PRD000482,CLI000142,12/02/2025,App
TRX00009117,PRD000182,CLI000926,14/02/2015,App
TRX00009118,PRD000147,CLI000438,04/05/2016,App
TRX00009119,PRD001453,CLI000220,05/01/2024,App
TRX00009120,PRD000375,CLI000942,07/03/2023,App
TRX00009121,PRD001817,CLI000469,11/09/2025,App
TRX00009122,PRD000334,CLI000650,20/10/2018,App
TRX00009123,PRD000494,CLI000425,26/08/2013,App
TRX00009124,PRD001900,CLI000685,07/06/2026,Agencia
TRX00009125,PRD000836,CLI000815,16/12/2019,App
TRX00009126,PRD000760,CLI000312,16/03/2026,App
TRX00009127,PRD000557,CLI000361,10/02/2026,App
TRX00009128,PRD000620,CLI000620,04/01/2012,App
TRX00009129,PRD000924,CLI000666,18/04/2017,App
TRX00009130,PRD001973,CLI000973,29/04/2016,App
TRX00009131,PRD001253,CLI000635,05/11/2021,App
TRX00009132,PRD001109,CLI000508,02/09/2013,Agencia
TRX00009133,PRD000673,CLI000925,21/11/2024,App
TRX00009134,PRD000689,CLI000847,19/12/2013,App
TRX00009135,PRD000406,CLI000406,22/09/2018,Agencia
TRX00009136,PRD001762,CLI000564,14/06/2022,App
TRX00009137,PRD000390,CLI000590,18/01/2025,Agencia
TRX00009138,PRD001542,CLI000450,13/12/2020,App
TRX00009139,PRD001057,CLI000179,08/03/2026,App
TRX00009140,PRD000584,CLI000246,05/07/2026,Agencia
TRX00009141,PRD000107,CLI000830,11/11/2023,App
TRX00009142,PRD000962,CLI000983,06/03/2013,App
TRX00009143,PRD001209,CLI000621,26/08/2025,Agencia
TRX00009144,PRD000976,CLI000079,08/11/2025,Agencia
TRX00009145,PRD000361,CLI000607,27/03/2021,Agencia
TRX00009146,PRD001887,CLI000741,30/11/2025,App
TRX00009147,PRD001070,CLI000413,14/08/2023,Agencia
TRX00009148,PRD000489,CLI000332,14/01/2021,Agencia
TRX00009149,PRD001376,CLI000856,21/02/2018,App
TRX00009150,PRD001007,CLI000517,14/12/2014,Agencia
TRX00009151,PRD001538,CLI000538,28/05/2024,App
TRX00009152,PRD000544,CLI000956,26/02/2024,App
TRX00009153,PRD000700,CLI000819,14/01/2023,App
TRX00009154,PRD001587,CLI000587,27/08/2016,App
TRX00009155,PRD000252,CLI000046,04/10/2019,App
TRX00009156,PRD001932,CLI000858,03/05/2025,App
TRX00009157,PRD000480,CLI000009,25/11/2019,App
TRX00009158,PRD001640,CLI000854,06/12/2014,App
TRX00009159,PRD000305,CLI000650,05/04/2025,App
TRX00009160,PRD000874,CLI000628,24/09/2015,Agencia
TRX00009161,PRD000401,CLI000435,21/10/2024,App
TRX00009162,PRD000210,CLI000891,11/10/2021,Agencia
TRX00009163,PRD001330,CLI000664,16/06/2025,App
TRX00009164,PRD001398,CLI000398,18/01/2025,App
TRX00009165,PRD001197,CLI000165,06/10/2022,Agencia
TRX00009166,PRD000162,CLI000759,24/03/2025,Agencia
TRX00009167,PRD001121,CLI000077,13/02/2021,Agencia
TRX00009168,PRD000426,CLI000078,04/02/2025,Agencia
TRX00009169,PRD001774,CLI000774,01/05/2026,App
TRX00009170,PRD001814,CLI000566,23/04/2019,App
TRX00009171,PRD001951,CLI000922,23/09/2015,App
TRX00009172,PRD001640,CLI000181,31/05/2024,App
TRX00009173,PRD001367,CLI000651,10/05/2022,App
TRX00009174,PRD001316,CLI000853,15/04/2020,App
TRX00009175,PRD000721,CLI000308,21/06/2013,Agencia
TRX00009176,PRD001849,CLI000118,30/08/2019,App
TRX00009177,PRD000430,CLI000430,15/10/2024,Agencia
TRX00009178,PRD001165,CLI000865,05/06/2023,App
TRX00009179,PRD001158,CLI000470,05/01/2023,App
TRX00009180,PRD000896,CLI000001,25/08/2016,App
TRX00009181,PRD001555,CLI000201,25/10/2023,Agencia
TRX00009182,PRD000504,CLI000994,16/11/2017,App
TRX00009183,PRD001723,CLI000884,01/10/2024,App
TRX00009184,PRD001243,CLI000959,10/08/2014,App
TRX00009185,PRD000532,CLI000794,05/01/2022,App
TRX00009186,PRD000794,CLI000191,01/09/2025,App
TRX00009187,PRD000520,CLI000145,12/11/2018,App
TRX00009188,PRD000667,CLI000667,16/05/2021,App
TRX00009189,PRD001854,CLI000311,13/01/2016,App
TRX00009190,PRD000336,CLI000409,16/02/2025,Agencia
TRX00009191,PRD001417,CLI000417,04/04/2020,Agencia
TRX00009192,PRD000866,CLI000420,13/06/2026,Agencia
TRX00009193,PRD000264,CLI000312,24/12/2022,App
TRX00009194,PRD001741,CLI000258,17/09/2020,Agencia
TRX00009195,PRD001199,CLI000199,28/09/2015,Agencia
TRX00009196,PRD001166,CLI000727,01/06/2019,App
TRX00009197,PRD001254,CLI000061,09/04/2024,Agencia
TRX00009198,PRD000836,CLI000234,09/12/2025,App
TRX00009199,PRD000296,CLI000848,03/07/2025,App
TRX00009200,PRD001590,CLI000724,23/10/2024,Agencia
TRX00009201,PRD001162,CLI000087,22/03/2023,App
TRX00009202,PRD001553,CLI000391,06/06/2024,Agencia
TRX00009203,PRD000855,CLI000218,14/05/2026,App
TRX00009204,PRD001505,CLI000700,09/04/2025,App
TRX00009205,PRD000241,CLI000232,10/10/2020,App
TRX00009206,PRD001440,CLI000222,28/07/2019,App
TRX00009207,PRD001507,CLI000843,15/07/2026,Agencia
TRX00009208,PRD001601,CLI000931,12/02/2014,Agencia
TRX00009209,PRD001878,CLI000867,07/07/2022,App
TRX00009210,PRD001428,CLI000813,22/12/2025,App
TRX00009211,PRD000104,CLI000725,21/06/2022,App
TRX00009212,PRD000799,CLI000336,26/04/2020,Agencia
TRX00009213,PRD000565,CLI000673,03/05/2025,App
TRX00009214,PRD000103,CLI000103,06/11/2020,App
TRX00009215,PRD000012,CLI000195,29/04/2016,Agencia
TRX00009216,PRD000176,CLI000815,16/08/2019,App
TRX00009217,PRD001069,CLI000069,19/11/2018,App
TRX00009218,PRD001047,CLI000788,14/09/2014,Agencia
TRX00009219,PRD001160,CLI000847,30/03/2015,App
TRX00009220,PRD000985,CLI000985,21/07/2026,App
TRX00009221,PRD001799,CLI000008,27/12/2025,App
TRX00009222,PRD000084,CLI000125,09/04/2025,App
TRX00009223,PRD000476,CLI000425,18/02/2023,App
TRX00009224,PRD001337,CLI000201,02/10/2025,App
TRX00009225,PRD001575,CLI000954,04/04/2025,App
TRX00009226,PRD000771,CLI000735,08/07/2020,App
TRX00009227,PRD001297,CLI000328,04/04/2023,App
TRX00009228,PRD001664,CLI000664,06/12/2024,App
TRX00009229,PRD001577,CLI000447,27/05/2019,Agencia
TRX00009230,PRD000974,CLI000870,21/09/2024,App
TRX00009231,PRD001157,CLI000998,02/08/2023,Agencia
TRX00009232,PRD001195,CLI000195,28/06/2019,Agencia
TRX00009233,PRD001902,CLI000902,14/03/2024,Agencia
TRX00009234,PRD001066,CLI000591,25/10/2018,App
TRX00009235,PRD000964,CLI000072,10/07/2022,App
TRX00009236,PRD000125,CLI000125,23/07/2017,App
TRX00009237,PRD002000,CLI000444,20/02/2022,App
TRX00009238,PRD001554,CLI000399,06/05/2023,App
TRX00009239,PRD000408,CLI000482,20/06/2024,App
TRX00009240,PRD000414,CLI000707,12/05/2026,App
TRX00009241,PRD000883,CLI000883,04/05/2026,App
TRX00009242,PRD001757,CLI000757,02/11/2024,App
TRX00009243,PRD000112,CLI000687,10/06/2016,App
TRX00009244,PRD000980,CLI000164,08/05/2026,App
TRX00009245,PRD000490,CLI000490,18/08/2025,Agencia
TRX00009246,PRD001992,CLI000699,21/07/2024,App
TRX00009247,PRD000308,CLI000581,17/12/2020,App
TRX00009248,PRD000516,CLI000714,17/08/2022,Agencia
TRX00009249,PRD000739,CLI000595,18/11/2019,App
TRX00009250,PRD000509,CLI000333,20/05/2020,App
TRX00009251,PRD000564,CLI000820,22/12/2025,Agencia
TRX00009252,PRD001986,CLI000882,09/03/2017,App
TRX00009253,PRD001081,CLI000842,11/11/2012,App
TRX00009254,PRD000302,CLI000117,26/02/2018,App
TRX00009255,PRD001259,CLI000883,08/01/2026,App
TRX00009256,PRD001217,CLI000484,12/09/2023,Agencia
TRX00009257,PRD000786,CLI000768,21/03/2021,App
TRX00009258,PRD000472,CLI000640,18/07/2026,App
TRX00009259,PRD001156,CLI000230,11/06/2026,App
TRX00009260,PRD000387,CLI000661,09/04/2025,Agencia
TRX00009261,PRD000459,CLI000797,21/06/2013,App
TRX00009262,PRD001206,CLI000312,18/03/2023,App
TRX00009263,PRD000226,CLI000917,23/06/2025,App
TRX00009264,PRD000249,CLI000378,17/10/2024,Agencia
TRX00009265,PRD000805,CLI000320,06/08/2024,App
TRX00009266,PRD001627,CLI000919,04/04/2026,App
TRX00009267,PRD000417,CLI000899,09/10/2024,Agencia
TRX00009268,PRD000105,CLI000337,13/10/2025,Agencia
TRX00009269,PRD000634,CLI000132,09/07/2025,App
TRX00009270,PRD000117,CLI000553,13/01/2021,Agencia
TRX00009271,PRD000628,CLI000545,27/03/2024,App
TRX00009272,PRD000336,CLI000300,19/03/2023,App
TRX00009273,PRD000972,CLI000355,30/05/2026,App
TRX00009274,PRD000253,CLI000915,08/06/2023,Agencia
TRX00009275,PRD001812,CLI000199,16/01/2015,Agencia
TRX00009276,PRD000184,CLI000228,02/10/2025,App
TRX00009277,PRD001951,CLI000335,09/08/2026,App
TRX00009278,PRD001847,CLI000496,15/03/2020,App
TRX00009279,PRD001720,CLI000720,15/04/2023,App
TRX00009280,PRD001816,CLI000606,02/06/2026,App
TRX00009281,PRD000287,CLI000049,31/08/2024,Agencia
TRX00009282,PRD001778,CLI000475,17/03/2017,App
TRX00009283,PRD000545,CLI000878,06/04/2015,App
TRX00009284,PRD001420,CLI000790,19/01/2025,Agencia
TRX00009285,PRD001545,CLI000166,20/05/2026,App
TRX00009286,PRD000741,CLI000911,09/04/2024,App
TRX00009287,PRD000326,CLI000858,02/08/2026,App
TRX00009288,PRD001638,CLI000538,06/08/2015,App
TRX00009289,PRD001507,CLI000095,03/12/2021,App
TRX00009290,PRD001685,CLI000038,17/03/2018,App
TRX00009291,PRD000455,CLI000799,09/07/2015,App
TRX00009292,PRD000138,CLI000138,24/04/2023,App
TRX00009293,PRD001075,CLI000749,28/07/2021,Agencia
TRX00009294,PRD000980,CLI000601,16/05/2025,App
TRX00009295,PRD000661,CLI000996,30/10/2025,App
TRX00009296,PRD001409,CLI000409,17/08/2024,App
TRX00009297,PRD001787,CLI000704,20/12/2022,App
TRX00009298,PRD000665,CLI000984,13/11/2022,App
TRX00009299,PRD001044,CLI000266,09/03/2018,App
TRX00009300,PRD001323,CLI000281,18/05/2026,Agencia
TRX00009301,PRD000406,CLI000715,09/02/2016,App
TRX00009302,PRD000726,CLI000622,26/02/2017,App
TRX00009303,PRD000644,CLI000075,31/01/2026,App
TRX00009304,PRD001102,CLI000102,16/06/2023,Agencia
TRX00009305,PRD000708,CLI000035,20/03/2025,App
TRX00009306,PRD001672,CLI000672,31/12/2025,Agencia
TRX00009307,PRD001227,CLI000333,08/07/2025,App
TRX00009308,PRD000553,CLI000553,13/02/2024,Agencia
TRX00009309,PRD001170,CLI000625,02/02/2024,App
TRX00009310,PRD001202,CLI000202,31/10/2018,App
TRX00009311,PRD001045,CLI000326,31/01/2022,App
TRX00009312,PRD001975,CLI000452,02/06/2019,App
TRX00009313,PRD000675,CLI000469,31/10/2024,Agencia
TRX00009314,PRD001341,CLI000156,28/01/2020,App
TRX00009315,PRD001700,CLI000700,06/10/2025,App
TRX00009316,PRD001030,CLI000110,27/08/2023,App
TRX00009317,PRD001721,CLI000084,31/01/2025,App
TRX00009318,PRD000453,CLI000514,07/12/2017,Agencia
TRX00009319,PRD000828,CLI000956,14/03/2024,App
TRX00009320,PRD000265,CLI000870,16/02/2025,App
TRX00009321,PRD000652,CLI000097,02/09/2017,App
TRX00009322,PRD000064,CLI000221,21/06/2026,App
TRX00009323,PRD001012,CLI000012,06/10/2020,Agencia
TRX00009324,PRD000863,CLI000863,16/05/2021,App
TRX00009325,PRD001136,CLI000088,14/11/2019,App
TRX00009326,PRD000476,CLI000985,08/08/2025,Agencia
TRX00009327,PRD001075,CLI000438,13/06/2016,App
TRX00009328,PRD000796,CLI000168,18/05/2026,App
TRX00009329,PRD000484,CLI000770,04/10/2024,Agencia
TRX00009330,PRD000007,CLI000239,23/07/2025,App
TRX00009331,PRD001963,CLI000179,21/09/2023,App
TRX00009332,PRD000175,CLI000764,09/02/2023,App
TRX00009333,PRD001204,CLI000630,08/06/2026,App
TRX00009334,PRD001041,CLI000693,15/11/2016,App
TRX00009335,PRD001137,CLI000224,03/09/2021,App
TRX00009336,PRD000004,CLI000004,04/01/2023,App
TRX00009337,PRD000727,CLI000036,07/08/2025,App
TRX00009338,PRD000006,CLI000725,10/05/2021,App
TRX00009339,PRD001500,CLI000461,12/08/2022,App
TRX00009340,PRD000890,CLI000821,22/01/2023,App
TRX00009341,PRD000912,CLI000108,11/11/2024,App
TRX00009342,PRD001435,CLI000300,13/03/2023,Agencia
TRX00009343,PRD000623,CLI000656,19/02/2026,App
TRX00009344,PRD001580,CLI000994,30/05/2017,App
TRX00009345,PRD001386,CLI000386,18/12/2017,App
TRX00009346,PRD000723,CLI000904,07/03/2024,App
TRX00009347,PRD000893,CLI000893,17/08/2021,App
TRX00009348,PRD001699,CLI000982,04/01/2020,App
TRX00009349,PRD000730,CLI000347,07/02/2026,App
TRX00009350,PRD001059,CLI000914,03/06/2023,App
TRX00009351,PRD000935,CLI000935,22/06/2025,Agencia
TRX00009352,PRD000272,CLI000576,13/01/2025,App
TRX00009353,PRD000608,CLI000608,03/02/2025,App
TRX00009354,PRD000928,CLI000677,30/01/2026,Agencia
TRX00009355,PRD001298,CLI000252,01/02/2018,App
TRX00009356,PRD000895,CLI000895,06/04/2026,Agencia
TRX00009357,PRD001630,CLI000030,02/06/2026,Agencia
TRX00009358,PRD001022,CLI000374,17/08/2025,Agencia
TRX00009359,PRD001128,CLI000997,01/11/2024,App
TRX00009360,PRD000713,CLI000611,03/02/2019,App
TRX00009361,PRD001870,CLI000648,23/07/2025,App
TRX00009362,PRD001823,CLI000712,19/09/2023,App
TRX00009363,PRD001641,CLI000641,11/07/2022,Agencia
TRX00009364,PRD000067,CLI000531,24/05/2020,App
TRX00009365,PRD000713,CLI000541,25/09/2024,App
TRX00009366,PRD000303,CLI000083,23/01/2018,Agencia
TRX00009367,PRD001184,CLI000184,27/03/2023,App
TRX00009368,PRD001075,CLI000880,06/09/2017,App
TRX00009369,PRD001501,CLI000501,02/05/2025,App
TRX00009370,PRD001485,CLI000762,30/10/2019,App
TRX00009371,PRD001289,CLI000880,31/03/2012,Agencia
TRX00009372,PRD001848,CLI000162,05/09/2018,Agencia
TRX00009373,PRD000550,CLI000550,30/07/2014,Agencia
TRX00009374,PRD001020,CLI000020,12/04/2019,App
TRX00009375,PRD000732,CLI000906,27/07/2022,App
TRX00009376,PRD000293,CLI000849,18/04/2024,App
TRX00009377,PRD001279,CLI000578,24/07/2026,App
TRX00009378,PRD000921,CLI000352,22/10/2019,App
TRX00009379,PRD000245,CLI000245,28/10/2022,App
TRX00009380,PRD001545,CLI000565,31/05/2018,Agencia
TRX00009381,PRD001416,CLI000793,05/04/2026,App
TRX00009382,PRD000382,CLI000382,12/04/2020,App
TRX00009383,PRD001251,CLI000857,28/06/2026,App
TRX00009384,PRD000138,CLI000971,17/02/2025,App
TRX00009385,PRD000699,CLI000714,09/06/2011,App
TRX00009386,PRD000005,CLI000103,03/07/2019,Agencia
TRX00009387,PRD000639,CLI000158,07/04/2018,Agencia
TRX00009388,PRD001245,CLI000879,24/08/2021,App
TRX00009389,PRD000343,CLI000343,21/07/2022,App
TRX00009390,PRD000167,CLI000174,24/07/2026,Agencia
TRX00009391,PRD001879,CLI000079,07/10/2024,Agencia
TRX00009392,PRD001360,CLI000638,17/10/2025,App
TRX00009393,PRD001887,CLI000562,04/11/2025,App
TRX00009394,PRD000508,CLI000639,25/07/2026,Agencia
TRX00009395,PRD001244,CLI000394,03/07/2023,App
TRX00009396,PRD000629,CLI000852,15/12/2024,App
TRX00009397,PRD000287,CLI000222,06/01/2019,App
TRX00009398,PRD001610,CLI000610,17/08/2024,App
TRX00009399,PRD000077,CLI000077,17/01/2023,App
TRX00009400,PRD001503,CLI000503,19/04/2021,App
TRX00009401,PRD001559,CLI000559,16/06/2019,App
TRX00009402,PRD000504,CLI000504,11/06/2022,App
TRX00009403,PRD001967,CLI000010,05/06/2017,Agencia
TRX00009404,PRD001792,CLI000470,26/01/2025,App
TRX00009405,PRD000601,CLI000412,06/08/2023,Agencia
TRX00009406,PRD000082,CLI000082,28/03/2026,App
TRX00009407,PRD001513,CLI000028,23/03/2024,App
TRX00009408,PRD001095,CLI000283,30/12/2022,App
TRX00009409,PRD000870,CLI000870,07/06/2024,Agencia
TRX00009410,PRD000377,CLI000088,07/03/2019,App
TRX00009411,PRD001103,CLI000747,25/07/2018,Agencia
TRX00009412,PRD000673,CLI000223,28/02/2026,App
TRX00009413,PRD000062,CLI000172,27/07/2026,App
TRX00009414,PRD001434,CLI000043,06/05/2016,App
TRX00009415,PRD000320,CLI000735,20/11/2025,App
TRX00009416,PRD001553,CLI000734,03/07/2024,App
TRX00009417,PRD001477,CLI000415,21/06/2023,App
TRX00009418,PRD001908,CLI000489,16/03/2026,Agencia
TRX00009419,PRD000363,CLI000319,10/03/2022,App
TRX00009420,PRD001137,CLI000137,13/08/2024,App
TRX00009421,PRD001992,CLI000992,31/10/2023,Agencia
TRX00009422,PRD001158,CLI000440,17/06/2023,App
TRX00009423,PRD000095,CLI000800,11/02/2020,App
TRX00009424,PRD000384,CLI000670,28/09/2024,App
TRX00009425,PRD001328,CLI000633,24/03/2016,Agencia
TRX00009426,PRD001835,CLI000835,13/06/2025,App
TRX00009427,PRD000638,CLI000364,23/06/2025,App
TRX00009428,PRD001993,CLI000365,09/02/2018,App
TRX00009429,PRD000119,CLI000469,02/08/2026,App
TRX00009430,PRD000427,CLI000864,12/06/2022,Agencia
TRX00009431,PRD000315,CLI000326,05/02/2024,App
TRX00009432,PRD001847,CLI000847,10/05/2011,App
TRX00009433,PRD000777,CLI000857,10/07/2026,App
TRX00009434,PRD000155,CLI000420,23/11/2023,Agencia
TRX00009435,PRD001998,CLI000257,13/08/2024,App
TRX00009436,PRD001297,CLI000255,06/09/2023,Agencia
TRX00009437,PRD000067,CLI000956,06/10/2025,Agencia
TRX00009438,PRD000324,CLI000324,09/01/2024,App
TRX00009439,PRD001936,CLI000210,25/07/2020,App
TRX00009440,PRD000652,CLI000652,07/06/2025,App
TRX00009441,PRD001290,CLI000918,19/09/2020,App
TRX00009442,PRD001776,CLI000848,10/05/2025,App
TRX00009443,PRD001788,CLI000244,21/03/2026,App
TRX00009444,PRD001063,CLI000597,04/01/2025,App
TRX00009445,PRD001090,CLI000660,27/09/2021,App
TRX00009446,PRD001205,CLI000663,24/11/2022,App
TRX00009447,PRD001723,CLI000945,22/05/2024,Agencia
TRX00009448,PRD000674,CLI000634,17/04/2026,App
TRX00009449,PRD001801,CLI000307,07/09/2024,Agencia
TRX00009450,PRD001448,CLI000114,23/01/2018,App
TRX00009451,PRD001620,CLI000620,30/05/2019,Agencia
TRX00009452,PRD001609,CLI000070,08/03/2026,App
TRX00009453,PRD001145,CLI000142,04/08/2023,App
TRX00009454,PRD001418,CLI000883,18/03/2026,Agencia
TRX00009455,PRD001824,CLI000278,29/07/2013,Agencia
TRX00009456,PRD001536,CLI000088,12/02/2026,App
TRX00009457,PRD001643,CLI000643,27/04/2025,App
TRX00009458,PRD001964,CLI000200,02/12/2015,App
TRX00009459,PRD000672,CLI000672,31/10/2022,App
TRX00009460,PRD000769,CLI000289,05/09/2020,Agencia
TRX00009461,PRD001050,CLI000050,13/07/2013,App
TRX00009462,PRD001493,CLI000646,23/11/2013,App
TRX00009463,PRD000075,CLI000267,16/02/2023,App
TRX00009464,PRD001073,CLI000321,06/12/2016,App
TRX00009465,PRD000678,CLI000678,17/04/2012,App
TRX00009466,PRD000780,CLI000959,27/01/2021,App
TRX00009467,PRD000524,CLI000874,05/06/2026,Agencia
TRX00009468,PRD000584,CLI000414,08/10/2024,App
TRX00009469,PRD001306,CLI000306,01/08/2020,App
TRX00009470,PRD000829,CLI000072,16/06/2024,App
TRX00009471,PRD000468,CLI000310,02/12/2020,App
TRX00009472,PRD000568,CLI000568,08/11/2017,Agencia
TRX00009473,PRD000817,CLI000089,14/09/2018,App
TRX00009474,PRD000786,CLI000738,30/05/2024,App
TRX00009475,PRD001312,CLI000312,21/02/2026,App
TRX00009476,PRD000070,CLI000002,05/10/2025,App
TRX00009477,PRD000940,CLI000940,07/08/2016,App
TRX00009478,PRD000443,CLI000443,11/10/2020,App
TRX00009479,PRD000536,CLI000182,20/11/2023,App
TRX00009480,PRD001318,CLI000960,16/06/2025,Agencia
TRX00009481,PRD001926,CLI000288,03/08/2026,App
TRX00009482,PRD000796,CLI000483,17/06/2024,Agencia
TRX00009483,PRD001515,CLI000422,15/09/2022,Agencia
TRX00009484,PRD000072,CLI000244,23/12/2025,App
TRX00009485,PRD000600,CLI000600,13/04/2021,App
TRX00009486,PRD001870,CLI000479,11/08/2023,App
TRX00009487,PRD001619,CLI000653,02/03/2021,Agencia
TRX00009488,PRD001419,CLI000450,07/09/2015,App
TRX00009489,PRD001138,CLI000743,17/04/2025,App
TRX00009490,PRD001471,CLI000837,18/05/2021,App
TRX00009491,PRD000606,CLI000881,21/11/2022,Agencia
TRX00009492,PRD001981,CLI000155,01/07/2023,Agencia
TRX00009493,PRD000953,CLI000367,21/04/2026,App
TRX00009494,PRD000579,CLI000355,26/01/2026,App
TRX00009495,PRD001302,CLI000157,09/12/2025,App
TRX00009496,PRD001201,CLI000201,26/01/2026,App
TRX00009497,PRD001198,CLI000567,19/11/2024,Agencia
TRX00009498,PRD001173,CLI000461,07/05/2020,App
TRX00009499,PRD000740,CLI000535,16/10/2022,App
TRX00009500,PRD001309,CLI000790,22/05/2021,Agencia
TRX00009501,PRD000607,CLI000832,21/10/2025,App
TRX00009502,PRD001617,CLI000617,24/11/2023,App
TRX00009503,PRD001588,CLI000588,15/04/2015,App
TRX00009504,PRD001541,CLI000094,09/09/2018,App
TRX00009505,PRD000738,CLI000738,05/11/2024,Agencia
TRX00009506,PRD001778,CLI000412,28/05/2013,Agencia
TRX00009507,PRD001849,CLI000419,14/06/2025,Agencia
TRX00009508,PRD001185,CLI000780,12/10/2020,App
TRX00009509,PRD001651,CLI000651,18/07/2024,App
TRX00009510,PRD000470,CLI000470,17/08/2026,App
TRX00009511,PRD000883,CLI000586,11/03/2025,App
TRX00009512,PRD001128,CLI000032,14/09/2022,Agencia
TRX00009513,PRD000278,CLI000868,24/08/2024,App
TRX00009514,PRD000258,CLI000061,03/02/2025,Agencia
TRX00009515,PRD000025,CLI000025,02/08/2024,App
TRX00009516,PRD001122,CLI000645,19/01/2022,App
TRX00009517,PRD001938,CLI000443,25/07/2019,Agencia
TRX00009518,PRD000170,CLI000211,04/03/2024,App
TRX00009519,PRD001524,CLI000126,12/09/2017,App
TRX00009520,PRD001426,CLI000426,13/01/2026,Agencia
TRX00009521,PRD001033,CLI000033,07/06/2025,App
TRX00009522,PRD001966,CLI000187,10/10/2021,Agencia
TRX00009523,PRD000991,CLI000893,12/07/2024,App
TRX00009524,PRD001021,CLI000912,06/10/2023,App
TRX00009525,PRD000889,CLI000720,09/08/2023,App
TRX00009526,PRD001441,CLI000944,10/08/2026,App
TRX00009527,PRD000234,CLI000173,26/11/2024,App
TRX00009528,PRD000396,CLI000396,21/07/2025,App
TRX00009529,PRD001142,CLI000673,20/03/2024,Agencia
TRX00009530,PRD001655,CLI000720,14/07/2025,App
TRX00009531,PRD001672,CLI000500,28/09/2019,App
TRX00009532,PRD000239,CLI000263,19/02/2025,App
TRX00009533,PRD000784,CLI000318,18/12/2022,Agencia
TRX00009534,PRD000198,CLI000198,12/04/2025,App
TRX00009535,PRD001279,CLI000279,26/04/2025,Agencia
TRX00009536,PRD001031,CLI000845,04/04/2020,App
TRX00009537,PRD000347,CLI000374,18/11/2025,App
TRX00009538,PRD000898,CLI000898,03/03/2011,App
TRX00009539,PRD001480,CLI000532,31/05/2020,App
TRX00009540,PRD000560,CLI000560,29/07/2026,App
TRX00009541,PRD000387,CLI000802,01/07/2018,App
TRX00009542,PRD001408,CLI000384,15/04/2025,App
TRX00009543,PRD001587,CLI000078,28/08/2019,App
TRX00009544,PRD001189,CLI000585,18/11/2021,App
TRX00009545,PRD001076,CLI000301,15/02/2017,App
TRX00009546,PRD001238,CLI000048,03/03/2023,App
TRX00009547,PRD001759,CLI000759,05/05/2026,Agencia
TRX00009548,PRD000674,CLI000509,02/10/2025,Agencia
TRX00009549,PRD000631,CLI000834,06/01/2023,Agencia
TRX00009550,PRD001077,CLI000499,11/07/2018,App
TRX00009551,PRD000524,CLI000581,18/01/2020,Agencia
TRX00009552,PRD000682,CLI000662,26/04/2022,App
TRX00009553,PRD000640,CLI000114,30/09/2013,App
TRX00009554,PRD001059,CLI000517,16/07/2025,Agencia
TRX00009555,PRD000600,CLI000452,03/12/2021,Agencia
TRX00009556,PRD000167,CLI000814,04/04/2022,App
TRX00009557,PRD001423,CLI000726,08/03/2018,App
TRX00009558,PRD000223,CLI000690,29/10/2023,App
TRX00009559,PRD001254,CLI000581,21/02/2022,App
TRX00009560,PRD001769,CLI000717,07/11/2022,App
TRX00009561,PRD001250,CLI000808,10/12/2025,Agencia
TRX00009562,PRD001883,CLI000180,06/12/2025,App
TRX00009563,PRD001851,CLI000347,23/12/2025,App
TRX00009564,PRD001748,CLI000703,18/10/2025,App
TRX00009565,PRD001733,CLI000633,31/07/2024,App
TRX00009566,PRD000809,CLI000474,09/08/2023,App
TRX00009567,PRD000191,CLI000705,29/08/2018,App
TRX00009568,PRD000448,CLI000448,22/05/2026,App
TRX00009569,PRD000552,CLI000992,19/01/2017,Agencia
TRX00009570,PRD000026,CLI000344,27/01/2026,App
TRX00009571,PRD001910,CLI000027,23/01/2026,Agencia
TRX00009572,PRD001039,CLI000348,07/12/2021,App
TRX00009573,PRD001196,CLI000196,28/10/2020,App
TRX00009574,PRD000623,CLI000848,15/02/2025,App
TRX00009575,PRD000216,CLI000216,14/07/2025,App
TRX00009576,PRD001669,CLI000669,09/07/2017,App
TRX00009577,PRD000122,CLI000691,22/02/2025,Agencia
TRX00009578,PRD001183,CLI000215,10/10/2018,App
TRX00009579,PRD001660,CLI000243,14/08/2026,App
TRX00009580,PRD001315,CLI000315,24/11/2017,Agencia
TRX00009581,PRD001062,CLI000104,12/06/2016,App
TRX00009582,PRD001615,CLI000810,03/04/2024,App
TRX00009583,PRD001811,CLI000167,28/12/2016,App
TRX00009584,PRD000423,CLI000798,11/07/2026,Agencia
TRX00009585,PRD000365,CLI000365,27/09/2017,Agencia
TRX00009586,PRD000681,CLI000834,05/10/2024,Agencia
TRX00009587,PRD000742,CLI000409,24/10/2024,App
TRX00009588,PRD000214,CLI000346,08/02/2022,App
TRX00009589,PRD001671,CLI000938,25/10/2025,App
TRX00009590,PRD000614,CLI000614,18/07/2014,App
TRX00009591,PRD000817,CLI000817,27/04/2021,Agencia
TRX00009592,PRD001206,CLI000027,31/03/2026,Agencia
TRX00009593,PRD000696,CLI000049,02/02/2024,App
TRX00009594,PRD001359,CLI000942,18/03/2026,App
TRX00009595,PRD001737,CLI000222,04/01/2016,App
TRX00009596,PRD000126,CLI000460,14/02/2021,App
TRX00009597,PRD001836,CLI000612,16/01/2019,App
TRX00009598,PRD000650,CLI000650,21/03/2018,App
TRX00009599,PRD000549,CLI000055,01/06/2014,App
TRX00009600,PRD001836,CLI000231,05/11/2025,App
TRX00009601,PRD001911,CLI000669,04/09/2015,App
TRX00009602,PRD000113,CLI000188,28/08/2018,App
TRX00009603,PRD000039,CLI000039,17/06/2019,Agencia
TRX00009604,PRD001448,CLI000979,14/03/2022,Agencia
TRX00009605,PRD001484,CLI000484,17/03/2024,App
TRX00009606,PRD001833,CLI000833,08/08/2013,Agencia
TRX00009607,PRD000621,CLI000621,18/08/2023,App
TRX00009608,PRD000713,CLI000805,21/09/2017,App
TRX00009609,PRD001991,CLI000144,12/02/2014,Agencia
TRX00009610,PRD001545,CLI000539,03/02/2025,App
TRX00009611,PRD000318,CLI000320,26/12/2018,App
TRX00009612,PRD000144,CLI000144,11/07/2021,App
TRX00009613,PRD000213,CLI000686,18/05/2022,Agencia
TRX00009614,PRD001807,CLI000127,14/09/2025,App
TRX00009615,PRD000387,CLI000226,19/12/2023,App
TRX00009616,PRD000312,CLI000595,12/04/2023,App
TRX00009617,PRD001680,CLI000642,26/11/2022,App
TRX00009618,PRD000141,CLI000141,17/06/2026,Agencia
TRX00009619,PRD001015,CLI000600,28/12/2021,App
TRX00009620,PRD001796,CLI000796,21/12/2014,Agencia
TRX00009621,PRD000982,CLI000982,10/12/2022,App
TRX00009622,PRD000789,CLI000789,13/01/2021,App
TRX00009623,PRD000560,CLI000452,03/08/2026,App
TRX00009624,PRD001223,CLI000223,14/09/2022,Agencia
TRX00009625,PRD001658,CLI000658,02/11/2012,App
TRX00009626,PRD001710,CLI000423,04/07/2026,App
TRX00009627,PRD000158,CLI000158,22/08/2025,Agencia
TRX00009628,PRD000306,CLI000306,17/07/2026,App
TRX00009629,PRD001047,CLI000451,26/11/2019,Agencia
TRX00009630,PRD001696,CLI000225,29/03/2025,Agencia
TRX00009631,PRD001222,CLI000222,08/09/2017,Agencia
TRX00009632,PRD000788,CLI000691,19/05/2024,App
TRX00009633,PRD000133,CLI000998,19/04/2023,Agencia
TRX00009634,PRD001685,CLI000685,16/07/2026,App
TRX00009635,PRD001102,CLI000042,07/09/2015,App
TRX00009636,PRD000283,CLI000283,08/09/2025,App
TRX00009637,PRD000371,CLI000881,20/02/2017,App
TRX00009638,PRD001022,CLI000022,01/05/2025,Agencia
TRX00009639,PRD000924,CLI000877,20/05/2026,Agencia
TRX00009640,PRD001092,CLI000868,04/08/2024,Agencia
TRX00009641,PRD001392,CLI000392,20/04/2020,App
TRX00009642,PRD001988,CLI000988,19/08/2026,App
TRX00009643,PRD000020,CLI000019,30/06/2022,App
TRX00009644,PRD001123,CLI000249,26/06/2021,App
TRX00009645,PRD001547,CLI000706,10/07/2026,Agencia
TRX00009646,PRD001161,CLI000304,20/03/2024,Agencia
TRX00009647,PRD000823,CLI000823,05/05/2025,Agencia
TRX00009648,PRD000072,CLI000665,27/02/2024,App
TRX00009649,PRD000597,CLI000881,29/01/2022,App
TRX00009650,PRD000587,CLI000355,25/03/2024,Agencia
TRX00009651,PRD000602,CLI000457,20/11/2024,App
TRX00009652,PRD000255,CLI000829,19/08/2024,Agencia
TRX00009653,PRD000151,CLI000025,13/05/2022,App
TRX00009654,PRD001235,CLI000383,20/10/2017,App
TRX00009655,PRD001838,CLI000102,13/03/2025,Agencia
TRX00009656,PRD000321,CLI000321,03/10/2017,App
TRX00009657,PRD000188,CLI000876,19/06/2024,App
TRX00009658,PRD001400,CLI000400,28/01/2023,App
TRX00009659,PRD001428,CLI000062,16/03/2025,App
TRX00009660,PRD001044,CLI000017,12/02/2023,App
TRX00009661,PRD001045,CLI000045,24/02/2016,App
TRX00009662,PRD001766,CLI000851,12/08/2026,Agencia
TRX00009663,PRD000711,CLI000446,29/07/2022,App
TRX00009664,PRD001537,CLI000867,11/10/2021,App
TRX00009665,PRD000430,CLI000881,08/12/2025,App
TRX00009666,PRD001695,CLI000971,14/07/2026,App
TRX00009667,PRD000330,CLI000330,09/12/2024,App
TRX00009668,PRD000706,CLI000706,15/04/2026,App
TRX00009669,PRD001980,CLI000874,20/06/2016,App
TRX00009670,PRD000923,CLI000921,25/07/2026,Agencia
TRX00009671,PRD001439,CLI000871,21/09/2024,Agencia
TRX00009672,PRD001071,CLI000292,21/03/2026,Agencia
TRX00009673,PRD000903,CLI000517,27/11/2015,App
TRX00009674,PRD001735,CLI000071,24/10/2022,App
TRX00009675,PRD000236,CLI000645,02/06/2020,App
TRX00009676,PRD001580,CLI000124,09/07/2023,App
TRX00009677,PRD000782,CLI000782,04/09/2024,App
TRX00009678,PRD001061,CLI000282,02/10/2024,Agencia
TRX00009679,PRD000110,CLI000928,30/07/2024,Agencia
TRX00009680,PRD001947,CLI000937,07/03/2018,App
TRX00009681,PRD001175,CLI000524,27/05/2025,App
TRX00009682,PRD000948,CLI000978,08/06/2016,Agencia
TRX00009683,PRD001451,CLI000967,06/09/2024,App
TRX00009684,PRD001782,CLI000782,01/01/2025,App
TRX00009685,PRD000082,CLI000289,05/01/2025,Agencia
TRX00009686,PRD000319,CLI000845,03/09/2016,App
TRX00009687,PRD001092,CLI000362,01/07/2020,App
TRX00009688,PRD001412,CLI000412,25/07/2015,App
TRX00009689,PRD001724,CLI000493,27/11/2019,App
TRX00009690,PRD000626,CLI000066,03/06/2021,Agencia
TRX00009691,PRD001266,CLI000873,19/06/2025,App
TRX00009692,PRD000600,CLI000605,16/06/2021,App
TRX00009693,PRD000660,CLI000849,13/04/2018,Agencia
TRX00009694,PRD001427,CLI000346,01/02/2020,App
TRX00009695,PRD000276,CLI000954,21/04/2026,App
TRX00009696,PRD000521,CLI000783,07/07/2022,App
TRX00009697,PRD001951,CLI000382,10/05/2023,App
TRX00009698,PRD001577,CLI000991,04/03/2026,App
TRX00009699,PRD001775,CLI000775,02/03/2025,App
TRX00009700,PRD000717,CLI000727,20/12/2015,Agencia
TRX00009701,PRD001460,CLI000460,21/05/2014,Agencia
TRX00009702,PRD000234,CLI000919,25/07/2024,App
TRX00009703,PRD001474,CLI000584,18/04/2021,Agencia
TRX00009704,PRD001362,CLI000945,25/05/2021,App
TRX00009705,PRD001215,CLI000616,03/07/2026,App
TRX00009706,PRD001831,CLI000881,16/12/2022,App
TRX00009707,PRD000354,CLI000280,16/10/2024,Agencia
TRX00009708,PRD000658,CLI000941,21/10/2015,App
TRX00009709,PRD001763,CLI000333,14/10/2025,App
TRX00009710,PRD001972,CLI000912,21/10/2016,App
TRX00009711,PRD001442,CLI000854,13/01/2017,App
TRX00009712,PRD001898,CLI000702,03/08/2015,Agencia
TRX00009713,PRD000178,CLI000178,24/11/2019,App
TRX00009714,PRD001682,CLI000297,12/02/2026,App
TRX00009715,PRD000310,CLI000642,13/09/2022,App
TRX00009716,PRD000904,CLI000039,08/04/2016,Agencia
TRX00009717,PRD001361,CLI000140,23/08/2017,App
TRX00009718,PRD000043,CLI000962,12/10/2014,App
TRX00009719,PRD000052,CLI000831,14/06/2015,Agencia
TRX00009720,PRD001845,CLI000766,31/05/2017,Agencia
TRX00009721,PRD001467,CLI000940,19/05/2014,App
TRX00009722,PRD000526,CLI000771,28/04/2023,Agencia
TRX00009723,PRD001971,CLI000364,30/07/2019,App
TRX00009724,PRD001291,CLI000421,16/12/2023,App
TRX00009725,PRD000428,CLI000428,26/03/2022,Agencia
TRX00009726,PRD001150,CLI000150,18/12/2022,App
TRX00009727,PRD000728,CLI000728,26/01/2021,App
TRX00009728,PRD000738,CLI000460,05/11/2013,Agencia
TRX00009729,PRD000942,CLI000527,12/10/2024,App
TRX00009730,PRD001134,CLI000059,31/03/2024,Agencia
TRX00009731,PRD001659,CLI000686,18/03/2026,App
TRX00009732,PRD000744,CLI000170,11/01/2021,App
TRX00009733,PRD001363,CLI000363,01/05/2025,App
TRX00009734,PRD001888,CLI000393,24/12/2024,App
TRX00009735,PRD001091,CLI000285,09/08/2022,Agencia
TRX00009736,PRD001263,CLI000745,22/07/2026,App
TRX00009737,PRD001440,CLI000136,04/08/2023,App
TRX00009738,PRD000924,CLI000463,09/04/2026,App
TRX00009739,PRD000661,CLI000407,02/09/2019,App
TRX00009740,PRD001827,CLI000135,04/12/2021,App
TRX00009741,PRD000010,CLI000838,16/06/2026,App
TRX00009742,PRD001962,CLI000011,24/03/2023,App
TRX00009743,PRD000881,CLI000881,10/04/2023,App
TRX00009744,PRD000121,CLI000493,04/09/2015,Agencia
TRX00009745,PRD001841,CLI000134,08/06/2024,App
TRX00009746,PRD000388,CLI000055,18/10/2022,Agencia
TRX00009747,PRD000392,CLI000392,06/10/2015,Agencia
TRX00009748,PRD001783,CLI000972,09/09/2019,Agencia
TRX00009749,PRD000976,CLI000223,09/07/2025,App
TRX00009750,PRD001788,CLI000289,11/11/2025,Agencia
TRX00009751,PRD000539,CLI000621,06/07/2013,App
TRX00009752,PRD001763,CLI000068,16/05/2026,App
TRX00009753,PRD000601,CLI000402,12/12/2025,App
TRX00009754,PRD001450,CLI000450,15/11/2024,App
TRX00009755,PRD000812,CLI000812,23/10/2019,App
TRX00009756,PRD000128,CLI000157,11/12/2024,Agencia
TRX00009757,PRD001525,CLI000425,14/12/2020,App
TRX00009758,PRD001927,CLI000778,14/06/2020,App
TRX00009759,PRD001307,CLI000137,05/07/2025,App
TRX00009760,PRD001096,CLI000422,17/03/2022,App
TRX00009761,PRD001175,CLI000063,06/12/2025,App
TRX00009762,PRD000181,CLI000101,22/06/2023,App
TRX00009763,PRD001366,CLI000135,14/05/2023,Agencia
TRX00009764,PRD001366,CLI000534,30/09/2020,App
TRX00009765,PRD000072,CLI000118,27/03/2017,App
TRX00009766,PRD000851,CLI000062,31/10/2023,Agencia
TRX00009767,PRD000871,CLI000782,19/07/2025,App
TRX00009768,PRD000253,CLI000120,17/05/2023,App
TRX00009769,PRD000497,CLI000432,08/07/2024,App
TRX00009770,PRD000955,CLI000298,01/12/2024,App
TRX00009771,PRD000036,CLI000704,28/05/2025,App
TRX00009772,PRD000180,CLI000200,01/02/2013,Agencia
TRX00009773,PRD001756,CLI000124,15/12/2016,App
TRX00009774,PRD000065,CLI000065,26/03/2022,App
TRX00009775,PRD001677,CLI000086,28/12/2017,App
TRX00009776,PRD001654,CLI000449,07/11/2019,Agencia
TRX00009777,PRD001386,CLI000448,24/07/2026,App
TRX00009778,PRD000098,CLI000550,04/12/2025,App
TRX00009779,PRD001858,CLI000491,12/01/2025,App
TRX00009780,PRD000582,CLI000642,15/06/2022,App
TRX00009781,PRD000234,CLI000843,05/07/2025,App
TRX00009782,PRD001348,CLI000062,26/05/2024,App
TRX00009783,PRD001470,CLI000368,05/03/2025,Agencia
TRX00009784,PRD000178,CLI000948,08/10/2013,App
TRX00009785,PRD000490,CLI000285,22/07/2024,App
TRX00009786,PRD001783,CLI000145,22/10/2022,App
TRX00009787,PRD001712,CLI000425,14/09/2019,App
TRX00009788,PRD001929,CLI000790,10/10/2018,Agencia
TRX00009789,PRD001031,CLI000615,12/03/2020,App
TRX00009790,PRD001594,CLI000217,18/06/2025,Agencia
TRX00009791,PRD001235,CLI000593,18/04/2023,App
TRX00009792,PRD000009,CLI000009,27/09/2024,Agencia
TRX00009793,PRD000494,CLI000980,19/04/2022,App
TRX00009794,PRD000283,CLI000600,10/07/2018,App
TRX00009795,PRD000193,CLI000988,12/11/2025,Agencia
TRX00009796,PRD001283,CLI000283,27/09/2022,Agencia
TRX00009797,PRD000242,CLI000242,18/02/2021,App
TRX00009798,PRD001855,CLI000183,13/03/2025,Agencia
TRX00009799,PRD001885,CLI000187,28/06/2025,App
TRX00009800,PRD000096,CLI000161,28/04/2015,App
TRX00009801,PRD001086,CLI000085,21/07/2024,App
TRX00009802,PRD001400,CLI000366,04/08/2025,App
TRX00009803,PRD000116,CLI000480,30/04/2024,App
TRX00009804,PRD000833,CLI000028,14/04/2025,Agencia
TRX00009805,PRD000571,CLI000388,25/07/2026,Agencia
TRX00009806,PRD001768,CLI000017,24/12/2019,Agencia
TRX00009807,PRD000660,CLI000660,08/01/2023,App
TRX00009808,PRD001639,CLI000288,06/03/2026,App
TRX00009809,PRD000389,CLI000437,29/08/2023,App
TRX00009810,PRD001524,CLI000365,05/07/2015,Agencia
TRX00009811,PRD001979,CLI000204,28/08/2019,Agencia
TRX00009812,PRD000751,CLI000332,09/11/2025,App
TRX00009813,PRD000518,CLI000753,03/11/2016,Agencia
TRX00009814,PRD000629,CLI000716,19/05/2018,App
TRX00009815,PRD001105,CLI000105,07/11/2023,App
TRX00009816,PRD000726,CLI000644,03/04/2015,App
TRX00009817,PRD000792,CLI000238,06/03/2026,Agencia
TRX00009818,PRD001952,CLI000525,10/07/2023,App
TRX00009819,PRD001519,CLI000887,27/01/2016,App
TRX00009820,PRD001206,CLI000206,28/08/2018,App
TRX00009821,PRD000637,CLI000403,11/07/2026,Agencia
TRX00009822,PRD001180,CLI000509,14/04/2026,App
TRX00009823,PRD000674,CLI000223,10/08/2024,Agencia
TRX00009824,PRD001344,CLI000344,21/06/2026,Agencia
TRX00009825,PRD001123,CLI000634,12/07/2026,App
TRX00009826,PRD001140,CLI000140,07/04/2021,App
TRX00009827,PRD000932,CLI000932,09/03/2021,App
TRX00009828,PRD000483,CLI000614,30/08/2025,App
TRX00009829,PRD000036,CLI000584,06/05/2025,App
TRX00009830,PRD001962,CLI000754,21/06/2024,Agencia
TRX00009831,PRD000682,CLI000831,07/02/2017,Agencia
TRX00009832,PRD001705,CLI000829,24/09/2024,App
TRX00009833,PRD000275,CLI000572,04/06/2019,App
TRX00009834,PRD000038,CLI000249,05/07/2025,App
TRX00009835,PRD000633,CLI000940,27/07/2016,App
TRX00009836,PRD001821,CLI000138,03/09/2019,Agencia
TRX00009837,PRD000124,CLI000415,17/02/2017,App
TRX00009838,PRD000785,CLI000993,21/12/2025,App
TRX00009839,PRD000050,CLI000268,20/07/2016,Agencia
TRX00009840,PRD001355,CLI000355,19/03/2024,App
TRX00009841,PRD001567,CLI000906,13/09/2025,App
TRX00009842,PRD000370,CLI000012,24/12/2025,App
TRX00009843,PRD001863,CLI000141,27/07/2026,App
TRX00009844,PRD001750,CLI000750,14/04/2016,Agencia
TRX00009845,PRD000327,CLI000483,25/08/2023,App
TRX00009846,PRD000818,CLI000208,28/11/2017,App
TRX00009847,PRD000134,CLI000283,18/09/2019,App
TRX00009848,PRD001320,CLI000467,31/10/2021,Agencia
TRX00009849,PRD001810,CLI000878,23/10/2010,Agencia
TRX00009850,PRD000746,CLI000205,07/05/2026,Agencia
TRX00009851,PRD000022,CLI000022,04/08/2026,Agencia
TRX00009852,PRD001452,CLI000262,24/01/2022,Agencia
TRX00009853,PRD000722,CLI000554,24/11/2025,Agencia
TRX00009854,PRD001411,CLI000816,16/09/2024,App
TRX00009855,PRD001200,CLI000614,26/04/2024,App
TRX00009856,PRD000388,CLI000388,06/07/2026,App
TRX00009857,PRD001809,CLI000663,15/09/2022,App
TRX00009858,PRD001256,CLI000550,22/11/2019,App
TRX00009859,PRD001605,CLI000747,18/03/2020,App
TRX00009860,PRD001768,CLI000690,06/03/2024,App
TRX00009861,PRD000581,CLI000190,02/04/2011,App
TRX00009862,PRD000993,CLI000342,23/10/2024,App
TRX00009863,PRD000650,CLI000658,30/04/2026,Agencia
TRX00009864,PRD001010,CLI000735,27/09/2024,App
TRX00009865,PRD000541,CLI000854,23/07/2018,App
TRX00009866,PRD001983,CLI000775,02/05/2025,App
TRX00009867,PRD001519,CLI000474,09/08/2025,Agencia
TRX00009868,PRD000966,CLI000966,16/03/2019,App
TRX00009869,PRD001199,CLI000302,09/07/2022,App
TRX00009870,PRD000257,CLI000257,23/09/2021,App
TRX00009871,PRD001267,CLI000221,02/02/2026,App
TRX00009872,PRD000871,CLI000232,07/08/2013,App
TRX00009873,PRD001533,CLI000486,23/09/2024,App
TRX00009874,PRD000850,CLI000850,19/03/2017,App
TRX00009875,PRD001679,CLI000600,25/07/2023,App
TRX00009876,PRD001194,CLI000651,24/01/2024,Agencia
TRX00009877,PRD000525,CLI000700,27/07/2024,App
TRX00009878,PRD000630,CLI000404,14/08/2020,App
TRX00009879,PRD001464,CLI000464,03/10/2018,Agencia
TRX00009880,PRD001998,CLI000799,06/04/2012,Agencia
TRX00009881,PRD000038,CLI000038,01/10/2022,App
TRX00009882,PRD001088,CLI000982,11/03/2022,App
TRX00009883,PRD001948,CLI000953,04/05/2024,App
TRX00009884,PRD000712,CLI000386,15/10/2025,App
TRX00009885,PRD000239,CLI000242,29/08/2020,Agencia
TRX00009886,PRD001052,CLI000066,27/10/2016,Agencia
TRX00009887,PRD001491,CLI000688,30/10/2014,App
TRX00009888,PRD000081,CLI000594,11/05/2023,App
TRX00009889,PRD001667,CLI000753,21/01/2022,App
TRX00009890,PRD000836,CLI000894,08/09/2021,Agencia
TRX00009891,PRD000255,CLI000364,23/04/2024,App
TRX00009892,PRD000219,CLI000854,15/10/2025,App
TRX00009893,PRD001740,CLI000740,06/09/2023,App
TRX00009894,PRD001516,CLI000899,04/03/2023,App
TRX00009895,PRD000119,CLI000330,25/06/2021,App
TRX00009896,PRD000722,CLI000654,11/03/2026,App
TRX00009897,PRD001348,CLI000456,03/02/2026,App
TRX00009898,PRD001589,CLI000725,09/04/2022,App
TRX00009899,PRD000145,CLI000145,07/02/2022,App
TRX00009900,PRD001284,CLI000826,10/12/2020,App
TRX00009901,PRD001437,CLI000576,04/07/2025,App
TRX00009902,PRD001787,CLI000787,03/01/2019,App
TRX00009903,PRD001282,CLI000310,16/06/2026,Agencia
TRX00009904,PRD000646,CLI000641,20/12/2024,Agencia
TRX00009905,PRD001612,CLI000752,20/11/2016,App
TRX00009906,PRD000213,CLI000677,16/06/2026,App
TRX00009907,PRD000104,CLI000490,08/04/2025,App
TRX00009908,PRD000751,CLI000918,29/07/2024,App
TRX00009909,PRD001198,CLI000543,13/10/2019,App
TRX00009910,PRD001292,CLI000227,05/09/2025,Agencia
TRX00009911,PRD001372,CLI000357,11/08/2025,App
TRX00009912,PRD000476,CLI000476,17/05/2022,App
TRX00009913,PRD000251,CLI000714,27/11/2016,App
TRX00009914,PRD001197,CLI000271,01/02/2023,Agencia
TRX00009915,PRD001797,CLI000103,25/05/2019,App
TRX00009916,PRD000460,CLI000460,03/09/2023,Agencia
TRX00009917,PRD001764,CLI000764,17/02/2017,Agencia
TRX00009918,PRD000056,CLI000821,17/12/2023,App
TRX00009919,PRD001505,CLI000974,21/09/2024,App
TRX00009920,PRD001418,CLI000658,12/05/2025,App
TRX00009921,PRD000473,CLI000093,13/11/2021,App
TRX00009922,PRD000484,CLI000358,04/04/2022,App
TRX00009923,PRD000572,CLI000137,07/07/2023,App
TRX00009924,PRD000067,CLI000067,22/09/2019,App
TRX00009925,PRD001137,CLI000482,09/01/2022,App
TRX00009926,PRD001878,CLI000789,04/07/2025,App
TRX00009927,PRD000528,CLI000976,18/03/2026,Agencia
TRX00009928,PRD001159,CLI000087,26/01/2014,Agencia
TRX00009929,PRD000867,CLI000011,31/07/2024,App
TRX00009930,PRD001561,CLI000984,24/02/2022,App
TRX00009931,PRD000445,CLI000321,24/02/2017,App
TRX00009932,PRD000510,CLI000510,27/12/2020,App
TRX00009933,PRD000877,CLI000767,17/07/2024,App
TRX00009934,PRD001690,CLI000172,18/04/2026,App
TRX00009935,PRD001316,CLI000860,06/08/2026,App
TRX00009936,PRD001394,CLI000215,16/11/2018,App
TRX00009937,PRD001381,CLI000914,03/08/2018,Agencia
TRX00009938,PRD001084,CLI000285,04/04/2026,Agencia
TRX00009939,PRD000408,CLI000167,30/05/2019,App
TRX00009940,PRD001835,CLI000216,15/06/2025,Agencia
TRX00009941,PRD000745,CLI000410,05/12/2022,App
TRX00009942,PRD000322,CLI000714,19/07/2018,App
TRX00009943,PRD001624,CLI000624,15/05/2020,App
TRX00009944,PRD000640,CLI000640,17/12/2025,App
TRX00009945,PRD000734,CLI000655,02/06/2018,App
TRX00009946,PRD000867,CLI000224,06/09/2023,App
TRX00009947,PRD001339,CLI000485,19/07/2020,App
TRX00009948,PRD000772,CLI000772,19/10/2025,App
TRX00009949,PRD001541,CLI000440,26/07/2024,App
TRX00009950,PRD001757,CLI000457,31/05/2024,App
TRX00009951,PRD001707,CLI000707,22/04/2026,App
TRX00009952,PRD001109,CLI000546,30/10/2021,App
TRX00009953,PRD000941,CLI000941,05/05/2022,Agencia
TRX00009954,PRD001998,CLI000114,08/08/2019,App
TRX00009955,PRD001398,CLI000961,25/10/2025,App
TRX00009956,PRD000845,CLI000845,09/01/2018,App
TRX00009957,PRD000196,CLI000660,22/08/2024,Agencia
TRX00009958,PRD001921,CLI000921,13/08/2026,App
TRX00009959,PRD001193,CLI000193,04/01/2018,App
TRX00009960,PRD000579,CLI000164,17/06/2024,App
TRX00009961,PRD000868,CLI000914,17/10/2021,App
TRX00009962,PRD001407,CLI000856,23/03/2025,App
TRX00009963,PRD000127,CLI000531,26/12/2021,Agencia
TRX00009964,PRD000389,CLI000029,25/05/2026,Agencia
TRX00009965,PRD000508,CLI000469,31/03/2026,App
TRX00009966,PRD001985,CLI000985,29/08/2025,App
TRX00009967,PRD001439,CLI000349,14/09/2015,App
TRX00009968,PRD001527,CLI000527,01/08/2021,App
TRX00009969,PRD001908,CLI000908,03/05/2019,Agencia
TRX00009970,PRD000117,CLI000762,05/02/2025,App
TRX00009971,PRD001769,CLI000863,18/09/2014,App
TRX00009972,PRD001593,CLI000303,13/08/2025,Agencia
TRX00009973,PRD001461,CLI000681,01/04/2018,App
TRX00009974,PRD001657,CLI000657,13/04/2018,App
TRX00009975,PRD001788,CLI000428,15/08/2026,App
TRX00009976,PRD000998,CLI000314,11/10/2018,App
TRX00009977,PRD000458,CLI000458,12/09/2024,App
TRX00009978,PRD001290,CLI000612,31/08/2023,App
TRX00009979,PRD001296,CLI000483,06/05/2019,App
TRX00009980,PRD000322,CLI000388,01/08/2026,App
TRX00009981,PRD001873,CLI000873,03/06/2026,App
TRX00009982,PRD001785,CLI000802,16/07/2020,Agencia
TRX00009983,PRD000444,CLI000598,27/06/2024,App
TRX00009984,PRD001227,CLI000687,30/01/2017,Agencia
TRX00009985,PRD000889,CLI000981,17/03/2018,App
TRX00009986,PRD000823,CLI000031,21/04/2025,App
TRX00009987,PRD001026,CLI000026,21/09/2011,App
TRX00009988,PRD001507,CLI000246,25/04/2025,Agencia
TRX00009989,PRD001780,CLI000078,31/12/2015,App
TRX00009990,PRD001925,CLI000986,16/10/2025,Agencia
TRX00009991,PRD000178,CLI000440,08/09/2021,App
TRX00009992,PRD001922,CLI000712,22/12/2024,App
TRX00009993,PRD000575,CLI000586,08/09/2025,App
TRX00009994,PRD001080,CLI000511,15/12/2023,App
TRX00009995,PRD000014,CLI000428,17/07/2025,App
TRX00009996,PRD000988,CLI000223,18/05/2023,Agencia
TRX00009997,PRD000832,CLI000410,01/03/2017,App
TRX00009998,PRD000402,CLI000402,06/06/2026,App
TRX00009999,PRD000601,CLI000499,09/07/2017,App
TRX00010000,PRD001961,CLI000014,21/12/2024,Agencia
